solid OpenSCAD_Model
  facet normal -0.6835923020228698 -0.7298640726978372 0
    outer loop
      vertex 60.103270924499654 39.090800962605115 0.6
      vertex 59.86446609406726 39.314466094067264 0
      vertex 60.103270924499654 39.090800962605115 0
    endloop
  endfacet
  facet normal -0.6343932841636386 -0.7730104533627427 0
    outer loop
      vertex 60.3561928549564 38.88323329854383 0.6
      vertex 60.103270924499654 39.090800962605115 0
      vertex 60.3561928549564 38.88323329854383 0
    endloop
  endfacet
  facet normal -0.5280678506503557 -0.8492021815265867 0
    outer loop
      vertex 60.9 38.51987298107781 0.6
      vertex 60.622148834901985 38.69265193848727 0
      vertex 60.9 38.51987298107781 0
    endloop
  endfacet
  facet normal -0.41270702980438756 -0.910863824921179 0
    outer loop
      vertex 61.48658283817455 38.23060233744357 0.6
      vertex 61.18855654890499 38.36563629233656 0
      vertex 61.48658283817455 38.23060233744357 0
    endloop
  endfacet
  facet normal -0.4713967368260029 -0.8819212643483523 0
    outer loop
      vertex 61.18855654890499 38.36563629233656 0.6
      vertex 60.9 38.51987298107781 0
      vertex 61.18855654890499 38.36563629233656 0
    endloop
  endfacet
  facet normal -0.582477696867818 -0.8128466845916038 0
    outer loop
      vertex 60.622148834901985 38.69265193848727 0.6
      vertex 60.3561928549564 38.88323329854383 0
      vertex 60.622148834901985 38.69265193848727 0
    endloop
  endfacet
  facet normal -0.2902846772544777 -0.9569403357322042 0
    outer loop
      vertex 62.10590477448739 38.02037086855466 0.6
      vertex 61.79280267348419 38.115349352524476 0
      vertex 62.10590477448739 38.02037086855466 0
    endloop
  endfacet
  facet normal -0.22707626303436762 -0.973876979277335 0
    outer loop
      vertex 62.42454838991936 37.94607359798385 0.6
      vertex 62.10590477448739 38.02037086855466 0
      vertex 62.42454838991936 37.94607359798385 0
    endloop
  endfacet
  facet normal -0.16289547339458146 -0.9866433320848802 0
    outer loop
      vertex 62.74736903889974 37.89277569313095 0.6
      vertex 62.42454838991936 37.94607359798385 0
      vertex 62.74736903889974 37.89277569313095 0
    endloop
  endfacet
  facet normal -0.09801714032955228 -0.9951847266721977 0
    outer loop
      vertex 63.072984353849286 37.86070538380699 0.6
      vertex 62.74736903889974 37.89277569313095 0
      vertex 63.072984353849286 37.86070538380699 0
    endloop
  endfacet
  facet normal -0.3522500479212365 -0.9359059267573245 0
    outer loop
      vertex 61.79280267348419 38.115349352524476 0.6
      vertex 61.48658283817455 38.23060233744357 0
      vertex 61.79280267348419 38.115349352524476 0
    endloop
  endfacet
  facet normal -0.03271908282178699 -0.9994645874763654 0
    outer loop
      vertex 63.4 37.85 0.6
      vertex 63.072984353849286 37.86070538380699 0
      vertex 63.4 37.85 0
    endloop
  endfacet
  facet normal 0.03271908282178699 -0.9994645874763654 0
    outer loop
      vertex 63.72701564615071 37.86070538380699 0.6
      vertex 63.4 37.85 0
      vertex 63.72701564615071 37.86070538380699 0
    endloop
  endfacet
  facet normal 0.09801714032955015 -0.9951847266721978 0
    outer loop
      vertex 64.05263096110026 37.89277569313095 0.6
      vertex 63.72701564615071 37.86070538380699 0
      vertex 64.05263096110026 37.89277569313095 0
    endloop
  endfacet
  facet normal 0.16289547339458146 -0.9866433320848802 0
    outer loop
      vertex 64.37545161008065 37.94607359798385 0.6
      vertex 64.05263096110026 37.89277569313095 0
      vertex 64.37545161008065 37.94607359798385 0
    endloop
  endfacet
  facet normal 0.22707626303437722 -0.9738769792773327 0
    outer loop
      vertex 64.6940952255126 38.02037086855466 0.6
      vertex 64.37545161008065 37.94607359798385 0
      vertex 64.6940952255126 38.02037086855466 0
    endloop
  endfacet
  facet normal 0.29028467725447166 -0.956940335732206 0
    outer loop
      vertex 65.00719732651581 38.115349352524476 0.6
      vertex 64.6940952255126 38.02037086855466 0
      vertex 65.00719732651581 38.115349352524476 0
    endloop
  endfacet
  facet normal 0.35225004792124365 -0.9359059267573219 0
    outer loop
      vertex 65.31341716182544 38.23060233744357 0.6
      vertex 65.00719732651581 38.115349352524476 0
      vertex 65.31341716182544 38.23060233744357 0
    endloop
  endfacet
  facet normal 0.41270702980438756 -0.910863824921179 0
    outer loop
      vertex 65.611443451095 38.36563629233656 0.6
      vertex 65.31341716182544 38.23060233744357 0
      vertex 65.611443451095 38.36563629233656 0
    endloop
  endfacet
  facet normal 0.4713967368259849 -0.8819212643483619 0
    outer loop
      vertex 65.9 38.51987298107781 0.6
      vertex 65.611443451095 38.36563629233656 0
      vertex 65.9 38.51987298107781 0
    endloop
  endfacet
  facet normal 0.5280678506503751 -0.8492021815265745 0
    outer loop
      vertex 66.177851165098 38.69265193848727 0.6
      vertex 65.9 38.51987298107781 0
      vertex 66.177851165098 38.69265193848727 0
    endloop
  endfacet
  facet normal 0.5824776968677975 -0.8128466845916185 0
    outer loop
      vertex 66.4438071450436 38.88323329854383 0.6
      vertex 66.177851165098 38.69265193848727 0
      vertex 66.4438071450436 38.88323329854383 0
    endloop
  endfacet
  facet normal 0.6343932841636493 -0.7730104533627339 0
    outer loop
      vertex 66.69672907550034 39.090800962605115 0.6
      vertex 66.4438071450436 38.88323329854383 0
      vertex 66.69672907550034 39.090800962605115 0
    endloop
  endfacet
  facet normal -0.7730104533627427 -0.6343932841636386 0
    outer loop
      vertex 59.433233298543826 39.8061928549564 0.6
      vertex 59.433233298543826 39.8061928549564 0
      vertex 59.64080096260511 39.55327092449966 0
    endloop
  endfacet
  facet normal -0.8492021815265867 -0.5280678506503557 0
    outer loop
      vertex 59.06987298107781 40.35 0.6
      vertex 59.06987298107781 40.35 0
      vertex 59.24265193848727 40.07214883490199 0
    endloop
  endfacet
  facet normal -0.8128466845916038 -0.582477696867818 0
    outer loop
      vertex 59.24265193848727 40.07214883490199 0.6
      vertex 59.24265193848727 40.07214883490199 0
      vertex 59.433233298543826 39.8061928549564 0
    endloop
  endfacet
  facet normal -0.9359059267573245 -0.3522500479212365 0
    outer loop
      vertex 58.66534935252447 41.24280267348419 0.6
      vertex 58.66534935252447 41.24280267348419 0
      vertex 58.78060233744357 40.93658283817455 0
    endloop
  endfacet
  facet normal -0.8819212643483523 -0.4713967368260029 0
    outer loop
      vertex 58.91563629233656 40.638556548904994 0.6
      vertex 58.91563629233656 40.638556548904994 0
      vertex 59.06987298107781 40.35 0
    endloop
  endfacet
  facet normal -0.910863824921179 -0.41270702980438756 0
    outer loop
      vertex 58.78060233744357 40.93658283817455 0.6
      vertex 58.78060233744357 40.93658283817455 0
      vertex 58.91563629233656 40.638556548904994 0
    endloop
  endfacet
  facet normal -0.7298640726978372 -0.6835923020228698 0
    outer loop
      vertex 59.64080096260511 39.55327092449966 0.6
      vertex 59.64080096260511 39.55327092449966 0
      vertex 59.86446609406726 39.314466094067264 0
    endloop
  endfacet
  facet normal -0.9569403357322042 -0.2902846772544777 0
    outer loop
      vertex 58.570370868554654 41.555904774487395 0.6
      vertex 58.570370868554654 41.555904774487395 0
      vertex 58.66534935252447 41.24280267348419 0
    endloop
  endfacet
  facet normal -0.973876979277335 -0.22707626303436762 0
    outer loop
      vertex 58.496073597983845 41.87454838991936 0.6
      vertex 58.496073597983845 41.87454838991936 0
      vertex 58.570370868554654 41.555904774487395 0
    endloop
  endfacet
  facet normal -0.9866433320848802 -0.16289547339458146 0
    outer loop
      vertex 58.44277569313095 42.197369038899744 0.6
      vertex 58.44277569313095 42.197369038899744 0
      vertex 58.496073597983845 41.87454838991936 0
    endloop
  endfacet
  facet normal -0.9951847266721977 -0.09801714032955228 0
    outer loop
      vertex 58.410705383806985 42.52298435384929 0.6
      vertex 58.410705383806985 42.52298435384929 0
      vertex 58.44277569313095 42.197369038899744 0
    endloop
  endfacet
  facet normal -0.9994645874763654 -0.03271908282178699 0
    outer loop
      vertex 58.4 42.85 0.6
      vertex 58.4 42.85 0
      vertex 58.410705383806985 42.52298435384929 0
    endloop
  endfacet
  facet normal -0.9994645874763654 0.03271908282178699 0
    outer loop
      vertex 58.410705383806985 43.177015646150714 0.6
      vertex 58.410705383806985 43.177015646150714 0
      vertex 58.4 42.85 0
    endloop
  endfacet
  facet normal -0.9951847266721977 0.09801714032955228 0
    outer loop
      vertex 58.44277569313095 43.50263096110026 0.6
      vertex 58.44277569313095 43.50263096110026 0
      vertex 58.410705383806985 43.177015646150714 0
    endloop
  endfacet
  facet normal -0.9866433320848802 0.16289547339458146 0
    outer loop
      vertex 58.496073597983845 43.82545161008064 0.6
      vertex 58.496073597983845 43.82545161008064 0
      vertex 58.44277569313095 43.50263096110026 0
    endloop
  endfacet
  facet normal -0.973876979277335 0.22707626303436762 0
    outer loop
      vertex 58.570370868554654 44.14409522551261 0.6
      vertex 58.570370868554654 44.14409522551261 0
      vertex 58.496073597983845 43.82545161008064 0
    endloop
  endfacet
  facet normal -0.9569403357322042 0.2902846772544777 0
    outer loop
      vertex 58.66534935252447 44.45719732651581 0.6
      vertex 58.66534935252447 44.45719732651581 0
      vertex 58.570370868554654 44.14409522551261 0
    endloop
  endfacet
  facet normal -0.9359059267573245 0.3522500479212365 0
    outer loop
      vertex 58.78060233744357 44.76341716182545 0.6
      vertex 58.78060233744357 44.76341716182545 0
      vertex 58.66534935252447 44.45719732651581 0
    endloop
  endfacet
  facet normal -0.910863824921179 0.41270702980438756 0
    outer loop
      vertex 58.91563629233656 45.06144345109501 0.6
      vertex 58.91563629233656 45.06144345109501 0
      vertex 58.78060233744357 44.76341716182545 0
    endloop
  endfacet
  facet normal -0.8819212643483523 0.4713967368260029 0
    outer loop
      vertex 59.06987298107781 45.35 0.6
      vertex 59.06987298107781 45.35 0
      vertex 58.91563629233656 45.06144345109501 0
    endloop
  endfacet
  facet normal -0.8492021815265867 0.5280678506503557 0
    outer loop
      vertex 59.24265193848727 45.627851165098015 0.6
      vertex 59.24265193848727 45.627851165098015 0
      vertex 59.06987298107781 45.35 0
    endloop
  endfacet
  facet normal -0.8128466845916038 0.582477696867818 0
    outer loop
      vertex 59.433233298543826 45.8938071450436 0.6
      vertex 59.433233298543826 45.8938071450436 0
      vertex 59.24265193848727 45.627851165098015 0
    endloop
  endfacet
  facet normal -0.7730104533627427 0.6343932841636386 0
    outer loop
      vertex 59.64080096260511 46.146729075500346 0.6
      vertex 59.64080096260511 46.146729075500346 0
      vertex 59.433233298543826 45.8938071450436 0
    endloop
  endfacet
  facet normal -0.7298640726978372 0.6835923020228698 0
    outer loop
      vertex 59.86446609406726 46.38553390593274 0.6
      vertex 59.86446609406726 46.38553390593274 0
      vertex 59.64080096260511 46.146729075500346 0
    endloop
  endfacet
  facet normal -0.6835923020228698 0.7298640726978372 0
    outer loop
      vertex 59.86446609406726 46.38553390593274 0.6
      vertex 60.103270924499654 46.60919903739489 0
      vertex 59.86446609406726 46.38553390593274 0
    endloop
  endfacet
  facet normal -0.6343932841636386 0.7730104533627427 0
    outer loop
      vertex 60.103270924499654 46.60919903739489 0.6
      vertex 60.3561928549564 46.816766701456174 0
      vertex 60.103270924499654 46.60919903739489 0
    endloop
  endfacet
  facet normal -0.582477696867818 0.8128466845916038 0
    outer loop
      vertex 60.3561928549564 46.816766701456174 0.6
      vertex 60.622148834901985 47.00734806151273 0
      vertex 60.3561928549564 46.816766701456174 0
    endloop
  endfacet
  facet normal -0.5280678506503557 0.8492021815265867 0
    outer loop
      vertex 60.622148834901985 47.00734806151273 0.6
      vertex 60.9 47.18012701892219 0
      vertex 60.622148834901985 47.00734806151273 0
    endloop
  endfacet
  facet normal -0.4713967368260029 0.8819212643483523 0
    outer loop
      vertex 60.9 47.18012701892219 0.6
      vertex 61.18855654890499 47.33436370766344 0
      vertex 60.9 47.18012701892219 0
    endloop
  endfacet
  facet normal -0.41270702980438756 0.910863824921179 0
    outer loop
      vertex 61.18855654890499 47.33436370766344 0.6
      vertex 61.48658283817455 47.46939766255643 0
      vertex 61.18855654890499 47.33436370766344 0
    endloop
  endfacet
  facet normal 0.683592302022859 -0.7298640726978471 0
    outer loop
      vertex 66.93553390593274 39.314466094067264 0.6
      vertex 66.69672907550034 39.090800962605115 0
      vertex 66.93553390593274 39.314466094067264 0
    endloop
  endfacet
  facet normal 0.7298640726978479 -0.6835923020228583 0
    outer loop
      vertex 66.93553390593274 39.314466094067264 0.6
      vertex 66.93553390593274 39.314466094067264 0
      vertex 67.15919903739488 39.55327092449966 0
    endloop
  endfacet
  facet normal 0.7730104533627427 -0.6343932841636386 0
    outer loop
      vertex 67.15919903739488 39.55327092449966 0.6
      vertex 67.15919903739488 39.55327092449966 0
      vertex 67.36676670145617 39.8061928549564 0
    endloop
  endfacet
  facet normal 0.8128466845916038 -0.582477696867818 0
    outer loop
      vertex 67.36676670145617 39.8061928549564 0.6
      vertex 67.36676670145617 39.8061928549564 0
      vertex 67.55734806151273 40.07214883490199 0
    endloop
  endfacet
  facet normal 0.8492021815265867 -0.5280678506503557 0
    outer loop
      vertex 67.55734806151273 40.07214883490199 0.6
      vertex 67.55734806151273 40.07214883490199 0
      vertex 67.73012701892219 40.35 0
    endloop
  endfacet
  facet normal 0.8819212643483523 -0.4713967368260029 0
    outer loop
      vertex 67.73012701892219 40.35 0.6
      vertex 67.73012701892219 40.35 0
      vertex 67.88436370766344 40.638556548904994 0
    endloop
  endfacet
  facet normal 0.910863824921179 -0.41270702980438756 0
    outer loop
      vertex 67.88436370766344 40.638556548904994 0.6
      vertex 67.88436370766344 40.638556548904994 0
      vertex 68.01939766255643 40.93658283817455 0
    endloop
  endfacet
  facet normal 0.9359059267573245 -0.3522500479212365 0
    outer loop
      vertex 68.01939766255643 40.93658283817455 0.6
      vertex 68.01939766255643 40.93658283817455 0
      vertex 68.13465064747552 41.24280267348419 0
    endloop
  endfacet
  facet normal 0.9569403357322102 -0.2902846772544578 0
    outer loop
      vertex 68.13465064747552 41.24280267348419 0.6
      vertex 68.13465064747552 41.24280267348419 0
      vertex 68.22962913144534 41.555904774487395 0
    endloop
  endfacet
  facet normal 0.973876979277335 -0.22707626303436762 0
    outer loop
      vertex 68.22962913144534 41.555904774487395 0.6
      vertex 68.22962913144534 41.555904774487395 0
      vertex 68.30392640201615 41.87454838991936 0
    endloop
  endfacet
  facet normal 0.9866433320848732 -0.16289547339462374 0
    outer loop
      vertex 68.30392640201615 41.87454838991936 0.6
      vertex 68.30392640201615 41.87454838991936 0
      vertex 68.35722430686906 42.197369038899744 0
    endloop
  endfacet
  facet normal 0.9951847266721998 -0.09801714032953077 0
    outer loop
      vertex 68.35722430686906 42.197369038899744 0.6
      vertex 68.35722430686906 42.197369038899744 0
      vertex 68.38929461619301 42.52298435384929 0
    endloop
  endfacet
  facet normal 0.9994645874763646 -0.03271908282180869 0
    outer loop
      vertex 68.38929461619301 42.52298435384929 0.6
      vertex 68.38929461619301 42.52298435384929 0
      vertex 68.4 42.85 0
    endloop
  endfacet
  facet normal 0.9994645874763646 0.03271908282180869 0
    outer loop
      vertex 68.4 42.85 0.6
      vertex 68.4 42.85 0
      vertex 68.38929461619301 43.177015646150714 0
    endloop
  endfacet
  facet normal 0.9951847266721998 0.09801714032953077 0
    outer loop
      vertex 68.38929461619301 43.177015646150714 0.6
      vertex 68.38929461619301 43.177015646150714 0
      vertex 68.35722430686906 43.50263096110026 0
    endloop
  endfacet
  facet normal -0.3522500479212365 0.9359059267573245 0
    outer loop
      vertex 61.48658283817455 47.46939766255643 0.6
      vertex 61.79280267348419 47.58465064747553 0
      vertex 61.48658283817455 47.46939766255643 0
    endloop
  endfacet
  facet normal -0.2902846772544777 0.9569403357322042 0
    outer loop
      vertex 61.79280267348419 47.58465064747553 0.6
      vertex 62.10590477448739 47.679629131445346 0
      vertex 61.79280267348419 47.58465064747553 0
    endloop
  endfacet
  facet normal -0.22707626303436762 0.973876979277335 0
    outer loop
      vertex 62.10590477448739 47.679629131445346 0.6
      vertex 62.42454838991936 47.753926402016155 0
      vertex 62.10590477448739 47.679629131445346 0
    endloop
  endfacet
  facet normal -0.16289547339458146 0.9866433320848802 0
    outer loop
      vertex 62.42454838991936 47.753926402016155 0.6
      vertex 62.74736903889974 47.80722430686905 0
      vertex 62.42454838991936 47.753926402016155 0
    endloop
  endfacet
  facet normal -0.09801714032955228 0.9951847266721977 0
    outer loop
      vertex 62.74736903889974 47.80722430686905 0.6
      vertex 63.072984353849286 47.839294616193015 0
      vertex 62.74736903889974 47.80722430686905 0
    endloop
  endfacet
  facet normal -0.03271908282178699 0.9994645874763654 0
    outer loop
      vertex 63.072984353849286 47.839294616193015 0.6
      vertex 63.4 47.85 0
      vertex 63.072984353849286 47.839294616193015 0
    endloop
  endfacet
  facet normal 0.03271908282178699 0.9994645874763654 0
    outer loop
      vertex 63.4 47.85 0.6
      vertex 63.72701564615071 47.839294616193015 0
      vertex 63.4 47.85 0
    endloop
  endfacet
  facet normal 0.09801714032955015 0.9951847266721978 0
    outer loop
      vertex 63.72701564615071 47.839294616193015 0.6
      vertex 64.05263096110026 47.80722430686905 0
      vertex 63.72701564615071 47.839294616193015 0
    endloop
  endfacet
  facet normal 0.16289547339458146 0.9866433320848802 0
    outer loop
      vertex 64.05263096110026 47.80722430686905 0.6
      vertex 64.37545161008065 47.753926402016155 0
      vertex 64.05263096110026 47.80722430686905 0
    endloop
  endfacet
  facet normal 0.22707626303437722 0.9738769792773327 0
    outer loop
      vertex 64.37545161008065 47.753926402016155 0.6
      vertex 64.6940952255126 47.679629131445346 0
      vertex 64.37545161008065 47.753926402016155 0
    endloop
  endfacet
  facet normal 0.29028467725447166 0.956940335732206 0
    outer loop
      vertex 64.6940952255126 47.679629131445346 0.6
      vertex 65.00719732651581 47.58465064747553 0
      vertex 64.6940952255126 47.679629131445346 0
    endloop
  endfacet
  facet normal 0.9866433320848732 0.16289547339462374 0
    outer loop
      vertex 68.35722430686906 43.50263096110026 0.6
      vertex 68.35722430686906 43.50263096110026 0
      vertex 68.30392640201615 43.82545161008064 0
    endloop
  endfacet
  facet normal 0.973876979277335 0.22707626303436762 0
    outer loop
      vertex 68.30392640201615 43.82545161008064 0.6
      vertex 68.30392640201615 43.82545161008064 0
      vertex 68.22962913144534 44.14409522551261 0
    endloop
  endfacet
  facet normal 0.9569403357322102 0.2902846772544578 0
    outer loop
      vertex 68.22962913144534 44.14409522551261 0.6
      vertex 68.22962913144534 44.14409522551261 0
      vertex 68.13465064747552 44.45719732651581 0
    endloop
  endfacet
  facet normal 0.9359059267573245 0.3522500479212365 0
    outer loop
      vertex 68.13465064747552 44.45719732651581 0.6
      vertex 68.13465064747552 44.45719732651581 0
      vertex 68.01939766255643 44.76341716182545 0
    endloop
  endfacet
  facet normal 0.910863824921179 0.41270702980438756 0
    outer loop
      vertex 68.01939766255643 44.76341716182545 0.6
      vertex 68.01939766255643 44.76341716182545 0
      vertex 67.88436370766344 45.06144345109501 0
    endloop
  endfacet
  facet normal 0.8819212643483523 0.4713967368260029 0
    outer loop
      vertex 67.88436370766344 45.06144345109501 0.6
      vertex 67.88436370766344 45.06144345109501 0
      vertex 67.73012701892219 45.35 0
    endloop
  endfacet
  facet normal 0.8492021815265867 0.5280678506503557 0
    outer loop
      vertex 67.73012701892219 45.35 0.6
      vertex 67.73012701892219 45.35 0
      vertex 67.55734806151273 45.627851165098015 0
    endloop
  endfacet
  facet normal 0.6343932841636493 0.7730104533627339 0
    outer loop
      vertex 66.4438071450436 46.816766701456174 0.6
      vertex 66.69672907550034 46.60919903739489 0
      vertex 66.4438071450436 46.816766701456174 0
    endloop
  endfacet
  facet normal 0.4713967368259849 0.8819212643483619 0
    outer loop
      vertex 65.611443451095 47.33436370766344 0.6
      vertex 65.9 47.18012701892219 0
      vertex 65.611443451095 47.33436370766344 0
    endloop
  endfacet
  facet normal 0.35225004792124365 0.9359059267573219 0
    outer loop
      vertex 65.00719732651581 47.58465064747553 0.6
      vertex 65.31341716182544 47.46939766255643 0
      vertex 65.00719732651581 47.58465064747553 0
    endloop
  endfacet
  facet normal 0.41270702980438756 0.910863824921179 0
    outer loop
      vertex 65.31341716182544 47.46939766255643 0.6
      vertex 65.611443451095 47.33436370766344 0
      vertex 65.31341716182544 47.46939766255643 0
    endloop
  endfacet
  facet normal 0.5280678506503751 0.8492021815265745 0
    outer loop
      vertex 65.9 47.18012701892219 0.6
      vertex 66.177851165098 47.00734806151273 0
      vertex 65.9 47.18012701892219 0
    endloop
  endfacet
  facet normal 0.5824776968677975 0.8128466845916185 0
    outer loop
      vertex 66.177851165098 47.00734806151273 0.6
      vertex 66.4438071450436 46.816766701456174 0
      vertex 66.177851165098 47.00734806151273 0
    endloop
  endfacet
  facet normal 0.7298640726978479 0.6835923020228583 0
    outer loop
      vertex 67.15919903739488 46.146729075500346 0.6
      vertex 67.15919903739488 46.146729075500346 0
      vertex 66.93553390593274 46.38553390593274 0
    endloop
  endfacet
  facet normal 0.8128466845916038 0.582477696867818 0
    outer loop
      vertex 67.55734806151273 45.627851165098015 0.6
      vertex 67.55734806151273 45.627851165098015 0
      vertex 67.36676670145617 45.8938071450436 0
    endloop
  endfacet
  facet normal 0.7730104533627427 0.6343932841636386 0
    outer loop
      vertex 67.36676670145617 45.8938071450436 0.6
      vertex 67.36676670145617 45.8938071450436 0
      vertex 67.15919903739488 46.146729075500346 0
    endloop
  endfacet
  facet normal 0.683592302022859 0.7298640726978471 0
    outer loop
      vertex 66.69672907550034 46.60919903739489 0.6
      vertex 66.93553390593274 46.38553390593274 0
      vertex 66.69672907550034 46.60919903739489 0
    endloop
  endfacet
  facet normal -0.582477696867818 -0.8128466845916038 0
    outer loop
      vertex 60.3561928549564 38.88323329854383 0.6
      vertex 60.3561928549564 38.88323329854383 0
      vertex 60.622148834901985 38.69265193848727 0.6
    endloop
  endfacet
  facet normal -0.6343932841636386 -0.7730104533627427 0
    outer loop
      vertex 60.3561928549564 38.88323329854383 0.6
      vertex 60.103270924499654 39.090800962605115 0.6
      vertex 60.103270924499654 39.090800962605115 0
    endloop
  endfacet
  facet normal -0.5280678506503557 -0.8492021815265867 0
    outer loop
      vertex 60.9 38.51987298107781 0.6
      vertex 60.622148834901985 38.69265193848727 0.6
      vertex 60.622148834901985 38.69265193848727 0
    endloop
  endfacet
  facet normal -0.41270702980438756 -0.910863824921179 0
    outer loop
      vertex 61.18855654890499 38.36563629233656 0.6
      vertex 61.18855654890499 38.36563629233656 0
      vertex 61.48658283817455 38.23060233744357 0.6
    endloop
  endfacet
  facet normal -0.4713967368260029 -0.8819212643483523 0
    outer loop
      vertex 60.9 38.51987298107781 0.6
      vertex 60.9 38.51987298107781 0
      vertex 61.18855654890499 38.36563629233656 0.6
    endloop
  endfacet
  facet normal -0.2902846772544777 -0.9569403357322042 0
    outer loop
      vertex 61.79280267348419 38.115349352524476 0.6
      vertex 61.79280267348419 38.115349352524476 0
      vertex 62.10590477448739 38.02037086855466 0.6
    endloop
  endfacet
  facet normal -0.22707626303436762 -0.973876979277335 0
    outer loop
      vertex 62.10590477448739 38.02037086855466 0.6
      vertex 62.10590477448739 38.02037086855466 0
      vertex 62.42454838991936 37.94607359798385 0.6
    endloop
  endfacet
  facet normal -0.16289547339458146 -0.9866433320848802 0
    outer loop
      vertex 62.42454838991936 37.94607359798385 0.6
      vertex 62.42454838991936 37.94607359798385 0
      vertex 62.74736903889974 37.89277569313095 0.6
    endloop
  endfacet
  facet normal -0.09801714032955228 -0.9951847266721977 0
    outer loop
      vertex 62.74736903889974 37.89277569313095 0.6
      vertex 62.74736903889974 37.89277569313095 0
      vertex 63.072984353849286 37.86070538380699 0.6
    endloop
  endfacet
  facet normal -0.3522500479212365 -0.9359059267573245 0
    outer loop
      vertex 61.79280267348419 38.115349352524476 0.6
      vertex 61.48658283817455 38.23060233744357 0.6
      vertex 61.48658283817455 38.23060233744357 0
    endloop
  endfacet
  facet normal -0.03271908282178699 -0.9994645874763654 0
    outer loop
      vertex 63.072984353849286 37.86070538380699 0.6
      vertex 63.072984353849286 37.86070538380699 0
      vertex 63.4 37.85 0.6
    endloop
  endfacet
  facet normal 0.03271908282178699 -0.9994645874763654 0
    outer loop
      vertex 63.4 37.85 0.6
      vertex 63.4 37.85 0
      vertex 63.72701564615071 37.86070538380699 0.6
    endloop
  endfacet
  facet normal 0.09801714032955015 -0.9951847266721978 0
    outer loop
      vertex 63.72701564615071 37.86070538380699 0.6
      vertex 63.72701564615071 37.86070538380699 0
      vertex 64.05263096110026 37.89277569313095 0.6
    endloop
  endfacet
  facet normal 0.16289547339458146 -0.9866433320848802 0
    outer loop
      vertex 64.05263096110026 37.89277569313095 0.6
      vertex 64.05263096110026 37.89277569313095 0
      vertex 64.37545161008065 37.94607359798385 0.6
    endloop
  endfacet
  facet normal 0.22707626303437722 -0.9738769792773327 0
    outer loop
      vertex 64.37545161008065 37.94607359798385 0.6
      vertex 64.37545161008065 37.94607359798385 0
      vertex 64.6940952255126 38.02037086855466 0.6
    endloop
  endfacet
  facet normal 0.29028467725447166 -0.956940335732206 0
    outer loop
      vertex 64.6940952255126 38.02037086855466 0.6
      vertex 64.6940952255126 38.02037086855466 0
      vertex 65.00719732651581 38.115349352524476 0.6
    endloop
  endfacet
  facet normal 0.35225004792124365 -0.9359059267573219 0
    outer loop
      vertex 65.00719732651581 38.115349352524476 0.6
      vertex 65.00719732651581 38.115349352524476 0
      vertex 65.31341716182544 38.23060233744357 0.6
    endloop
  endfacet
  facet normal 0.41270702980438756 -0.910863824921179 0
    outer loop
      vertex 65.31341716182544 38.23060233744357 0.6
      vertex 65.31341716182544 38.23060233744357 0
      vertex 65.611443451095 38.36563629233656 0.6
    endloop
  endfacet
  facet normal 0.4713967368259849 -0.8819212643483619 0
    outer loop
      vertex 65.611443451095 38.36563629233656 0.6
      vertex 65.611443451095 38.36563629233656 0
      vertex 65.9 38.51987298107781 0.6
    endloop
  endfacet
  facet normal 0.5280678506503751 -0.8492021815265745 0
    outer loop
      vertex 65.9 38.51987298107781 0.6
      vertex 65.9 38.51987298107781 0
      vertex 66.177851165098 38.69265193848727 0.6
    endloop
  endfacet
  facet normal 0.5824776968677975 -0.8128466845916185 0
    outer loop
      vertex 66.177851165098 38.69265193848727 0.6
      vertex 66.177851165098 38.69265193848727 0
      vertex 66.4438071450436 38.88323329854383 0.6
    endloop
  endfacet
  facet normal 0.6343932841636493 -0.7730104533627339 0
    outer loop
      vertex 66.4438071450436 38.88323329854383 0.6
      vertex 66.4438071450436 38.88323329854383 0
      vertex 66.69672907550034 39.090800962605115 0.6
    endloop
  endfacet
  facet normal 0.683592302022859 -0.7298640726978471 0
    outer loop
      vertex 66.69672907550034 39.090800962605115 0.6
      vertex 66.69672907550034 39.090800962605115 0
      vertex 66.93553390593274 39.314466094067264 0.6
    endloop
  endfacet
  facet normal 0 0 1
    outer loop
      vertex 61.79280267348419 38.115349352524476 0.6
      vertex 62.10590477448739 38.02037086855466 0.6
      vertex 61.98578643798828 41.435787200927734 0.6
    endloop
  endfacet
  facet normal 0 0 1
    outer loop
      vertex 62.10590477448739 38.02037086855466 0.6
      vertex 62.42454838991936 37.94607359798385 0.6
      vertex 62.400001525878906 41.117950439453125 0.6
    endloop
  endfacet
  facet normal 0 0 1
    outer loop
      vertex 62.42454838991936 37.94607359798385 0.6
      vertex 62.74736903889974 37.89277569313095 0.6
      vertex 62.6346321105957 41.00223922729492 0.6
    endloop
  endfacet
  facet normal 0 0 1
    outer loop
      vertex 62.74736903889974 37.89277569313095 0.6
      vertex 63.072984353849286 37.86070538380699 0.6
      vertex 63.00981903076172 40.888427734375 0.6
    endloop
  endfacet
  facet normal 0 0 1
    outer loop
      vertex 63.072984353849286 37.86070538380699 0.6
      vertex 63.4 37.85 0.6
      vertex 63.400001525878906 40.849998474121094 0.6
    endloop
  endfacet
  facet normal 0 0 1
    outer loop
      vertex 63.4 37.85 0.6
      vertex 63.72701564615071 37.86070538380699 0.6
      vertex 63.53080749511719 40.85428237915039 0.6
    endloop
  endfacet
  facet normal 0 0 1
    outer loop
      vertex 63.72701564615071 37.86070538380699 0.6
      vertex 64.05263096110026 37.89277569313095 0.6
      vertex 63.66105270385742 40.86711120605469 0.6
    endloop
  endfacet
  facet normal 0 0 1
    outer loop
      vertex 64.05263096110026 37.89277569313095 0.6
      vertex 64.37545161008065 37.94607359798385 0.6
      vertex 64.16536712646484 41.00223922729492 0.6
    endloop
  endfacet
  facet normal 0 0 1
    outer loop
      vertex 64.37545161008065 37.94607359798385 0.6
      vertex 64.6940952255126 38.02037086855466 0.6
      vertex 64.4000015258789 41.117950439453125 0.6
    endloop
  endfacet
  facet normal 0 0 1
    outer loop
      vertex 64.6940952255126 38.02037086855466 0.6
      vertex 65.00719732651581 38.115349352524476 0.6
      vertex 64.71868896484375 41.34632110595703 0.6
    endloop
  endfacet
  facet normal -0.7730104533627427 -0.6343932841636386 0
    outer loop
      vertex 59.64080096260511 39.55327092449966 0.6
      vertex 59.433233298543826 39.8061928549564 0.6
      vertex 59.64080096260511 39.55327092449966 0
    endloop
  endfacet
  facet normal -0.8492021815265867 -0.5280678506503557 0
    outer loop
      vertex 59.24265193848727 40.07214883490199 0.6
      vertex 59.06987298107781 40.35 0.6
      vertex 59.24265193848727 40.07214883490199 0
    endloop
  endfacet
  facet normal -0.8128466845916038 -0.582477696867818 0
    outer loop
      vertex 59.433233298543826 39.8061928549564 0.6
      vertex 59.24265193848727 40.07214883490199 0.6
      vertex 59.433233298543826 39.8061928549564 0
    endloop
  endfacet
  facet normal -0.9359059267573245 -0.3522500479212365 0
    outer loop
      vertex 58.66534935252447 41.24280267348419 0.6
      vertex 58.78060233744357 40.93658283817455 0
      vertex 58.78060233744357 40.93658283817455 0.6
    endloop
  endfacet
  facet normal -0.9569403357322042 -0.2902846772544777 0
    outer loop
      vertex 58.66534935252447 41.24280267348419 0.6
      vertex 58.570370868554654 41.555904774487395 0.6
      vertex 58.66534935252447 41.24280267348419 0
    endloop
  endfacet
  facet normal -0.8819212643483523 -0.4713967368260029 0
    outer loop
      vertex 59.06987298107781 40.35 0.6
      vertex 58.91563629233656 40.638556548904994 0.6
      vertex 59.06987298107781 40.35 0
    endloop
  endfacet
  facet normal -0.910863824921179 -0.41270702980438756 0
    outer loop
      vertex 58.91563629233656 40.638556548904994 0.6
      vertex 58.78060233744357 40.93658283817455 0.6
      vertex 58.91563629233656 40.638556548904994 0
    endloop
  endfacet
  facet normal -0.7298640726978372 -0.6835923020228698 0
    outer loop
      vertex 59.64080096260511 39.55327092449966 0.6
      vertex 59.86446609406726 39.314466094067264 0
      vertex 59.86446609406726 39.314466094067264 0.6
    endloop
  endfacet
  facet normal -0.6835923020228698 -0.7298640726978372 0
    outer loop
      vertex 60.103270924499654 39.090800962605115 0.6
      vertex 59.86446609406726 39.314466094067264 0.6
      vertex 59.86446609406726 39.314466094067264 0
    endloop
  endfacet
  facet normal -0.973876979277335 -0.22707626303436762 0
    outer loop
      vertex 58.570370868554654 41.555904774487395 0.6
      vertex 58.496073597983845 41.87454838991936 0.6
      vertex 58.570370868554654 41.555904774487395 0
    endloop
  endfacet
  facet normal -0.9866433320848802 -0.16289547339458146 0
    outer loop
      vertex 58.496073597983845 41.87454838991936 0.6
      vertex 58.44277569313095 42.197369038899744 0.6
      vertex 58.496073597983845 41.87454838991936 0
    endloop
  endfacet
  facet normal -0.9951847266721977 -0.09801714032955228 0
    outer loop
      vertex 58.44277569313095 42.197369038899744 0.6
      vertex 58.410705383806985 42.52298435384929 0.6
      vertex 58.44277569313095 42.197369038899744 0
    endloop
  endfacet
  facet normal -0.9994645874763654 -0.03271908282178699 0
    outer loop
      vertex 58.410705383806985 42.52298435384929 0.6
      vertex 58.4 42.85 0.6
      vertex 58.410705383806985 42.52298435384929 0
    endloop
  endfacet
  facet normal -0.9994645874763654 0.03271908282178699 0
    outer loop
      vertex 58.4 42.85 0.6
      vertex 58.410705383806985 43.177015646150714 0.6
      vertex 58.4 42.85 0
    endloop
  endfacet
  facet normal -0.9951847266721977 0.09801714032955228 0
    outer loop
      vertex 58.410705383806985 43.177015646150714 0.6
      vertex 58.44277569313095 43.50263096110026 0.6
      vertex 58.410705383806985 43.177015646150714 0
    endloop
  endfacet
  facet normal -0.9866433320848802 0.16289547339458146 0
    outer loop
      vertex 58.44277569313095 43.50263096110026 0.6
      vertex 58.496073597983845 43.82545161008064 0.6
      vertex 58.44277569313095 43.50263096110026 0
    endloop
  endfacet
  facet normal -0.973876979277335 0.22707626303436762 0
    outer loop
      vertex 58.496073597983845 43.82545161008064 0.6
      vertex 58.570370868554654 44.14409522551261 0.6
      vertex 58.496073597983845 43.82545161008064 0
    endloop
  endfacet
  facet normal -0.9569403357322042 0.2902846772544777 0
    outer loop
      vertex 58.570370868554654 44.14409522551261 0.6
      vertex 58.66534935252447 44.45719732651581 0.6
      vertex 58.570370868554654 44.14409522551261 0
    endloop
  endfacet
  facet normal -0.9359059267573245 0.3522500479212365 0
    outer loop
      vertex 58.66534935252447 44.45719732651581 0.6
      vertex 58.78060233744357 44.76341716182545 0.6
      vertex 58.66534935252447 44.45719732651581 0
    endloop
  endfacet
  facet normal -0.910863824921179 0.41270702980438756 0
    outer loop
      vertex 58.78060233744357 44.76341716182545 0.6
      vertex 58.91563629233656 45.06144345109501 0.6
      vertex 58.78060233744357 44.76341716182545 0
    endloop
  endfacet
  facet normal -0.8819212643483523 0.4713967368260029 0
    outer loop
      vertex 58.91563629233656 45.06144345109501 0.6
      vertex 59.06987298107781 45.35 0.6
      vertex 58.91563629233656 45.06144345109501 0
    endloop
  endfacet
  facet normal -0.8492021815265867 0.5280678506503557 0
    outer loop
      vertex 59.06987298107781 45.35 0.6
      vertex 59.24265193848727 45.627851165098015 0.6
      vertex 59.06987298107781 45.35 0
    endloop
  endfacet
  facet normal -0.8128466845916038 0.582477696867818 0
    outer loop
      vertex 59.24265193848727 45.627851165098015 0.6
      vertex 59.433233298543826 45.8938071450436 0.6
      vertex 59.24265193848727 45.627851165098015 0
    endloop
  endfacet
  facet normal -0.7730104533627427 0.6343932841636386 0
    outer loop
      vertex 59.433233298543826 45.8938071450436 0.6
      vertex 59.64080096260511 46.146729075500346 0.6
      vertex 59.433233298543826 45.8938071450436 0
    endloop
  endfacet
  facet normal -0.7298640726978372 0.6835923020228698 0
    outer loop
      vertex 59.64080096260511 46.146729075500346 0.6
      vertex 59.86446609406726 46.38553390593274 0.6
      vertex 59.64080096260511 46.146729075500346 0
    endloop
  endfacet
  facet normal -0.6835923020228698 0.7298640726978372 0
    outer loop
      vertex 59.86446609406726 46.38553390593274 0.6
      vertex 60.103270924499654 46.60919903739489 0.6
      vertex 60.103270924499654 46.60919903739489 0
    endloop
  endfacet
  facet normal -0.6343932841636386 0.7730104533627427 0
    outer loop
      vertex 60.103270924499654 46.60919903739489 0.6
      vertex 60.3561928549564 46.816766701456174 0.6
      vertex 60.3561928549564 46.816766701456174 0
    endloop
  endfacet
  facet normal -0.582477696867818 0.8128466845916038 0
    outer loop
      vertex 60.3561928549564 46.816766701456174 0.6
      vertex 60.622148834901985 47.00734806151273 0.6
      vertex 60.622148834901985 47.00734806151273 0
    endloop
  endfacet
  facet normal -0.5280678506503557 0.8492021815265867 0
    outer loop
      vertex 60.622148834901985 47.00734806151273 0.6
      vertex 60.9 47.18012701892219 0.6
      vertex 60.9 47.18012701892219 0
    endloop
  endfacet
  facet normal -0.4713967368260029 0.8819212643483523 0
    outer loop
      vertex 60.9 47.18012701892219 0.6
      vertex 61.18855654890499 47.33436370766344 0.6
      vertex 61.18855654890499 47.33436370766344 0
    endloop
  endfacet
  facet normal -0.41270702980438756 0.910863824921179 0
    outer loop
      vertex 61.18855654890499 47.33436370766344 0.6
      vertex 61.48658283817455 47.46939766255643 0.6
      vertex 61.48658283817455 47.46939766255643 0
    endloop
  endfacet
  facet normal 0.7298640726978479 -0.6835923020228583 0
    outer loop
      vertex 66.93553390593274 39.314466094067264 0.6
      vertex 67.15919903739488 39.55327092449966 0
      vertex 67.15919903739488 39.55327092449966 0.6
    endloop
  endfacet
  facet normal 0.7730104533627427 -0.6343932841636386 0
    outer loop
      vertex 67.15919903739488 39.55327092449966 0.6
      vertex 67.36676670145617 39.8061928549564 0
      vertex 67.36676670145617 39.8061928549564 0.6
    endloop
  endfacet
  facet normal 0.8128466845916038 -0.582477696867818 0
    outer loop
      vertex 67.36676670145617 39.8061928549564 0.6
      vertex 67.55734806151273 40.07214883490199 0
      vertex 67.55734806151273 40.07214883490199 0.6
    endloop
  endfacet
  facet normal 0.8492021815265867 -0.5280678506503557 0
    outer loop
      vertex 67.55734806151273 40.07214883490199 0.6
      vertex 67.73012701892219 40.35 0
      vertex 67.73012701892219 40.35 0.6
    endloop
  endfacet
  facet normal 0.8819212643483523 -0.4713967368260029 0
    outer loop
      vertex 67.73012701892219 40.35 0.6
      vertex 67.88436370766344 40.638556548904994 0
      vertex 67.88436370766344 40.638556548904994 0.6
    endloop
  endfacet
  facet normal 0.910863824921179 -0.41270702980438756 0
    outer loop
      vertex 67.88436370766344 40.638556548904994 0.6
      vertex 68.01939766255643 40.93658283817455 0
      vertex 68.01939766255643 40.93658283817455 0.6
    endloop
  endfacet
  facet normal 0.9359059267573245 -0.3522500479212365 0
    outer loop
      vertex 68.01939766255643 40.93658283817455 0.6
      vertex 68.13465064747552 41.24280267348419 0
      vertex 68.13465064747552 41.24280267348419 0.6
    endloop
  endfacet
  facet normal 0.9569403357322102 -0.2902846772544578 0
    outer loop
      vertex 68.13465064747552 41.24280267348419 0.6
      vertex 68.22962913144534 41.555904774487395 0
      vertex 68.22962913144534 41.555904774487395 0.6
    endloop
  endfacet
  facet normal 0.973876979277335 -0.22707626303436762 0
    outer loop
      vertex 68.22962913144534 41.555904774487395 0.6
      vertex 68.30392640201615 41.87454838991936 0
      vertex 68.30392640201615 41.87454838991936 0.6
    endloop
  endfacet
  facet normal 0.9866433320848732 -0.16289547339462374 0
    outer loop
      vertex 68.30392640201615 41.87454838991936 0.6
      vertex 68.35722430686906 42.197369038899744 0
      vertex 68.35722430686906 42.197369038899744 0.6
    endloop
  endfacet
  facet normal 0.9951847266721998 -0.09801714032953077 0
    outer loop
      vertex 68.35722430686906 42.197369038899744 0.6
      vertex 68.38929461619301 42.52298435384929 0
      vertex 68.38929461619301 42.52298435384929 0.6
    endloop
  endfacet
  facet normal 0.9994645874763646 -0.03271908282180869 0
    outer loop
      vertex 68.38929461619301 42.52298435384929 0.6
      vertex 68.4 42.85 0
      vertex 68.4 42.85 0.6
    endloop
  endfacet
  facet normal 0.9994645874763646 0.03271908282180869 0
    outer loop
      vertex 68.4 42.85 0.6
      vertex 68.38929461619301 43.177015646150714 0
      vertex 68.38929461619301 43.177015646150714 0.6
    endloop
  endfacet
  facet normal 0.9951847266721998 0.09801714032953077 0
    outer loop
      vertex 68.38929461619301 43.177015646150714 0.6
      vertex 68.35722430686906 43.50263096110026 0
      vertex 68.35722430686906 43.50263096110026 0.6
    endloop
  endfacet
  facet normal -0.3522500479212365 0.9359059267573245 0
    outer loop
      vertex 61.48658283817455 47.46939766255643 0.6
      vertex 61.79280267348419 47.58465064747553 0.6
      vertex 61.79280267348419 47.58465064747553 0
    endloop
  endfacet
  facet normal -0.2902846772544777 0.9569403357322042 0
    outer loop
      vertex 61.79280267348419 47.58465064747553 0.6
      vertex 62.10590477448739 47.679629131445346 0.6
      vertex 62.10590477448739 47.679629131445346 0
    endloop
  endfacet
  facet normal -0.22707626303436762 0.973876979277335 0
    outer loop
      vertex 62.10590477448739 47.679629131445346 0.6
      vertex 62.42454838991936 47.753926402016155 0.6
      vertex 62.42454838991936 47.753926402016155 0
    endloop
  endfacet
  facet normal -0.16289547339458146 0.9866433320848802 0
    outer loop
      vertex 62.42454838991936 47.753926402016155 0.6
      vertex 62.74736903889974 47.80722430686905 0.6
      vertex 62.74736903889974 47.80722430686905 0
    endloop
  endfacet
  facet normal -0.09801714032955228 0.9951847266721977 0
    outer loop
      vertex 62.74736903889974 47.80722430686905 0.6
      vertex 63.072984353849286 47.839294616193015 0.6
      vertex 63.072984353849286 47.839294616193015 0
    endloop
  endfacet
  facet normal -0.03271908282178699 0.9994645874763654 0
    outer loop
      vertex 63.072984353849286 47.839294616193015 0.6
      vertex 63.4 47.85 0.6
      vertex 63.4 47.85 0
    endloop
  endfacet
  facet normal 0.03271908282178699 0.9994645874763654 0
    outer loop
      vertex 63.4 47.85 0.6
      vertex 63.72701564615071 47.839294616193015 0.6
      vertex 63.72701564615071 47.839294616193015 0
    endloop
  endfacet
  facet normal 0.09801714032955015 0.9951847266721978 0
    outer loop
      vertex 63.72701564615071 47.839294616193015 0.6
      vertex 64.05263096110026 47.80722430686905 0.6
      vertex 64.05263096110026 47.80722430686905 0
    endloop
  endfacet
  facet normal 0.16289547339458146 0.9866433320848802 0
    outer loop
      vertex 64.05263096110026 47.80722430686905 0.6
      vertex 64.37545161008065 47.753926402016155 0.6
      vertex 64.37545161008065 47.753926402016155 0
    endloop
  endfacet
  facet normal 0.22707626303437722 0.9738769792773327 0
    outer loop
      vertex 64.37545161008065 47.753926402016155 0.6
      vertex 64.6940952255126 47.679629131445346 0.6
      vertex 64.6940952255126 47.679629131445346 0
    endloop
  endfacet
  facet normal 0.9866433320848732 0.16289547339462374 0
    outer loop
      vertex 68.35722430686906 43.50263096110026 0.6
      vertex 68.30392640201615 43.82545161008064 0
      vertex 68.30392640201615 43.82545161008064 0.6
    endloop
  endfacet
  facet normal 0.973876979277335 0.22707626303436762 0
    outer loop
      vertex 68.30392640201615 43.82545161008064 0.6
      vertex 68.22962913144534 44.14409522551261 0
      vertex 68.22962913144534 44.14409522551261 0.6
    endloop
  endfacet
  facet normal 0.9569403357322102 0.2902846772544578 0
    outer loop
      vertex 68.22962913144534 44.14409522551261 0.6
      vertex 68.13465064747552 44.45719732651581 0
      vertex 68.13465064747552 44.45719732651581 0.6
    endloop
  endfacet
  facet normal 0.910863824921179 0.41270702980438756 0
    outer loop
      vertex 67.88436370766344 45.06144345109501 0.6
      vertex 68.01939766255643 44.76341716182545 0.6
      vertex 67.88436370766344 45.06144345109501 0
    endloop
  endfacet
  facet normal 0.9359059267573245 0.3522500479212365 0
    outer loop
      vertex 68.13465064747552 44.45719732651581 0.6
      vertex 68.01939766255643 44.76341716182545 0
      vertex 68.01939766255643 44.76341716182545 0.6
    endloop
  endfacet
  facet normal 0.8819212643483523 0.4713967368260029 0
    outer loop
      vertex 67.88436370766344 45.06144345109501 0.6
      vertex 67.73012701892219 45.35 0
      vertex 67.73012701892219 45.35 0.6
    endloop
  endfacet
  facet normal 0.8492021815265867 0.5280678506503557 0
    outer loop
      vertex 67.73012701892219 45.35 0.6
      vertex 67.55734806151273 45.627851165098015 0
      vertex 67.55734806151273 45.627851165098015 0.6
    endloop
  endfacet
  facet normal 0.6343932841636493 0.7730104533627339 0
    outer loop
      vertex 66.4438071450436 46.816766701456174 0.6
      vertex 66.69672907550034 46.60919903739489 0.6
      vertex 66.69672907550034 46.60919903739489 0
    endloop
  endfacet
  facet normal 0.35225004792124365 0.9359059267573219 0
    outer loop
      vertex 65.31341716182544 47.46939766255643 0.6
      vertex 65.31341716182544 47.46939766255643 0
      vertex 65.00719732651581 47.58465064747553 0.6
    endloop
  endfacet
  facet normal 0.29028467725447166 0.956940335732206 0
    outer loop
      vertex 64.6940952255126 47.679629131445346 0.6
      vertex 65.00719732651581 47.58465064747553 0.6
      vertex 65.00719732651581 47.58465064747553 0
    endloop
  endfacet
  facet normal 0.41270702980438756 0.910863824921179 0
    outer loop
      vertex 65.31341716182544 47.46939766255643 0.6
      vertex 65.611443451095 47.33436370766344 0.6
      vertex 65.611443451095 47.33436370766344 0
    endloop
  endfacet
  facet normal 0.4713967368259849 0.8819212643483619 0
    outer loop
      vertex 65.611443451095 47.33436370766344 0.6
      vertex 65.9 47.18012701892219 0.6
      vertex 65.9 47.18012701892219 0
    endloop
  endfacet
  facet normal 0.5280678506503751 0.8492021815265745 0
    outer loop
      vertex 66.177851165098 47.00734806151273 0.6
      vertex 66.177851165098 47.00734806151273 0
      vertex 65.9 47.18012701892219 0.6
    endloop
  endfacet
  facet normal 0.5824776968677975 0.8128466845916185 0
    outer loop
      vertex 66.177851165098 47.00734806151273 0.6
      vertex 66.4438071450436 46.816766701456174 0.6
      vertex 66.4438071450436 46.816766701456174 0
    endloop
  endfacet
  facet normal 0.8128466845916038 0.582477696867818 0
    outer loop
      vertex 67.55734806151273 45.627851165098015 0.6
      vertex 67.36676670145617 45.8938071450436 0
      vertex 67.36676670145617 45.8938071450436 0.6
    endloop
  endfacet
  facet normal 0.7730104533627427 0.6343932841636386 0
    outer loop
      vertex 67.36676670145617 45.8938071450436 0.6
      vertex 67.15919903739488 46.146729075500346 0
      vertex 67.15919903739488 46.146729075500346 0.6
    endloop
  endfacet
  facet normal 0.683592302022859 0.7298640726978471 0
    outer loop
      vertex 66.93553390593274 46.38553390593274 0.6
      vertex 66.93553390593274 46.38553390593274 0
      vertex 66.69672907550034 46.60919903739489 0.6
    endloop
  endfacet
  facet normal 0.7298640726978479 0.6835923020228583 0
    outer loop
      vertex 67.15919903739488 46.146729075500346 0.6
      vertex 66.93553390593274 46.38553390593274 0
      vertex 66.93553390593274 46.38553390593274 0.6
    endloop
  endfacet
  facet normal 0 0 1
    outer loop
      vertex 60.9 38.51987298107781 0.6
      vertex 61.18855654890499 38.36563629233656 0.6
      vertex 60.9 47.18012701892219 0.6
    endloop
  endfacet
  facet normal 0 0 1
    outer loop
      vertex 61.18855654890499 38.36563629233656 0.6
      vertex 61.48658283817455 38.23060233744357 0.6
      vertex 61.18855654890499 47.33436370766344 0.6
    endloop
  endfacet
  facet normal 0 0 1
    outer loop
      vertex 58.570370868554654 41.555904774487395 0.6
      vertex 58.496073597983845 43.82545161008064 0.6
      vertex 58.496073597983845 41.87454838991936 0.6
    endloop
  endfacet
  facet normal 0 0 1
    outer loop
      vertex 58.66534935252447 41.24280267348419 0.6
      vertex 58.78060233744357 40.93658283817455 0.6
      vertex 58.66534935252447 44.45719732651581 0.6
    endloop
  endfacet
  facet normal 0 0 1
    outer loop
      vertex 58.66534935252447 41.24280267348419 0.6
      vertex 58.570370868554654 44.14409522551261 0.6
      vertex 58.570370868554654 41.555904774487395 0.6
    endloop
  endfacet
  facet normal 0 0 1
    outer loop
      vertex 59.433233298543826 39.8061928549564 0.6
      vertex 59.24265193848727 45.627851165098015 0.6
      vertex 59.24265193848727 40.07214883490199 0.6
    endloop
  endfacet
  facet normal 0 0 1
    outer loop
      vertex 59.64080096260511 39.55327092449966 0.6
      vertex 59.433233298543826 45.8938071450436 0.6
      vertex 59.433233298543826 39.8061928549564 0.6
    endloop
  endfacet
  facet normal 0 0 1
    outer loop
      vertex 59.06987298107781 40.35 0.6
      vertex 58.91563629233656 45.06144345109501 0.6
      vertex 58.91563629233656 40.638556548904994 0.6
    endloop
  endfacet
  facet normal 0 0 1
    outer loop
      vertex 58.91563629233656 40.638556548904994 0.6
      vertex 58.78060233744357 44.76341716182545 0.6
      vertex 58.78060233744357 40.93658283817455 0.6
    endloop
  endfacet
  facet normal 0 0 1
    outer loop
      vertex 59.24265193848727 40.07214883490199 0.6
      vertex 59.06987298107781 45.35 0.6
      vertex 59.06987298107781 40.35 0.6
    endloop
  endfacet
  facet normal 0 0 1
    outer loop
      vertex 58.496073597983845 41.87454838991936 0.6
      vertex 58.44277569313095 43.50263096110026 0.6
      vertex 58.44277569313095 42.197369038899744 0.6
    endloop
  endfacet
  facet normal 0 0 1
    outer loop
      vertex 58.44277569313095 42.197369038899744 0.6
      vertex 58.410705383806985 43.177015646150714 0.6
      vertex 58.410705383806985 42.52298435384929 0.6
    endloop
  endfacet
  facet normal 0 0 1
    outer loop
      vertex 58.410705383806985 42.52298435384929 0.6
      vertex 58.410705383806985 43.177015646150714 0.6
      vertex 58.4 42.85 0.6
    endloop
  endfacet
  facet normal 0 0 1
    outer loop
      vertex 58.44277569313095 42.197369038899744 0.6
      vertex 58.44277569313095 43.50263096110026 0.6
      vertex 58.410705383806985 43.177015646150714 0.6
    endloop
  endfacet
  facet normal 0 0 1
    outer loop
      vertex 58.496073597983845 41.87454838991936 0.6
      vertex 58.496073597983845 43.82545161008064 0.6
      vertex 58.44277569313095 43.50263096110026 0.6
    endloop
  endfacet
  facet normal 0 0 1
    outer loop
      vertex 58.570370868554654 41.555904774487395 0.6
      vertex 58.570370868554654 44.14409522551261 0.6
      vertex 58.496073597983845 43.82545161008064 0.6
    endloop
  endfacet
  facet normal 0 0 1
    outer loop
      vertex 58.66534935252447 41.24280267348419 0.6
      vertex 58.66534935252447 44.45719732651581 0.6
      vertex 58.570370868554654 44.14409522551261 0.6
    endloop
  endfacet
  facet normal 0 0 1
    outer loop
      vertex 58.78060233744357 40.93658283817455 0.6
      vertex 58.78060233744357 44.76341716182545 0.6
      vertex 58.66534935252447 44.45719732651581 0.6
    endloop
  endfacet
  facet normal 0 0 1
    outer loop
      vertex 58.91563629233656 40.638556548904994 0.6
      vertex 58.91563629233656 45.06144345109501 0.6
      vertex 58.78060233744357 44.76341716182545 0.6
    endloop
  endfacet
  facet normal 0 0 1
    outer loop
      vertex 60.103270924499654 39.090800962605115 0.6
      vertex 59.86446609406726 46.38553390593274 0.6
      vertex 59.86446609406726 39.314466094067264 0.6
    endloop
  endfacet
  facet normal 0 0 1
    outer loop
      vertex 59.64080096260511 39.55327092449966 0.6
      vertex 59.86446609406726 39.314466094067264 0.6
      vertex 59.64080096260511 46.146729075500346 0.6
    endloop
  endfacet
  facet normal 0 0 1
    outer loop
      vertex 60.3561928549564 38.88323329854383 0.6
      vertex 60.103270924499654 46.60919903739489 0.6
      vertex 60.103270924499654 39.090800962605115 0.6
    endloop
  endfacet
  facet normal 0 0 1
    outer loop
      vertex 60.3561928549564 38.88323329854383 0.6
      vertex 60.622148834901985 38.69265193848727 0.6
      vertex 60.3561928549564 46.816766701456174 0.6
    endloop
  endfacet
  facet normal 0 0 1
    outer loop
      vertex 60.9 38.51987298107781 0.6
      vertex 60.622148834901985 47.00734806151273 0.6
      vertex 60.622148834901985 38.69265193848727 0.6
    endloop
  endfacet
  facet normal 0 0 1
    outer loop
      vertex 61.48658283817455 38.23060233744357 0.6
      vertex 61.40428161621094 42.71919250488281 0.6
      vertex 61.18855654890499 47.33436370766344 0.6
    endloop
  endfacet
  facet normal 0 0 1
    outer loop
      vertex 59.06987298107781 40.35 0.6
      vertex 59.06987298107781 45.35 0.6
      vertex 58.91563629233656 45.06144345109501 0.6
    endloop
  endfacet
  facet normal 0 0 1
    outer loop
      vertex 59.24265193848727 40.07214883490199 0.6
      vertex 59.24265193848727 45.627851165098015 0.6
      vertex 59.06987298107781 45.35 0.6
    endloop
  endfacet
  facet normal 0 0 1
    outer loop
      vertex 59.433233298543826 39.8061928549564 0.6
      vertex 59.433233298543826 45.8938071450436 0.6
      vertex 59.24265193848727 45.627851165098015 0.6
    endloop
  endfacet
  facet normal 0 0 1
    outer loop
      vertex 59.64080096260511 39.55327092449966 0.6
      vertex 59.64080096260511 46.146729075500346 0.6
      vertex 59.433233298543826 45.8938071450436 0.6
    endloop
  endfacet
  facet normal 0 0 1
    outer loop
      vertex 59.86446609406726 39.314466094067264 0.6
      vertex 59.86446609406726 46.38553390593274 0.6
      vertex 59.64080096260511 46.146729075500346 0.6
    endloop
  endfacet
  facet normal 0 0 1
    outer loop
      vertex 60.103270924499654 39.090800962605115 0.6
      vertex 60.103270924499654 46.60919903739489 0.6
      vertex 59.86446609406726 46.38553390593274 0.6
    endloop
  endfacet
  facet normal 0 0 1
    outer loop
      vertex 60.3561928549564 38.88323329854383 0.6
      vertex 60.3561928549564 46.816766701456174 0.6
      vertex 60.103270924499654 46.60919903739489 0.6
    endloop
  endfacet
  facet normal 0 0 1
    outer loop
      vertex 60.622148834901985 38.69265193848727 0.6
      vertex 60.622148834901985 47.00734806151273 0.6
      vertex 60.3561928549564 46.816766701456174 0.6
    endloop
  endfacet
  facet normal 0 0 1
    outer loop
      vertex 60.9 38.51987298107781 0.6
      vertex 60.9 47.18012701892219 0.6
      vertex 60.622148834901985 47.00734806151273 0.6
    endloop
  endfacet
  facet normal 0 0 1
    outer loop
      vertex 61.18855654890499 38.36563629233656 0.6
      vertex 61.18855654890499 47.33436370766344 0.6
      vertex 60.9 47.18012701892219 0.6
    endloop
  endfacet
  facet normal 0 0 1
    outer loop
      vertex 61.18855654890499 47.33436370766344 0.6
      vertex 61.40428161621094 42.71919250488281 0.6
      vertex 61.400001525878906 42.849998474121094 0.6
    endloop
  endfacet
  facet normal 0 0 1
    outer loop
      vertex 61.18855654890499 47.33436370766344 0.6
      vertex 61.400001525878906 42.849998474121094 0.6
      vertex 61.40428161621094 42.980804443359375 0.6
    endloop
  endfacet
  facet normal 0 0 1
    outer loop
      vertex 61.18855654890499 47.33436370766344 0.6
      vertex 61.40428161621094 42.980804443359375 0.6
      vertex 61.417110443115234 43.111053466796875 0.6
    endloop
  endfacet
  facet normal 0 0 1
    outer loop
      vertex 61.18855654890499 47.33436370766344 0.6
      vertex 61.417110443115234 43.111053466796875 0.6
      vertex 61.43843078613281 43.24018096923828 0.6
    endloop
  endfacet
  facet normal 0 0 1
    outer loop
      vertex 61.18855654890499 47.33436370766344 0.6
      vertex 61.43843078613281 43.24018096923828 0.6
      vertex 61.46814727783203 43.367637634277344 0.6
    endloop
  endfacet
  facet normal 0 0 1
    outer loop
      vertex 61.18855654890499 47.33436370766344 0.6
      vertex 61.46814727783203 43.367637634277344 0.6
      vertex 61.48658283817455 47.46939766255643 0.6
    endloop
  endfacet
  facet normal 0 0 1
    outer loop
      vertex 61.79280267348419 38.115349352524476 0.6
      vertex 61.737060546875 41.738861083984375 0.6
      vertex 61.48658283817455 38.23060233744357 0.6
    endloop
  endfacet
  facet normal 0 0 1
    outer loop
      vertex 62.10590477448739 38.02037086855466 0.6
      vertex 62.400001525878906 41.117950439453125 0.6
      vertex 62.28886032104492 41.18706130981445 0.6
    endloop
  endfacet
  facet normal 0 0 1
    outer loop
      vertex 62.10590477448739 38.02037086855466 0.6
      vertex 62.18247604370117 41.2632942199707 0.6
      vertex 62.0813102722168 41.34632110595703 0.6
    endloop
  endfacet
  facet normal 0 0 1
    outer loop
      vertex 62.10590477448739 38.02037086855466 0.6
      vertex 62.0813102722168 41.34632110595703 0.6
      vertex 61.98578643798828 41.435787200927734 0.6
    endloop
  endfacet
  facet normal 0 0 1
    outer loop
      vertex 62.10590477448739 38.02037086855466 0.6
      vertex 62.28886032104492 41.18706130981445 0.6
      vertex 62.18247604370117 41.2632942199707 0.6
    endloop
  endfacet
  facet normal 0 0 1
    outer loop
      vertex 62.42454838991936 37.94607359798385 0.6
      vertex 62.6346321105957 41.00223922729492 0.6
      vertex 62.51542282104492 41.05625534057617 0.6
    endloop
  endfacet
  facet normal 0 0 1
    outer loop
      vertex 62.42454838991936 37.94607359798385 0.6
      vertex 62.51542282104492 41.05625534057617 0.6
      vertex 62.400001525878906 41.117950439453125 0.6
    endloop
  endfacet
  facet normal 0 0 1
    outer loop
      vertex 62.74736903889974 37.89277569313095 0.6
      vertex 62.882362365722656 40.918148040771484 0.6
      vertex 62.75712203979492 40.956138610839844 0.6
    endloop
  endfacet
  facet normal 0 0 1
    outer loop
      vertex 62.74736903889974 37.89277569313095 0.6
      vertex 62.75712203979492 40.956138610839844 0.6
      vertex 62.6346321105957 41.00223922729492 0.6
    endloop
  endfacet
  facet normal 0 0 1
    outer loop
      vertex 62.74736903889974 37.89277569313095 0.6
      vertex 63.00981903076172 40.888427734375 0.6
      vertex 62.882362365722656 40.918148040771484 0.6
    endloop
  endfacet
  facet normal 0 0 1
    outer loop
      vertex 63.072984353849286 37.86070538380699 0.6
      vertex 63.138946533203125 40.86711120605469 0.6
      vertex 63.00981903076172 40.888427734375 0.6
    endloop
  endfacet
  facet normal 0 0 1
    outer loop
      vertex 61.79280267348419 38.115349352524476 0.6
      vertex 61.89632034301758 41.531307220458984 0.6
      vertex 61.81329345703125 41.632476806640625 0.6
    endloop
  endfacet
  facet normal 0 0 1
    outer loop
      vertex 61.79280267348419 38.115349352524476 0.6
      vertex 61.81329345703125 41.632476806640625 0.6
      vertex 61.737060546875 41.738861083984375 0.6
    endloop
  endfacet
  facet normal 0 0 1
    outer loop
      vertex 61.48658283817455 38.23060233744357 0.6
      vertex 61.66794967651367 41.849998474121094 0.6
      vertex 61.60625457763672 41.965423583984375 0.6
    endloop
  endfacet
  facet normal 0 0 1
    outer loop
      vertex 61.48658283817455 38.23060233744357 0.6
      vertex 61.60625457763672 41.965423583984375 0.6
      vertex 61.552242279052734 42.084632873535156 0.6
    endloop
  endfacet
  facet normal 0 0 1
    outer loop
      vertex 61.48658283817455 38.23060233744357 0.6
      vertex 61.737060546875 41.738861083984375 0.6
      vertex 61.66794967651367 41.849998474121094 0.6
    endloop
  endfacet
  facet normal 0 0 1
    outer loop
      vertex 61.79280267348419 38.115349352524476 0.6
      vertex 61.98578643798828 41.435787200927734 0.6
      vertex 61.89632034301758 41.531307220458984 0.6
    endloop
  endfacet
  facet normal 0 0 1
    outer loop
      vertex 61.48658283817455 38.23060233744357 0.6
      vertex 61.50613784790039 42.207122802734375 0.6
      vertex 61.46814727783203 42.33236312866211 0.6
    endloop
  endfacet
  facet normal 0 0 1
    outer loop
      vertex 61.48658283817455 38.23060233744357 0.6
      vertex 61.552242279052734 42.084632873535156 0.6
      vertex 61.50613784790039 42.207122802734375 0.6
    endloop
  endfacet
  facet normal 0 0 1
    outer loop
      vertex 61.48658283817455 38.23060233744357 0.6
      vertex 61.46814727783203 42.33236312866211 0.6
      vertex 61.43843078613281 42.45981979370117 0.6
    endloop
  endfacet
  facet normal 0 0 1
    outer loop
      vertex 61.48658283817455 38.23060233744357 0.6
      vertex 61.43843078613281 42.45981979370117 0.6
      vertex 61.417110443115234 42.58894729614258 0.6
    endloop
  endfacet
  facet normal 0 0 1
    outer loop
      vertex 61.48658283817455 38.23060233744357 0.6
      vertex 61.417110443115234 42.58894729614258 0.6
      vertex 61.40428161621094 42.71919250488281 0.6
    endloop
  endfacet
  facet normal 0 0 1
    outer loop
      vertex 63.072984353849286 37.86070538380699 0.6
      vertex 63.269195556640625 40.85428237915039 0.6
      vertex 63.138946533203125 40.86711120605469 0.6
    endloop
  endfacet
  facet normal 0 0 1
    outer loop
      vertex 63.072984353849286 37.86070538380699 0.6
      vertex 63.400001525878906 40.849998474121094 0.6
      vertex 63.269195556640625 40.85428237915039 0.6
    endloop
  endfacet
  facet normal 0 0 1
    outer loop
      vertex 63.4 37.85 0.6
      vertex 63.53080749511719 40.85428237915039 0.6
      vertex 63.400001525878906 40.849998474121094 0.6
    endloop
  endfacet
  facet normal 0 0 1
    outer loop
      vertex 63.72701564615071 37.86070538380699 0.6
      vertex 63.66105270385742 40.86711120605469 0.6
      vertex 63.53080749511719 40.85428237915039 0.6
    endloop
  endfacet
  facet normal 0 0 1
    outer loop
      vertex 64.05263096110026 37.89277569313095 0.6
      vertex 63.79018020629883 40.888427734375 0.6
      vertex 63.66105270385742 40.86711120605469 0.6
    endloop
  endfacet
  facet normal 0 0 1
    outer loop
      vertex 64.05263096110026 37.89277569313095 0.6
      vertex 63.91763687133789 40.918148040771484 0.6
      vertex 63.79018020629883 40.888427734375 0.6
    endloop
  endfacet
  facet normal 0 0 1
    outer loop
      vertex 64.05263096110026 37.89277569313095 0.6
      vertex 64.04287719726562 40.956138610839844 0.6
      vertex 63.91763687133789 40.918148040771484 0.6
    endloop
  endfacet
  facet normal 0 0 1
    outer loop
      vertex 64.05263096110026 37.89277569313095 0.6
      vertex 64.16536712646484 41.00223922729492 0.6
      vertex 64.04287719726562 40.956138610839844 0.6
    endloop
  endfacet
  facet normal 0 0 1
    outer loop
      vertex 64.37545161008065 37.94607359798385 0.6
      vertex 64.28457641601562 41.05625534057617 0.6
      vertex 64.16536712646484 41.00223922729492 0.6
    endloop
  endfacet
  facet normal 0 0 1
    outer loop
      vertex 64.37545161008065 37.94607359798385 0.6
      vertex 64.4000015258789 41.117950439453125 0.6
      vertex 64.28457641601562 41.05625534057617 0.6
    endloop
  endfacet
  facet normal 0 0 1
    outer loop
      vertex 64.6940952255126 38.02037086855466 0.6
      vertex 64.51113891601562 41.18706130981445 0.6
      vertex 64.4000015258789 41.117950439453125 0.6
    endloop
  endfacet
  facet normal 0 0 1
    outer loop
      vertex 64.6940952255126 38.02037086855466 0.6
      vertex 64.61752319335938 41.2632942199707 0.6
      vertex 64.51113891601562 41.18706130981445 0.6
    endloop
  endfacet
  facet normal 0 0 1
    outer loop
      vertex 64.6940952255126 38.02037086855466 0.6
      vertex 64.71868896484375 41.34632110595703 0.6
      vertex 64.61752319335938 41.2632942199707 0.6
    endloop
  endfacet
  facet normal 0 0 1
    outer loop
      vertex 65.00719732651581 38.115349352524476 0.6
      vertex 64.81421661376953 41.435787200927734 0.6
      vertex 64.71868896484375 41.34632110595703 0.6
    endloop
  endfacet
  facet normal 0 0 1
    outer loop
      vertex 65.00719732651581 38.115349352524476 0.6
      vertex 65.31341716182544 38.23060233744357 0.6
      vertex 64.98670959472656 41.632476806640625 0.6
    endloop
  endfacet
  facet normal 0 0 1
    outer loop
      vertex 65.31341716182544 38.23060233744357 0.6
      vertex 65.611443451095 38.36563629233656 0.6
      vertex 65.33184814453125 42.33236312866211 0.6
    endloop
  endfacet
  facet normal 0 0 1
    outer loop
      vertex 65.00719732651581 38.115349352524476 0.6
      vertex 64.90367889404297 41.531307220458984 0.6
      vertex 64.81421661376953 41.435787200927734 0.6
    endloop
  endfacet
  facet normal 0 0 1
    outer loop
      vertex 65.00719732651581 38.115349352524476 0.6
      vertex 64.98670959472656 41.632476806640625 0.6
      vertex 64.90367889404297 41.531307220458984 0.6
    endloop
  endfacet
  facet normal 0 0 1
    outer loop
      vertex 65.31341716182544 38.23060233744357 0.6
      vertex 65.06294250488281 41.738861083984375 0.6
      vertex 64.98670959472656 41.632476806640625 0.6
    endloop
  endfacet
  facet normal 0 0 1
    outer loop
      vertex 65.31341716182544 38.23060233744357 0.6
      vertex 65.13204956054688 41.849998474121094 0.6
      vertex 65.06294250488281 41.738861083984375 0.6
    endloop
  endfacet
  facet normal 0 0 1
    outer loop
      vertex 65.31341716182544 38.23060233744357 0.6
      vertex 65.1937484741211 41.965423583984375 0.6
      vertex 65.13204956054688 41.849998474121094 0.6
    endloop
  endfacet
  facet normal 0 0 1
    outer loop
      vertex 65.31341716182544 38.23060233744357 0.6
      vertex 65.24775695800781 42.084632873535156 0.6
      vertex 65.1937484741211 41.965423583984375 0.6
    endloop
  endfacet
  facet normal 0 0 1
    outer loop
      vertex 65.31341716182544 38.23060233744357 0.6
      vertex 65.29386138916016 42.207122802734375 0.6
      vertex 65.24775695800781 42.084632873535156 0.6
    endloop
  endfacet
  facet normal 0 0 1
    outer loop
      vertex 65.31341716182544 38.23060233744357 0.6
      vertex 65.33184814453125 42.33236312866211 0.6
      vertex 65.29386138916016 42.207122802734375 0.6
    endloop
  endfacet
  facet normal 0 0 1
    outer loop
      vertex 65.611443451095 38.36563629233656 0.6
      vertex 65.361572265625 42.45981979370117 0.6
      vertex 65.33184814453125 42.33236312866211 0.6
    endloop
  endfacet
  facet normal 0 0 1
    outer loop
      vertex 65.611443451095 38.36563629233656 0.6
      vertex 65.38288879394531 42.58894729614258 0.6
      vertex 65.361572265625 42.45981979370117 0.6
    endloop
  endfacet
  facet normal 0 0 1
    outer loop
      vertex 65.611443451095 38.36563629233656 0.6
      vertex 65.39572143554688 42.71919250488281 0.6
      vertex 65.38288879394531 42.58894729614258 0.6
    endloop
  endfacet
  facet normal 0 0 1
    outer loop
      vertex 65.611443451095 38.36563629233656 0.6
      vertex 65.4000015258789 42.849998474121094 0.6
      vertex 65.39572143554688 42.71919250488281 0.6
    endloop
  endfacet
  facet normal 0 0 1
    outer loop
      vertex 65.611443451095 38.36563629233656 0.6
      vertex 65.39572143554688 42.980804443359375 0.6
      vertex 65.4000015258789 42.849998474121094 0.6
    endloop
  endfacet
  facet normal 0 0 1
    outer loop
      vertex 65.611443451095 38.36563629233656 0.6
      vertex 65.9 38.51987298107781 0.6
      vertex 65.611443451095 47.33436370766344 0.6
    endloop
  endfacet
  facet normal 0 0 1
    outer loop
      vertex 65.9 38.51987298107781 0.6
      vertex 66.177851165098 38.69265193848727 0.6
      vertex 65.9 47.18012701892219 0.6
    endloop
  endfacet
  facet normal 0 0 1
    outer loop
      vertex 66.177851165098 38.69265193848727 0.6
      vertex 66.4438071450436 38.88323329854383 0.6
      vertex 66.177851165098 47.00734806151273 0.6
    endloop
  endfacet
  facet normal 0 0 1
    outer loop
      vertex 66.4438071450436 38.88323329854383 0.6
      vertex 66.69672907550034 39.090800962605115 0.6
      vertex 66.4438071450436 46.816766701456174 0.6
    endloop
  endfacet
  facet normal 0 0 1
    outer loop
      vertex 65.611443451095 38.36563629233656 0.6
      vertex 65.31341716182544 47.46939766255643 0.6
      vertex 65.39572143554688 42.980804443359375 0.6
    endloop
  endfacet
  facet normal 0 0 1
    outer loop
      vertex 66.69672907550034 39.090800962605115 0.6
      vertex 66.93553390593274 39.314466094067264 0.6
      vertex 66.69672907550034 46.60919903739489 0.6
    endloop
  endfacet
  facet normal 0 0 1
    outer loop
      vertex 66.93553390593274 39.314466094067264 0.6
      vertex 67.15919903739488 39.55327092449966 0.6
      vertex 66.93553390593274 46.38553390593274 0.6
    endloop
  endfacet
  facet normal 0 0 1
    outer loop
      vertex 67.15919903739488 39.55327092449966 0.6
      vertex 67.36676670145617 39.8061928549564 0.6
      vertex 67.15919903739488 46.146729075500346 0.6
    endloop
  endfacet
  facet normal 0 0 1
    outer loop
      vertex 67.36676670145617 39.8061928549564 0.6
      vertex 67.55734806151273 40.07214883490199 0.6
      vertex 67.36676670145617 45.8938071450436 0.6
    endloop
  endfacet
  facet normal 0 0 1
    outer loop
      vertex 67.55734806151273 40.07214883490199 0.6
      vertex 67.73012701892219 40.35 0.6
      vertex 67.55734806151273 45.627851165098015 0.6
    endloop
  endfacet
  facet normal 0 0 1
    outer loop
      vertex 67.73012701892219 40.35 0.6
      vertex 67.88436370766344 40.638556548904994 0.6
      vertex 67.73012701892219 45.35 0.6
    endloop
  endfacet
  facet normal 0 0 1
    outer loop
      vertex 67.88436370766344 40.638556548904994 0.6
      vertex 68.01939766255643 40.93658283817455 0.6
      vertex 67.88436370766344 45.06144345109501 0.6
    endloop
  endfacet
  facet normal 0 0 1
    outer loop
      vertex 68.01939766255643 40.93658283817455 0.6
      vertex 68.13465064747552 41.24280267348419 0.6
      vertex 68.01939766255643 44.76341716182545 0.6
    endloop
  endfacet
  facet normal 0 0 1
    outer loop
      vertex 68.13465064747552 41.24280267348419 0.6
      vertex 68.22962913144534 41.555904774487395 0.6
      vertex 68.13465064747552 44.45719732651581 0.6
    endloop
  endfacet
  facet normal 0 0 1
    outer loop
      vertex 68.22962913144534 41.555904774487395 0.6
      vertex 68.30392640201615 41.87454838991936 0.6
      vertex 68.22962913144534 44.14409522551261 0.6
    endloop
  endfacet
  facet normal 0 0 1
    outer loop
      vertex 68.30392640201615 41.87454838991936 0.6
      vertex 68.35722430686906 42.197369038899744 0.6
      vertex 68.30392640201615 43.82545161008064 0.6
    endloop
  endfacet
  facet normal 0 0 1
    outer loop
      vertex 68.35722430686906 42.197369038899744 0.6
      vertex 68.38929461619301 42.52298435384929 0.6
      vertex 68.35722430686906 43.50263096110026 0.6
    endloop
  endfacet
  facet normal 0 0 1
    outer loop
      vertex 68.38929461619301 42.52298435384929 0.6
      vertex 68.4 42.85 0.6
      vertex 68.38929461619301 43.177015646150714 0.6
    endloop
  endfacet
  facet normal 0 0 1
    outer loop
      vertex 68.38929461619301 42.52298435384929 0.6
      vertex 68.38929461619301 43.177015646150714 0.6
      vertex 68.35722430686906 43.50263096110026 0.6
    endloop
  endfacet
  facet normal 0 0 1
    outer loop
      vertex 68.35722430686906 42.197369038899744 0.6
      vertex 68.35722430686906 43.50263096110026 0.6
      vertex 68.30392640201615 43.82545161008064 0.6
    endloop
  endfacet
  facet normal 0 0 1
    outer loop
      vertex 68.13465064747552 41.24280267348419 0.6
      vertex 68.13465064747552 44.45719732651581 0.6
      vertex 68.01939766255643 44.76341716182545 0.6
    endloop
  endfacet
  facet normal 0 0 1
    outer loop
      vertex 68.30392640201615 41.87454838991936 0.6
      vertex 68.30392640201615 43.82545161008064 0.6
      vertex 68.22962913144534 44.14409522551261 0.6
    endloop
  endfacet
  facet normal 0 0 1
    outer loop
      vertex 68.22962913144534 41.555904774487395 0.6
      vertex 68.22962913144534 44.14409522551261 0.6
      vertex 68.13465064747552 44.45719732651581 0.6
    endloop
  endfacet
  facet normal 0 0 1
    outer loop
      vertex 61.48658283817455 47.46939766255643 0.6
      vertex 61.46814727783203 43.367637634277344 0.6
      vertex 61.50613784790039 43.49287796020508 0.6
    endloop
  endfacet
  facet normal 0 0 1
    outer loop
      vertex 61.48658283817455 47.46939766255643 0.6
      vertex 61.50613784790039 43.49287796020508 0.6
      vertex 61.552242279052734 43.6153678894043 0.6
    endloop
  endfacet
  facet normal 0 0 1
    outer loop
      vertex 61.48658283817455 47.46939766255643 0.6
      vertex 61.552242279052734 43.6153678894043 0.6
      vertex 61.60625457763672 43.73457717895508 0.6
    endloop
  endfacet
  facet normal 0 0 1
    outer loop
      vertex 61.48658283817455 47.46939766255643 0.6
      vertex 61.60625457763672 43.73457717895508 0.6
      vertex 61.66794967651367 43.849998474121094 0.6
    endloop
  endfacet
  facet normal 0 0 1
    outer loop
      vertex 61.48658283817455 47.46939766255643 0.6
      vertex 61.66794967651367 43.849998474121094 0.6
      vertex 61.737060546875 43.96113967895508 0.6
    endloop
  endfacet
  facet normal 0 0 1
    outer loop
      vertex 61.48658283817455 47.46939766255643 0.6
      vertex 61.737060546875 43.96113967895508 0.6
      vertex 61.81329345703125 44.06752395629883 0.6
    endloop
  endfacet
  facet normal 0 0 1
    outer loop
      vertex 61.79280267348419 47.58465064747553 0.6
      vertex 61.81329345703125 44.06752395629883 0.6
      vertex 61.89632034301758 44.1686897277832 0.6
    endloop
  endfacet
  facet normal 0 0 1
    outer loop
      vertex 61.79280267348419 47.58465064747553 0.6
      vertex 61.89632034301758 44.1686897277832 0.6
      vertex 61.98578643798828 44.26421356201172 0.6
    endloop
  endfacet
  facet normal 0 0 1
    outer loop
      vertex 61.79280267348419 47.58465064747553 0.6
      vertex 61.98578643798828 44.26421356201172 0.6
      vertex 62.0813102722168 44.35367965698242 0.6
    endloop
  endfacet
  facet normal 0 0 1
    outer loop
      vertex 62.10590477448739 47.679629131445346 0.6
      vertex 62.0813102722168 44.35367965698242 0.6
      vertex 62.18247604370117 44.43670654296875 0.6
    endloop
  endfacet
  facet normal 0 0 1
    outer loop
      vertex 62.10590477448739 47.679629131445346 0.6
      vertex 62.18247604370117 44.43670654296875 0.6
      vertex 62.28886032104492 44.512939453125 0.6
    endloop
  endfacet
  facet normal 0 0 1
    outer loop
      vertex 62.10590477448739 47.679629131445346 0.6
      vertex 62.28886032104492 44.512939453125 0.6
      vertex 62.400001525878906 44.58205032348633 0.6
    endloop
  endfacet
  facet normal 0 0 1
    outer loop
      vertex 62.42454838991936 47.753926402016155 0.6
      vertex 62.400001525878906 44.58205032348633 0.6
      vertex 62.51542282104492 44.64374542236328 0.6
    endloop
  endfacet
  facet normal 0 0 1
    outer loop
      vertex 64.37545161008065 47.753926402016155 0.6
      vertex 64.28457641601562 44.64374542236328 0.6
      vertex 64.4000015258789 44.58205032348633 0.6
    endloop
  endfacet
  facet normal 0 0 1
    outer loop
      vertex 64.6940952255126 47.679629131445346 0.6
      vertex 64.51113891601562 44.512939453125 0.6
      vertex 64.61752319335938 44.43670654296875 0.6
    endloop
  endfacet
  facet normal 0 0 1
    outer loop
      vertex 64.6940952255126 47.679629131445346 0.6
      vertex 64.61752319335938 44.43670654296875 0.6
      vertex 64.71868896484375 44.35367965698242 0.6
    endloop
  endfacet
  facet normal 0 0 1
    outer loop
      vertex 64.6940952255126 47.679629131445346 0.6
      vertex 64.4000015258789 44.58205032348633 0.6
      vertex 64.51113891601562 44.512939453125 0.6
    endloop
  endfacet
  facet normal 0 0 1
    outer loop
      vertex 64.6940952255126 47.679629131445346 0.6
      vertex 64.71868896484375 44.35367965698242 0.6
      vertex 64.81421661376953 44.26421356201172 0.6
    endloop
  endfacet
  facet normal 0 0 1
    outer loop
      vertex 61.48658283817455 47.46939766255643 0.6
      vertex 61.81329345703125 44.06752395629883 0.6
      vertex 61.79280267348419 47.58465064747553 0.6
    endloop
  endfacet
  facet normal 0 0 1
    outer loop
      vertex 61.79280267348419 47.58465064747553 0.6
      vertex 62.0813102722168 44.35367965698242 0.6
      vertex 62.10590477448739 47.679629131445346 0.6
    endloop
  endfacet
  facet normal 0 0 1
    outer loop
      vertex 62.42454838991936 47.753926402016155 0.6
      vertex 62.51542282104492 44.64374542236328 0.6
      vertex 62.6346321105957 44.697757720947266 0.6
    endloop
  endfacet
  facet normal 0 0 1
    outer loop
      vertex 62.74736903889974 47.80722430686905 0.6
      vertex 62.6346321105957 44.697757720947266 0.6
      vertex 62.75712203979492 44.74386215209961 0.6
    endloop
  endfacet
  facet normal 0 0 1
    outer loop
      vertex 62.74736903889974 47.80722430686905 0.6
      vertex 62.75712203979492 44.74386215209961 0.6
      vertex 62.882362365722656 44.78185272216797 0.6
    endloop
  endfacet
  facet normal 0 0 1
    outer loop
      vertex 62.74736903889974 47.80722430686905 0.6
      vertex 62.882362365722656 44.78185272216797 0.6
      vertex 63.00981903076172 44.81156921386719 0.6
    endloop
  endfacet
  facet normal 0 0 1
    outer loop
      vertex 62.74736903889974 47.80722430686905 0.6
      vertex 63.00981903076172 44.81156921386719 0.6
      vertex 63.138946533203125 44.832889556884766 0.6
    endloop
  endfacet
  facet normal 0 0 1
    outer loop
      vertex 62.10590477448739 47.679629131445346 0.6
      vertex 62.400001525878906 44.58205032348633 0.6
      vertex 62.42454838991936 47.753926402016155 0.6
    endloop
  endfacet
  facet normal 0 0 1
    outer loop
      vertex 62.42454838991936 47.753926402016155 0.6
      vertex 62.6346321105957 44.697757720947266 0.6
      vertex 62.74736903889974 47.80722430686905 0.6
    endloop
  endfacet
  facet normal 0 0 1
    outer loop
      vertex 62.74736903889974 47.80722430686905 0.6
      vertex 63.138946533203125 44.832889556884766 0.6
      vertex 63.072984353849286 47.839294616193015 0.6
    endloop
  endfacet
  facet normal 0 0 1
    outer loop
      vertex 63.072984353849286 47.839294616193015 0.6
      vertex 63.138946533203125 44.832889556884766 0.6
      vertex 63.269195556640625 44.84571838378906 0.6
    endloop
  endfacet
  facet normal 0 0 1
    outer loop
      vertex 63.4 47.85 0.6
      vertex 63.269195556640625 44.84571838378906 0.6
      vertex 63.400001525878906 44.849998474121094 0.6
    endloop
  endfacet
  facet normal 0 0 1
    outer loop
      vertex 63.72701564615071 47.839294616193015 0.6
      vertex 63.400001525878906 44.849998474121094 0.6
      vertex 63.53080749511719 44.84571838378906 0.6
    endloop
  endfacet
  facet normal 0 0 1
    outer loop
      vertex 63.72701564615071 47.839294616193015 0.6
      vertex 63.53080749511719 44.84571838378906 0.6
      vertex 63.66105270385742 44.832889556884766 0.6
    endloop
  endfacet
  facet normal 0 0 1
    outer loop
      vertex 63.72701564615071 47.839294616193015 0.6
      vertex 63.66105270385742 44.832889556884766 0.6
      vertex 63.79018020629883 44.81156921386719 0.6
    endloop
  endfacet
  facet normal 0 0 1
    outer loop
      vertex 64.05263096110026 47.80722430686905 0.6
      vertex 63.79018020629883 44.81156921386719 0.6
      vertex 63.91763687133789 44.78185272216797 0.6
    endloop
  endfacet
  facet normal 0 0 1
    outer loop
      vertex 64.05263096110026 47.80722430686905 0.6
      vertex 63.91763687133789 44.78185272216797 0.6
      vertex 64.04287719726562 44.74386215209961 0.6
    endloop
  endfacet
  facet normal 0 0 1
    outer loop
      vertex 64.05263096110026 47.80722430686905 0.6
      vertex 64.04287719726562 44.74386215209961 0.6
      vertex 64.16536712646484 44.697757720947266 0.6
    endloop
  endfacet
  facet normal 0 0 1
    outer loop
      vertex 64.37545161008065 47.753926402016155 0.6
      vertex 64.16536712646484 44.697757720947266 0.6
      vertex 64.28457641601562 44.64374542236328 0.6
    endloop
  endfacet
  facet normal 0 0 1
    outer loop
      vertex 64.05263096110026 47.80722430686905 0.6
      vertex 64.16536712646484 44.697757720947266 0.6
      vertex 64.37545161008065 47.753926402016155 0.6
    endloop
  endfacet
  facet normal 0 0 1
    outer loop
      vertex 64.37545161008065 47.753926402016155 0.6
      vertex 64.4000015258789 44.58205032348633 0.6
      vertex 64.6940952255126 47.679629131445346 0.6
    endloop
  endfacet
  facet normal 0 0 1
    outer loop
      vertex 64.6940952255126 47.679629131445346 0.6
      vertex 64.81421661376953 44.26421356201172 0.6
      vertex 65.00719732651581 47.58465064747553 0.6
    endloop
  endfacet
  facet normal 0 0 1
    outer loop
      vertex 63.072984353849286 47.839294616193015 0.6
      vertex 63.269195556640625 44.84571838378906 0.6
      vertex 63.4 47.85 0.6
    endloop
  endfacet
  facet normal 0 0 1
    outer loop
      vertex 63.4 47.85 0.6
      vertex 63.400001525878906 44.849998474121094 0.6
      vertex 63.72701564615071 47.839294616193015 0.6
    endloop
  endfacet
  facet normal 0 0 1
    outer loop
      vertex 63.72701564615071 47.839294616193015 0.6
      vertex 63.79018020629883 44.81156921386719 0.6
      vertex 64.05263096110026 47.80722430686905 0.6
    endloop
  endfacet
  facet normal 0 0 1
    outer loop
      vertex 65.611443451095 38.36563629233656 0.6
      vertex 65.611443451095 47.33436370766344 0.6
      vertex 65.31341716182544 47.46939766255643 0.6
    endloop
  endfacet
  facet normal 0 0 1
    outer loop
      vertex 65.31341716182544 47.46939766255643 0.6
      vertex 65.38288879394531 43.111053466796875 0.6
      vertex 65.39572143554688 42.980804443359375 0.6
    endloop
  endfacet
  facet normal 0 0 1
    outer loop
      vertex 66.177851165098 38.69265193848727 0.6
      vertex 66.177851165098 47.00734806151273 0.6
      vertex 65.9 47.18012701892219 0.6
    endloop
  endfacet
  facet normal 0 0 1
    outer loop
      vertex 65.9 38.51987298107781 0.6
      vertex 65.9 47.18012701892219 0.6
      vertex 65.611443451095 47.33436370766344 0.6
    endloop
  endfacet
  facet normal 0 0 1
    outer loop
      vertex 66.4438071450436 38.88323329854383 0.6
      vertex 66.4438071450436 46.816766701456174 0.6
      vertex 66.177851165098 47.00734806151273 0.6
    endloop
  endfacet
  facet normal 0 0 1
    outer loop
      vertex 66.69672907550034 39.090800962605115 0.6
      vertex 66.69672907550034 46.60919903739489 0.6
      vertex 66.4438071450436 46.816766701456174 0.6
    endloop
  endfacet
  facet normal 0 0 1
    outer loop
      vertex 65.31341716182544 47.46939766255643 0.6
      vertex 65.33184814453125 43.367637634277344 0.6
      vertex 65.361572265625 43.24018096923828 0.6
    endloop
  endfacet
  facet normal 0 0 1
    outer loop
      vertex 65.31341716182544 47.46939766255643 0.6
      vertex 65.29386138916016 43.49287796020508 0.6
      vertex 65.33184814453125 43.367637634277344 0.6
    endloop
  endfacet
  facet normal 0 0 1
    outer loop
      vertex 65.31341716182544 47.46939766255643 0.6
      vertex 65.24775695800781 43.6153678894043 0.6
      vertex 65.29386138916016 43.49287796020508 0.6
    endloop
  endfacet
  facet normal 0 0 1
    outer loop
      vertex 65.31341716182544 47.46939766255643 0.6
      vertex 65.1937484741211 43.73457717895508 0.6
      vertex 65.24775695800781 43.6153678894043 0.6
    endloop
  endfacet
  facet normal 0 0 1
    outer loop
      vertex 65.31341716182544 47.46939766255643 0.6
      vertex 65.13204956054688 43.849998474121094 0.6
      vertex 65.1937484741211 43.73457717895508 0.6
    endloop
  endfacet
  facet normal 0 0 1
    outer loop
      vertex 65.31341716182544 47.46939766255643 0.6
      vertex 65.06294250488281 43.96113967895508 0.6
      vertex 65.13204956054688 43.849998474121094 0.6
    endloop
  endfacet
  facet normal 0 0 1
    outer loop
      vertex 65.31341716182544 47.46939766255643 0.6
      vertex 65.361572265625 43.24018096923828 0.6
      vertex 65.38288879394531 43.111053466796875 0.6
    endloop
  endfacet
  facet normal 0 0 1
    outer loop
      vertex 65.00719732651581 47.58465064747553 0.6
      vertex 64.90367889404297 44.1686897277832 0.6
      vertex 64.98670959472656 44.06752395629883 0.6
    endloop
  endfacet
  facet normal 0 0 1
    outer loop
      vertex 65.00719732651581 47.58465064747553 0.6
      vertex 64.98670959472656 44.06752395629883 0.6
      vertex 65.06294250488281 43.96113967895508 0.6
    endloop
  endfacet
  facet normal 0 0 1
    outer loop
      vertex 65.00719732651581 47.58465064747553 0.6
      vertex 64.81421661376953 44.26421356201172 0.6
      vertex 64.90367889404297 44.1686897277832 0.6
    endloop
  endfacet
  facet normal 0 0 1
    outer loop
      vertex 67.15919903739488 39.55327092449966 0.6
      vertex 67.15919903739488 46.146729075500346 0.6
      vertex 66.93553390593274 46.38553390593274 0.6
    endloop
  endfacet
  facet normal 0 0 1
    outer loop
      vertex 67.36676670145617 39.8061928549564 0.6
      vertex 67.36676670145617 45.8938071450436 0.6
      vertex 67.15919903739488 46.146729075500346 0.6
    endloop
  endfacet
  facet normal 0 0 1
    outer loop
      vertex 67.55734806151273 40.07214883490199 0.6
      vertex 67.55734806151273 45.627851165098015 0.6
      vertex 67.36676670145617 45.8938071450436 0.6
    endloop
  endfacet
  facet normal 0 0 1
    outer loop
      vertex 66.93553390593274 39.314466094067264 0.6
      vertex 66.93553390593274 46.38553390593274 0.6
      vertex 66.69672907550034 46.60919903739489 0.6
    endloop
  endfacet
  facet normal 0 0 1
    outer loop
      vertex 67.73012701892219 40.35 0.6
      vertex 67.73012701892219 45.35 0.6
      vertex 67.55734806151273 45.627851165098015 0.6
    endloop
  endfacet
  facet normal 0 0 1
    outer loop
      vertex 67.88436370766344 40.638556548904994 0.6
      vertex 67.88436370766344 45.06144345109501 0.6
      vertex 67.73012701892219 45.35 0.6
    endloop
  endfacet
  facet normal 0 0 1
    outer loop
      vertex 68.01939766255643 40.93658283817455 0.6
      vertex 68.01939766255643 44.76341716182545 0.6
      vertex 67.88436370766344 45.06144345109501 0.6
    endloop
  endfacet
  facet normal 0 0 1
    outer loop
      vertex 65.31341716182544 47.46939766255643 0.6
      vertex 65.00719732651581 47.58465064747553 0.6
      vertex 65.06294250488281 43.96113967895508 0.6
    endloop
  endfacet
  facet normal -0.6835923020228698 -0.7298640726978372 0
    outer loop
      vertex 14.103270924499654 39.090800962605115 0.6
      vertex 13.86446609406726 39.314466094067264 0
      vertex 14.103270924499654 39.090800962605115 0
    endloop
  endfacet
  facet normal -0.5280678506503604 -0.8492021815265836 0
    outer loop
      vertex 14.899999999999999 38.51987298107781 0.6
      vertex 14.622148834901989 38.69265193848727 0
      vertex 14.899999999999999 38.51987298107781 0
    endloop
  endfacet
  facet normal -0.5824776968678103 -0.8128466845916092 0
    outer loop
      vertex 14.622148834901989 38.69265193848727 0.6
      vertex 14.356192854956396 38.88323329854383 0
      vertex 14.622148834901989 38.69265193848727 0
    endloop
  endfacet
  facet normal -0.6343932841636413 -0.7730104533627404 0
    outer loop
      vertex 14.356192854956396 38.88323329854383 0.6
      vertex 14.103270924499654 39.090800962605115 0
      vertex 14.356192854956396 38.88323329854383 0
    endloop
  endfacet
  facet normal -0.41270702980438756 -0.910863824921179 0
    outer loop
      vertex 15.486582838174549 38.23060233744357 0.6
      vertex 15.188556548904991 38.36563629233656 0
      vertex 15.486582838174549 38.23060233744357 0
    endloop
  endfacet
  facet normal -0.4713967368260029 -0.8819212643483523 0
    outer loop
      vertex 15.188556548904991 38.36563629233656 0.6
      vertex 14.899999999999999 38.51987298107781 0
      vertex 15.188556548904991 38.36563629233656 0
    endloop
  endfacet
  facet normal -0.3522500479212347 -0.9359059267573253 0
    outer loop
      vertex 15.792802673484191 38.115349352524476 0.6
      vertex 15.486582838174549 38.23060233744357 0
      vertex 15.792802673484191 38.115349352524476 0
    endloop
  endfacet
  facet normal -0.2902846772544762 -0.9569403357322047 0
    outer loop
      vertex 16.105904774487396 38.02037086855466 0.6
      vertex 15.792802673484191 38.115349352524476 0
      vertex 16.105904774487396 38.02037086855466 0
    endloop
  endfacet
  facet normal -0.22707626303437 -0.9738769792773344 0
    outer loop
      vertex 16.42454838991936 37.94607359798385 0.6
      vertex 16.105904774487396 38.02037086855466 0
      vertex 16.42454838991936 37.94607359798385 0
    endloop
  endfacet
  facet normal -0.16289547339458146 -0.9866433320848802 0
    outer loop
      vertex 16.74736903889974 37.89277569313095 0.6
      vertex 16.42454838991936 37.94607359798385 0
      vertex 16.74736903889974 37.89277569313095 0
    endloop
  endfacet
  facet normal -0.09801714032955335 -0.9951847266721977 0
    outer loop
      vertex 17.072984353849282 37.86070538380699 0.6
      vertex 16.74736903889974 37.89277569313095 0
      vertex 17.072984353849282 37.86070538380699 0
    endloop
  endfacet
  facet normal -0.032719082821786635 -0.9994645874763654 0
    outer loop
      vertex 17.4 37.85 0.6
      vertex 17.072984353849282 37.86070538380699 0
      vertex 17.4 37.85 0
    endloop
  endfacet
  facet normal 0.032719082821786635 -0.9994645874763654 0
    outer loop
      vertex 17.727015646150715 37.86070538380699 0.6
      vertex 17.4 37.85 0
      vertex 17.727015646150715 37.86070538380699 0
    endloop
  endfacet
  facet normal 0.09801714032955335 -0.9951847266721977 0
    outer loop
      vertex 18.052630961100256 37.89277569313095 0.6
      vertex 17.727015646150715 37.86070538380699 0
      vertex 18.052630961100256 37.89277569313095 0
    endloop
  endfacet
  facet normal 0.16289547339458146 -0.9866433320848802 0
    outer loop
      vertex 18.37545161008064 37.94607359798385 0.6
      vertex 18.052630961100256 37.89277569313095 0
      vertex 18.37545161008064 37.94607359798385 0
    endloop
  endfacet
  facet normal 0.22707626303437 -0.9738769792773344 0
    outer loop
      vertex 18.6940952255126 38.02037086855466 0.6
      vertex 18.37545161008064 37.94607359798385 0
      vertex 18.6940952255126 38.02037086855466 0
    endloop
  endfacet
  facet normal 0.29028467725447465 -0.956940335732205 0
    outer loop
      vertex 19.007197326515808 38.115349352524476 0.6
      vertex 18.6940952255126 38.02037086855466 0
      vertex 19.007197326515808 38.115349352524476 0
    endloop
  endfacet
  facet normal 0.3522500479212365 -0.9359059267573245 0
    outer loop
      vertex 19.31341716182545 38.23060233744357 0.6
      vertex 19.007197326515808 38.115349352524476 0
      vertex 19.31341716182545 38.23060233744357 0
    endloop
  endfacet
  facet normal 0.41270702980438756 -0.910863824921179 0
    outer loop
      vertex 19.611443451095006 38.36563629233656 0.6
      vertex 19.31341716182545 38.23060233744357 0
      vertex 19.611443451095006 38.36563629233656 0
    endloop
  endfacet
  facet normal 0.4713967368260029 -0.8819212643483523 0
    outer loop
      vertex 19.9 38.51987298107781 0.6
      vertex 19.611443451095006 38.36563629233656 0
      vertex 19.9 38.51987298107781 0
    endloop
  endfacet
  facet normal 0.5280678506503604 -0.8492021815265836 0
    outer loop
      vertex 20.17785116509801 38.69265193848727 0.6
      vertex 19.9 38.51987298107781 0
      vertex 20.17785116509801 38.69265193848727 0
    endloop
  endfacet
  facet normal 0.5824776968678129 -0.8128466845916076 0
    outer loop
      vertex 20.4438071450436 38.88323329854383 0.6
      vertex 20.17785116509801 38.69265193848727 0
      vertex 20.4438071450436 38.88323329854383 0
    endloop
  endfacet
  facet normal 0.6343932841636386 -0.7730104533627427 0
    outer loop
      vertex 20.696729075500343 39.090800962605115 0.6
      vertex 20.4438071450436 38.88323329854383 0
      vertex 20.696729075500343 39.090800962605115 0
    endloop
  endfacet
  facet normal -0.8492021815265818 -0.5280678506503634 0
    outer loop
      vertex 13.069872981077806 40.35 0.6
      vertex 13.069872981077806 40.35 0
      vertex 13.242651938487272 40.07214883490199 0
    endloop
  endfacet
  facet normal -0.7730104533627373 -0.6343932841636452 0
    outer loop
      vertex 13.433233298543822 39.8061928549564 0.6
      vertex 13.433233298543822 39.8061928549564 0
      vertex 13.640800962605113 39.55327092449966 0
    endloop
  endfacet
  facet normal -0.7298640726978372 -0.6835923020228698 0
    outer loop
      vertex 13.640800962605113 39.55327092449966 0.6
      vertex 13.640800962605113 39.55327092449966 0
      vertex 13.86446609406726 39.314466094067264 0
    endloop
  endfacet
  facet normal -0.8128466845916115 -0.5824776968678073 0
    outer loop
      vertex 13.242651938487272 40.07214883490199 0.6
      vertex 13.242651938487272 40.07214883490199 0
      vertex 13.433233298543822 39.8061928549564 0
    endloop
  endfacet
  facet normal -0.8819212643483545 -0.4713967368259987 0
    outer loop
      vertex 12.915636292336558 40.638556548904994 0.6
      vertex 12.915636292336558 40.638556548904994 0
      vertex 13.069872981077806 40.35 0
    endloop
  endfacet
  facet normal -0.9108638249211749 -0.4127070298043966 0
    outer loop
      vertex 12.780602337443565 40.93658283817455 0.6
      vertex 12.780602337443565 40.93658283817455 0
      vertex 12.915636292336558 40.638556548904994 0
    endloop
  endfacet
  facet normal -0.9359059267573245 -0.3522500479212365 0
    outer loop
      vertex 12.66534935252447 41.24280267348419 0.6
      vertex 12.66534935252447 41.24280267348419 0
      vertex 12.780602337443565 40.93658283817455 0
    endloop
  endfacet
  facet normal -0.9569403357322102 -0.2902846772544578 0
    outer loop
      vertex 12.570370868554658 41.555904774487395 0.6
      vertex 12.570370868554658 41.555904774487395 0
      vertex 12.66534935252447 41.24280267348419 0
    endloop
  endfacet
  facet normal -0.9738769792773337 -0.22707626303437273 0
    outer loop
      vertex 12.496073597983846 41.87454838991936 0.6
      vertex 12.496073597983846 41.87454838991936 0
      vertex 12.570370868554658 41.555904774487395 0
    endloop
  endfacet
  facet normal -0.9866433320848793 -0.16289547339458677 0
    outer loop
      vertex 12.442775693130947 42.197369038899744 0.6
      vertex 12.442775693130947 42.197369038899744 0
      vertex 12.496073597983846 41.87454838991936 0
    endloop
  endfacet
  facet normal -0.9951847266721966 -0.09801714032956303 0
    outer loop
      vertex 12.410705383806981 42.52298435384929 0.6
      vertex 12.410705383806981 42.52298435384929 0
      vertex 12.442775693130947 42.197369038899744 0
    endloop
  endfacet
  facet normal -0.9994645874763657 -0.032719082821776144 0
    outer loop
      vertex 12.399999999999999 42.85 0.6
      vertex 12.399999999999999 42.85 0
      vertex 12.410705383806981 42.52298435384929 0
    endloop
  endfacet
  facet normal -0.9994645874763657 0.032719082821776144 0
    outer loop
      vertex 12.410705383806981 43.177015646150714 0.6
      vertex 12.410705383806981 43.177015646150714 0
      vertex 12.399999999999999 42.85 0
    endloop
  endfacet
  facet normal -0.9951847266721966 0.09801714032956303 0
    outer loop
      vertex 12.442775693130947 43.50263096110026 0.6
      vertex 12.442775693130947 43.50263096110026 0
      vertex 12.410705383806981 43.177015646150714 0
    endloop
  endfacet
  facet normal -0.9866433320848793 0.16289547339458677 0
    outer loop
      vertex 12.496073597983846 43.82545161008064 0.6
      vertex 12.496073597983846 43.82545161008064 0
      vertex 12.442775693130947 43.50263096110026 0
    endloop
  endfacet
  facet normal -0.9738769792773337 0.22707626303437273 0
    outer loop
      vertex 12.570370868554658 44.14409522551261 0.6
      vertex 12.570370868554658 44.14409522551261 0
      vertex 12.496073597983846 43.82545161008064 0
    endloop
  endfacet
  facet normal -0.9569403357322102 0.2902846772544578 0
    outer loop
      vertex 12.66534935252447 44.45719732651581 0.6
      vertex 12.66534935252447 44.45719732651581 0
      vertex 12.570370868554658 44.14409522551261 0
    endloop
  endfacet
  facet normal -0.9359059267573245 0.3522500479212365 0
    outer loop
      vertex 12.780602337443565 44.76341716182545 0.6
      vertex 12.780602337443565 44.76341716182545 0
      vertex 12.66534935252447 44.45719732651581 0
    endloop
  endfacet
  facet normal -0.9108638249211749 0.4127070298043966 0
    outer loop
      vertex 12.915636292336558 45.06144345109501 0.6
      vertex 12.915636292336558 45.06144345109501 0
      vertex 12.780602337443565 44.76341716182545 0
    endloop
  endfacet
  facet normal -0.8819212643483545 0.4713967368259987 0
    outer loop
      vertex 13.069872981077806 45.35 0.6
      vertex 13.069872981077806 45.35 0
      vertex 12.915636292336558 45.06144345109501 0
    endloop
  endfacet
  facet normal -0.8492021815265818 0.5280678506503634 0
    outer loop
      vertex 13.242651938487272 45.627851165098015 0.6
      vertex 13.242651938487272 45.627851165098015 0
      vertex 13.069872981077806 45.35 0
    endloop
  endfacet
  facet normal -0.8128466845916115 0.5824776968678073 0
    outer loop
      vertex 13.433233298543822 45.8938071450436 0.6
      vertex 13.433233298543822 45.8938071450436 0
      vertex 13.242651938487272 45.627851165098015 0
    endloop
  endfacet
  facet normal -0.7730104533627373 0.6343932841636452 0
    outer loop
      vertex 13.640800962605113 46.146729075500346 0.6
      vertex 13.640800962605113 46.146729075500346 0
      vertex 13.433233298543822 45.8938071450436 0
    endloop
  endfacet
  facet normal -0.7298640726978372 0.6835923020228698 0
    outer loop
      vertex 13.86446609406726 46.38553390593274 0.6
      vertex 13.86446609406726 46.38553390593274 0
      vertex 13.640800962605113 46.146729075500346 0
    endloop
  endfacet
  facet normal -0.6835923020228698 0.7298640726978372 0
    outer loop
      vertex 13.86446609406726 46.38553390593274 0.6
      vertex 14.103270924499654 46.60919903739489 0
      vertex 13.86446609406726 46.38553390593274 0
    endloop
  endfacet
  facet normal -0.6343932841636413 0.7730104533627404 0
    outer loop
      vertex 14.103270924499654 46.60919903739489 0.6
      vertex 14.356192854956396 46.816766701456174 0
      vertex 14.103270924499654 46.60919903739489 0
    endloop
  endfacet
  facet normal -0.5824776968678103 0.8128466845916092 0
    outer loop
      vertex 14.356192854956396 46.816766701456174 0.6
      vertex 14.622148834901989 47.00734806151273 0
      vertex 14.356192854956396 46.816766701456174 0
    endloop
  endfacet
  facet normal -0.5280678506503604 0.8492021815265836 0
    outer loop
      vertex 14.622148834901989 47.00734806151273 0.6
      vertex 14.899999999999999 47.18012701892219 0
      vertex 14.622148834901989 47.00734806151273 0
    endloop
  endfacet
  facet normal -0.4713967368260029 0.8819212643483523 0
    outer loop
      vertex 14.899999999999999 47.18012701892219 0.6
      vertex 15.188556548904991 47.33436370766344 0
      vertex 14.899999999999999 47.18012701892219 0
    endloop
  endfacet
  facet normal -0.41270702980438756 0.910863824921179 0
    outer loop
      vertex 15.188556548904991 47.33436370766344 0.6
      vertex 15.486582838174549 47.46939766255643 0
      vertex 15.188556548904991 47.33436370766344 0
    endloop
  endfacet
  facet normal -0.3522500479212347 0.9359059267573253 0
    outer loop
      vertex 15.486582838174549 47.46939766255643 0.6
      vertex 15.792802673484191 47.58465064747553 0
      vertex 15.486582838174549 47.46939766255643 0
    endloop
  endfacet
  facet normal -0.2902846772544762 0.9569403357322047 0
    outer loop
      vertex 15.792802673484191 47.58465064747553 0.6
      vertex 16.105904774487396 47.679629131445346 0
      vertex 15.792802673484191 47.58465064747553 0
    endloop
  endfacet
  facet normal -0.22707626303437 0.9738769792773344 0
    outer loop
      vertex 16.105904774487396 47.679629131445346 0.6
      vertex 16.42454838991936 47.753926402016155 0
      vertex 16.105904774487396 47.679629131445346 0
    endloop
  endfacet
  facet normal -0.16289547339458146 0.9866433320848802 0
    outer loop
      vertex 16.42454838991936 47.753926402016155 0.6
      vertex 16.74736903889974 47.80722430686905 0
      vertex 16.42454838991936 47.753926402016155 0
    endloop
  endfacet
  facet normal -0.09801714032955335 0.9951847266721977 0
    outer loop
      vertex 16.74736903889974 47.80722430686905 0.6
      vertex 17.072984353849282 47.839294616193015 0
      vertex 16.74736903889974 47.80722430686905 0
    endloop
  endfacet
  facet normal -0.032719082821786635 0.9994645874763654 0
    outer loop
      vertex 17.072984353849282 47.839294616193015 0.6
      vertex 17.4 47.85 0
      vertex 17.072984353849282 47.839294616193015 0
    endloop
  endfacet
  facet normal 0.032719082821786635 0.9994645874763654 0
    outer loop
      vertex 17.4 47.85 0.6
      vertex 17.727015646150715 47.839294616193015 0
      vertex 17.4 47.85 0
    endloop
  endfacet
  facet normal 0.09801714032955335 0.9951847266721977 0
    outer loop
      vertex 17.727015646150715 47.839294616193015 0.6
      vertex 18.052630961100256 47.80722430686905 0
      vertex 17.727015646150715 47.839294616193015 0
    endloop
  endfacet
  facet normal 0.16289547339458146 0.9866433320848802 0
    outer loop
      vertex 18.052630961100256 47.80722430686905 0.6
      vertex 18.37545161008064 47.753926402016155 0
      vertex 18.052630961100256 47.80722430686905 0
    endloop
  endfacet
  facet normal 0.22707626303437 0.9738769792773344 0
    outer loop
      vertex 18.37545161008064 47.753926402016155 0.6
      vertex 18.6940952255126 47.679629131445346 0
      vertex 18.37545161008064 47.753926402016155 0
    endloop
  endfacet
  facet normal 0.29028467725447465 0.956940335732205 0
    outer loop
      vertex 18.6940952255126 47.679629131445346 0.6
      vertex 19.007197326515808 47.58465064747553 0
      vertex 18.6940952255126 47.679629131445346 0
    endloop
  endfacet
  facet normal 0.3522500479212365 0.9359059267573245 0
    outer loop
      vertex 19.007197326515808 47.58465064747553 0.6
      vertex 19.31341716182545 47.46939766255643 0
      vertex 19.007197326515808 47.58465064747553 0
    endloop
  endfacet
  facet normal 0.6835923020228698 -0.7298640726978372 0
    outer loop
      vertex 20.935533905932736 39.314466094067264 0.6
      vertex 20.696729075500343 39.090800962605115 0
      vertex 20.935533905932736 39.314466094067264 0
    endloop
  endfacet
  facet normal 0.7298640726978372 -0.6835923020228698 0
    outer loop
      vertex 20.935533905932736 39.314466094067264 0.6
      vertex 20.935533905932736 39.314466094067264 0
      vertex 21.159199037394885 39.55327092449966 0
    endloop
  endfacet
  facet normal 0.7730104533627373 -0.6343932841636452 0
    outer loop
      vertex 21.159199037394885 39.55327092449966 0.6
      vertex 21.159199037394885 39.55327092449966 0
      vertex 21.366766701456175 39.8061928549564 0
    endloop
  endfacet
  facet normal 0.812846684591609 -0.5824776968678109 0
    outer loop
      vertex 21.366766701456175 39.8061928549564 0.6
      vertex 21.366766701456175 39.8061928549564 0
      vertex 21.557348061512727 40.07214883490199 0
    endloop
  endfacet
  facet normal 0.8492021815265867 -0.5280678506503557 0
    outer loop
      vertex 21.557348061512727 40.07214883490199 0.6
      vertex 21.557348061512727 40.07214883490199 0
      vertex 21.73012701892219 40.35 0
    endloop
  endfacet
  facet normal 0.8819212643483523 -0.4713967368260029 0
    outer loop
      vertex 21.73012701892219 40.35 0.6
      vertex 21.73012701892219 40.35 0
      vertex 21.88436370766344 40.638556548904994 0
    endloop
  endfacet
  facet normal 0.9108638249211749 -0.4127070298043966 0
    outer loop
      vertex 21.88436370766344 40.638556548904994 0.6
      vertex 21.88436370766344 40.638556548904994 0
      vertex 22.019397662556432 40.93658283817455 0
    endloop
  endfacet
  facet normal 0.9359059267573245 -0.3522500479212365 0
    outer loop
      vertex 22.019397662556432 40.93658283817455 0.6
      vertex 22.019397662556432 40.93658283817455 0
      vertex 22.134650647475528 41.24280267348419 0
    endloop
  endfacet
  facet normal 0.9569403357322102 -0.2902846772544578 0
    outer loop
      vertex 22.134650647475528 41.24280267348419 0.6
      vertex 22.134650647475528 41.24280267348419 0
      vertex 22.22962913144534 41.555904774487395 0
    endloop
  endfacet
  facet normal 0.9738769792773326 -0.22707626303437792 0
    outer loop
      vertex 22.22962913144534 41.555904774487395 0.6
      vertex 22.22962913144534 41.555904774487395 0
      vertex 22.303926402016153 41.87454838991936 0
    endloop
  endfacet
  facet normal 0.9866433320848802 -0.16289547339458146 0
    outer loop
      vertex 22.303926402016153 41.87454838991936 0.6
      vertex 22.303926402016153 41.87454838991936 0
      vertex 22.35722430686905 42.197369038899744 0
    endloop
  endfacet
  facet normal 0.9951847266721966 -0.09801714032956303 0
    outer loop
      vertex 22.35722430686905 42.197369038899744 0.6
      vertex 22.35722430686905 42.197369038899744 0
      vertex 22.389294616193016 42.52298435384929 0
    endloop
  endfacet
  facet normal 0.9994645874763657 -0.032719082821776144 0
    outer loop
      vertex 22.389294616193016 42.52298435384929 0.6
      vertex 22.389294616193016 42.52298435384929 0
      vertex 22.4 42.85 0
    endloop
  endfacet
  facet normal 0.9994645874763657 0.032719082821776144 0
    outer loop
      vertex 22.4 42.85 0.6
      vertex 22.4 42.85 0
      vertex 22.389294616193016 43.177015646150714 0
    endloop
  endfacet
  facet normal 0.9951847266721966 0.09801714032956303 0
    outer loop
      vertex 22.389294616193016 43.177015646150714 0.6
      vertex 22.389294616193016 43.177015646150714 0
      vertex 22.35722430686905 43.50263096110026 0
    endloop
  endfacet
  facet normal 0.9866433320848802 0.16289547339458146 0
    outer loop
      vertex 22.35722430686905 43.50263096110026 0.6
      vertex 22.35722430686905 43.50263096110026 0
      vertex 22.303926402016153 43.82545161008064 0
    endloop
  endfacet
  facet normal 0.9738769792773326 0.22707626303437792 0
    outer loop
      vertex 22.303926402016153 43.82545161008064 0.6
      vertex 22.303926402016153 43.82545161008064 0
      vertex 22.22962913144534 44.14409522551261 0
    endloop
  endfacet
  facet normal 0.9569403357322102 0.2902846772544578 0
    outer loop
      vertex 22.22962913144534 44.14409522551261 0.6
      vertex 22.22962913144534 44.14409522551261 0
      vertex 22.134650647475528 44.45719732651581 0
    endloop
  endfacet
  facet normal 0.9359059267573245 0.3522500479212365 0
    outer loop
      vertex 22.134650647475528 44.45719732651581 0.6
      vertex 22.134650647475528 44.45719732651581 0
      vertex 22.019397662556432 44.76341716182545 0
    endloop
  endfacet
  facet normal 0.9108638249211749 0.4127070298043966 0
    outer loop
      vertex 22.019397662556432 44.76341716182545 0.6
      vertex 22.019397662556432 44.76341716182545 0
      vertex 21.88436370766344 45.06144345109501 0
    endloop
  endfacet
  facet normal 0.8819212643483523 0.4713967368260029 0
    outer loop
      vertex 21.88436370766344 45.06144345109501 0.6
      vertex 21.88436370766344 45.06144345109501 0
      vertex 21.73012701892219 45.35 0
    endloop
  endfacet
  facet normal 0.8492021815265867 0.5280678506503557 0
    outer loop
      vertex 21.73012701892219 45.35 0.6
      vertex 21.73012701892219 45.35 0
      vertex 21.557348061512727 45.627851165098015 0
    endloop
  endfacet
  facet normal 0.7298640726978372 0.6835923020228698 0
    outer loop
      vertex 21.159199037394885 46.146729075500346 0.6
      vertex 21.159199037394885 46.146729075500346 0
      vertex 20.935533905932736 46.38553390593274 0
    endloop
  endfacet
  facet normal 0.6343932841636386 0.7730104533627427 0
    outer loop
      vertex 20.4438071450436 46.816766701456174 0.6
      vertex 20.696729075500343 46.60919903739489 0
      vertex 20.4438071450436 46.816766701456174 0
    endloop
  endfacet
  facet normal 0.6835923020228698 0.7298640726978372 0
    outer loop
      vertex 20.696729075500343 46.60919903739489 0.6
      vertex 20.935533905932736 46.38553390593274 0
      vertex 20.696729075500343 46.60919903739489 0
    endloop
  endfacet
  facet normal 0.4713967368260029 0.8819212643483523 0
    outer loop
      vertex 19.611443451095006 47.33436370766344 0.6
      vertex 19.9 47.18012701892219 0
      vertex 19.611443451095006 47.33436370766344 0
    endloop
  endfacet
  facet normal 0.5824776968678129 0.8128466845916076 0
    outer loop
      vertex 20.17785116509801 47.00734806151273 0.6
      vertex 20.4438071450436 46.816766701456174 0
      vertex 20.17785116509801 47.00734806151273 0
    endloop
  endfacet
  facet normal 0.5280678506503604 0.8492021815265836 0
    outer loop
      vertex 19.9 47.18012701892219 0.6
      vertex 20.17785116509801 47.00734806151273 0
      vertex 19.9 47.18012701892219 0
    endloop
  endfacet
  facet normal 0.41270702980438756 0.910863824921179 0
    outer loop
      vertex 19.31341716182545 47.46939766255643 0.6
      vertex 19.611443451095006 47.33436370766344 0
      vertex 19.31341716182545 47.46939766255643 0
    endloop
  endfacet
  facet normal 0.812846684591609 0.5824776968678109 0
    outer loop
      vertex 21.557348061512727 45.627851165098015 0.6
      vertex 21.557348061512727 45.627851165098015 0
      vertex 21.366766701456175 45.8938071450436 0
    endloop
  endfacet
  facet normal 0.7730104533627373 0.6343932841636452 0
    outer loop
      vertex 21.366766701456175 45.8938071450436 0.6
      vertex 21.366766701456175 45.8938071450436 0
      vertex 21.159199037394885 46.146729075500346 0
    endloop
  endfacet
  facet normal -0.2902846772544762 -0.9569403357322047 0
    outer loop
      vertex 15.792802673484191 38.115349352524476 0.6
      vertex 15.792802673484191 38.115349352524476 0
      vertex 16.105904774487396 38.02037086855466 0.6
    endloop
  endfacet
  facet normal -0.5280678506503604 -0.8492021815265836 0
    outer loop
      vertex 14.899999999999999 38.51987298107781 0.6
      vertex 14.622148834901989 38.69265193848727 0.6
      vertex 14.622148834901989 38.69265193848727 0
    endloop
  endfacet
  facet normal -0.4713967368260029 -0.8819212643483523 0
    outer loop
      vertex 14.899999999999999 38.51987298107781 0.6
      vertex 14.899999999999999 38.51987298107781 0
      vertex 15.188556548904991 38.36563629233656 0.6
    endloop
  endfacet
  facet normal -0.5824776968678103 -0.8128466845916092 0
    outer loop
      vertex 14.356192854956396 38.88323329854383 0.6
      vertex 14.356192854956396 38.88323329854383 0
      vertex 14.622148834901989 38.69265193848727 0.6
    endloop
  endfacet
  facet normal -0.6343932841636413 -0.7730104533627404 0
    outer loop
      vertex 14.103270924499654 39.090800962605115 0.6
      vertex 14.103270924499654 39.090800962605115 0
      vertex 14.356192854956396 38.88323329854383 0.6
    endloop
  endfacet
  facet normal -0.41270702980438756 -0.910863824921179 0
    outer loop
      vertex 15.188556548904991 38.36563629233656 0.6
      vertex 15.188556548904991 38.36563629233656 0
      vertex 15.486582838174549 38.23060233744357 0.6
    endloop
  endfacet
  facet normal -0.3522500479212347 -0.9359059267573253 0
    outer loop
      vertex 15.792802673484191 38.115349352524476 0.6
      vertex 15.486582838174549 38.23060233744357 0.6
      vertex 15.486582838174549 38.23060233744357 0
    endloop
  endfacet
  facet normal -0.22707626303437 -0.9738769792773344 0
    outer loop
      vertex 16.105904774487396 38.02037086855466 0.6
      vertex 16.105904774487396 38.02037086855466 0
      vertex 16.42454838991936 37.94607359798385 0.6
    endloop
  endfacet
  facet normal -0.16289547339458146 -0.9866433320848802 0
    outer loop
      vertex 16.42454838991936 37.94607359798385 0.6
      vertex 16.42454838991936 37.94607359798385 0
      vertex 16.74736903889974 37.89277569313095 0.6
    endloop
  endfacet
  facet normal -0.09801714032955335 -0.9951847266721977 0
    outer loop
      vertex 16.74736903889974 37.89277569313095 0.6
      vertex 16.74736903889974 37.89277569313095 0
      vertex 17.072984353849282 37.86070538380699 0.6
    endloop
  endfacet
  facet normal -0.032719082821786635 -0.9994645874763654 0
    outer loop
      vertex 17.072984353849282 37.86070538380699 0.6
      vertex 17.072984353849282 37.86070538380699 0
      vertex 17.4 37.85 0.6
    endloop
  endfacet
  facet normal 0.032719082821786635 -0.9994645874763654 0
    outer loop
      vertex 17.4 37.85 0.6
      vertex 17.4 37.85 0
      vertex 17.727015646150715 37.86070538380699 0.6
    endloop
  endfacet
  facet normal 0.09801714032955335 -0.9951847266721977 0
    outer loop
      vertex 17.727015646150715 37.86070538380699 0.6
      vertex 17.727015646150715 37.86070538380699 0
      vertex 18.052630961100256 37.89277569313095 0.6
    endloop
  endfacet
  facet normal 0.16289547339458146 -0.9866433320848802 0
    outer loop
      vertex 18.052630961100256 37.89277569313095 0.6
      vertex 18.052630961100256 37.89277569313095 0
      vertex 18.37545161008064 37.94607359798385 0.6
    endloop
  endfacet
  facet normal 0.22707626303437 -0.9738769792773344 0
    outer loop
      vertex 18.37545161008064 37.94607359798385 0.6
      vertex 18.37545161008064 37.94607359798385 0
      vertex 18.6940952255126 38.02037086855466 0.6
    endloop
  endfacet
  facet normal 0.29028467725447465 -0.956940335732205 0
    outer loop
      vertex 18.6940952255126 38.02037086855466 0.6
      vertex 18.6940952255126 38.02037086855466 0
      vertex 19.007197326515808 38.115349352524476 0.6
    endloop
  endfacet
  facet normal 0.3522500479212365 -0.9359059267573245 0
    outer loop
      vertex 19.007197326515808 38.115349352524476 0.6
      vertex 19.007197326515808 38.115349352524476 0
      vertex 19.31341716182545 38.23060233744357 0.6
    endloop
  endfacet
  facet normal 0.41270702980438756 -0.910863824921179 0
    outer loop
      vertex 19.31341716182545 38.23060233744357 0.6
      vertex 19.31341716182545 38.23060233744357 0
      vertex 19.611443451095006 38.36563629233656 0.6
    endloop
  endfacet
  facet normal 0.4713967368260029 -0.8819212643483523 0
    outer loop
      vertex 19.611443451095006 38.36563629233656 0.6
      vertex 19.611443451095006 38.36563629233656 0
      vertex 19.9 38.51987298107781 0.6
    endloop
  endfacet
  facet normal 0.5280678506503604 -0.8492021815265836 0
    outer loop
      vertex 19.9 38.51987298107781 0.6
      vertex 19.9 38.51987298107781 0
      vertex 20.17785116509801 38.69265193848727 0.6
    endloop
  endfacet
  facet normal 0.5824776968678129 -0.8128466845916076 0
    outer loop
      vertex 20.17785116509801 38.69265193848727 0.6
      vertex 20.17785116509801 38.69265193848727 0
      vertex 20.4438071450436 38.88323329854383 0.6
    endloop
  endfacet
  facet normal 0.6343932841636386 -0.7730104533627427 0
    outer loop
      vertex 20.4438071450436 38.88323329854383 0.6
      vertex 20.4438071450436 38.88323329854383 0
      vertex 20.696729075500343 39.090800962605115 0.6
    endloop
  endfacet
  facet normal 0.6835923020228698 -0.7298640726978372 0
    outer loop
      vertex 20.696729075500343 39.090800962605115 0.6
      vertex 20.696729075500343 39.090800962605115 0
      vertex 20.935533905932736 39.314466094067264 0.6
    endloop
  endfacet
  facet normal 0 0 1
    outer loop
      vertex 15.792802673484191 38.115349352524476 0.6
      vertex 16.105904774487396 38.02037086855466 0.6
      vertex 15.985786437988281 41.435787200927734 0.6
    endloop
  endfacet
  facet normal 0 0 1
    outer loop
      vertex 16.105904774487396 38.02037086855466 0.6
      vertex 16.42454838991936 37.94607359798385 0.6
      vertex 16.399999618530273 41.117950439453125 0.6
    endloop
  endfacet
  facet normal 0 0 1
    outer loop
      vertex 16.42454838991936 37.94607359798385 0.6
      vertex 16.74736903889974 37.89277569313095 0.6
      vertex 16.634634017944336 41.00223922729492 0.6
    endloop
  endfacet
  facet normal 0 0 1
    outer loop
      vertex 16.74736903889974 37.89277569313095 0.6
      vertex 17.072984353849282 37.86070538380699 0.6
      vertex 17.00981903076172 40.888427734375 0.6
    endloop
  endfacet
  facet normal 0 0 1
    outer loop
      vertex 17.072984353849282 37.86070538380699 0.6
      vertex 17.4 37.85 0.6
      vertex 17.399999618530273 40.849998474121094 0.6
    endloop
  endfacet
  facet normal 0 0 1
    outer loop
      vertex 17.4 37.85 0.6
      vertex 17.727015646150715 37.86070538380699 0.6
      vertex 17.530805587768555 40.85428237915039 0.6
    endloop
  endfacet
  facet normal 0 0 1
    outer loop
      vertex 17.727015646150715 37.86070538380699 0.6
      vertex 18.052630961100256 37.89277569313095 0.6
      vertex 17.661052703857422 40.86711120605469 0.6
    endloop
  endfacet
  facet normal 0 0 1
    outer loop
      vertex 18.052630961100256 37.89277569313095 0.6
      vertex 18.37545161008064 37.94607359798385 0.6
      vertex 18.165367126464844 41.00223922729492 0.6
    endloop
  endfacet
  facet normal 0 0 1
    outer loop
      vertex 18.37545161008064 37.94607359798385 0.6
      vertex 18.6940952255126 38.02037086855466 0.6
      vertex 18.399999618530273 41.117950439453125 0.6
    endloop
  endfacet
  facet normal 0 0 1
    outer loop
      vertex 18.6940952255126 38.02037086855466 0.6
      vertex 19.007197326515808 38.115349352524476 0.6
      vertex 18.718690872192383 41.34632110595703 0.6
    endloop
  endfacet
  facet normal -0.8492021815265818 -0.5280678506503634 0
    outer loop
      vertex 13.242651938487272 40.07214883490199 0.6
      vertex 13.069872981077806 40.35 0.6
      vertex 13.242651938487272 40.07214883490199 0
    endloop
  endfacet
  facet normal -0.7730104533627373 -0.6343932841636452 0
    outer loop
      vertex 13.640800962605113 39.55327092449966 0.6
      vertex 13.433233298543822 39.8061928549564 0.6
      vertex 13.640800962605113 39.55327092449966 0
    endloop
  endfacet
  facet normal -0.7298640726978372 -0.6835923020228698 0
    outer loop
      vertex 13.640800962605113 39.55327092449966 0.6
      vertex 13.86446609406726 39.314466094067264 0
      vertex 13.86446609406726 39.314466094067264 0.6
    endloop
  endfacet
  facet normal -0.6835923020228698 -0.7298640726978372 0
    outer loop
      vertex 14.103270924499654 39.090800962605115 0.6
      vertex 13.86446609406726 39.314466094067264 0.6
      vertex 13.86446609406726 39.314466094067264 0
    endloop
  endfacet
  facet normal -0.8128466845916115 -0.5824776968678073 0
    outer loop
      vertex 13.242651938487272 40.07214883490199 0.6
      vertex 13.433233298543822 39.8061928549564 0
      vertex 13.433233298543822 39.8061928549564 0.6
    endloop
  endfacet
  facet normal -0.8819212643483545 -0.4713967368259987 0
    outer loop
      vertex 13.069872981077806 40.35 0.6
      vertex 12.915636292336558 40.638556548904994 0.6
      vertex 13.069872981077806 40.35 0
    endloop
  endfacet
  facet normal -0.9108638249211749 -0.4127070298043966 0
    outer loop
      vertex 12.915636292336558 40.638556548904994 0.6
      vertex 12.780602337443565 40.93658283817455 0.6
      vertex 12.915636292336558 40.638556548904994 0
    endloop
  endfacet
  facet normal -0.9359059267573245 -0.3522500479212365 0
    outer loop
      vertex 12.780602337443565 40.93658283817455 0.6
      vertex 12.66534935252447 41.24280267348419 0.6
      vertex 12.780602337443565 40.93658283817455 0
    endloop
  endfacet
  facet normal -0.9569403357322102 -0.2902846772544578 0
    outer loop
      vertex 12.66534935252447 41.24280267348419 0.6
      vertex 12.570370868554658 41.555904774487395 0.6
      vertex 12.66534935252447 41.24280267348419 0
    endloop
  endfacet
  facet normal -0.9738769792773337 -0.22707626303437273 0
    outer loop
      vertex 12.570370868554658 41.555904774487395 0.6
      vertex 12.496073597983846 41.87454838991936 0.6
      vertex 12.570370868554658 41.555904774487395 0
    endloop
  endfacet
  facet normal -0.9866433320848793 -0.16289547339458677 0
    outer loop
      vertex 12.496073597983846 41.87454838991936 0.6
      vertex 12.442775693130947 42.197369038899744 0.6
      vertex 12.496073597983846 41.87454838991936 0
    endloop
  endfacet
  facet normal -0.9951847266721966 -0.09801714032956303 0
    outer loop
      vertex 12.442775693130947 42.197369038899744 0.6
      vertex 12.410705383806981 42.52298435384929 0.6
      vertex 12.442775693130947 42.197369038899744 0
    endloop
  endfacet
  facet normal -0.9994645874763657 -0.032719082821776144 0
    outer loop
      vertex 12.410705383806981 42.52298435384929 0.6
      vertex 12.399999999999999 42.85 0.6
      vertex 12.410705383806981 42.52298435384929 0
    endloop
  endfacet
  facet normal -0.9994645874763657 0.032719082821776144 0
    outer loop
      vertex 12.399999999999999 42.85 0.6
      vertex 12.410705383806981 43.177015646150714 0.6
      vertex 12.399999999999999 42.85 0
    endloop
  endfacet
  facet normal -0.9951847266721966 0.09801714032956303 0
    outer loop
      vertex 12.410705383806981 43.177015646150714 0.6
      vertex 12.442775693130947 43.50263096110026 0.6
      vertex 12.410705383806981 43.177015646150714 0
    endloop
  endfacet
  facet normal -0.9866433320848793 0.16289547339458677 0
    outer loop
      vertex 12.442775693130947 43.50263096110026 0.6
      vertex 12.496073597983846 43.82545161008064 0.6
      vertex 12.442775693130947 43.50263096110026 0
    endloop
  endfacet
  facet normal -0.9738769792773337 0.22707626303437273 0
    outer loop
      vertex 12.496073597983846 43.82545161008064 0.6
      vertex 12.570370868554658 44.14409522551261 0.6
      vertex 12.496073597983846 43.82545161008064 0
    endloop
  endfacet
  facet normal -0.9569403357322102 0.2902846772544578 0
    outer loop
      vertex 12.570370868554658 44.14409522551261 0.6
      vertex 12.66534935252447 44.45719732651581 0.6
      vertex 12.570370868554658 44.14409522551261 0
    endloop
  endfacet
  facet normal -0.9359059267573245 0.3522500479212365 0
    outer loop
      vertex 12.66534935252447 44.45719732651581 0.6
      vertex 12.780602337443565 44.76341716182545 0.6
      vertex 12.66534935252447 44.45719732651581 0
    endloop
  endfacet
  facet normal -0.9108638249211749 0.4127070298043966 0
    outer loop
      vertex 12.780602337443565 44.76341716182545 0.6
      vertex 12.915636292336558 45.06144345109501 0.6
      vertex 12.780602337443565 44.76341716182545 0
    endloop
  endfacet
  facet normal -0.8819212643483545 0.4713967368259987 0
    outer loop
      vertex 12.915636292336558 45.06144345109501 0.6
      vertex 13.069872981077806 45.35 0.6
      vertex 12.915636292336558 45.06144345109501 0
    endloop
  endfacet
  facet normal -0.8492021815265818 0.5280678506503634 0
    outer loop
      vertex 13.069872981077806 45.35 0.6
      vertex 13.242651938487272 45.627851165098015 0.6
      vertex 13.069872981077806 45.35 0
    endloop
  endfacet
  facet normal -0.8128466845916115 0.5824776968678073 0
    outer loop
      vertex 13.242651938487272 45.627851165098015 0.6
      vertex 13.433233298543822 45.8938071450436 0.6
      vertex 13.242651938487272 45.627851165098015 0
    endloop
  endfacet
  facet normal -0.7730104533627373 0.6343932841636452 0
    outer loop
      vertex 13.433233298543822 45.8938071450436 0.6
      vertex 13.640800962605113 46.146729075500346 0.6
      vertex 13.433233298543822 45.8938071450436 0
    endloop
  endfacet
  facet normal -0.7298640726978372 0.6835923020228698 0
    outer loop
      vertex 13.640800962605113 46.146729075500346 0.6
      vertex 13.86446609406726 46.38553390593274 0.6
      vertex 13.640800962605113 46.146729075500346 0
    endloop
  endfacet
  facet normal -0.6835923020228698 0.7298640726978372 0
    outer loop
      vertex 13.86446609406726 46.38553390593274 0.6
      vertex 14.103270924499654 46.60919903739489 0.6
      vertex 14.103270924499654 46.60919903739489 0
    endloop
  endfacet
  facet normal -0.6343932841636413 0.7730104533627404 0
    outer loop
      vertex 14.103270924499654 46.60919903739489 0.6
      vertex 14.356192854956396 46.816766701456174 0.6
      vertex 14.356192854956396 46.816766701456174 0
    endloop
  endfacet
  facet normal -0.5824776968678103 0.8128466845916092 0
    outer loop
      vertex 14.356192854956396 46.816766701456174 0.6
      vertex 14.622148834901989 47.00734806151273 0.6
      vertex 14.622148834901989 47.00734806151273 0
    endloop
  endfacet
  facet normal -0.5280678506503604 0.8492021815265836 0
    outer loop
      vertex 14.622148834901989 47.00734806151273 0.6
      vertex 14.899999999999999 47.18012701892219 0.6
      vertex 14.899999999999999 47.18012701892219 0
    endloop
  endfacet
  facet normal -0.4713967368260029 0.8819212643483523 0
    outer loop
      vertex 14.899999999999999 47.18012701892219 0.6
      vertex 15.188556548904991 47.33436370766344 0.6
      vertex 15.188556548904991 47.33436370766344 0
    endloop
  endfacet
  facet normal -0.41270702980438756 0.910863824921179 0
    outer loop
      vertex 15.188556548904991 47.33436370766344 0.6
      vertex 15.486582838174549 47.46939766255643 0.6
      vertex 15.486582838174549 47.46939766255643 0
    endloop
  endfacet
  facet normal -0.3522500479212347 0.9359059267573253 0
    outer loop
      vertex 15.486582838174549 47.46939766255643 0.6
      vertex 15.792802673484191 47.58465064747553 0.6
      vertex 15.792802673484191 47.58465064747553 0
    endloop
  endfacet
  facet normal -0.2902846772544762 0.9569403357322047 0
    outer loop
      vertex 15.792802673484191 47.58465064747553 0.6
      vertex 16.105904774487396 47.679629131445346 0.6
      vertex 16.105904774487396 47.679629131445346 0
    endloop
  endfacet
  facet normal -0.22707626303437 0.9738769792773344 0
    outer loop
      vertex 16.105904774487396 47.679629131445346 0.6
      vertex 16.42454838991936 47.753926402016155 0.6
      vertex 16.42454838991936 47.753926402016155 0
    endloop
  endfacet
  facet normal -0.16289547339458146 0.9866433320848802 0
    outer loop
      vertex 16.42454838991936 47.753926402016155 0.6
      vertex 16.74736903889974 47.80722430686905 0.6
      vertex 16.74736903889974 47.80722430686905 0
    endloop
  endfacet
  facet normal -0.09801714032955335 0.9951847266721977 0
    outer loop
      vertex 16.74736903889974 47.80722430686905 0.6
      vertex 17.072984353849282 47.839294616193015 0.6
      vertex 17.072984353849282 47.839294616193015 0
    endloop
  endfacet
  facet normal -0.032719082821786635 0.9994645874763654 0
    outer loop
      vertex 17.072984353849282 47.839294616193015 0.6
      vertex 17.4 47.85 0.6
      vertex 17.4 47.85 0
    endloop
  endfacet
  facet normal 0.032719082821786635 0.9994645874763654 0
    outer loop
      vertex 17.4 47.85 0.6
      vertex 17.727015646150715 47.839294616193015 0.6
      vertex 17.727015646150715 47.839294616193015 0
    endloop
  endfacet
  facet normal 0.09801714032955335 0.9951847266721977 0
    outer loop
      vertex 17.727015646150715 47.839294616193015 0.6
      vertex 18.052630961100256 47.80722430686905 0.6
      vertex 18.052630961100256 47.80722430686905 0
    endloop
  endfacet
  facet normal 0.16289547339458146 0.9866433320848802 0
    outer loop
      vertex 18.052630961100256 47.80722430686905 0.6
      vertex 18.37545161008064 47.753926402016155 0.6
      vertex 18.37545161008064 47.753926402016155 0
    endloop
  endfacet
  facet normal 0.22707626303437 0.9738769792773344 0
    outer loop
      vertex 18.37545161008064 47.753926402016155 0.6
      vertex 18.6940952255126 47.679629131445346 0.6
      vertex 18.6940952255126 47.679629131445346 0
    endloop
  endfacet
  facet normal 0.29028467725447465 0.956940335732205 0
    outer loop
      vertex 18.6940952255126 47.679629131445346 0.6
      vertex 19.007197326515808 47.58465064747553 0.6
      vertex 19.007197326515808 47.58465064747553 0
    endloop
  endfacet
  facet normal 0.3522500479212365 0.9359059267573245 0
    outer loop
      vertex 19.31341716182545 47.46939766255643 0.6
      vertex 19.31341716182545 47.46939766255643 0
      vertex 19.007197326515808 47.58465064747553 0.6
    endloop
  endfacet
  facet normal 0.7298640726978372 -0.6835923020228698 0
    outer loop
      vertex 20.935533905932736 39.314466094067264 0.6
      vertex 21.159199037394885 39.55327092449966 0
      vertex 21.159199037394885 39.55327092449966 0.6
    endloop
  endfacet
  facet normal 0.7730104533627373 -0.6343932841636452 0
    outer loop
      vertex 21.159199037394885 39.55327092449966 0.6
      vertex 21.366766701456175 39.8061928549564 0
      vertex 21.366766701456175 39.8061928549564 0.6
    endloop
  endfacet
  facet normal 0.812846684591609 -0.5824776968678109 0
    outer loop
      vertex 21.366766701456175 39.8061928549564 0.6
      vertex 21.557348061512727 40.07214883490199 0
      vertex 21.557348061512727 40.07214883490199 0.6
    endloop
  endfacet
  facet normal 0.8492021815265867 -0.5280678506503557 0
    outer loop
      vertex 21.557348061512727 40.07214883490199 0.6
      vertex 21.73012701892219 40.35 0
      vertex 21.73012701892219 40.35 0.6
    endloop
  endfacet
  facet normal 0.8819212643483523 -0.4713967368260029 0
    outer loop
      vertex 21.73012701892219 40.35 0.6
      vertex 21.88436370766344 40.638556548904994 0
      vertex 21.88436370766344 40.638556548904994 0.6
    endloop
  endfacet
  facet normal 0.9108638249211749 -0.4127070298043966 0
    outer loop
      vertex 21.88436370766344 40.638556548904994 0.6
      vertex 22.019397662556432 40.93658283817455 0
      vertex 22.019397662556432 40.93658283817455 0.6
    endloop
  endfacet
  facet normal 0.9359059267573245 -0.3522500479212365 0
    outer loop
      vertex 22.019397662556432 40.93658283817455 0.6
      vertex 22.134650647475528 41.24280267348419 0
      vertex 22.134650647475528 41.24280267348419 0.6
    endloop
  endfacet
  facet normal 0.9569403357322102 -0.2902846772544578 0
    outer loop
      vertex 22.134650647475528 41.24280267348419 0.6
      vertex 22.22962913144534 41.555904774487395 0
      vertex 22.22962913144534 41.555904774487395 0.6
    endloop
  endfacet
  facet normal 0.9738769792773326 -0.22707626303437792 0
    outer loop
      vertex 22.22962913144534 41.555904774487395 0.6
      vertex 22.303926402016153 41.87454838991936 0
      vertex 22.303926402016153 41.87454838991936 0.6
    endloop
  endfacet
  facet normal 0.9866433320848802 -0.16289547339458146 0
    outer loop
      vertex 22.303926402016153 41.87454838991936 0.6
      vertex 22.35722430686905 42.197369038899744 0
      vertex 22.35722430686905 42.197369038899744 0.6
    endloop
  endfacet
  facet normal 0.9951847266721966 -0.09801714032956303 0
    outer loop
      vertex 22.35722430686905 42.197369038899744 0.6
      vertex 22.389294616193016 42.52298435384929 0
      vertex 22.389294616193016 42.52298435384929 0.6
    endloop
  endfacet
  facet normal 0.9994645874763657 -0.032719082821776144 0
    outer loop
      vertex 22.389294616193016 42.52298435384929 0.6
      vertex 22.4 42.85 0
      vertex 22.4 42.85 0.6
    endloop
  endfacet
  facet normal 0.9994645874763657 0.032719082821776144 0
    outer loop
      vertex 22.4 42.85 0.6
      vertex 22.389294616193016 43.177015646150714 0
      vertex 22.389294616193016 43.177015646150714 0.6
    endloop
  endfacet
  facet normal 0.9951847266721966 0.09801714032956303 0
    outer loop
      vertex 22.389294616193016 43.177015646150714 0.6
      vertex 22.35722430686905 43.50263096110026 0
      vertex 22.35722430686905 43.50263096110026 0.6
    endloop
  endfacet
  facet normal 0.9866433320848802 0.16289547339458146 0
    outer loop
      vertex 22.35722430686905 43.50263096110026 0.6
      vertex 22.303926402016153 43.82545161008064 0
      vertex 22.303926402016153 43.82545161008064 0.6
    endloop
  endfacet
  facet normal 0.9738769792773326 0.22707626303437792 0
    outer loop
      vertex 22.303926402016153 43.82545161008064 0.6
      vertex 22.22962913144534 44.14409522551261 0
      vertex 22.22962913144534 44.14409522551261 0.6
    endloop
  endfacet
  facet normal 0.9569403357322102 0.2902846772544578 0
    outer loop
      vertex 22.22962913144534 44.14409522551261 0.6
      vertex 22.134650647475528 44.45719732651581 0
      vertex 22.134650647475528 44.45719732651581 0.6
    endloop
  endfacet
  facet normal 0.9108638249211749 0.4127070298043966 0
    outer loop
      vertex 22.019397662556432 44.76341716182545 0.6
      vertex 21.88436370766344 45.06144345109501 0
      vertex 21.88436370766344 45.06144345109501 0.6
    endloop
  endfacet
  facet normal 0.8819212643483523 0.4713967368260029 0
    outer loop
      vertex 21.88436370766344 45.06144345109501 0.6
      vertex 21.73012701892219 45.35 0
      vertex 21.73012701892219 45.35 0.6
    endloop
  endfacet
  facet normal 0.8492021815265867 0.5280678506503557 0
    outer loop
      vertex 21.557348061512727 45.627851165098015 0.6
      vertex 21.73012701892219 45.35 0.6
      vertex 21.557348061512727 45.627851165098015 0
    endloop
  endfacet
  facet normal 0.9359059267573245 0.3522500479212365 0
    outer loop
      vertex 22.134650647475528 44.45719732651581 0.6
      vertex 22.019397662556432 44.76341716182545 0
      vertex 22.019397662556432 44.76341716182545 0.6
    endloop
  endfacet
  facet normal 0.6343932841636386 0.7730104533627427 0
    outer loop
      vertex 20.696729075500343 46.60919903739489 0.6
      vertex 20.696729075500343 46.60919903739489 0
      vertex 20.4438071450436 46.816766701456174 0.6
    endloop
  endfacet
  facet normal 0.6835923020228698 0.7298640726978372 0
    outer loop
      vertex 20.696729075500343 46.60919903739489 0.6
      vertex 20.935533905932736 46.38553390593274 0.6
      vertex 20.935533905932736 46.38553390593274 0
    endloop
  endfacet
  facet normal 0.7298640726978372 0.6835923020228698 0
    outer loop
      vertex 20.935533905932736 46.38553390593274 0.6
      vertex 21.159199037394885 46.146729075500346 0.6
      vertex 20.935533905932736 46.38553390593274 0
    endloop
  endfacet
  facet normal 0.4713967368260029 0.8819212643483523 0
    outer loop
      vertex 19.9 47.18012701892219 0.6
      vertex 19.9 47.18012701892219 0
      vertex 19.611443451095006 47.33436370766344 0.6
    endloop
  endfacet
  facet normal 0.5280678506503604 0.8492021815265836 0
    outer loop
      vertex 20.17785116509801 47.00734806151273 0.6
      vertex 20.17785116509801 47.00734806151273 0
      vertex 19.9 47.18012701892219 0.6
    endloop
  endfacet
  facet normal 0.41270702980438756 0.910863824921179 0
    outer loop
      vertex 19.31341716182545 47.46939766255643 0.6
      vertex 19.611443451095006 47.33436370766344 0.6
      vertex 19.611443451095006 47.33436370766344 0
    endloop
  endfacet
  facet normal 0.5824776968678129 0.8128466845916076 0
    outer loop
      vertex 20.17785116509801 47.00734806151273 0.6
      vertex 20.4438071450436 46.816766701456174 0.6
      vertex 20.4438071450436 46.816766701456174 0
    endloop
  endfacet
  facet normal 0.812846684591609 0.5824776968678109 0
    outer loop
      vertex 21.557348061512727 45.627851165098015 0.6
      vertex 21.366766701456175 45.8938071450436 0
      vertex 21.366766701456175 45.8938071450436 0.6
    endloop
  endfacet
  facet normal 0.7730104533627373 0.6343932841636452 0
    outer loop
      vertex 21.366766701456175 45.8938071450436 0.6
      vertex 21.159199037394885 46.146729075500346 0
      vertex 21.159199037394885 46.146729075500346 0.6
    endloop
  endfacet
  facet normal 0 0 1
    outer loop
      vertex 15.792802673484191 38.115349352524476 0.6
      vertex 15.737060546875 41.738861083984375 0.6
      vertex 15.486582838174549 38.23060233744357 0.6
    endloop
  endfacet
  facet normal 0 0 1
    outer loop
      vertex 14.899999999999999 38.51987298107781 0.6
      vertex 15.188556548904991 38.36563629233656 0.6
      vertex 14.899999999999999 47.18012701892219 0.6
    endloop
  endfacet
  facet normal 0 0 1
    outer loop
      vertex 15.792802673484191 38.115349352524476 0.6
      vertex 15.985786437988281 41.435787200927734 0.6
      vertex 15.896320343017578 41.531307220458984 0.6
    endloop
  endfacet
  facet normal 0 0 1
    outer loop
      vertex 15.792802673484191 38.115349352524476 0.6
      vertex 15.81329345703125 41.632476806640625 0.6
      vertex 15.737060546875 41.738861083984375 0.6
    endloop
  endfacet
  facet normal 0 0 1
    outer loop
      vertex 15.792802673484191 38.115349352524476 0.6
      vertex 15.896320343017578 41.531307220458984 0.6
      vertex 15.81329345703125 41.632476806640625 0.6
    endloop
  endfacet
  facet normal 0 0 1
    outer loop
      vertex 15.486582838174549 38.23060233744357 0.6
      vertex 15.737060546875 41.738861083984375 0.6
      vertex 15.667948722839355 41.849998474121094 0.6
    endloop
  endfacet
  facet normal 0 0 1
    outer loop
      vertex 15.486582838174549 38.23060233744357 0.6
      vertex 15.667948722839355 41.849998474121094 0.6
      vertex 15.606254577636719 41.965423583984375 0.6
    endloop
  endfacet
  facet normal 0 0 1
    outer loop
      vertex 15.486582838174549 38.23060233744357 0.6
      vertex 15.606254577636719 41.965423583984375 0.6
      vertex 15.552241325378418 42.084632873535156 0.6
    endloop
  endfacet
  facet normal 0 0 1
    outer loop
      vertex 15.486582838174549 38.23060233744357 0.6
      vertex 15.438429832458496 42.45981979370117 0.6
      vertex 15.417110443115234 42.58894729614258 0.6
    endloop
  endfacet
  facet normal 0 0 1
    outer loop
      vertex 15.486582838174549 38.23060233744357 0.6
      vertex 15.417110443115234 42.58894729614258 0.6
      vertex 15.404282569885254 42.71919250488281 0.6
    endloop
  endfacet
  facet normal 0 0 1
    outer loop
      vertex 15.188556548904991 38.36563629233656 0.6
      vertex 15.486582838174549 38.23060233744357 0.6
      vertex 15.188556548904991 47.33436370766344 0.6
    endloop
  endfacet
  facet normal 0 0 1
    outer loop
      vertex 15.486582838174549 38.23060233744357 0.6
      vertex 15.552241325378418 42.084632873535156 0.6
      vertex 15.506139755249023 42.207122802734375 0.6
    endloop
  endfacet
  facet normal 0 0 1
    outer loop
      vertex 15.486582838174549 38.23060233744357 0.6
      vertex 15.506139755249023 42.207122802734375 0.6
      vertex 15.468148231506348 42.33236312866211 0.6
    endloop
  endfacet
  facet normal 0 0 1
    outer loop
      vertex 15.486582838174549 38.23060233744357 0.6
      vertex 15.468148231506348 42.33236312866211 0.6
      vertex 15.438429832458496 42.45981979370117 0.6
    endloop
  endfacet
  facet normal 0 0 1
    outer loop
      vertex 12.915636292336558 40.638556548904994 0.6
      vertex 12.780602337443565 44.76341716182545 0.6
      vertex 12.780602337443565 40.93658283817455 0.6
    endloop
  endfacet
  facet normal 0 0 1
    outer loop
      vertex 12.66534935252447 41.24280267348419 0.6
      vertex 12.570370868554658 44.14409522551261 0.6
      vertex 12.570370868554658 41.555904774487395 0.6
    endloop
  endfacet
  facet normal 0 0 1
    outer loop
      vertex 12.570370868554658 41.555904774487395 0.6
      vertex 12.496073597983846 43.82545161008064 0.6
      vertex 12.496073597983846 41.87454838991936 0.6
    endloop
  endfacet
  facet normal 0 0 1
    outer loop
      vertex 12.780602337443565 40.93658283817455 0.6
      vertex 12.66534935252447 44.45719732651581 0.6
      vertex 12.66534935252447 41.24280267348419 0.6
    endloop
  endfacet
  facet normal 0 0 1
    outer loop
      vertex 13.069872981077806 40.35 0.6
      vertex 12.915636292336558 45.06144345109501 0.6
      vertex 12.915636292336558 40.638556548904994 0.6
    endloop
  endfacet
  facet normal 0 0 1
    outer loop
      vertex 13.242651938487272 40.07214883490199 0.6
      vertex 13.069872981077806 45.35 0.6
      vertex 13.069872981077806 40.35 0.6
    endloop
  endfacet
  facet normal 0 0 1
    outer loop
      vertex 13.242651938487272 40.07214883490199 0.6
      vertex 13.433233298543822 39.8061928549564 0.6
      vertex 13.242651938487272 45.627851165098015 0.6
    endloop
  endfacet
  facet normal 0 0 1
    outer loop
      vertex 13.640800962605113 39.55327092449966 0.6
      vertex 13.433233298543822 45.8938071450436 0.6
      vertex 13.433233298543822 39.8061928549564 0.6
    endloop
  endfacet
  facet normal 0 0 1
    outer loop
      vertex 14.103270924499654 39.090800962605115 0.6
      vertex 13.86446609406726 46.38553390593274 0.6
      vertex 13.86446609406726 39.314466094067264 0.6
    endloop
  endfacet
  facet normal 0 0 1
    outer loop
      vertex 13.640800962605113 39.55327092449966 0.6
      vertex 13.86446609406726 39.314466094067264 0.6
      vertex 13.640800962605113 46.146729075500346 0.6
    endloop
  endfacet
  facet normal 0 0 1
    outer loop
      vertex 12.496073597983846 41.87454838991936 0.6
      vertex 12.442775693130947 43.50263096110026 0.6
      vertex 12.442775693130947 42.197369038899744 0.6
    endloop
  endfacet
  facet normal 0 0 1
    outer loop
      vertex 12.442775693130947 42.197369038899744 0.6
      vertex 12.410705383806981 43.177015646150714 0.6
      vertex 12.410705383806981 42.52298435384929 0.6
    endloop
  endfacet
  facet normal 0 0 1
    outer loop
      vertex 12.410705383806981 42.52298435384929 0.6
      vertex 12.410705383806981 43.177015646150714 0.6
      vertex 12.399999999999999 42.85 0.6
    endloop
  endfacet
  facet normal 0 0 1
    outer loop
      vertex 12.442775693130947 42.197369038899744 0.6
      vertex 12.442775693130947 43.50263096110026 0.6
      vertex 12.410705383806981 43.177015646150714 0.6
    endloop
  endfacet
  facet normal 0 0 1
    outer loop
      vertex 12.496073597983846 41.87454838991936 0.6
      vertex 12.496073597983846 43.82545161008064 0.6
      vertex 12.442775693130947 43.50263096110026 0.6
    endloop
  endfacet
  facet normal 0 0 1
    outer loop
      vertex 12.570370868554658 41.555904774487395 0.6
      vertex 12.570370868554658 44.14409522551261 0.6
      vertex 12.496073597983846 43.82545161008064 0.6
    endloop
  endfacet
  facet normal 0 0 1
    outer loop
      vertex 12.66534935252447 41.24280267348419 0.6
      vertex 12.66534935252447 44.45719732651581 0.6
      vertex 12.570370868554658 44.14409522551261 0.6
    endloop
  endfacet
  facet normal 0 0 1
    outer loop
      vertex 12.780602337443565 40.93658283817455 0.6
      vertex 12.780602337443565 44.76341716182545 0.6
      vertex 12.66534935252447 44.45719732651581 0.6
    endloop
  endfacet
  facet normal 0 0 1
    outer loop
      vertex 12.915636292336558 40.638556548904994 0.6
      vertex 12.915636292336558 45.06144345109501 0.6
      vertex 12.780602337443565 44.76341716182545 0.6
    endloop
  endfacet
  facet normal 0 0 1
    outer loop
      vertex 14.103270924499654 39.090800962605115 0.6
      vertex 14.356192854956396 38.88323329854383 0.6
      vertex 14.103270924499654 46.60919903739489 0.6
    endloop
  endfacet
  facet normal 0 0 1
    outer loop
      vertex 14.356192854956396 38.88323329854383 0.6
      vertex 14.622148834901989 38.69265193848727 0.6
      vertex 14.356192854956396 46.816766701456174 0.6
    endloop
  endfacet
  facet normal 0 0 1
    outer loop
      vertex 14.899999999999999 38.51987298107781 0.6
      vertex 14.622148834901989 47.00734806151273 0.6
      vertex 14.622148834901989 38.69265193848727 0.6
    endloop
  endfacet
  facet normal 0 0 1
    outer loop
      vertex 15.486582838174549 38.23060233744357 0.6
      vertex 15.404282569885254 42.71919250488281 0.6
      vertex 15.188556548904991 47.33436370766344 0.6
    endloop
  endfacet
  facet normal 0 0 1
    outer loop
      vertex 16.105904774487396 38.02037086855466 0.6
      vertex 16.081308364868164 41.34632110595703 0.6
      vertex 15.985786437988281 41.435787200927734 0.6
    endloop
  endfacet
  facet normal 0 0 1
    outer loop
      vertex 16.105904774487396 38.02037086855466 0.6
      vertex 16.399999618530273 41.117950439453125 0.6
      vertex 16.288860321044922 41.18706130981445 0.6
    endloop
  endfacet
  facet normal 0 0 1
    outer loop
      vertex 16.105904774487396 38.02037086855466 0.6
      vertex 16.182477951049805 41.2632942199707 0.6
      vertex 16.081308364868164 41.34632110595703 0.6
    endloop
  endfacet
  facet normal 0 0 1
    outer loop
      vertex 16.105904774487396 38.02037086855466 0.6
      vertex 16.288860321044922 41.18706130981445 0.6
      vertex 16.182477951049805 41.2632942199707 0.6
    endloop
  endfacet
  facet normal 0 0 1
    outer loop
      vertex 16.42454838991936 37.94607359798385 0.6
      vertex 16.634634017944336 41.00223922729492 0.6
      vertex 16.515422821044922 41.05625534057617 0.6
    endloop
  endfacet
  facet normal 0 0 1
    outer loop
      vertex 16.74736903889974 37.89277569313095 0.6
      vertex 16.75712013244629 40.956138610839844 0.6
      vertex 16.634634017944336 41.00223922729492 0.6
    endloop
  endfacet
  facet normal 0 0 1
    outer loop
      vertex 16.42454838991936 37.94607359798385 0.6
      vertex 16.515422821044922 41.05625534057617 0.6
      vertex 16.399999618530273 41.117950439453125 0.6
    endloop
  endfacet
  facet normal 0 0 1
    outer loop
      vertex 16.74736903889974 37.89277569313095 0.6
      vertex 16.882362365722656 40.918148040771484 0.6
      vertex 16.75712013244629 40.956138610839844 0.6
    endloop
  endfacet
  facet normal 0 0 1
    outer loop
      vertex 16.74736903889974 37.89277569313095 0.6
      vertex 17.00981903076172 40.888427734375 0.6
      vertex 16.882362365722656 40.918148040771484 0.6
    endloop
  endfacet
  facet normal 0 0 1
    outer loop
      vertex 17.072984353849282 37.86070538380699 0.6
      vertex 17.138948440551758 40.86711120605469 0.6
      vertex 17.00981903076172 40.888427734375 0.6
    endloop
  endfacet
  facet normal 0 0 1
    outer loop
      vertex 17.072984353849282 37.86070538380699 0.6
      vertex 17.269193649291992 40.85428237915039 0.6
      vertex 17.138948440551758 40.86711120605469 0.6
    endloop
  endfacet
  facet normal 0 0 1
    outer loop
      vertex 17.072984353849282 37.86070538380699 0.6
      vertex 17.399999618530273 40.849998474121094 0.6
      vertex 17.269193649291992 40.85428237915039 0.6
    endloop
  endfacet
  facet normal 0 0 1
    outer loop
      vertex 17.4 37.85 0.6
      vertex 17.530805587768555 40.85428237915039 0.6
      vertex 17.399999618530273 40.849998474121094 0.6
    endloop
  endfacet
  facet normal 0 0 1
    outer loop
      vertex 17.727015646150715 37.86070538380699 0.6
      vertex 17.661052703857422 40.86711120605469 0.6
      vertex 17.530805587768555 40.85428237915039 0.6
    endloop
  endfacet
  facet normal 0 0 1
    outer loop
      vertex 18.052630961100256 37.89277569313095 0.6
      vertex 17.790180206298828 40.888427734375 0.6
      vertex 17.661052703857422 40.86711120605469 0.6
    endloop
  endfacet
  facet normal 0 0 1
    outer loop
      vertex 18.052630961100256 37.89277569313095 0.6
      vertex 17.917638778686523 40.918148040771484 0.6
      vertex 17.790180206298828 40.888427734375 0.6
    endloop
  endfacet
  facet normal 0 0 1
    outer loop
      vertex 18.052630961100256 37.89277569313095 0.6
      vertex 18.042879104614258 40.956138610839844 0.6
      vertex 17.917638778686523 40.918148040771484 0.6
    endloop
  endfacet
  facet normal 0 0 1
    outer loop
      vertex 18.052630961100256 37.89277569313095 0.6
      vertex 18.165367126464844 41.00223922729492 0.6
      vertex 18.042879104614258 40.956138610839844 0.6
    endloop
  endfacet
  facet normal 0 0 1
    outer loop
      vertex 18.37545161008064 37.94607359798385 0.6
      vertex 18.284578323364258 41.05625534057617 0.6
      vertex 18.165367126464844 41.00223922729492 0.6
    endloop
  endfacet
  facet normal 0 0 1
    outer loop
      vertex 18.37545161008064 37.94607359798385 0.6
      vertex 18.399999618530273 41.117950439453125 0.6
      vertex 18.284578323364258 41.05625534057617 0.6
    endloop
  endfacet
  facet normal 0 0 1
    outer loop
      vertex 19.007197326515808 38.115349352524476 0.6
      vertex 19.31341716182545 38.23060233744357 0.6
      vertex 18.986705780029297 41.632476806640625 0.6
    endloop
  endfacet
  facet normal 0 0 1
    outer loop
      vertex 18.6940952255126 38.02037086855466 0.6
      vertex 18.511140823364258 41.18706130981445 0.6
      vertex 18.399999618530273 41.117950439453125 0.6
    endloop
  endfacet
  facet normal 0 0 1
    outer loop
      vertex 18.6940952255126 38.02037086855466 0.6
      vertex 18.617523193359375 41.2632942199707 0.6
      vertex 18.511140823364258 41.18706130981445 0.6
    endloop
  endfacet
  facet normal 0 0 1
    outer loop
      vertex 18.6940952255126 38.02037086855466 0.6
      vertex 18.718690872192383 41.34632110595703 0.6
      vertex 18.617523193359375 41.2632942199707 0.6
    endloop
  endfacet
  facet normal 0 0 1
    outer loop
      vertex 19.007197326515808 38.115349352524476 0.6
      vertex 18.814212799072266 41.435787200927734 0.6
      vertex 18.718690872192383 41.34632110595703 0.6
    endloop
  endfacet
  facet normal 0 0 1
    outer loop
      vertex 19.007197326515808 38.115349352524476 0.6
      vertex 18.90367889404297 41.531307220458984 0.6
      vertex 18.814212799072266 41.435787200927734 0.6
    endloop
  endfacet
  facet normal 0 0 1
    outer loop
      vertex 19.007197326515808 38.115349352524476 0.6
      vertex 18.986705780029297 41.632476806640625 0.6
      vertex 18.90367889404297 41.531307220458984 0.6
    endloop
  endfacet
  facet normal 0 0 1
    outer loop
      vertex 19.31341716182545 38.23060233744357 0.6
      vertex 19.062938690185547 41.738861083984375 0.6
      vertex 18.986705780029297 41.632476806640625 0.6
    endloop
  endfacet
  facet normal 0 0 1
    outer loop
      vertex 19.31341716182545 38.23060233744357 0.6
      vertex 19.132051467895508 41.849998474121094 0.6
      vertex 19.062938690185547 41.738861083984375 0.6
    endloop
  endfacet
  facet normal 0 0 1
    outer loop
      vertex 19.31341716182545 38.23060233744357 0.6
      vertex 19.193744659423828 41.965423583984375 0.6
      vertex 19.132051467895508 41.849998474121094 0.6
    endloop
  endfacet
  facet normal 0 0 1
    outer loop
      vertex 19.31341716182545 38.23060233744357 0.6
      vertex 19.247758865356445 42.084632873535156 0.6
      vertex 19.193744659423828 41.965423583984375 0.6
    endloop
  endfacet
  facet normal 0 0 1
    outer loop
      vertex 19.31341716182545 38.23060233744357 0.6
      vertex 19.293859481811523 42.207122802734375 0.6
      vertex 19.247758865356445 42.084632873535156 0.6
    endloop
  endfacet
  facet normal 0 0 1
    outer loop
      vertex 19.31341716182545 38.23060233744357 0.6
      vertex 19.331851959228516 42.33236312866211 0.6
      vertex 19.293859481811523 42.207122802734375 0.6
    endloop
  endfacet
  facet normal 0 0 1
    outer loop
      vertex 13.069872981077806 40.35 0.6
      vertex 13.069872981077806 45.35 0.6
      vertex 12.915636292336558 45.06144345109501 0.6
    endloop
  endfacet
  facet normal 0 0 1
    outer loop
      vertex 13.242651938487272 40.07214883490199 0.6
      vertex 13.242651938487272 45.627851165098015 0.6
      vertex 13.069872981077806 45.35 0.6
    endloop
  endfacet
  facet normal 0 0 1
    outer loop
      vertex 13.433233298543822 39.8061928549564 0.6
      vertex 13.433233298543822 45.8938071450436 0.6
      vertex 13.242651938487272 45.627851165098015 0.6
    endloop
  endfacet
  facet normal 0 0 1
    outer loop
      vertex 13.640800962605113 39.55327092449966 0.6
      vertex 13.640800962605113 46.146729075500346 0.6
      vertex 13.433233298543822 45.8938071450436 0.6
    endloop
  endfacet
  facet normal 0 0 1
    outer loop
      vertex 13.86446609406726 39.314466094067264 0.6
      vertex 13.86446609406726 46.38553390593274 0.6
      vertex 13.640800962605113 46.146729075500346 0.6
    endloop
  endfacet
  facet normal 0 0 1
    outer loop
      vertex 14.103270924499654 39.090800962605115 0.6
      vertex 14.103270924499654 46.60919903739489 0.6
      vertex 13.86446609406726 46.38553390593274 0.6
    endloop
  endfacet
  facet normal 0 0 1
    outer loop
      vertex 14.356192854956396 38.88323329854383 0.6
      vertex 14.356192854956396 46.816766701456174 0.6
      vertex 14.103270924499654 46.60919903739489 0.6
    endloop
  endfacet
  facet normal 0 0 1
    outer loop
      vertex 14.622148834901989 38.69265193848727 0.6
      vertex 14.622148834901989 47.00734806151273 0.6
      vertex 14.356192854956396 46.816766701456174 0.6
    endloop
  endfacet
  facet normal 0 0 1
    outer loop
      vertex 14.899999999999999 38.51987298107781 0.6
      vertex 14.899999999999999 47.18012701892219 0.6
      vertex 14.622148834901989 47.00734806151273 0.6
    endloop
  endfacet
  facet normal 0 0 1
    outer loop
      vertex 15.188556548904991 38.36563629233656 0.6
      vertex 15.188556548904991 47.33436370766344 0.6
      vertex 14.899999999999999 47.18012701892219 0.6
    endloop
  endfacet
  facet normal 0 0 1
    outer loop
      vertex 15.188556548904991 47.33436370766344 0.6
      vertex 15.404282569885254 42.71919250488281 0.6
      vertex 15.399999618530273 42.849998474121094 0.6
    endloop
  endfacet
  facet normal 0 0 1
    outer loop
      vertex 15.188556548904991 47.33436370766344 0.6
      vertex 15.399999618530273 42.849998474121094 0.6
      vertex 15.404282569885254 42.980804443359375 0.6
    endloop
  endfacet
  facet normal 0 0 1
    outer loop
      vertex 15.188556548904991 47.33436370766344 0.6
      vertex 15.404282569885254 42.980804443359375 0.6
      vertex 15.417110443115234 43.111053466796875 0.6
    endloop
  endfacet
  facet normal 0 0 1
    outer loop
      vertex 15.188556548904991 47.33436370766344 0.6
      vertex 15.417110443115234 43.111053466796875 0.6
      vertex 15.438429832458496 43.24018096923828 0.6
    endloop
  endfacet
  facet normal 0 0 1
    outer loop
      vertex 15.188556548904991 47.33436370766344 0.6
      vertex 15.438429832458496 43.24018096923828 0.6
      vertex 15.468148231506348 43.367637634277344 0.6
    endloop
  endfacet
  facet normal 0 0 1
    outer loop
      vertex 15.486582838174549 47.46939766255643 0.6
      vertex 15.468148231506348 43.367637634277344 0.6
      vertex 15.506139755249023 43.49287796020508 0.6
    endloop
  endfacet
  facet normal 0 0 1
    outer loop
      vertex 15.486582838174549 47.46939766255643 0.6
      vertex 15.506139755249023 43.49287796020508 0.6
      vertex 15.552241325378418 43.6153678894043 0.6
    endloop
  endfacet
  facet normal 0 0 1
    outer loop
      vertex 15.486582838174549 47.46939766255643 0.6
      vertex 15.552241325378418 43.6153678894043 0.6
      vertex 15.606254577636719 43.73457717895508 0.6
    endloop
  endfacet
  facet normal 0 0 1
    outer loop
      vertex 15.486582838174549 47.46939766255643 0.6
      vertex 15.606254577636719 43.73457717895508 0.6
      vertex 15.667948722839355 43.849998474121094 0.6
    endloop
  endfacet
  facet normal 0 0 1
    outer loop
      vertex 15.486582838174549 47.46939766255643 0.6
      vertex 15.667948722839355 43.849998474121094 0.6
      vertex 15.737060546875 43.96113967895508 0.6
    endloop
  endfacet
  facet normal 0 0 1
    outer loop
      vertex 15.486582838174549 47.46939766255643 0.6
      vertex 15.737060546875 43.96113967895508 0.6
      vertex 15.81329345703125 44.06752395629883 0.6
    endloop
  endfacet
  facet normal 0 0 1
    outer loop
      vertex 15.792802673484191 47.58465064747553 0.6
      vertex 15.81329345703125 44.06752395629883 0.6
      vertex 15.896320343017578 44.1686897277832 0.6
    endloop
  endfacet
  facet normal 0 0 1
    outer loop
      vertex 15.792802673484191 47.58465064747553 0.6
      vertex 15.896320343017578 44.1686897277832 0.6
      vertex 15.985786437988281 44.26421356201172 0.6
    endloop
  endfacet
  facet normal 0 0 1
    outer loop
      vertex 15.188556548904991 47.33436370766344 0.6
      vertex 15.468148231506348 43.367637634277344 0.6
      vertex 15.486582838174549 47.46939766255643 0.6
    endloop
  endfacet
  facet normal 0 0 1
    outer loop
      vertex 15.486582838174549 47.46939766255643 0.6
      vertex 15.81329345703125 44.06752395629883 0.6
      vertex 15.792802673484191 47.58465064747553 0.6
    endloop
  endfacet
  facet normal 0 0 1
    outer loop
      vertex 15.792802673484191 47.58465064747553 0.6
      vertex 15.985786437988281 44.26421356201172 0.6
      vertex 16.081308364868164 44.35367965698242 0.6
    endloop
  endfacet
  facet normal 0 0 1
    outer loop
      vertex 16.105904774487396 47.679629131445346 0.6
      vertex 16.081308364868164 44.35367965698242 0.6
      vertex 16.182477951049805 44.43670654296875 0.6
    endloop
  endfacet
  facet normal 0 0 1
    outer loop
      vertex 16.105904774487396 47.679629131445346 0.6
      vertex 16.182477951049805 44.43670654296875 0.6
      vertex 16.288860321044922 44.512939453125 0.6
    endloop
  endfacet
  facet normal 0 0 1
    outer loop
      vertex 16.105904774487396 47.679629131445346 0.6
      vertex 16.288860321044922 44.512939453125 0.6
      vertex 16.399999618530273 44.58205032348633 0.6
    endloop
  endfacet
  facet normal 0 0 1
    outer loop
      vertex 16.42454838991936 47.753926402016155 0.6
      vertex 16.399999618530273 44.58205032348633 0.6
      vertex 16.515422821044922 44.64374542236328 0.6
    endloop
  endfacet
  facet normal 0 0 1
    outer loop
      vertex 19.31341716182545 47.46939766255643 0.6
      vertex 19.382888793945312 43.111053466796875 0.6
      vertex 19.39571762084961 42.980804443359375 0.6
    endloop
  endfacet
  facet normal 0 0 1
    outer loop
      vertex 18.37545161008064 47.753926402016155 0.6
      vertex 18.284578323364258 44.64374542236328 0.6
      vertex 18.399999618530273 44.58205032348633 0.6
    endloop
  endfacet
  facet normal 0 0 1
    outer loop
      vertex 19.31341716182545 47.46939766255643 0.6
      vertex 19.361570358276367 43.24018096923828 0.6
      vertex 19.382888793945312 43.111053466796875 0.6
    endloop
  endfacet
  facet normal 0 0 1
    outer loop
      vertex 19.31341716182545 47.46939766255643 0.6
      vertex 19.331851959228516 43.367637634277344 0.6
      vertex 19.361570358276367 43.24018096923828 0.6
    endloop
  endfacet
  facet normal 0 0 1
    outer loop
      vertex 19.31341716182545 47.46939766255643 0.6
      vertex 19.247758865356445 43.6153678894043 0.6
      vertex 19.293859481811523 43.49287796020508 0.6
    endloop
  endfacet
  facet normal 0 0 1
    outer loop
      vertex 19.31341716182545 47.46939766255643 0.6
      vertex 19.293859481811523 43.49287796020508 0.6
      vertex 19.331851959228516 43.367637634277344 0.6
    endloop
  endfacet
  facet normal 0 0 1
    outer loop
      vertex 19.31341716182545 47.46939766255643 0.6
      vertex 19.062938690185547 43.96113967895508 0.6
      vertex 19.132051467895508 43.849998474121094 0.6
    endloop
  endfacet
  facet normal 0 0 1
    outer loop
      vertex 19.31341716182545 47.46939766255643 0.6
      vertex 19.193744659423828 43.73457717895508 0.6
      vertex 19.247758865356445 43.6153678894043 0.6
    endloop
  endfacet
  facet normal 0 0 1
    outer loop
      vertex 19.31341716182545 47.46939766255643 0.6
      vertex 19.132051467895508 43.849998474121094 0.6
      vertex 19.193744659423828 43.73457717895508 0.6
    endloop
  endfacet
  facet normal 0 0 1
    outer loop
      vertex 19.007197326515808 47.58465064747553 0.6
      vertex 18.814212799072266 44.26421356201172 0.6
      vertex 18.90367889404297 44.1686897277832 0.6
    endloop
  endfacet
  facet normal 0 0 1
    outer loop
      vertex 18.6940952255126 47.679629131445346 0.6
      vertex 18.511140823364258 44.512939453125 0.6
      vertex 18.617523193359375 44.43670654296875 0.6
    endloop
  endfacet
  facet normal 0 0 1
    outer loop
      vertex 18.6940952255126 47.679629131445346 0.6
      vertex 18.718690872192383 44.35367965698242 0.6
      vertex 18.814212799072266 44.26421356201172 0.6
    endloop
  endfacet
  facet normal 0 0 1
    outer loop
      vertex 18.6940952255126 47.679629131445346 0.6
      vertex 18.617523193359375 44.43670654296875 0.6
      vertex 18.718690872192383 44.35367965698242 0.6
    endloop
  endfacet
  facet normal 0 0 1
    outer loop
      vertex 18.6940952255126 47.679629131445346 0.6
      vertex 18.399999618530273 44.58205032348633 0.6
      vertex 18.511140823364258 44.512939453125 0.6
    endloop
  endfacet
  facet normal 0 0 1
    outer loop
      vertex 19.007197326515808 47.58465064747553 0.6
      vertex 18.986705780029297 44.06752395629883 0.6
      vertex 19.062938690185547 43.96113967895508 0.6
    endloop
  endfacet
  facet normal 0 0 1
    outer loop
      vertex 19.007197326515808 47.58465064747553 0.6
      vertex 18.90367889404297 44.1686897277832 0.6
      vertex 18.986705780029297 44.06752395629883 0.6
    endloop
  endfacet
  facet normal 0 0 1
    outer loop
      vertex 16.42454838991936 47.753926402016155 0.6
      vertex 16.515422821044922 44.64374542236328 0.6
      vertex 16.634634017944336 44.697757720947266 0.6
    endloop
  endfacet
  facet normal 0 0 1
    outer loop
      vertex 16.74736903889974 47.80722430686905 0.6
      vertex 16.634634017944336 44.697757720947266 0.6
      vertex 16.75712013244629 44.74386215209961 0.6
    endloop
  endfacet
  facet normal 0 0 1
    outer loop
      vertex 15.792802673484191 47.58465064747553 0.6
      vertex 16.081308364868164 44.35367965698242 0.6
      vertex 16.105904774487396 47.679629131445346 0.6
    endloop
  endfacet
  facet normal 0 0 1
    outer loop
      vertex 16.105904774487396 47.679629131445346 0.6
      vertex 16.399999618530273 44.58205032348633 0.6
      vertex 16.42454838991936 47.753926402016155 0.6
    endloop
  endfacet
  facet normal 0 0 1
    outer loop
      vertex 16.42454838991936 47.753926402016155 0.6
      vertex 16.634634017944336 44.697757720947266 0.6
      vertex 16.74736903889974 47.80722430686905 0.6
    endloop
  endfacet
  facet normal 0 0 1
    outer loop
      vertex 16.74736903889974 47.80722430686905 0.6
      vertex 16.75712013244629 44.74386215209961 0.6
      vertex 16.882362365722656 44.78185272216797 0.6
    endloop
  endfacet
  facet normal 0 0 1
    outer loop
      vertex 16.74736903889974 47.80722430686905 0.6
      vertex 16.882362365722656 44.78185272216797 0.6
      vertex 17.00981903076172 44.81156921386719 0.6
    endloop
  endfacet
  facet normal 0 0 1
    outer loop
      vertex 16.74736903889974 47.80722430686905 0.6
      vertex 17.00981903076172 44.81156921386719 0.6
      vertex 17.138948440551758 44.832889556884766 0.6
    endloop
  endfacet
  facet normal 0 0 1
    outer loop
      vertex 17.072984353849282 47.839294616193015 0.6
      vertex 17.138948440551758 44.832889556884766 0.6
      vertex 17.269193649291992 44.84571838378906 0.6
    endloop
  endfacet
  facet normal 0 0 1
    outer loop
      vertex 17.4 47.85 0.6
      vertex 17.269193649291992 44.84571838378906 0.6
      vertex 17.399999618530273 44.849998474121094 0.6
    endloop
  endfacet
  facet normal 0 0 1
    outer loop
      vertex 17.727015646150715 47.839294616193015 0.6
      vertex 17.399999618530273 44.849998474121094 0.6
      vertex 17.530805587768555 44.84571838378906 0.6
    endloop
  endfacet
  facet normal 0 0 1
    outer loop
      vertex 17.727015646150715 47.839294616193015 0.6
      vertex 17.530805587768555 44.84571838378906 0.6
      vertex 17.661052703857422 44.832889556884766 0.6
    endloop
  endfacet
  facet normal 0 0 1
    outer loop
      vertex 16.74736903889974 47.80722430686905 0.6
      vertex 17.138948440551758 44.832889556884766 0.6
      vertex 17.072984353849282 47.839294616193015 0.6
    endloop
  endfacet
  facet normal 0 0 1
    outer loop
      vertex 17.072984353849282 47.839294616193015 0.6
      vertex 17.269193649291992 44.84571838378906 0.6
      vertex 17.4 47.85 0.6
    endloop
  endfacet
  facet normal 0 0 1
    outer loop
      vertex 17.4 47.85 0.6
      vertex 17.399999618530273 44.849998474121094 0.6
      vertex 17.727015646150715 47.839294616193015 0.6
    endloop
  endfacet
  facet normal 0 0 1
    outer loop
      vertex 17.727015646150715 47.839294616193015 0.6
      vertex 17.661052703857422 44.832889556884766 0.6
      vertex 17.790180206298828 44.81156921386719 0.6
    endloop
  endfacet
  facet normal 0 0 1
    outer loop
      vertex 18.052630961100256 47.80722430686905 0.6
      vertex 17.790180206298828 44.81156921386719 0.6
      vertex 17.917638778686523 44.78185272216797 0.6
    endloop
  endfacet
  facet normal 0 0 1
    outer loop
      vertex 18.052630961100256 47.80722430686905 0.6
      vertex 18.042879104614258 44.74386215209961 0.6
      vertex 18.165367126464844 44.697757720947266 0.6
    endloop
  endfacet
  facet normal 0 0 1
    outer loop
      vertex 18.052630961100256 47.80722430686905 0.6
      vertex 17.917638778686523 44.78185272216797 0.6
      vertex 18.042879104614258 44.74386215209961 0.6
    endloop
  endfacet
  facet normal 0 0 1
    outer loop
      vertex 18.37545161008064 47.753926402016155 0.6
      vertex 18.165367126464844 44.697757720947266 0.6
      vertex 18.284578323364258 44.64374542236328 0.6
    endloop
  endfacet
  facet normal 0 0 1
    outer loop
      vertex 18.052630961100256 47.80722430686905 0.6
      vertex 18.165367126464844 44.697757720947266 0.6
      vertex 18.37545161008064 47.753926402016155 0.6
    endloop
  endfacet
  facet normal 0 0 1
    outer loop
      vertex 18.37545161008064 47.753926402016155 0.6
      vertex 18.399999618530273 44.58205032348633 0.6
      vertex 18.6940952255126 47.679629131445346 0.6
    endloop
  endfacet
  facet normal 0 0 1
    outer loop
      vertex 18.6940952255126 47.679629131445346 0.6
      vertex 18.814212799072266 44.26421356201172 0.6
      vertex 19.007197326515808 47.58465064747553 0.6
    endloop
  endfacet
  facet normal 0 0 1
    outer loop
      vertex 19.31341716182545 47.46939766255643 0.6
      vertex 19.007197326515808 47.58465064747553 0.6
      vertex 19.062938690185547 43.96113967895508 0.6
    endloop
  endfacet
  facet normal 0 0 1
    outer loop
      vertex 17.727015646150715 47.839294616193015 0.6
      vertex 17.790180206298828 44.81156921386719 0.6
      vertex 18.052630961100256 47.80722430686905 0.6
    endloop
  endfacet
  facet normal 0 0 1
    outer loop
      vertex 19.31341716182545 38.23060233744357 0.6
      vertex 19.611443451095006 38.36563629233656 0.6
      vertex 19.331851959228516 42.33236312866211 0.6
    endloop
  endfacet
  facet normal 0 0 1
    outer loop
      vertex 19.611443451095006 38.36563629233656 0.6
      vertex 19.361570358276367 42.45981979370117 0.6
      vertex 19.331851959228516 42.33236312866211 0.6
    endloop
  endfacet
  facet normal 0 0 1
    outer loop
      vertex 19.611443451095006 38.36563629233656 0.6
      vertex 19.382888793945312 42.58894729614258 0.6
      vertex 19.361570358276367 42.45981979370117 0.6
    endloop
  endfacet
  facet normal 0 0 1
    outer loop
      vertex 19.611443451095006 38.36563629233656 0.6
      vertex 19.39571762084961 42.71919250488281 0.6
      vertex 19.382888793945312 42.58894729614258 0.6
    endloop
  endfacet
  facet normal 0 0 1
    outer loop
      vertex 19.611443451095006 38.36563629233656 0.6
      vertex 19.399999618530273 42.849998474121094 0.6
      vertex 19.39571762084961 42.71919250488281 0.6
    endloop
  endfacet
  facet normal 0 0 1
    outer loop
      vertex 19.611443451095006 38.36563629233656 0.6
      vertex 19.39571762084961 42.980804443359375 0.6
      vertex 19.399999618530273 42.849998474121094 0.6
    endloop
  endfacet
  facet normal 0 0 1
    outer loop
      vertex 19.611443451095006 38.36563629233656 0.6
      vertex 19.9 38.51987298107781 0.6
      vertex 19.611443451095006 47.33436370766344 0.6
    endloop
  endfacet
  facet normal 0 0 1
    outer loop
      vertex 19.9 38.51987298107781 0.6
      vertex 20.17785116509801 38.69265193848727 0.6
      vertex 19.9 47.18012701892219 0.6
    endloop
  endfacet
  facet normal 0 0 1
    outer loop
      vertex 20.17785116509801 38.69265193848727 0.6
      vertex 20.4438071450436 38.88323329854383 0.6
      vertex 20.17785116509801 47.00734806151273 0.6
    endloop
  endfacet
  facet normal 0 0 1
    outer loop
      vertex 20.4438071450436 38.88323329854383 0.6
      vertex 20.696729075500343 39.090800962605115 0.6
      vertex 20.4438071450436 46.816766701456174 0.6
    endloop
  endfacet
  facet normal 0 0 1
    outer loop
      vertex 20.696729075500343 39.090800962605115 0.6
      vertex 20.935533905932736 39.314466094067264 0.6
      vertex 20.696729075500343 46.60919903739489 0.6
    endloop
  endfacet
  facet normal 0 0 1
    outer loop
      vertex 20.935533905932736 39.314466094067264 0.6
      vertex 21.159199037394885 39.55327092449966 0.6
      vertex 20.935533905932736 46.38553390593274 0.6
    endloop
  endfacet
  facet normal 0 0 1
    outer loop
      vertex 19.611443451095006 38.36563629233656 0.6
      vertex 19.31341716182545 47.46939766255643 0.6
      vertex 19.39571762084961 42.980804443359375 0.6
    endloop
  endfacet
  facet normal 0 0 1
    outer loop
      vertex 21.159199037394885 39.55327092449966 0.6
      vertex 21.366766701456175 39.8061928549564 0.6
      vertex 21.159199037394885 46.146729075500346 0.6
    endloop
  endfacet
  facet normal 0 0 1
    outer loop
      vertex 21.366766701456175 39.8061928549564 0.6
      vertex 21.557348061512727 40.07214883490199 0.6
      vertex 21.366766701456175 45.8938071450436 0.6
    endloop
  endfacet
  facet normal 0 0 1
    outer loop
      vertex 21.557348061512727 40.07214883490199 0.6
      vertex 21.73012701892219 40.35 0.6
      vertex 21.557348061512727 45.627851165098015 0.6
    endloop
  endfacet
  facet normal 0 0 1
    outer loop
      vertex 21.73012701892219 40.35 0.6
      vertex 21.88436370766344 40.638556548904994 0.6
      vertex 21.73012701892219 45.35 0.6
    endloop
  endfacet
  facet normal 0 0 1
    outer loop
      vertex 21.88436370766344 40.638556548904994 0.6
      vertex 22.019397662556432 40.93658283817455 0.6
      vertex 21.88436370766344 45.06144345109501 0.6
    endloop
  endfacet
  facet normal 0 0 1
    outer loop
      vertex 22.019397662556432 40.93658283817455 0.6
      vertex 22.134650647475528 41.24280267348419 0.6
      vertex 22.019397662556432 44.76341716182545 0.6
    endloop
  endfacet
  facet normal 0 0 1
    outer loop
      vertex 22.134650647475528 41.24280267348419 0.6
      vertex 22.22962913144534 41.555904774487395 0.6
      vertex 22.134650647475528 44.45719732651581 0.6
    endloop
  endfacet
  facet normal 0 0 1
    outer loop
      vertex 22.22962913144534 41.555904774487395 0.6
      vertex 22.303926402016153 41.87454838991936 0.6
      vertex 22.22962913144534 44.14409522551261 0.6
    endloop
  endfacet
  facet normal 0 0 1
    outer loop
      vertex 22.303926402016153 41.87454838991936 0.6
      vertex 22.35722430686905 42.197369038899744 0.6
      vertex 22.303926402016153 43.82545161008064 0.6
    endloop
  endfacet
  facet normal 0 0 1
    outer loop
      vertex 22.35722430686905 42.197369038899744 0.6
      vertex 22.389294616193016 42.52298435384929 0.6
      vertex 22.35722430686905 43.50263096110026 0.6
    endloop
  endfacet
  facet normal 0 0 1
    outer loop
      vertex 22.389294616193016 42.52298435384929 0.6
      vertex 22.4 42.85 0.6
      vertex 22.389294616193016 43.177015646150714 0.6
    endloop
  endfacet
  facet normal 0 0 1
    outer loop
      vertex 22.389294616193016 42.52298435384929 0.6
      vertex 22.389294616193016 43.177015646150714 0.6
      vertex 22.35722430686905 43.50263096110026 0.6
    endloop
  endfacet
  facet normal 0 0 1
    outer loop
      vertex 22.35722430686905 42.197369038899744 0.6
      vertex 22.35722430686905 43.50263096110026 0.6
      vertex 22.303926402016153 43.82545161008064 0.6
    endloop
  endfacet
  facet normal 0 0 1
    outer loop
      vertex 22.22962913144534 41.555904774487395 0.6
      vertex 22.22962913144534 44.14409522551261 0.6
      vertex 22.134650647475528 44.45719732651581 0.6
    endloop
  endfacet
  facet normal 0 0 1
    outer loop
      vertex 22.134650647475528 41.24280267348419 0.6
      vertex 22.134650647475528 44.45719732651581 0.6
      vertex 22.019397662556432 44.76341716182545 0.6
    endloop
  endfacet
  facet normal 0 0 1
    outer loop
      vertex 22.303926402016153 41.87454838991936 0.6
      vertex 22.303926402016153 43.82545161008064 0.6
      vertex 22.22962913144534 44.14409522551261 0.6
    endloop
  endfacet
  facet normal 0 0 1
    outer loop
      vertex 19.611443451095006 38.36563629233656 0.6
      vertex 19.611443451095006 47.33436370766344 0.6
      vertex 19.31341716182545 47.46939766255643 0.6
    endloop
  endfacet
  facet normal 0 0 1
    outer loop
      vertex 19.9 38.51987298107781 0.6
      vertex 19.9 47.18012701892219 0.6
      vertex 19.611443451095006 47.33436370766344 0.6
    endloop
  endfacet
  facet normal 0 0 1
    outer loop
      vertex 20.17785116509801 38.69265193848727 0.6
      vertex 20.17785116509801 47.00734806151273 0.6
      vertex 19.9 47.18012701892219 0.6
    endloop
  endfacet
  facet normal 0 0 1
    outer loop
      vertex 21.159199037394885 39.55327092449966 0.6
      vertex 21.159199037394885 46.146729075500346 0.6
      vertex 20.935533905932736 46.38553390593274 0.6
    endloop
  endfacet
  facet normal 0 0 1
    outer loop
      vertex 20.4438071450436 38.88323329854383 0.6
      vertex 20.4438071450436 46.816766701456174 0.6
      vertex 20.17785116509801 47.00734806151273 0.6
    endloop
  endfacet
  facet normal 0 0 1
    outer loop
      vertex 20.696729075500343 39.090800962605115 0.6
      vertex 20.696729075500343 46.60919903739489 0.6
      vertex 20.4438071450436 46.816766701456174 0.6
    endloop
  endfacet
  facet normal 0 0 1
    outer loop
      vertex 20.935533905932736 39.314466094067264 0.6
      vertex 20.935533905932736 46.38553390593274 0.6
      vertex 20.696729075500343 46.60919903739489 0.6
    endloop
  endfacet
  facet normal 0 0 1
    outer loop
      vertex 21.366766701456175 39.8061928549564 0.6
      vertex 21.366766701456175 45.8938071450436 0.6
      vertex 21.159199037394885 46.146729075500346 0.6
    endloop
  endfacet
  facet normal 0 0 1
    outer loop
      vertex 21.557348061512727 40.07214883490199 0.6
      vertex 21.557348061512727 45.627851165098015 0.6
      vertex 21.366766701456175 45.8938071450436 0.6
    endloop
  endfacet
  facet normal 0 0 1
    outer loop
      vertex 21.73012701892219 40.35 0.6
      vertex 21.73012701892219 45.35 0.6
      vertex 21.557348061512727 45.627851165098015 0.6
    endloop
  endfacet
  facet normal 0 0 1
    outer loop
      vertex 22.019397662556432 40.93658283817455 0.6
      vertex 22.019397662556432 44.76341716182545 0.6
      vertex 21.88436370766344 45.06144345109501 0.6
    endloop
  endfacet
  facet normal 0 0 1
    outer loop
      vertex 21.88436370766344 40.638556548904994 0.6
      vertex 21.88436370766344 45.06144345109501 0.6
      vertex 21.73012701892219 45.35 0.6
    endloop
  endfacet
  facet normal -0.6835923020228698 -0.7298640726978372 0
    outer loop
      vertex 14.103270924499654 14.490800962605114 0.6
      vertex 13.86446609406726 14.714466094067262 0
      vertex 14.103270924499654 14.490800962605114 0
    endloop
  endfacet
  facet normal -0.7730104533627351 -0.6343932841636478 0
    outer loop
      vertex 13.433233298543822 15.206192854956397 0.6
      vertex 13.433233298543822 15.206192854956397 0
      vertex 13.640800962605113 14.953270924499655 0
    endloop
  endfacet
  facet normal -0.812846684591617 -0.5824776968677996 0
    outer loop
      vertex 13.242651938487272 15.47214883490199 0.6
      vertex 13.242651938487272 15.47214883490199 0
      vertex 13.433233298543822 15.206192854956397 0
    endloop
  endfacet
  facet normal -0.7298640726978372 -0.6835923020228698 0
    outer loop
      vertex 13.640800962605113 14.953270924499655 0.6
      vertex 13.640800962605113 14.953270924499655 0
      vertex 13.86446609406726 14.714466094067262 0
    endloop
  endfacet
  facet normal -0.5824776968677996 -0.812846684591617 0
    outer loop
      vertex 14.622148834901989 14.092651938487274 0.6
      vertex 14.356192854956396 14.283233298543824 0
      vertex 14.622148834901989 14.092651938487274 0
    endloop
  endfacet
  facet normal -0.5280678506503682 -0.8492021815265787 0
    outer loop
      vertex 14.899999999999999 13.919872981077807 0.6
      vertex 14.622148834901989 14.092651938487274 0
      vertex 14.899999999999999 13.919872981077807 0
    endloop
  endfacet
  facet normal -0.4127070298043966 -0.9108638249211749 0
    outer loop
      vertex 15.486582838174549 13.630602337443566 0.6
      vertex 15.188556548904991 13.76563629233656 0
      vertex 15.486582838174549 13.630602337443566 0
    endloop
  endfacet
  facet normal -0.3522500479212347 -0.9359059267573253 0
    outer loop
      vertex 15.792802673484191 13.51534935252447 0.6
      vertex 15.486582838174549 13.630602337443566 0
      vertex 15.792802673484191 13.51534935252447 0
    endloop
  endfacet
  facet normal -0.4713967368259987 -0.8819212643483545 0
    outer loop
      vertex 15.188556548904991 13.76563629233656 0.6
      vertex 14.899999999999999 13.919872981077807 0
      vertex 15.188556548904991 13.76563629233656 0
    endloop
  endfacet
  facet normal -0.6343932841636478 -0.7730104533627351 0
    outer loop
      vertex 14.356192854956396 14.283233298543824 0.6
      vertex 14.103270924499654 14.490800962605114 0
      vertex 14.356192854956396 14.283233298543824 0
    endloop
  endfacet
  facet normal -0.8492021815265787 -0.5280678506503682 0
    outer loop
      vertex 13.069872981077806 15.75 0.6
      vertex 13.069872981077806 15.75 0
      vertex 13.242651938487272 15.47214883490199 0
    endloop
  endfacet
  facet normal -0.8819212643483545 -0.4713967368259987 0
    outer loop
      vertex 12.915636292336558 16.038556548904992 0.6
      vertex 12.915636292336558 16.038556548904992 0
      vertex 13.069872981077806 15.75 0
    endloop
  endfacet
  facet normal -0.9108638249211749 -0.4127070298043966 0
    outer loop
      vertex 12.780602337443565 16.33658283817455 0.6
      vertex 12.780602337443565 16.33658283817455 0
      vertex 12.915636292336558 16.038556548904992 0
    endloop
  endfacet
  facet normal -0.9359059267573245 -0.3522500479212365 0
    outer loop
      vertex 12.66534935252447 16.64280267348419 0.6
      vertex 12.66534935252447 16.64280267348419 0
      vertex 12.780602337443565 16.33658283817455 0
    endloop
  endfacet
  facet normal -0.9569403357322112 -0.2902846772544548 0
    outer loop
      vertex 12.570370868554658 16.955904774487397 0.6
      vertex 12.570370868554658 16.955904774487397 0
      vertex 12.66534935252447 16.64280267348419 0
    endloop
  endfacet
  facet normal -0.9738769792773332 -0.22707626303437511 0
    outer loop
      vertex 12.496073597983846 17.27454838991936 0.6
      vertex 12.496073597983846 17.27454838991936 0
      vertex 12.570370868554658 16.955904774487397 0
    endloop
  endfacet
  facet normal -0.9866433320848793 -0.16289547339458677 0
    outer loop
      vertex 12.442775693130947 17.597369038899743 0.6
      vertex 12.442775693130947 17.597369038899743 0
      vertex 12.496073597983846 17.27454838991936 0
    endloop
  endfacet
  facet normal -0.2902846772544563 -0.9569403357322107 0
    outer loop
      vertex 16.105904774487396 13.42037086855466 0.6
      vertex 15.792802673484191 13.51534935252447 0
      vertex 16.105904774487396 13.42037086855466 0
    endloop
  endfacet
  facet normal -0.22707626303437511 -0.9738769792773332 0
    outer loop
      vertex 16.42454838991936 13.346073597983848 0.6
      vertex 16.105904774487396 13.42037086855466 0
      vertex 16.42454838991936 13.346073597983848 0
    endloop
  endfacet
  facet normal -0.16289547339458677 -0.9866433320848793 0
    outer loop
      vertex 16.74736903889974 13.292775693130949 0.6
      vertex 16.42454838991936 13.346073597983848 0
      vertex 16.74736903889974 13.292775693130949 0
    endloop
  endfacet
  facet normal -0.0980171403295641 -0.9951847266721966 0
    outer loop
      vertex 17.072984353849282 13.260705383806982 0.6
      vertex 16.74736903889974 13.292775693130949 0
      vertex 17.072984353849282 13.260705383806982 0
    endloop
  endfacet
  facet normal -0.03271908282177578 -0.9994645874763656 0
    outer loop
      vertex 17.4 13.25 0.6
      vertex 17.072984353849282 13.260705383806982 0
      vertex 17.4 13.25 0
    endloop
  endfacet
  facet normal 0.03271908282177578 -0.9994645874763656 0
    outer loop
      vertex 17.727015646150715 13.260705383806982 0.6
      vertex 17.4 13.25 0
      vertex 17.727015646150715 13.260705383806982 0
    endloop
  endfacet
  facet normal 0.0980171403295641 -0.9951847266721966 0
    outer loop
      vertex 18.052630961100256 13.292775693130949 0.6
      vertex 17.727015646150715 13.260705383806982 0
      vertex 18.052630961100256 13.292775693130949 0
    endloop
  endfacet
  facet normal 0.16289547339458677 -0.9866433320848793 0
    outer loop
      vertex 18.37545161008064 13.346073597983848 0.6
      vertex 18.052630961100256 13.292775693130949 0
      vertex 18.37545161008064 13.346073597983848 0
    endloop
  endfacet
  facet normal 0.22707626303437511 -0.9738769792773332 0
    outer loop
      vertex 18.6940952255126 13.42037086855466 0.6
      vertex 18.37545161008064 13.346073597983848 0
      vertex 18.6940952255126 13.42037086855466 0
    endloop
  endfacet
  facet normal 0.2902846772544548 -0.9569403357322112 0
    outer loop
      vertex 19.007197326515808 13.51534935252447 0.6
      vertex 18.6940952255126 13.42037086855466 0
      vertex 19.007197326515808 13.51534935252447 0
    endloop
  endfacet
  facet normal 0.3522500479212365 -0.9359059267573245 0
    outer loop
      vertex 19.31341716182545 13.630602337443566 0.6
      vertex 19.007197326515808 13.51534935252447 0
      vertex 19.31341716182545 13.630602337443566 0
    endloop
  endfacet
  facet normal -0.9951847266721966 -0.0980171403295641 0
    outer loop
      vertex 12.410705383806981 17.922984353849284 0.6
      vertex 12.410705383806981 17.922984353849284 0
      vertex 12.442775693130947 17.597369038899743 0
    endloop
  endfacet
  facet normal -0.9994645874763656 -0.03271908282177578 0
    outer loop
      vertex 12.399999999999999 18.25 0.6
      vertex 12.399999999999999 18.25 0
      vertex 12.410705383806981 17.922984353849284 0
    endloop
  endfacet
  facet normal -0.9994645874763656 0.03271908282177578 0
    outer loop
      vertex 12.410705383806981 18.577015646150716 0.6
      vertex 12.410705383806981 18.577015646150716 0
      vertex 12.399999999999999 18.25 0
    endloop
  endfacet
  facet normal -0.9951847266721966 0.0980171403295641 0
    outer loop
      vertex 12.442775693130947 18.902630961100257 0.6
      vertex 12.442775693130947 18.902630961100257 0
      vertex 12.410705383806981 18.577015646150716 0
    endloop
  endfacet
  facet normal -0.9866433320848793 0.16289547339458677 0
    outer loop
      vertex 12.496073597983846 19.22545161008064 0.6
      vertex 12.496073597983846 19.22545161008064 0
      vertex 12.442775693130947 18.902630961100257 0
    endloop
  endfacet
  facet normal -0.9738769792773332 0.22707626303437511 0
    outer loop
      vertex 12.570370868554658 19.544095225512603 0.6
      vertex 12.570370868554658 19.544095225512603 0
      vertex 12.496073597983846 19.22545161008064 0
    endloop
  endfacet
  facet normal -0.9569403357322112 0.2902846772544548 0
    outer loop
      vertex 12.66534935252447 19.85719732651581 0.6
      vertex 12.66534935252447 19.85719732651581 0
      vertex 12.570370868554658 19.544095225512603 0
    endloop
  endfacet
  facet normal -0.9359059267573245 0.3522500479212365 0
    outer loop
      vertex 12.780602337443565 20.16341716182545 0.6
      vertex 12.780602337443565 20.16341716182545 0
      vertex 12.66534935252447 19.85719732651581 0
    endloop
  endfacet
  facet normal -0.9108638249211749 0.4127070298043966 0
    outer loop
      vertex 12.915636292336558 20.461443451095008 0.6
      vertex 12.915636292336558 20.461443451095008 0
      vertex 12.780602337443565 20.16341716182545 0
    endloop
  endfacet
  facet normal -0.8819212643483545 0.4713967368259987 0
    outer loop
      vertex 13.069872981077806 20.75 0.6
      vertex 13.069872981077806 20.75 0
      vertex 12.915636292336558 20.461443451095008 0
    endloop
  endfacet
  facet normal -0.8492021815265787 0.5280678506503682 0
    outer loop
      vertex 13.242651938487272 21.02785116509801 0.6
      vertex 13.242651938487272 21.02785116509801 0
      vertex 13.069872981077806 20.75 0
    endloop
  endfacet
  facet normal -0.8128466845916152 0.5824776968678022 0
    outer loop
      vertex 13.433233298543822 21.2938071450436 0.6
      vertex 13.433233298543822 21.2938071450436 0
      vertex 13.242651938487272 21.02785116509801 0
    endloop
  endfacet
  facet normal -0.7730104533627373 0.6343932841636452 0
    outer loop
      vertex 13.640800962605113 21.546729075500345 0.6
      vertex 13.640800962605113 21.546729075500345 0
      vertex 13.433233298543822 21.2938071450436 0
    endloop
  endfacet
  facet normal -0.7298640726978372 0.6835923020228698 0
    outer loop
      vertex 13.86446609406726 21.785533905932738 0.6
      vertex 13.86446609406726 21.785533905932738 0
      vertex 13.640800962605113 21.546729075500345 0
    endloop
  endfacet
  facet normal -0.6835923020228698 0.7298640726978372 0
    outer loop
      vertex 13.86446609406726 21.785533905932738 0.6
      vertex 14.103270924499654 22.009199037394886 0
      vertex 13.86446609406726 21.785533905932738 0
    endloop
  endfacet
  facet normal 0.4127070298043966 -0.9108638249211749 0
    outer loop
      vertex 19.611443451095006 13.76563629233656 0.6
      vertex 19.31341716182545 13.630602337443566 0
      vertex 19.611443451095006 13.76563629233656 0
    endloop
  endfacet
  facet normal 0.4713967368259987 -0.8819212643483545 0
    outer loop
      vertex 19.9 13.919872981077807 0.6
      vertex 19.611443451095006 13.76563629233656 0
      vertex 19.9 13.919872981077807 0
    endloop
  endfacet
  facet normal 0.5280678506503682 -0.8492021815265787 0
    outer loop
      vertex 20.17785116509801 14.092651938487274 0.6
      vertex 19.9 13.919872981077807 0
      vertex 20.17785116509801 14.092651938487274 0
    endloop
  endfacet
  facet normal 0.5824776968678022 -0.8128466845916152 0
    outer loop
      vertex 20.4438071450436 14.283233298543824 0.6
      vertex 20.17785116509801 14.092651938487274 0
      vertex 20.4438071450436 14.283233298543824 0
    endloop
  endfacet
  facet normal 0.6343932841636452 -0.7730104533627373 0
    outer loop
      vertex 20.696729075500343 14.490800962605114 0.6
      vertex 20.4438071450436 14.283233298543824 0
      vertex 20.696729075500343 14.490800962605114 0
    endloop
  endfacet
  facet normal 0.6835923020228698 -0.7298640726978372 0
    outer loop
      vertex 20.935533905932736 14.714466094067262 0.6
      vertex 20.696729075500343 14.490800962605114 0
      vertex 20.935533905932736 14.714466094067262 0
    endloop
  endfacet
  facet normal 0.7298640726978372 -0.6835923020228698 0
    outer loop
      vertex 20.935533905932736 14.714466094067262 0.6
      vertex 20.935533905932736 14.714466094067262 0
      vertex 21.159199037394885 14.953270924499655 0
    endloop
  endfacet
  facet normal 0.7730104533627351 -0.6343932841636478 0
    outer loop
      vertex 21.159199037394885 14.953270924499655 0.6
      vertex 21.159199037394885 14.953270924499655 0
      vertex 21.366766701456175 15.206192854956397 0
    endloop
  endfacet
  facet normal 0.8128466845916146 -0.5824776968678033 0
    outer loop
      vertex 21.366766701456175 15.206192854956397 0.6
      vertex 21.366766701456175 15.206192854956397 0
      vertex 21.557348061512727 15.47214883490199 0
    endloop
  endfacet
  facet normal 0.8492021815265836 -0.5280678506503604 0
    outer loop
      vertex 21.557348061512727 15.47214883490199 0.6
      vertex 21.557348061512727 15.47214883490199 0
      vertex 21.73012701892219 15.75 0
    endloop
  endfacet
  facet normal 0.8819212643483523 -0.4713967368260029 0
    outer loop
      vertex 21.73012701892219 15.75 0.6
      vertex 21.73012701892219 15.75 0
      vertex 21.88436370766344 16.038556548904992 0
    endloop
  endfacet
  facet normal 0.9108638249211749 -0.4127070298043966 0
    outer loop
      vertex 21.88436370766344 16.038556548904992 0.6
      vertex 21.88436370766344 16.038556548904992 0
      vertex 22.019397662556432 16.33658283817455 0
    endloop
  endfacet
  facet normal 0.9359059267573245 -0.3522500479212365 0
    outer loop
      vertex 22.019397662556432 16.33658283817455 0.6
      vertex 22.019397662556432 16.33658283817455 0
      vertex 22.134650647475528 16.64280267348419 0
    endloop
  endfacet
  facet normal 0.9569403357322112 -0.2902846772544548 0
    outer loop
      vertex 22.134650647475528 16.64280267348419 0.6
      vertex 22.134650647475528 16.64280267348419 0
      vertex 22.22962913144534 16.955904774487397 0
    endloop
  endfacet
  facet normal 0.9738769792773321 -0.2270762630343803 0
    outer loop
      vertex 22.22962913144534 16.955904774487397 0.6
      vertex 22.22962913144534 16.955904774487397 0
      vertex 22.303926402016153 17.27454838991936 0
    endloop
  endfacet
  facet normal 0.9866433320848802 -0.16289547339458146 0
    outer loop
      vertex 22.303926402016153 17.27454838991936 0.6
      vertex 22.303926402016153 17.27454838991936 0
      vertex 22.35722430686905 17.597369038899743 0
    endloop
  endfacet
  facet normal 0.9951847266721966 -0.0980171403295641 0
    outer loop
      vertex 22.35722430686905 17.597369038899743 0.6
      vertex 22.35722430686905 17.597369038899743 0
      vertex 22.389294616193016 17.922984353849284 0
    endloop
  endfacet
  facet normal 0.9994645874763656 -0.03271908282177578 0
    outer loop
      vertex 22.389294616193016 17.922984353849284 0.6
      vertex 22.389294616193016 17.922984353849284 0
      vertex 22.4 18.25 0
    endloop
  endfacet
  facet normal 0.9994645874763656 0.03271908282177578 0
    outer loop
      vertex 22.4 18.25 0.6
      vertex 22.4 18.25 0
      vertex 22.389294616193016 18.577015646150716 0
    endloop
  endfacet
  facet normal 0.9951847266721966 0.0980171403295641 0
    outer loop
      vertex 22.389294616193016 18.577015646150716 0.6
      vertex 22.389294616193016 18.577015646150716 0
      vertex 22.35722430686905 18.902630961100257 0
    endloop
  endfacet
  facet normal 0.9866433320848802 0.16289547339458146 0
    outer loop
      vertex 22.35722430686905 18.902630961100257 0.6
      vertex 22.35722430686905 18.902630961100257 0
      vertex 22.303926402016153 19.22545161008064 0
    endloop
  endfacet
  facet normal 0.9738769792773321 0.2270762630343803 0
    outer loop
      vertex 22.303926402016153 19.22545161008064 0.6
      vertex 22.303926402016153 19.22545161008064 0
      vertex 22.22962913144534 19.544095225512603 0
    endloop
  endfacet
  facet normal 0.9569403357322112 0.2902846772544548 0
    outer loop
      vertex 22.22962913144534 19.544095225512603 0.6
      vertex 22.22962913144534 19.544095225512603 0
      vertex 22.134650647475528 19.85719732651581 0
    endloop
  endfacet
  facet normal 0.7298640726978372 0.6835923020228698 0
    outer loop
      vertex 21.159199037394885 21.546729075500345 0.6
      vertex 21.159199037394885 21.546729075500345 0
      vertex 20.935533905932736 21.785533905932738 0
    endloop
  endfacet
  facet normal 0.9108638249211749 0.4127070298043966 0
    outer loop
      vertex 22.019397662556432 20.16341716182545 0.6
      vertex 22.019397662556432 20.16341716182545 0
      vertex 21.88436370766344 20.461443451095008 0
    endloop
  endfacet
  facet normal 0.8819212643483523 0.4713967368260029 0
    outer loop
      vertex 21.88436370766344 20.461443451095008 0.6
      vertex 21.88436370766344 20.461443451095008 0
      vertex 21.73012701892219 20.75 0
    endloop
  endfacet
  facet normal 0.9359059267573245 0.3522500479212365 0
    outer loop
      vertex 22.134650647475528 19.85719732651581 0.6
      vertex 22.134650647475528 19.85719732651581 0
      vertex 22.019397662556432 20.16341716182545 0
    endloop
  endfacet
  facet normal 0.8128466845916127 0.5824776968678057 0
    outer loop
      vertex 21.557348061512727 21.02785116509801 0.6
      vertex 21.557348061512727 21.02785116509801 0
      vertex 21.366766701456175 21.2938071450436 0
    endloop
  endfacet
  facet normal 0.8492021815265836 0.5280678506503604 0
    outer loop
      vertex 21.73012701892219 20.75 0.6
      vertex 21.73012701892219 20.75 0
      vertex 21.557348061512727 21.02785116509801 0
    endloop
  endfacet
  facet normal 0.7730104533627373 0.6343932841636452 0
    outer loop
      vertex 21.366766701456175 21.2938071450436 0.6
      vertex 21.366766701456175 21.2938071450436 0
      vertex 21.159199037394885 21.546729075500345 0
    endloop
  endfacet
  facet normal -0.6343932841636478 0.7730104533627351 0
    outer loop
      vertex 14.103270924499654 22.009199037394886 0.6
      vertex 14.356192854956396 22.216766701456176 0
      vertex 14.103270924499654 22.009199037394886 0
    endloop
  endfacet
  facet normal -0.5824776968678033 0.8128466845916146 0
    outer loop
      vertex 14.356192854956396 22.216766701456176 0.6
      vertex 14.622148834901989 22.407348061512728 0
      vertex 14.356192854956396 22.216766701456176 0
    endloop
  endfacet
  facet normal -0.5280678506503604 0.8492021815265836 0
    outer loop
      vertex 14.622148834901989 22.407348061512728 0.6
      vertex 14.899999999999999 22.58012701892219 0
      vertex 14.622148834901989 22.407348061512728 0
    endloop
  endfacet
  facet normal -0.4713967368260029 0.8819212643483523 0
    outer loop
      vertex 14.899999999999999 22.58012701892219 0.6
      vertex 15.188556548904991 22.73436370766344 0
      vertex 14.899999999999999 22.58012701892219 0
    endloop
  endfacet
  facet normal -0.4127070298043966 0.9108638249211749 0
    outer loop
      vertex 15.188556548904991 22.73436370766344 0.6
      vertex 15.486582838174549 22.869397662556434 0
      vertex 15.188556548904991 22.73436370766344 0
    endloop
  endfacet
  facet normal -0.3522500479212347 0.9359059267573253 0
    outer loop
      vertex 15.486582838174549 22.869397662556434 0.6
      vertex 15.792802673484191 22.98465064747553 0
      vertex 15.486582838174549 22.869397662556434 0
    endloop
  endfacet
  facet normal -0.2902846772544563 0.9569403357322107 0
    outer loop
      vertex 15.792802673484191 22.98465064747553 0.6
      vertex 16.105904774487396 23.07962913144534 0
      vertex 15.792802673484191 22.98465064747553 0
    endloop
  endfacet
  facet normal -0.2270762630343803 0.9738769792773321 0
    outer loop
      vertex 16.105904774487396 23.07962913144534 0.6
      vertex 16.42454838991936 23.153926402016154 0
      vertex 16.105904774487396 23.07962913144534 0
    endloop
  endfacet
  facet normal -0.16289547339458146 0.9866433320848802 0
    outer loop
      vertex 16.42454838991936 23.153926402016154 0.6
      vertex 16.74736903889974 23.20722430686905 0
      vertex 16.42454838991936 23.153926402016154 0
    endloop
  endfacet
  facet normal -0.0980171403295641 0.9951847266721966 0
    outer loop
      vertex 16.74736903889974 23.20722430686905 0.6
      vertex 17.072984353849282 23.239294616193018 0
      vertex 16.74736903889974 23.20722430686905 0
    endloop
  endfacet
  facet normal -0.03271908282177578 0.9994645874763656 0
    outer loop
      vertex 17.072984353849282 23.239294616193018 0.6
      vertex 17.4 23.25 0
      vertex 17.072984353849282 23.239294616193018 0
    endloop
  endfacet
  facet normal 0.03271908282177578 0.9994645874763656 0
    outer loop
      vertex 17.4 23.25 0.6
      vertex 17.727015646150715 23.239294616193018 0
      vertex 17.4 23.25 0
    endloop
  endfacet
  facet normal 0.3522500479212365 0.9359059267573245 0
    outer loop
      vertex 19.007197326515808 22.98465064747553 0.6
      vertex 19.31341716182545 22.869397662556434 0
      vertex 19.007197326515808 22.98465064747553 0
    endloop
  endfacet
  facet normal 0.0980171403295641 0.9951847266721966 0
    outer loop
      vertex 17.727015646150715 23.239294616193018 0.6
      vertex 18.052630961100256 23.20722430686905 0
      vertex 17.727015646150715 23.239294616193018 0
    endloop
  endfacet
  facet normal 0.16289547339458146 0.9866433320848802 0
    outer loop
      vertex 18.052630961100256 23.20722430686905 0.6
      vertex 18.37545161008064 23.153926402016154 0
      vertex 18.052630961100256 23.20722430686905 0
    endloop
  endfacet
  facet normal 0.2270762630343803 0.9738769792773321 0
    outer loop
      vertex 18.37545161008064 23.153926402016154 0.6
      vertex 18.6940952255126 23.07962913144534 0
      vertex 18.37545161008064 23.153926402016154 0
    endloop
  endfacet
  facet normal 0.2902846772544548 0.9569403357322112 0
    outer loop
      vertex 18.6940952255126 23.07962913144534 0.6
      vertex 19.007197326515808 22.98465064747553 0
      vertex 18.6940952255126 23.07962913144534 0
    endloop
  endfacet
  facet normal 0.5824776968678057 0.8128466845916127 0
    outer loop
      vertex 20.17785116509801 22.407348061512728 0.6
      vertex 20.4438071450436 22.216766701456176 0
      vertex 20.17785116509801 22.407348061512728 0
    endloop
  endfacet
  facet normal 0.4713967368260029 0.8819212643483523 0
    outer loop
      vertex 19.611443451095006 22.73436370766344 0.6
      vertex 19.9 22.58012701892219 0
      vertex 19.611443451095006 22.73436370766344 0
    endloop
  endfacet
  facet normal 0.4127070298043966 0.9108638249211749 0
    outer loop
      vertex 19.31341716182545 22.869397662556434 0.6
      vertex 19.611443451095006 22.73436370766344 0
      vertex 19.31341716182545 22.869397662556434 0
    endloop
  endfacet
  facet normal 0.5280678506503604 0.8492021815265836 0
    outer loop
      vertex 19.9 22.58012701892219 0.6
      vertex 20.17785116509801 22.407348061512728 0
      vertex 19.9 22.58012701892219 0
    endloop
  endfacet
  facet normal 0.6343932841636452 0.7730104533627373 0
    outer loop
      vertex 20.4438071450436 22.216766701456176 0.6
      vertex 20.696729075500343 22.009199037394886 0
      vertex 20.4438071450436 22.216766701456176 0
    endloop
  endfacet
  facet normal 0.6835923020228698 0.7298640726978372 0
    outer loop
      vertex 20.696729075500343 22.009199037394886 0.6
      vertex 20.935533905932736 21.785533905932738 0
      vertex 20.696729075500343 22.009199037394886 0
    endloop
  endfacet
  facet normal -0.7298640726978372 -0.6835923020228698 0
    outer loop
      vertex 13.86446609406726 14.714466094067262 0.6
      vertex 13.640800962605113 14.953270924499655 0.6
      vertex 13.86446609406726 14.714466094067262 0
    endloop
  endfacet
  facet normal -0.6835923020228698 -0.7298640726978372 0
    outer loop
      vertex 14.103270924499654 14.490800962605114 0.6
      vertex 13.86446609406726 14.714466094067262 0.6
      vertex 13.86446609406726 14.714466094067262 0
    endloop
  endfacet
  facet normal -0.7730104533627351 -0.6343932841636478 0
    outer loop
      vertex 13.640800962605113 14.953270924499655 0.6
      vertex 13.433233298543822 15.206192854956397 0.6
      vertex 13.640800962605113 14.953270924499655 0
    endloop
  endfacet
  facet normal -0.812846684591617 -0.5824776968677996 0
    outer loop
      vertex 13.433233298543822 15.206192854956397 0.6
      vertex 13.242651938487272 15.47214883490199 0.6
      vertex 13.433233298543822 15.206192854956397 0
    endloop
  endfacet
  facet normal -0.5824776968677996 -0.812846684591617 0
    outer loop
      vertex 14.356192854956396 14.283233298543824 0.6
      vertex 14.356192854956396 14.283233298543824 0
      vertex 14.622148834901989 14.092651938487274 0.6
    endloop
  endfacet
  facet normal -0.5280678506503682 -0.8492021815265787 0
    outer loop
      vertex 14.899999999999999 13.919872981077807 0.6
      vertex 14.622148834901989 14.092651938487274 0.6
      vertex 14.622148834901989 14.092651938487274 0
    endloop
  endfacet
  facet normal -0.4713967368259987 -0.8819212643483545 0
    outer loop
      vertex 14.899999999999999 13.919872981077807 0.6
      vertex 14.899999999999999 13.919872981077807 0
      vertex 15.188556548904991 13.76563629233656 0.6
    endloop
  endfacet
  facet normal -0.4127070298043966 -0.9108638249211749 0
    outer loop
      vertex 15.188556548904991 13.76563629233656 0.6
      vertex 15.188556548904991 13.76563629233656 0
      vertex 15.486582838174549 13.630602337443566 0.6
    endloop
  endfacet
  facet normal -0.2902846772544563 -0.9569403357322107 0
    outer loop
      vertex 15.792802673484191 13.51534935252447 0.6
      vertex 15.792802673484191 13.51534935252447 0
      vertex 16.105904774487396 13.42037086855466 0.6
    endloop
  endfacet
  facet normal -0.3522500479212347 -0.9359059267573253 0
    outer loop
      vertex 15.792802673484191 13.51534935252447 0.6
      vertex 15.486582838174549 13.630602337443566 0.6
      vertex 15.486582838174549 13.630602337443566 0
    endloop
  endfacet
  facet normal -0.6343932841636478 -0.7730104533627351 0
    outer loop
      vertex 14.103270924499654 14.490800962605114 0.6
      vertex 14.103270924499654 14.490800962605114 0
      vertex 14.356192854956396 14.283233298543824 0.6
    endloop
  endfacet
  facet normal -0.8492021815265787 -0.5280678506503682 0
    outer loop
      vertex 13.242651938487272 15.47214883490199 0.6
      vertex 13.069872981077806 15.75 0.6
      vertex 13.242651938487272 15.47214883490199 0
    endloop
  endfacet
  facet normal -0.8819212643483545 -0.4713967368259987 0
    outer loop
      vertex 13.069872981077806 15.75 0.6
      vertex 12.915636292336558 16.038556548904992 0.6
      vertex 13.069872981077806 15.75 0
    endloop
  endfacet
  facet normal -0.9359059267573245 -0.3522500479212365 0
    outer loop
      vertex 12.780602337443565 16.33658283817455 0.6
      vertex 12.66534935252447 16.64280267348419 0.6
      vertex 12.780602337443565 16.33658283817455 0
    endloop
  endfacet
  facet normal -0.9108638249211749 -0.4127070298043966 0
    outer loop
      vertex 12.780602337443565 16.33658283817455 0.6
      vertex 12.915636292336558 16.038556548904992 0
      vertex 12.915636292336558 16.038556548904992 0.6
    endloop
  endfacet
  facet normal -0.9569403357322112 -0.2902846772544548 0
    outer loop
      vertex 12.66534935252447 16.64280267348419 0.6
      vertex 12.570370868554658 16.955904774487397 0.6
      vertex 12.66534935252447 16.64280267348419 0
    endloop
  endfacet
  facet normal -0.9738769792773332 -0.22707626303437511 0
    outer loop
      vertex 12.570370868554658 16.955904774487397 0.6
      vertex 12.496073597983846 17.27454838991936 0.6
      vertex 12.570370868554658 16.955904774487397 0
    endloop
  endfacet
  facet normal -0.9866433320848793 -0.16289547339458677 0
    outer loop
      vertex 12.496073597983846 17.27454838991936 0.6
      vertex 12.442775693130947 17.597369038899743 0.6
      vertex 12.496073597983846 17.27454838991936 0
    endloop
  endfacet
  facet normal -0.22707626303437511 -0.9738769792773332 0
    outer loop
      vertex 16.105904774487396 13.42037086855466 0.6
      vertex 16.105904774487396 13.42037086855466 0
      vertex 16.42454838991936 13.346073597983848 0.6
    endloop
  endfacet
  facet normal -0.16289547339458677 -0.9866433320848793 0
    outer loop
      vertex 16.42454838991936 13.346073597983848 0.6
      vertex 16.42454838991936 13.346073597983848 0
      vertex 16.74736903889974 13.292775693130949 0.6
    endloop
  endfacet
  facet normal -0.0980171403295641 -0.9951847266721966 0
    outer loop
      vertex 16.74736903889974 13.292775693130949 0.6
      vertex 16.74736903889974 13.292775693130949 0
      vertex 17.072984353849282 13.260705383806982 0.6
    endloop
  endfacet
  facet normal -0.03271908282177578 -0.9994645874763656 0
    outer loop
      vertex 17.072984353849282 13.260705383806982 0.6
      vertex 17.072984353849282 13.260705383806982 0
      vertex 17.4 13.25 0.6
    endloop
  endfacet
  facet normal 0.03271908282177578 -0.9994645874763656 0
    outer loop
      vertex 17.4 13.25 0.6
      vertex 17.4 13.25 0
      vertex 17.727015646150715 13.260705383806982 0.6
    endloop
  endfacet
  facet normal 0.0980171403295641 -0.9951847266721966 0
    outer loop
      vertex 17.727015646150715 13.260705383806982 0.6
      vertex 17.727015646150715 13.260705383806982 0
      vertex 18.052630961100256 13.292775693130949 0.6
    endloop
  endfacet
  facet normal 0.16289547339458677 -0.9866433320848793 0
    outer loop
      vertex 18.052630961100256 13.292775693130949 0.6
      vertex 18.052630961100256 13.292775693130949 0
      vertex 18.37545161008064 13.346073597983848 0.6
    endloop
  endfacet
  facet normal 0.22707626303437511 -0.9738769792773332 0
    outer loop
      vertex 18.37545161008064 13.346073597983848 0.6
      vertex 18.37545161008064 13.346073597983848 0
      vertex 18.6940952255126 13.42037086855466 0.6
    endloop
  endfacet
  facet normal 0.2902846772544548 -0.9569403357322112 0
    outer loop
      vertex 18.6940952255126 13.42037086855466 0.6
      vertex 18.6940952255126 13.42037086855466 0
      vertex 19.007197326515808 13.51534935252447 0.6
    endloop
  endfacet
  facet normal 0.3522500479212365 -0.9359059267573245 0
    outer loop
      vertex 19.007197326515808 13.51534935252447 0.6
      vertex 19.007197326515808 13.51534935252447 0
      vertex 19.31341716182545 13.630602337443566 0.6
    endloop
  endfacet
  facet normal -0.9951847266721966 -0.0980171403295641 0
    outer loop
      vertex 12.442775693130947 17.597369038899743 0.6
      vertex 12.410705383806981 17.922984353849284 0.6
      vertex 12.442775693130947 17.597369038899743 0
    endloop
  endfacet
  facet normal -0.9994645874763656 -0.03271908282177578 0
    outer loop
      vertex 12.410705383806981 17.922984353849284 0.6
      vertex 12.399999999999999 18.25 0.6
      vertex 12.410705383806981 17.922984353849284 0
    endloop
  endfacet
  facet normal -0.9994645874763656 0.03271908282177578 0
    outer loop
      vertex 12.399999999999999 18.25 0.6
      vertex 12.410705383806981 18.577015646150716 0.6
      vertex 12.399999999999999 18.25 0
    endloop
  endfacet
  facet normal -0.9951847266721966 0.0980171403295641 0
    outer loop
      vertex 12.410705383806981 18.577015646150716 0.6
      vertex 12.442775693130947 18.902630961100257 0.6
      vertex 12.410705383806981 18.577015646150716 0
    endloop
  endfacet
  facet normal -0.9866433320848793 0.16289547339458677 0
    outer loop
      vertex 12.442775693130947 18.902630961100257 0.6
      vertex 12.496073597983846 19.22545161008064 0.6
      vertex 12.442775693130947 18.902630961100257 0
    endloop
  endfacet
  facet normal -0.9738769792773332 0.22707626303437511 0
    outer loop
      vertex 12.496073597983846 19.22545161008064 0.6
      vertex 12.570370868554658 19.544095225512603 0.6
      vertex 12.496073597983846 19.22545161008064 0
    endloop
  endfacet
  facet normal -0.9569403357322112 0.2902846772544548 0
    outer loop
      vertex 12.570370868554658 19.544095225512603 0.6
      vertex 12.66534935252447 19.85719732651581 0.6
      vertex 12.570370868554658 19.544095225512603 0
    endloop
  endfacet
  facet normal -0.9359059267573245 0.3522500479212365 0
    outer loop
      vertex 12.66534935252447 19.85719732651581 0.6
      vertex 12.780602337443565 20.16341716182545 0.6
      vertex 12.66534935252447 19.85719732651581 0
    endloop
  endfacet
  facet normal -0.9108638249211749 0.4127070298043966 0
    outer loop
      vertex 12.780602337443565 20.16341716182545 0.6
      vertex 12.915636292336558 20.461443451095008 0.6
      vertex 12.780602337443565 20.16341716182545 0
    endloop
  endfacet
  facet normal -0.8819212643483545 0.4713967368259987 0
    outer loop
      vertex 12.915636292336558 20.461443451095008 0.6
      vertex 13.069872981077806 20.75 0.6
      vertex 12.915636292336558 20.461443451095008 0
    endloop
  endfacet
  facet normal -0.8492021815265787 0.5280678506503682 0
    outer loop
      vertex 13.069872981077806 20.75 0.6
      vertex 13.242651938487272 21.02785116509801 0.6
      vertex 13.069872981077806 20.75 0
    endloop
  endfacet
  facet normal -0.8128466845916152 0.5824776968678022 0
    outer loop
      vertex 13.242651938487272 21.02785116509801 0.6
      vertex 13.433233298543822 21.2938071450436 0.6
      vertex 13.242651938487272 21.02785116509801 0
    endloop
  endfacet
  facet normal -0.7730104533627373 0.6343932841636452 0
    outer loop
      vertex 13.433233298543822 21.2938071450436 0.6
      vertex 13.640800962605113 21.546729075500345 0.6
      vertex 13.433233298543822 21.2938071450436 0
    endloop
  endfacet
  facet normal -0.7298640726978372 0.6835923020228698 0
    outer loop
      vertex 13.640800962605113 21.546729075500345 0.6
      vertex 13.86446609406726 21.785533905932738 0.6
      vertex 13.640800962605113 21.546729075500345 0
    endloop
  endfacet
  facet normal 0.4127070298043966 -0.9108638249211749 0
    outer loop
      vertex 19.31341716182545 13.630602337443566 0.6
      vertex 19.31341716182545 13.630602337443566 0
      vertex 19.611443451095006 13.76563629233656 0.6
    endloop
  endfacet
  facet normal 0.4713967368259987 -0.8819212643483545 0
    outer loop
      vertex 19.611443451095006 13.76563629233656 0.6
      vertex 19.611443451095006 13.76563629233656 0
      vertex 19.9 13.919872981077807 0.6
    endloop
  endfacet
  facet normal 0.5280678506503682 -0.8492021815265787 0
    outer loop
      vertex 19.9 13.919872981077807 0.6
      vertex 19.9 13.919872981077807 0
      vertex 20.17785116509801 14.092651938487274 0.6
    endloop
  endfacet
  facet normal 0.5824776968678022 -0.8128466845916152 0
    outer loop
      vertex 20.17785116509801 14.092651938487274 0.6
      vertex 20.17785116509801 14.092651938487274 0
      vertex 20.4438071450436 14.283233298543824 0.6
    endloop
  endfacet
  facet normal 0.6343932841636452 -0.7730104533627373 0
    outer loop
      vertex 20.4438071450436 14.283233298543824 0.6
      vertex 20.4438071450436 14.283233298543824 0
      vertex 20.696729075500343 14.490800962605114 0.6
    endloop
  endfacet
  facet normal 0.6835923020228698 -0.7298640726978372 0
    outer loop
      vertex 20.696729075500343 14.490800962605114 0.6
      vertex 20.696729075500343 14.490800962605114 0
      vertex 20.935533905932736 14.714466094067262 0.6
    endloop
  endfacet
  facet normal 0.7298640726978372 -0.6835923020228698 0
    outer loop
      vertex 20.935533905932736 14.714466094067262 0.6
      vertex 21.159199037394885 14.953270924499655 0
      vertex 21.159199037394885 14.953270924499655 0.6
    endloop
  endfacet
  facet normal 0.7730104533627351 -0.6343932841636478 0
    outer loop
      vertex 21.159199037394885 14.953270924499655 0.6
      vertex 21.366766701456175 15.206192854956397 0
      vertex 21.366766701456175 15.206192854956397 0.6
    endloop
  endfacet
  facet normal 0.8128466845916146 -0.5824776968678033 0
    outer loop
      vertex 21.366766701456175 15.206192854956397 0.6
      vertex 21.557348061512727 15.47214883490199 0
      vertex 21.557348061512727 15.47214883490199 0.6
    endloop
  endfacet
  facet normal 0.8492021815265836 -0.5280678506503604 0
    outer loop
      vertex 21.557348061512727 15.47214883490199 0.6
      vertex 21.73012701892219 15.75 0
      vertex 21.73012701892219 15.75 0.6
    endloop
  endfacet
  facet normal 0.8819212643483523 -0.4713967368260029 0
    outer loop
      vertex 21.73012701892219 15.75 0.6
      vertex 21.88436370766344 16.038556548904992 0
      vertex 21.88436370766344 16.038556548904992 0.6
    endloop
  endfacet
  facet normal 0.9108638249211749 -0.4127070298043966 0
    outer loop
      vertex 21.88436370766344 16.038556548904992 0.6
      vertex 22.019397662556432 16.33658283817455 0
      vertex 22.019397662556432 16.33658283817455 0.6
    endloop
  endfacet
  facet normal 0.9359059267573245 -0.3522500479212365 0
    outer loop
      vertex 22.019397662556432 16.33658283817455 0.6
      vertex 22.134650647475528 16.64280267348419 0
      vertex 22.134650647475528 16.64280267348419 0.6
    endloop
  endfacet
  facet normal 0.9569403357322112 -0.2902846772544548 0
    outer loop
      vertex 22.134650647475528 16.64280267348419 0.6
      vertex 22.22962913144534 16.955904774487397 0
      vertex 22.22962913144534 16.955904774487397 0.6
    endloop
  endfacet
  facet normal 0.9738769792773321 -0.2270762630343803 0
    outer loop
      vertex 22.22962913144534 16.955904774487397 0.6
      vertex 22.303926402016153 17.27454838991936 0
      vertex 22.303926402016153 17.27454838991936 0.6
    endloop
  endfacet
  facet normal 0.9866433320848802 -0.16289547339458146 0
    outer loop
      vertex 22.303926402016153 17.27454838991936 0.6
      vertex 22.35722430686905 17.597369038899743 0
      vertex 22.35722430686905 17.597369038899743 0.6
    endloop
  endfacet
  facet normal 0.9951847266721966 -0.0980171403295641 0
    outer loop
      vertex 22.35722430686905 17.597369038899743 0.6
      vertex 22.389294616193016 17.922984353849284 0
      vertex 22.389294616193016 17.922984353849284 0.6
    endloop
  endfacet
  facet normal 0.9994645874763656 -0.03271908282177578 0
    outer loop
      vertex 22.389294616193016 17.922984353849284 0.6
      vertex 22.4 18.25 0
      vertex 22.4 18.25 0.6
    endloop
  endfacet
  facet normal 0.9994645874763656 0.03271908282177578 0
    outer loop
      vertex 22.4 18.25 0.6
      vertex 22.389294616193016 18.577015646150716 0
      vertex 22.389294616193016 18.577015646150716 0.6
    endloop
  endfacet
  facet normal 0.9951847266721966 0.0980171403295641 0
    outer loop
      vertex 22.389294616193016 18.577015646150716 0.6
      vertex 22.35722430686905 18.902630961100257 0
      vertex 22.35722430686905 18.902630961100257 0.6
    endloop
  endfacet
  facet normal 0.9866433320848802 0.16289547339458146 0
    outer loop
      vertex 22.35722430686905 18.902630961100257 0.6
      vertex 22.303926402016153 19.22545161008064 0
      vertex 22.303926402016153 19.22545161008064 0.6
    endloop
  endfacet
  facet normal 0.9738769792773321 0.2270762630343803 0
    outer loop
      vertex 22.303926402016153 19.22545161008064 0.6
      vertex 22.22962913144534 19.544095225512603 0
      vertex 22.22962913144534 19.544095225512603 0.6
    endloop
  endfacet
  facet normal 0.6835923020228698 0.7298640726978372 0
    outer loop
      vertex 20.935533905932736 21.785533905932738 0.6
      vertex 20.935533905932736 21.785533905932738 0
      vertex 20.696729075500343 22.009199037394886 0.6
    endloop
  endfacet
  facet normal 0.7298640726978372 0.6835923020228698 0
    outer loop
      vertex 20.935533905932736 21.785533905932738 0.6
      vertex 21.159199037394885 21.546729075500345 0.6
      vertex 20.935533905932736 21.785533905932738 0
    endloop
  endfacet
  facet normal 0.9108638249211749 0.4127070298043966 0
    outer loop
      vertex 22.019397662556432 20.16341716182545 0.6
      vertex 21.88436370766344 20.461443451095008 0
      vertex 21.88436370766344 20.461443451095008 0.6
    endloop
  endfacet
  facet normal 0.8819212643483523 0.4713967368260029 0
    outer loop
      vertex 21.88436370766344 20.461443451095008 0.6
      vertex 21.73012701892219 20.75 0
      vertex 21.73012701892219 20.75 0.6
    endloop
  endfacet
  facet normal 0.9569403357322112 0.2902846772544548 0
    outer loop
      vertex 22.22962913144534 19.544095225512603 0.6
      vertex 22.134650647475528 19.85719732651581 0
      vertex 22.134650647475528 19.85719732651581 0.6
    endloop
  endfacet
  facet normal 0.9359059267573245 0.3522500479212365 0
    outer loop
      vertex 22.019397662556432 20.16341716182545 0.6
      vertex 22.134650647475528 19.85719732651581 0.6
      vertex 22.019397662556432 20.16341716182545 0
    endloop
  endfacet
  facet normal 0.8128466845916127 0.5824776968678057 0
    outer loop
      vertex 21.557348061512727 21.02785116509801 0.6
      vertex 21.366766701456175 21.2938071450436 0
      vertex 21.366766701456175 21.2938071450436 0.6
    endloop
  endfacet
  facet normal 0.8492021815265836 0.5280678506503604 0
    outer loop
      vertex 21.73012701892219 20.75 0.6
      vertex 21.557348061512727 21.02785116509801 0
      vertex 21.557348061512727 21.02785116509801 0.6
    endloop
  endfacet
  facet normal 0.7730104533627373 0.6343932841636452 0
    outer loop
      vertex 21.366766701456175 21.2938071450436 0.6
      vertex 21.159199037394885 21.546729075500345 0
      vertex 21.159199037394885 21.546729075500345 0.6
    endloop
  endfacet
  facet normal 0 0 1
    outer loop
      vertex 15.792802673484191 13.51534935252447 0.6
      vertex 15.737060546875 17.138858795166016 0.6
      vertex 15.486582838174549 13.630602337443566 0.6
    endloop
  endfacet
  facet normal 0 0 1
    outer loop
      vertex 12.780602337443565 16.33658283817455 0.6
      vertex 12.915636292336558 16.038556548904992 0.6
      vertex 12.780602337443565 20.16341716182545 0.6
    endloop
  endfacet
  facet normal 0 0 1
    outer loop
      vertex 13.069872981077806 15.75 0.6
      vertex 12.915636292336558 20.461443451095008 0.6
      vertex 12.915636292336558 16.038556548904992 0.6
    endloop
  endfacet
  facet normal 0 0 1
    outer loop
      vertex 13.242651938487272 15.47214883490199 0.6
      vertex 13.069872981077806 20.75 0.6
      vertex 13.069872981077806 15.75 0.6
    endloop
  endfacet
  facet normal 0 0 1
    outer loop
      vertex 14.103270924499654 14.490800962605114 0.6
      vertex 13.86446609406726 21.785533905932738 0.6
      vertex 13.86446609406726 14.714466094067262 0.6
    endloop
  endfacet
  facet normal 0 0 1
    outer loop
      vertex 13.433233298543822 15.206192854956397 0.6
      vertex 13.242651938487272 21.02785116509801 0.6
      vertex 13.242651938487272 15.47214883490199 0.6
    endloop
  endfacet
  facet normal 0 0 1
    outer loop
      vertex 13.640800962605113 14.953270924499655 0.6
      vertex 13.433233298543822 21.2938071450436 0.6
      vertex 13.433233298543822 15.206192854956397 0.6
    endloop
  endfacet
  facet normal 0 0 1
    outer loop
      vertex 13.86446609406726 14.714466094067262 0.6
      vertex 13.640800962605113 21.546729075500345 0.6
      vertex 13.640800962605113 14.953270924499655 0.6
    endloop
  endfacet
  facet normal 0 0 1
    outer loop
      vertex 15.792802673484191 13.51534935252447 0.6
      vertex 15.985786437988281 16.835786819458008 0.6
      vertex 15.896320343017578 16.93130874633789 0.6
    endloop
  endfacet
  facet normal 0 0 1
    outer loop
      vertex 15.792802673484191 13.51534935252447 0.6
      vertex 15.81329345703125 17.0324764251709 0.6
      vertex 15.737060546875 17.138858795166016 0.6
    endloop
  endfacet
  facet normal 0 0 1
    outer loop
      vertex 15.792802673484191 13.51534935252447 0.6
      vertex 15.896320343017578 16.93130874633789 0.6
      vertex 15.81329345703125 17.0324764251709 0.6
    endloop
  endfacet
  facet normal 0 0 1
    outer loop
      vertex 15.486582838174549 13.630602337443566 0.6
      vertex 15.438429832458496 17.859819412231445 0.6
      vertex 15.417110443115234 17.98894691467285 0.6
    endloop
  endfacet
  facet normal 0 0 1
    outer loop
      vertex 15.486582838174549 13.630602337443566 0.6
      vertex 15.737060546875 17.138858795166016 0.6
      vertex 15.667948722839355 17.25 0.6
    endloop
  endfacet
  facet normal 0 0 1
    outer loop
      vertex 15.486582838174549 13.630602337443566 0.6
      vertex 15.667948722839355 17.25 0.6
      vertex 15.606254577636719 17.36542320251465 0.6
    endloop
  endfacet
  facet normal 0 0 1
    outer loop
      vertex 15.486582838174549 13.630602337443566 0.6
      vertex 15.606254577636719 17.36542320251465 0.6
      vertex 15.552241325378418 17.48463249206543 0.6
    endloop
  endfacet
  facet normal 0 0 1
    outer loop
      vertex 15.486582838174549 13.630602337443566 0.6
      vertex 15.552241325378418 17.48463249206543 0.6
      vertex 15.506139755249023 17.607120513916016 0.6
    endloop
  endfacet
  facet normal 0 0 1
    outer loop
      vertex 15.486582838174549 13.630602337443566 0.6
      vertex 15.506139755249023 17.607120513916016 0.6
      vertex 15.468148231506348 17.732362747192383 0.6
    endloop
  endfacet
  facet normal 0 0 1
    outer loop
      vertex 15.486582838174549 13.630602337443566 0.6
      vertex 15.468148231506348 17.732362747192383 0.6
      vertex 15.438429832458496 17.859819412231445 0.6
    endloop
  endfacet
  facet normal 0 0 1
    outer loop
      vertex 14.103270924499654 14.490800962605114 0.6
      vertex 14.356192854956396 14.283233298543824 0.6
      vertex 14.103270924499654 22.009199037394886 0.6
    endloop
  endfacet
  facet normal 0 0 1
    outer loop
      vertex 14.356192854956396 14.283233298543824 0.6
      vertex 14.622148834901989 14.092651938487274 0.6
      vertex 14.356192854956396 22.216766701456176 0.6
    endloop
  endfacet
  facet normal 0 0 1
    outer loop
      vertex 14.899999999999999 13.919872981077807 0.6
      vertex 15.188556548904991 13.76563629233656 0.6
      vertex 14.899999999999999 22.58012701892219 0.6
    endloop
  endfacet
  facet normal 0 0 1
    outer loop
      vertex 14.899999999999999 13.919872981077807 0.6
      vertex 14.622148834901989 22.407348061512728 0.6
      vertex 14.622148834901989 14.092651938487274 0.6
    endloop
  endfacet
  facet normal 0 0 1
    outer loop
      vertex 15.486582838174549 13.630602337443566 0.6
      vertex 15.417110443115234 17.98894691467285 0.6
      vertex 15.404282569885254 18.11919403076172 0.6
    endloop
  endfacet
  facet normal 0 0 1
    outer loop
      vertex 15.188556548904991 13.76563629233656 0.6
      vertex 15.486582838174549 13.630602337443566 0.6
      vertex 15.188556548904991 22.73436370766344 0.6
    endloop
  endfacet
  facet normal 0 0 1
    outer loop
      vertex 16.74736903889974 13.292775693130949 0.6
      vertex 17.072984353849282 13.260705383806982 0.6
      vertex 17.00981903076172 16.288429260253906 0.6
    endloop
  endfacet
  facet normal 0 0 1
    outer loop
      vertex 17.072984353849282 13.260705383806982 0.6
      vertex 17.4 13.25 0.6
      vertex 17.399999618530273 16.25 0.6
    endloop
  endfacet
  facet normal 0 0 1
    outer loop
      vertex 17.4 13.25 0.6
      vertex 17.727015646150715 13.260705383806982 0.6
      vertex 17.530805587768555 16.254281997680664 0.6
    endloop
  endfacet
  facet normal 0 0 1
    outer loop
      vertex 15.792802673484191 13.51534935252447 0.6
      vertex 16.105904774487396 13.42037086855466 0.6
      vertex 15.985786437988281 16.835786819458008 0.6
    endloop
  endfacet
  facet normal 0 0 1
    outer loop
      vertex 16.105904774487396 13.42037086855466 0.6
      vertex 16.42454838991936 13.346073597983848 0.6
      vertex 16.399999618530273 16.5179500579834 0.6
    endloop
  endfacet
  facet normal 0 0 1
    outer loop
      vertex 16.42454838991936 13.346073597983848 0.6
      vertex 16.74736903889974 13.292775693130949 0.6
      vertex 16.634634017944336 16.402240753173828 0.6
    endloop
  endfacet
  facet normal 0 0 1
    outer loop
      vertex 16.42454838991936 13.346073597983848 0.6
      vertex 16.634634017944336 16.402240753173828 0.6
      vertex 16.515422821044922 16.456254959106445 0.6
    endloop
  endfacet
  facet normal 0 0 1
    outer loop
      vertex 16.74736903889974 13.292775693130949 0.6
      vertex 16.75712013244629 16.35614013671875 0.6
      vertex 16.634634017944336 16.402240753173828 0.6
    endloop
  endfacet
  facet normal 0 0 1
    outer loop
      vertex 16.74736903889974 13.292775693130949 0.6
      vertex 16.882362365722656 16.318147659301758 0.6
      vertex 16.75712013244629 16.35614013671875 0.6
    endloop
  endfacet
  facet normal 0 0 1
    outer loop
      vertex 16.74736903889974 13.292775693130949 0.6
      vertex 17.00981903076172 16.288429260253906 0.6
      vertex 16.882362365722656 16.318147659301758 0.6
    endloop
  endfacet
  facet normal 0 0 1
    outer loop
      vertex 17.072984353849282 13.260705383806982 0.6
      vertex 17.138948440551758 16.26711082458496 0.6
      vertex 17.00981903076172 16.288429260253906 0.6
    endloop
  endfacet
  facet normal 0 0 1
    outer loop
      vertex 17.072984353849282 13.260705383806982 0.6
      vertex 17.269193649291992 16.254281997680664 0.6
      vertex 17.138948440551758 16.26711082458496 0.6
    endloop
  endfacet
  facet normal 0 0 1
    outer loop
      vertex 17.072984353849282 13.260705383806982 0.6
      vertex 17.399999618530273 16.25 0.6
      vertex 17.269193649291992 16.254281997680664 0.6
    endloop
  endfacet
  facet normal 0 0 1
    outer loop
      vertex 17.4 13.25 0.6
      vertex 17.530805587768555 16.254281997680664 0.6
      vertex 17.399999618530273 16.25 0.6
    endloop
  endfacet
  facet normal 0 0 1
    outer loop
      vertex 17.727015646150715 13.260705383806982 0.6
      vertex 17.661052703857422 16.26711082458496 0.6
      vertex 17.530805587768555 16.254281997680664 0.6
    endloop
  endfacet
  facet normal 0 0 1
    outer loop
      vertex 17.727015646150715 13.260705383806982 0.6
      vertex 18.052630961100256 13.292775693130949 0.6
      vertex 17.661052703857422 16.26711082458496 0.6
    endloop
  endfacet
  facet normal 0 0 1
    outer loop
      vertex 18.052630961100256 13.292775693130949 0.6
      vertex 18.37545161008064 13.346073597983848 0.6
      vertex 18.165367126464844 16.402240753173828 0.6
    endloop
  endfacet
  facet normal 0 0 1
    outer loop
      vertex 18.37545161008064 13.346073597983848 0.6
      vertex 18.6940952255126 13.42037086855466 0.6
      vertex 18.399999618530273 16.5179500579834 0.6
    endloop
  endfacet
  facet normal 0 0 1
    outer loop
      vertex 18.052630961100256 13.292775693130949 0.6
      vertex 17.790180206298828 16.288429260253906 0.6
      vertex 17.661052703857422 16.26711082458496 0.6
    endloop
  endfacet
  facet normal 0 0 1
    outer loop
      vertex 18.052630961100256 13.292775693130949 0.6
      vertex 17.917638778686523 16.318147659301758 0.6
      vertex 17.790180206298828 16.288429260253906 0.6
    endloop
  endfacet
  facet normal 0 0 1
    outer loop
      vertex 18.052630961100256 13.292775693130949 0.6
      vertex 18.042879104614258 16.35614013671875 0.6
      vertex 17.917638778686523 16.318147659301758 0.6
    endloop
  endfacet
  facet normal 0 0 1
    outer loop
      vertex 18.052630961100256 13.292775693130949 0.6
      vertex 18.165367126464844 16.402240753173828 0.6
      vertex 18.042879104614258 16.35614013671875 0.6
    endloop
  endfacet
  facet normal 0 0 1
    outer loop
      vertex 18.37545161008064 13.346073597983848 0.6
      vertex 18.284578323364258 16.456254959106445 0.6
      vertex 18.165367126464844 16.402240753173828 0.6
    endloop
  endfacet
  facet normal 0 0 1
    outer loop
      vertex 18.6940952255126 13.42037086855466 0.6
      vertex 19.007197326515808 13.51534935252447 0.6
      vertex 18.718690872192383 16.746320724487305 0.6
    endloop
  endfacet
  facet normal 0 0 1
    outer loop
      vertex 19.007197326515808 13.51534935252447 0.6
      vertex 19.31341716182545 13.630602337443566 0.6
      vertex 18.986705780029297 17.0324764251709 0.6
    endloop
  endfacet
  facet normal 0 0 1
    outer loop
      vertex 16.105904774487396 13.42037086855466 0.6
      vertex 16.081308364868164 16.746320724487305 0.6
      vertex 15.985786437988281 16.835786819458008 0.6
    endloop
  endfacet
  facet normal 0 0 1
    outer loop
      vertex 16.105904774487396 13.42037086855466 0.6
      vertex 16.399999618530273 16.5179500579834 0.6
      vertex 16.288860321044922 16.587060928344727 0.6
    endloop
  endfacet
  facet normal 0 0 1
    outer loop
      vertex 16.105904774487396 13.42037086855466 0.6
      vertex 16.182477951049805 16.663293838500977 0.6
      vertex 16.081308364868164 16.746320724487305 0.6
    endloop
  endfacet
  facet normal 0 0 1
    outer loop
      vertex 16.105904774487396 13.42037086855466 0.6
      vertex 16.288860321044922 16.587060928344727 0.6
      vertex 16.182477951049805 16.663293838500977 0.6
    endloop
  endfacet
  facet normal 0 0 1
    outer loop
      vertex 16.42454838991936 13.346073597983848 0.6
      vertex 16.515422821044922 16.456254959106445 0.6
      vertex 16.399999618530273 16.5179500579834 0.6
    endloop
  endfacet
  facet normal 0 0 1
    outer loop
      vertex 18.37545161008064 13.346073597983848 0.6
      vertex 18.399999618530273 16.5179500579834 0.6
      vertex 18.284578323364258 16.456254959106445 0.6
    endloop
  endfacet
  facet normal 0 0 1
    outer loop
      vertex 18.6940952255126 13.42037086855466 0.6
      vertex 18.511140823364258 16.587060928344727 0.6
      vertex 18.399999618530273 16.5179500579834 0.6
    endloop
  endfacet
  facet normal 0 0 1
    outer loop
      vertex 18.6940952255126 13.42037086855466 0.6
      vertex 18.617523193359375 16.663293838500977 0.6
      vertex 18.511140823364258 16.587060928344727 0.6
    endloop
  endfacet
  facet normal 0 0 1
    outer loop
      vertex 18.6940952255126 13.42037086855466 0.6
      vertex 18.718690872192383 16.746320724487305 0.6
      vertex 18.617523193359375 16.663293838500977 0.6
    endloop
  endfacet
  facet normal 0 0 1
    outer loop
      vertex 19.007197326515808 13.51534935252447 0.6
      vertex 18.814212799072266 16.835786819458008 0.6
      vertex 18.718690872192383 16.746320724487305 0.6
    endloop
  endfacet
  facet normal 0 0 1
    outer loop
      vertex 19.007197326515808 13.51534935252447 0.6
      vertex 18.90367889404297 16.93130874633789 0.6
      vertex 18.814212799072266 16.835786819458008 0.6
    endloop
  endfacet
  facet normal 0 0 1
    outer loop
      vertex 19.007197326515808 13.51534935252447 0.6
      vertex 18.986705780029297 17.0324764251709 0.6
      vertex 18.90367889404297 16.93130874633789 0.6
    endloop
  endfacet
  facet normal 0 0 1
    outer loop
      vertex 19.31341716182545 13.630602337443566 0.6
      vertex 19.062938690185547 17.138858795166016 0.6
      vertex 18.986705780029297 17.0324764251709 0.6
    endloop
  endfacet
  facet normal 0 0 1
    outer loop
      vertex 19.31341716182545 13.630602337443566 0.6
      vertex 19.132051467895508 17.25 0.6
      vertex 19.062938690185547 17.138858795166016 0.6
    endloop
  endfacet
  facet normal 0 0 1
    outer loop
      vertex 19.31341716182545 13.630602337443566 0.6
      vertex 19.193744659423828 17.36542320251465 0.6
      vertex 19.132051467895508 17.25 0.6
    endloop
  endfacet
  facet normal 0 0 1
    outer loop
      vertex 19.31341716182545 13.630602337443566 0.6
      vertex 19.247758865356445 17.48463249206543 0.6
      vertex 19.193744659423828 17.36542320251465 0.6
    endloop
  endfacet
  facet normal 0 0 1
    outer loop
      vertex 19.31341716182545 13.630602337443566 0.6
      vertex 19.293859481811523 17.607120513916016 0.6
      vertex 19.247758865356445 17.48463249206543 0.6
    endloop
  endfacet
  facet normal 0 0 1
    outer loop
      vertex 19.31341716182545 13.630602337443566 0.6
      vertex 19.331851959228516 17.732362747192383 0.6
      vertex 19.293859481811523 17.607120513916016 0.6
    endloop
  endfacet
  facet normal 0 0 1
    outer loop
      vertex 12.66534935252447 16.64280267348419 0.6
      vertex 12.570370868554658 19.544095225512603 0.6
      vertex 12.570370868554658 16.955904774487397 0.6
    endloop
  endfacet
  facet normal 0 0 1
    outer loop
      vertex 12.570370868554658 16.955904774487397 0.6
      vertex 12.496073597983846 19.22545161008064 0.6
      vertex 12.496073597983846 17.27454838991936 0.6
    endloop
  endfacet
  facet normal 0 0 1
    outer loop
      vertex 12.780602337443565 16.33658283817455 0.6
      vertex 12.66534935252447 19.85719732651581 0.6
      vertex 12.66534935252447 16.64280267348419 0.6
    endloop
  endfacet
  facet normal 0 0 1
    outer loop
      vertex 12.496073597983846 17.27454838991936 0.6
      vertex 12.442775693130947 18.902630961100257 0.6
      vertex 12.442775693130947 17.597369038899743 0.6
    endloop
  endfacet
  facet normal 0 0 1
    outer loop
      vertex 12.442775693130947 17.597369038899743 0.6
      vertex 12.410705383806981 18.577015646150716 0.6
      vertex 12.410705383806981 17.922984353849284 0.6
    endloop
  endfacet
  facet normal 0 0 1
    outer loop
      vertex 12.410705383806981 17.922984353849284 0.6
      vertex 12.410705383806981 18.577015646150716 0.6
      vertex 12.399999999999999 18.25 0.6
    endloop
  endfacet
  facet normal 0 0 1
    outer loop
      vertex 12.442775693130947 17.597369038899743 0.6
      vertex 12.442775693130947 18.902630961100257 0.6
      vertex 12.410705383806981 18.577015646150716 0.6
    endloop
  endfacet
  facet normal 0 0 1
    outer loop
      vertex 12.496073597983846 17.27454838991936 0.6
      vertex 12.496073597983846 19.22545161008064 0.6
      vertex 12.442775693130947 18.902630961100257 0.6
    endloop
  endfacet
  facet normal 0 0 1
    outer loop
      vertex 12.570370868554658 16.955904774487397 0.6
      vertex 12.570370868554658 19.544095225512603 0.6
      vertex 12.496073597983846 19.22545161008064 0.6
    endloop
  endfacet
  facet normal 0 0 1
    outer loop
      vertex 12.66534935252447 16.64280267348419 0.6
      vertex 12.66534935252447 19.85719732651581 0.6
      vertex 12.570370868554658 19.544095225512603 0.6
    endloop
  endfacet
  facet normal 0 0 1
    outer loop
      vertex 12.780602337443565 16.33658283817455 0.6
      vertex 12.780602337443565 20.16341716182545 0.6
      vertex 12.66534935252447 19.85719732651581 0.6
    endloop
  endfacet
  facet normal 0 0 1
    outer loop
      vertex 12.915636292336558 16.038556548904992 0.6
      vertex 12.915636292336558 20.461443451095008 0.6
      vertex 12.780602337443565 20.16341716182545 0.6
    endloop
  endfacet
  facet normal 0 0 1
    outer loop
      vertex 13.069872981077806 15.75 0.6
      vertex 13.069872981077806 20.75 0.6
      vertex 12.915636292336558 20.461443451095008 0.6
    endloop
  endfacet
  facet normal 0 0 1
    outer loop
      vertex 13.242651938487272 15.47214883490199 0.6
      vertex 13.242651938487272 21.02785116509801 0.6
      vertex 13.069872981077806 20.75 0.6
    endloop
  endfacet
  facet normal 0 0 1
    outer loop
      vertex 13.433233298543822 15.206192854956397 0.6
      vertex 13.433233298543822 21.2938071450436 0.6
      vertex 13.242651938487272 21.02785116509801 0.6
    endloop
  endfacet
  facet normal 0 0 1
    outer loop
      vertex 13.640800962605113 14.953270924499655 0.6
      vertex 13.640800962605113 21.546729075500345 0.6
      vertex 13.433233298543822 21.2938071450436 0.6
    endloop
  endfacet
  facet normal 0 0 1
    outer loop
      vertex 13.86446609406726 14.714466094067262 0.6
      vertex 13.86446609406726 21.785533905932738 0.6
      vertex 13.640800962605113 21.546729075500345 0.6
    endloop
  endfacet
  facet normal 0 0 1
    outer loop
      vertex 14.103270924499654 14.490800962605114 0.6
      vertex 14.103270924499654 22.009199037394886 0.6
      vertex 13.86446609406726 21.785533905932738 0.6
    endloop
  endfacet
  facet normal 0 0 1
    outer loop
      vertex 15.486582838174549 13.630602337443566 0.6
      vertex 15.404282569885254 18.11919403076172 0.6
      vertex 15.188556548904991 22.73436370766344 0.6
    endloop
  endfacet
  facet normal 0 0 1
    outer loop
      vertex 14.356192854956396 14.283233298543824 0.6
      vertex 14.356192854956396 22.216766701456176 0.6
      vertex 14.103270924499654 22.009199037394886 0.6
    endloop
  endfacet
  facet normal 0 0 1
    outer loop
      vertex 14.622148834901989 14.092651938487274 0.6
      vertex 14.622148834901989 22.407348061512728 0.6
      vertex 14.356192854956396 22.216766701456176 0.6
    endloop
  endfacet
  facet normal 0 0 1
    outer loop
      vertex 14.899999999999999 13.919872981077807 0.6
      vertex 14.899999999999999 22.58012701892219 0.6
      vertex 14.622148834901989 22.407348061512728 0.6
    endloop
  endfacet
  facet normal 0 0 1
    outer loop
      vertex 15.188556548904991 13.76563629233656 0.6
      vertex 15.188556548904991 22.73436370766344 0.6
      vertex 14.899999999999999 22.58012701892219 0.6
    endloop
  endfacet
  facet normal 0 0 1
    outer loop
      vertex 15.188556548904991 22.73436370766344 0.6
      vertex 15.404282569885254 18.11919403076172 0.6
      vertex 15.399999618530273 18.25 0.6
    endloop
  endfacet
  facet normal 0 0 1
    outer loop
      vertex 15.188556548904991 22.73436370766344 0.6
      vertex 15.399999618530273 18.25 0.6
      vertex 15.404282569885254 18.38080596923828 0.6
    endloop
  endfacet
  facet normal 0 0 1
    outer loop
      vertex 15.188556548904991 22.73436370766344 0.6
      vertex 15.404282569885254 18.38080596923828 0.6
      vertex 15.417110443115234 18.51105308532715 0.6
    endloop
  endfacet
  facet normal 0 0 1
    outer loop
      vertex 15.188556548904991 22.73436370766344 0.6
      vertex 15.417110443115234 18.51105308532715 0.6
      vertex 15.438429832458496 18.640180587768555 0.6
    endloop
  endfacet
  facet normal 0 0 1
    outer loop
      vertex 15.188556548904991 22.73436370766344 0.6
      vertex 15.438429832458496 18.640180587768555 0.6
      vertex 15.468148231506348 18.767637252807617 0.6
    endloop
  endfacet
  facet normal 0 0 1
    outer loop
      vertex 15.486582838174549 22.869397662556434 0.6
      vertex 15.468148231506348 18.767637252807617 0.6
      vertex 15.506139755249023 18.892879486083984 0.6
    endloop
  endfacet
  facet normal 0 0 1
    outer loop
      vertex 15.486582838174549 22.869397662556434 0.6
      vertex 15.506139755249023 18.892879486083984 0.6
      vertex 15.552241325378418 19.01536750793457 0.6
    endloop
  endfacet
  facet normal 0 0 1
    outer loop
      vertex 15.486582838174549 22.869397662556434 0.6
      vertex 15.552241325378418 19.01536750793457 0.6
      vertex 15.606254577636719 19.13457679748535 0.6
    endloop
  endfacet
  facet normal 0 0 1
    outer loop
      vertex 15.486582838174549 22.869397662556434 0.6
      vertex 15.606254577636719 19.13457679748535 0.6
      vertex 15.667948722839355 19.25 0.6
    endloop
  endfacet
  facet normal 0 0 1
    outer loop
      vertex 15.486582838174549 22.869397662556434 0.6
      vertex 15.667948722839355 19.25 0.6
      vertex 15.737060546875 19.361141204833984 0.6
    endloop
  endfacet
  facet normal 0 0 1
    outer loop
      vertex 15.486582838174549 22.869397662556434 0.6
      vertex 15.737060546875 19.361141204833984 0.6
      vertex 15.81329345703125 19.4675235748291 0.6
    endloop
  endfacet
  facet normal 0 0 1
    outer loop
      vertex 15.792802673484191 22.98465064747553 0.6
      vertex 15.81329345703125 19.4675235748291 0.6
      vertex 15.896320343017578 19.56869125366211 0.6
    endloop
  endfacet
  facet normal 0 0 1
    outer loop
      vertex 15.792802673484191 22.98465064747553 0.6
      vertex 15.896320343017578 19.56869125366211 0.6
      vertex 15.985786437988281 19.664213180541992 0.6
    endloop
  endfacet
  facet normal 0 0 1
    outer loop
      vertex 15.188556548904991 22.73436370766344 0.6
      vertex 15.468148231506348 18.767637252807617 0.6
      vertex 15.486582838174549 22.869397662556434 0.6
    endloop
  endfacet
  facet normal 0 0 1
    outer loop
      vertex 15.486582838174549 22.869397662556434 0.6
      vertex 15.81329345703125 19.4675235748291 0.6
      vertex 15.792802673484191 22.98465064747553 0.6
    endloop
  endfacet
  facet normal 0 0 1
    outer loop
      vertex 15.792802673484191 22.98465064747553 0.6
      vertex 15.985786437988281 19.664213180541992 0.6
      vertex 16.081308364868164 19.753679275512695 0.6
    endloop
  endfacet
  facet normal 0 0 1
    outer loop
      vertex 16.105904774487396 23.07962913144534 0.6
      vertex 16.081308364868164 19.753679275512695 0.6
      vertex 16.182477951049805 19.836706161499023 0.6
    endloop
  endfacet
  facet normal 0 0 1
    outer loop
      vertex 16.105904774487396 23.07962913144534 0.6
      vertex 16.182477951049805 19.836706161499023 0.6
      vertex 16.288860321044922 19.912939071655273 0.6
    endloop
  endfacet
  facet normal 0 0 1
    outer loop
      vertex 16.105904774487396 23.07962913144534 0.6
      vertex 16.288860321044922 19.912939071655273 0.6
      vertex 16.399999618530273 19.9820499420166 0.6
    endloop
  endfacet
  facet normal 0 0 1
    outer loop
      vertex 16.42454838991936 23.153926402016154 0.6
      vertex 16.399999618530273 19.9820499420166 0.6
      vertex 16.515422821044922 20.043745040893555 0.6
    endloop
  endfacet
  facet normal 0 0 1
    outer loop
      vertex 16.42454838991936 23.153926402016154 0.6
      vertex 16.515422821044922 20.043745040893555 0.6
      vertex 16.634634017944336 20.097759246826172 0.6
    endloop
  endfacet
  facet normal 0 0 1
    outer loop
      vertex 16.74736903889974 23.20722430686905 0.6
      vertex 16.634634017944336 20.097759246826172 0.6
      vertex 16.75712013244629 20.14385986328125 0.6
    endloop
  endfacet
  facet normal 0 0 1
    outer loop
      vertex 16.74736903889974 23.20722430686905 0.6
      vertex 16.75712013244629 20.14385986328125 0.6
      vertex 16.882362365722656 20.181852340698242 0.6
    endloop
  endfacet
  facet normal 0 0 1
    outer loop
      vertex 16.74736903889974 23.20722430686905 0.6
      vertex 16.882362365722656 20.181852340698242 0.6
      vertex 17.00981903076172 20.211570739746094 0.6
    endloop
  endfacet
  facet normal 0 0 1
    outer loop
      vertex 16.74736903889974 23.20722430686905 0.6
      vertex 17.00981903076172 20.211570739746094 0.6
      vertex 17.138948440551758 20.23288917541504 0.6
    endloop
  endfacet
  facet normal 0 0 1
    outer loop
      vertex 17.072984353849282 23.239294616193018 0.6
      vertex 17.138948440551758 20.23288917541504 0.6
      vertex 17.269193649291992 20.245718002319336 0.6
    endloop
  endfacet
  facet normal 0 0 1
    outer loop
      vertex 17.4 23.25 0.6
      vertex 17.269193649291992 20.245718002319336 0.6
      vertex 17.399999618530273 20.25 0.6
    endloop
  endfacet
  facet normal 0 0 1
    outer loop
      vertex 17.727015646150715 23.239294616193018 0.6
      vertex 17.399999618530273 20.25 0.6
      vertex 17.530805587768555 20.245718002319336 0.6
    endloop
  endfacet
  facet normal 0 0 1
    outer loop
      vertex 17.727015646150715 23.239294616193018 0.6
      vertex 17.530805587768555 20.245718002319336 0.6
      vertex 17.661052703857422 20.23288917541504 0.6
    endloop
  endfacet
  facet normal 0 0 1
    outer loop
      vertex 19.31341716182545 22.869397662556434 0.6
      vertex 19.382888793945312 18.51105308532715 0.6
      vertex 19.39571762084961 18.38080596923828 0.6
    endloop
  endfacet
  facet normal 0 0 1
    outer loop
      vertex 19.31341716182545 22.869397662556434 0.6
      vertex 19.361570358276367 18.640180587768555 0.6
      vertex 19.382888793945312 18.51105308532715 0.6
    endloop
  endfacet
  facet normal 0 0 1
    outer loop
      vertex 19.31341716182545 22.869397662556434 0.6
      vertex 19.331851959228516 18.767637252807617 0.6
      vertex 19.361570358276367 18.640180587768555 0.6
    endloop
  endfacet
  facet normal 0 0 1
    outer loop
      vertex 19.31341716182545 22.869397662556434 0.6
      vertex 19.247758865356445 19.01536750793457 0.6
      vertex 19.293859481811523 18.892879486083984 0.6
    endloop
  endfacet
  facet normal 0 0 1
    outer loop
      vertex 19.31341716182545 22.869397662556434 0.6
      vertex 19.293859481811523 18.892879486083984 0.6
      vertex 19.331851959228516 18.767637252807617 0.6
    endloop
  endfacet
  facet normal 0 0 1
    outer loop
      vertex 19.007197326515808 22.98465064747553 0.6
      vertex 18.814212799072266 19.664213180541992 0.6
      vertex 18.90367889404297 19.56869125366211 0.6
    endloop
  endfacet
  facet normal 0 0 1
    outer loop
      vertex 19.31341716182545 22.869397662556434 0.6
      vertex 19.062938690185547 19.361141204833984 0.6
      vertex 19.132051467895508 19.25 0.6
    endloop
  endfacet
  facet normal 0 0 1
    outer loop
      vertex 19.31341716182545 22.869397662556434 0.6
      vertex 19.193744659423828 19.13457679748535 0.6
      vertex 19.247758865356445 19.01536750793457 0.6
    endloop
  endfacet
  facet normal 0 0 1
    outer loop
      vertex 19.31341716182545 22.869397662556434 0.6
      vertex 19.132051467895508 19.25 0.6
      vertex 19.193744659423828 19.13457679748535 0.6
    endloop
  endfacet
  facet normal 0 0 1
    outer loop
      vertex 19.007197326515808 22.98465064747553 0.6
      vertex 18.986705780029297 19.4675235748291 0.6
      vertex 19.062938690185547 19.361141204833984 0.6
    endloop
  endfacet
  facet normal 0 0 1
    outer loop
      vertex 19.007197326515808 22.98465064747553 0.6
      vertex 18.90367889404297 19.56869125366211 0.6
      vertex 18.986705780029297 19.4675235748291 0.6
    endloop
  endfacet
  facet normal 0 0 1
    outer loop
      vertex 17.727015646150715 23.239294616193018 0.6
      vertex 17.661052703857422 20.23288917541504 0.6
      vertex 17.790180206298828 20.211570739746094 0.6
    endloop
  endfacet
  facet normal 0 0 1
    outer loop
      vertex 18.052630961100256 23.20722430686905 0.6
      vertex 17.790180206298828 20.211570739746094 0.6
      vertex 17.917638778686523 20.181852340698242 0.6
    endloop
  endfacet
  facet normal 0 0 1
    outer loop
      vertex 18.052630961100256 23.20722430686905 0.6
      vertex 18.042879104614258 20.14385986328125 0.6
      vertex 18.165367126464844 20.097759246826172 0.6
    endloop
  endfacet
  facet normal 0 0 1
    outer loop
      vertex 18.052630961100256 23.20722430686905 0.6
      vertex 17.917638778686523 20.181852340698242 0.6
      vertex 18.042879104614258 20.14385986328125 0.6
    endloop
  endfacet
  facet normal 0 0 1
    outer loop
      vertex 18.37545161008064 23.153926402016154 0.6
      vertex 18.284578323364258 20.043745040893555 0.6
      vertex 18.399999618530273 19.9820499420166 0.6
    endloop
  endfacet
  facet normal 0 0 1
    outer loop
      vertex 18.37545161008064 23.153926402016154 0.6
      vertex 18.165367126464844 20.097759246826172 0.6
      vertex 18.284578323364258 20.043745040893555 0.6
    endloop
  endfacet
  facet normal 0 0 1
    outer loop
      vertex 18.6940952255126 23.07962913144534 0.6
      vertex 18.511140823364258 19.912939071655273 0.6
      vertex 18.617523193359375 19.836706161499023 0.6
    endloop
  endfacet
  facet normal 0 0 1
    outer loop
      vertex 18.6940952255126 23.07962913144534 0.6
      vertex 18.718690872192383 19.753679275512695 0.6
      vertex 18.814212799072266 19.664213180541992 0.6
    endloop
  endfacet
  facet normal 0 0 1
    outer loop
      vertex 18.6940952255126 23.07962913144534 0.6
      vertex 18.617523193359375 19.836706161499023 0.6
      vertex 18.718690872192383 19.753679275512695 0.6
    endloop
  endfacet
  facet normal 0 0 1
    outer loop
      vertex 18.6940952255126 23.07962913144534 0.6
      vertex 18.399999618530273 19.9820499420166 0.6
      vertex 18.511140823364258 19.912939071655273 0.6
    endloop
  endfacet
  facet normal 0 0 1
    outer loop
      vertex 19.31341716182545 22.869397662556434 0.6
      vertex 19.007197326515808 22.98465064747553 0.6
      vertex 19.062938690185547 19.361141204833984 0.6
    endloop
  endfacet
  facet normal 0 0 1
    outer loop
      vertex 19.31341716182545 13.630602337443566 0.6
      vertex 19.611443451095006 13.76563629233656 0.6
      vertex 19.331851959228516 17.732362747192383 0.6
    endloop
  endfacet
  facet normal 0 0 1
    outer loop
      vertex 19.611443451095006 13.76563629233656 0.6
      vertex 19.361570358276367 17.859819412231445 0.6
      vertex 19.331851959228516 17.732362747192383 0.6
    endloop
  endfacet
  facet normal 0 0 1
    outer loop
      vertex 19.611443451095006 13.76563629233656 0.6
      vertex 19.382888793945312 17.98894691467285 0.6
      vertex 19.361570358276367 17.859819412231445 0.6
    endloop
  endfacet
  facet normal 0 0 1
    outer loop
      vertex 19.611443451095006 13.76563629233656 0.6
      vertex 19.39571762084961 18.11919403076172 0.6
      vertex 19.382888793945312 17.98894691467285 0.6
    endloop
  endfacet
  facet normal 0 0 1
    outer loop
      vertex 19.611443451095006 13.76563629233656 0.6
      vertex 19.399999618530273 18.25 0.6
      vertex 19.39571762084961 18.11919403076172 0.6
    endloop
  endfacet
  facet normal 0 0 1
    outer loop
      vertex 19.611443451095006 13.76563629233656 0.6
      vertex 19.39571762084961 18.38080596923828 0.6
      vertex 19.399999618530273 18.25 0.6
    endloop
  endfacet
  facet normal 0 0 1
    outer loop
      vertex 19.611443451095006 13.76563629233656 0.6
      vertex 19.9 13.919872981077807 0.6
      vertex 19.611443451095006 22.73436370766344 0.6
    endloop
  endfacet
  facet normal 0 0 1
    outer loop
      vertex 19.9 13.919872981077807 0.6
      vertex 20.17785116509801 14.092651938487274 0.6
      vertex 19.9 22.58012701892219 0.6
    endloop
  endfacet
  facet normal 0 0 1
    outer loop
      vertex 20.17785116509801 14.092651938487274 0.6
      vertex 20.4438071450436 14.283233298543824 0.6
      vertex 20.17785116509801 22.407348061512728 0.6
    endloop
  endfacet
  facet normal 0 0 1
    outer loop
      vertex 20.4438071450436 14.283233298543824 0.6
      vertex 20.696729075500343 14.490800962605114 0.6
      vertex 20.4438071450436 22.216766701456176 0.6
    endloop
  endfacet
  facet normal 0 0 1
    outer loop
      vertex 20.696729075500343 14.490800962605114 0.6
      vertex 20.935533905932736 14.714466094067262 0.6
      vertex 20.696729075500343 22.009199037394886 0.6
    endloop
  endfacet
  facet normal 0 0 1
    outer loop
      vertex 20.935533905932736 14.714466094067262 0.6
      vertex 21.159199037394885 14.953270924499655 0.6
      vertex 20.935533905932736 21.785533905932738 0.6
    endloop
  endfacet
  facet normal 0 0 1
    outer loop
      vertex 21.159199037394885 14.953270924499655 0.6
      vertex 21.366766701456175 15.206192854956397 0.6
      vertex 21.159199037394885 21.546729075500345 0.6
    endloop
  endfacet
  facet normal 0 0 1
    outer loop
      vertex 21.366766701456175 15.206192854956397 0.6
      vertex 21.557348061512727 15.47214883490199 0.6
      vertex 21.366766701456175 21.2938071450436 0.6
    endloop
  endfacet
  facet normal 0 0 1
    outer loop
      vertex 21.557348061512727 15.47214883490199 0.6
      vertex 21.73012701892219 15.75 0.6
      vertex 21.557348061512727 21.02785116509801 0.6
    endloop
  endfacet
  facet normal 0 0 1
    outer loop
      vertex 21.73012701892219 15.75 0.6
      vertex 21.88436370766344 16.038556548904992 0.6
      vertex 21.73012701892219 20.75 0.6
    endloop
  endfacet
  facet normal 0 0 1
    outer loop
      vertex 19.611443451095006 13.76563629233656 0.6
      vertex 19.31341716182545 22.869397662556434 0.6
      vertex 19.39571762084961 18.38080596923828 0.6
    endloop
  endfacet
  facet normal 0 0 1
    outer loop
      vertex 20.17785116509801 14.092651938487274 0.6
      vertex 20.17785116509801 22.407348061512728 0.6
      vertex 19.9 22.58012701892219 0.6
    endloop
  endfacet
  facet normal 0 0 1
    outer loop
      vertex 20.4438071450436 14.283233298543824 0.6
      vertex 20.4438071450436 22.216766701456176 0.6
      vertex 20.17785116509801 22.407348061512728 0.6
    endloop
  endfacet
  facet normal 0 0 1
    outer loop
      vertex 20.696729075500343 14.490800962605114 0.6
      vertex 20.696729075500343 22.009199037394886 0.6
      vertex 20.4438071450436 22.216766701456176 0.6
    endloop
  endfacet
  facet normal 0 0 1
    outer loop
      vertex 21.159199037394885 14.953270924499655 0.6
      vertex 21.159199037394885 21.546729075500345 0.6
      vertex 20.935533905932736 21.785533905932738 0.6
    endloop
  endfacet
  facet normal 0 0 1
    outer loop
      vertex 20.935533905932736 14.714466094067262 0.6
      vertex 20.935533905932736 21.785533905932738 0.6
      vertex 20.696729075500343 22.009199037394886 0.6
    endloop
  endfacet
  facet normal 0 0 1
    outer loop
      vertex 21.88436370766344 16.038556548904992 0.6
      vertex 22.019397662556432 16.33658283817455 0.6
      vertex 21.88436370766344 20.461443451095008 0.6
    endloop
  endfacet
  facet normal 0 0 1
    outer loop
      vertex 22.019397662556432 16.33658283817455 0.6
      vertex 22.134650647475528 16.64280267348419 0.6
      vertex 22.019397662556432 20.16341716182545 0.6
    endloop
  endfacet
  facet normal 0 0 1
    outer loop
      vertex 22.134650647475528 16.64280267348419 0.6
      vertex 22.22962913144534 16.955904774487397 0.6
      vertex 22.134650647475528 19.85719732651581 0.6
    endloop
  endfacet
  facet normal 0 0 1
    outer loop
      vertex 22.22962913144534 16.955904774487397 0.6
      vertex 22.303926402016153 17.27454838991936 0.6
      vertex 22.22962913144534 19.544095225512603 0.6
    endloop
  endfacet
  facet normal 0 0 1
    outer loop
      vertex 22.303926402016153 17.27454838991936 0.6
      vertex 22.35722430686905 17.597369038899743 0.6
      vertex 22.303926402016153 19.22545161008064 0.6
    endloop
  endfacet
  facet normal 0 0 1
    outer loop
      vertex 22.35722430686905 17.597369038899743 0.6
      vertex 22.389294616193016 17.922984353849284 0.6
      vertex 22.35722430686905 18.902630961100257 0.6
    endloop
  endfacet
  facet normal 0 0 1
    outer loop
      vertex 22.389294616193016 17.922984353849284 0.6
      vertex 22.4 18.25 0.6
      vertex 22.389294616193016 18.577015646150716 0.6
    endloop
  endfacet
  facet normal 0 0 1
    outer loop
      vertex 22.389294616193016 17.922984353849284 0.6
      vertex 22.389294616193016 18.577015646150716 0.6
      vertex 22.35722430686905 18.902630961100257 0.6
    endloop
  endfacet
  facet normal 0 0 1
    outer loop
      vertex 22.35722430686905 17.597369038899743 0.6
      vertex 22.35722430686905 18.902630961100257 0.6
      vertex 22.303926402016153 19.22545161008064 0.6
    endloop
  endfacet
  facet normal 0 0 1
    outer loop
      vertex 21.73012701892219 15.75 0.6
      vertex 21.73012701892219 20.75 0.6
      vertex 21.557348061512727 21.02785116509801 0.6
    endloop
  endfacet
  facet normal 0 0 1
    outer loop
      vertex 22.019397662556432 16.33658283817455 0.6
      vertex 22.019397662556432 20.16341716182545 0.6
      vertex 21.88436370766344 20.461443451095008 0.6
    endloop
  endfacet
  facet normal 0 0 1
    outer loop
      vertex 21.88436370766344 16.038556548904992 0.6
      vertex 21.88436370766344 20.461443451095008 0.6
      vertex 21.73012701892219 20.75 0.6
    endloop
  endfacet
  facet normal 0 0 1
    outer loop
      vertex 21.366766701456175 15.206192854956397 0.6
      vertex 21.366766701456175 21.2938071450436 0.6
      vertex 21.159199037394885 21.546729075500345 0.6
    endloop
  endfacet
  facet normal 0 0 1
    outer loop
      vertex 21.557348061512727 15.47214883490199 0.6
      vertex 21.557348061512727 21.02785116509801 0.6
      vertex 21.366766701456175 21.2938071450436 0.6
    endloop
  endfacet
  facet normal 0 0 1
    outer loop
      vertex 22.22962913144534 16.955904774487397 0.6
      vertex 22.22962913144534 19.544095225512603 0.6
      vertex 22.134650647475528 19.85719732651581 0.6
    endloop
  endfacet
  facet normal 0 0 1
    outer loop
      vertex 22.134650647475528 16.64280267348419 0.6
      vertex 22.134650647475528 19.85719732651581 0.6
      vertex 22.019397662556432 20.16341716182545 0.6
    endloop
  endfacet
  facet normal 0 0 1
    outer loop
      vertex 22.303926402016153 17.27454838991936 0.6
      vertex 22.303926402016153 19.22545161008064 0.6
      vertex 22.22962913144534 19.544095225512603 0.6
    endloop
  endfacet
  facet normal 0 0 1
    outer loop
      vertex 19.611443451095006 13.76563629233656 0.6
      vertex 19.611443451095006 22.73436370766344 0.6
      vertex 19.31341716182545 22.869397662556434 0.6
    endloop
  endfacet
  facet normal 0 0 1
    outer loop
      vertex 19.9 13.919872981077807 0.6
      vertex 19.9 22.58012701892219 0.6
      vertex 19.611443451095006 22.73436370766344 0.6
    endloop
  endfacet
  facet normal -0.6835923020228698 0.7298640726978372 0
    outer loop
      vertex 13.86446609406726 21.785533905932738 0.6
      vertex 14.103270924499654 22.009199037394886 0.6
      vertex 14.103270924499654 22.009199037394886 0
    endloop
  endfacet
  facet normal -0.6343932841636478 0.7730104533627351 0
    outer loop
      vertex 14.103270924499654 22.009199037394886 0.6
      vertex 14.356192854956396 22.216766701456176 0.6
      vertex 14.356192854956396 22.216766701456176 0
    endloop
  endfacet
  facet normal -0.5824776968678033 0.8128466845916146 0
    outer loop
      vertex 14.356192854956396 22.216766701456176 0.6
      vertex 14.622148834901989 22.407348061512728 0.6
      vertex 14.622148834901989 22.407348061512728 0
    endloop
  endfacet
  facet normal -0.5280678506503604 0.8492021815265836 0
    outer loop
      vertex 14.622148834901989 22.407348061512728 0.6
      vertex 14.899999999999999 22.58012701892219 0.6
      vertex 14.899999999999999 22.58012701892219 0
    endloop
  endfacet
  facet normal -0.4713967368260029 0.8819212643483523 0
    outer loop
      vertex 14.899999999999999 22.58012701892219 0.6
      vertex 15.188556548904991 22.73436370766344 0.6
      vertex 15.188556548904991 22.73436370766344 0
    endloop
  endfacet
  facet normal -0.4127070298043966 0.9108638249211749 0
    outer loop
      vertex 15.188556548904991 22.73436370766344 0.6
      vertex 15.486582838174549 22.869397662556434 0.6
      vertex 15.486582838174549 22.869397662556434 0
    endloop
  endfacet
  facet normal -0.3522500479212347 0.9359059267573253 0
    outer loop
      vertex 15.486582838174549 22.869397662556434 0.6
      vertex 15.792802673484191 22.98465064747553 0.6
      vertex 15.792802673484191 22.98465064747553 0
    endloop
  endfacet
  facet normal -0.2902846772544563 0.9569403357322107 0
    outer loop
      vertex 15.792802673484191 22.98465064747553 0.6
      vertex 16.105904774487396 23.07962913144534 0.6
      vertex 16.105904774487396 23.07962913144534 0
    endloop
  endfacet
  facet normal -0.2270762630343803 0.9738769792773321 0
    outer loop
      vertex 16.105904774487396 23.07962913144534 0.6
      vertex 16.42454838991936 23.153926402016154 0.6
      vertex 16.42454838991936 23.153926402016154 0
    endloop
  endfacet
  facet normal -0.16289547339458146 0.9866433320848802 0
    outer loop
      vertex 16.42454838991936 23.153926402016154 0.6
      vertex 16.74736903889974 23.20722430686905 0.6
      vertex 16.74736903889974 23.20722430686905 0
    endloop
  endfacet
  facet normal -0.0980171403295641 0.9951847266721966 0
    outer loop
      vertex 16.74736903889974 23.20722430686905 0.6
      vertex 17.072984353849282 23.239294616193018 0.6
      vertex 17.072984353849282 23.239294616193018 0
    endloop
  endfacet
  facet normal -0.03271908282177578 0.9994645874763656 0
    outer loop
      vertex 17.072984353849282 23.239294616193018 0.6
      vertex 17.4 23.25 0.6
      vertex 17.4 23.25 0
    endloop
  endfacet
  facet normal 0.03271908282177578 0.9994645874763656 0
    outer loop
      vertex 17.4 23.25 0.6
      vertex 17.727015646150715 23.239294616193018 0.6
      vertex 17.727015646150715 23.239294616193018 0
    endloop
  endfacet
  facet normal 0.3522500479212365 0.9359059267573245 0
    outer loop
      vertex 19.31341716182545 22.869397662556434 0.6
      vertex 19.31341716182545 22.869397662556434 0
      vertex 19.007197326515808 22.98465064747553 0.6
    endloop
  endfacet
  facet normal 0.0980171403295641 0.9951847266721966 0
    outer loop
      vertex 17.727015646150715 23.239294616193018 0.6
      vertex 18.052630961100256 23.20722430686905 0.6
      vertex 18.052630961100256 23.20722430686905 0
    endloop
  endfacet
  facet normal 0.16289547339458146 0.9866433320848802 0
    outer loop
      vertex 18.052630961100256 23.20722430686905 0.6
      vertex 18.37545161008064 23.153926402016154 0.6
      vertex 18.37545161008064 23.153926402016154 0
    endloop
  endfacet
  facet normal 0.2270762630343803 0.9738769792773321 0
    outer loop
      vertex 18.37545161008064 23.153926402016154 0.6
      vertex 18.6940952255126 23.07962913144534 0.6
      vertex 18.6940952255126 23.07962913144534 0
    endloop
  endfacet
  facet normal 0.2902846772544548 0.9569403357322112 0
    outer loop
      vertex 18.6940952255126 23.07962913144534 0.6
      vertex 19.007197326515808 22.98465064747553 0.6
      vertex 19.007197326515808 22.98465064747553 0
    endloop
  endfacet
  facet normal 0.4713967368260029 0.8819212643483523 0
    outer loop
      vertex 19.611443451095006 22.73436370766344 0.6
      vertex 19.9 22.58012701892219 0.6
      vertex 19.9 22.58012701892219 0
    endloop
  endfacet
  facet normal 0.4127070298043966 0.9108638249211749 0
    outer loop
      vertex 19.31341716182545 22.869397662556434 0.6
      vertex 19.611443451095006 22.73436370766344 0.6
      vertex 19.611443451095006 22.73436370766344 0
    endloop
  endfacet
  facet normal 0.5280678506503604 0.8492021815265836 0
    outer loop
      vertex 20.17785116509801 22.407348061512728 0.6
      vertex 20.17785116509801 22.407348061512728 0
      vertex 19.9 22.58012701892219 0.6
    endloop
  endfacet
  facet normal 0.6343932841636452 0.7730104533627373 0
    outer loop
      vertex 20.696729075500343 22.009199037394886 0.6
      vertex 20.696729075500343 22.009199037394886 0
      vertex 20.4438071450436 22.216766701456176 0.6
    endloop
  endfacet
  facet normal 0.5824776968678057 0.8128466845916127 0
    outer loop
      vertex 20.17785116509801 22.407348061512728 0.6
      vertex 20.4438071450436 22.216766701456176 0.6
      vertex 20.4438071450436 22.216766701456176 0
    endloop
  endfacet
  facet normal 0 0 1
    outer loop
      vertex 15.792802673484191 22.98465064747553 0.6
      vertex 16.081308364868164 19.753679275512695 0.6
      vertex 16.105904774487396 23.07962913144534 0.6
    endloop
  endfacet
  facet normal 0 0 1
    outer loop
      vertex 16.105904774487396 23.07962913144534 0.6
      vertex 16.399999618530273 19.9820499420166 0.6
      vertex 16.42454838991936 23.153926402016154 0.6
    endloop
  endfacet
  facet normal 0 0 1
    outer loop
      vertex 16.42454838991936 23.153926402016154 0.6
      vertex 16.634634017944336 20.097759246826172 0.6
      vertex 16.74736903889974 23.20722430686905 0.6
    endloop
  endfacet
  facet normal 0 0 1
    outer loop
      vertex 16.74736903889974 23.20722430686905 0.6
      vertex 17.138948440551758 20.23288917541504 0.6
      vertex 17.072984353849282 23.239294616193018 0.6
    endloop
  endfacet
  facet normal 0 0 1
    outer loop
      vertex 17.072984353849282 23.239294616193018 0.6
      vertex 17.269193649291992 20.245718002319336 0.6
      vertex 17.4 23.25 0.6
    endloop
  endfacet
  facet normal 0 0 1
    outer loop
      vertex 17.4 23.25 0.6
      vertex 17.399999618530273 20.25 0.6
      vertex 17.727015646150715 23.239294616193018 0.6
    endloop
  endfacet
  facet normal 0 0 1
    outer loop
      vertex 17.727015646150715 23.239294616193018 0.6
      vertex 17.790180206298828 20.211570739746094 0.6
      vertex 18.052630961100256 23.20722430686905 0.6
    endloop
  endfacet
  facet normal 0 0 1
    outer loop
      vertex 18.052630961100256 23.20722430686905 0.6
      vertex 18.165367126464844 20.097759246826172 0.6
      vertex 18.37545161008064 23.153926402016154 0.6
    endloop
  endfacet
  facet normal 0 0 1
    outer loop
      vertex 18.37545161008064 23.153926402016154 0.6
      vertex 18.399999618530273 19.9820499420166 0.6
      vertex 18.6940952255126 23.07962913144534 0.6
    endloop
  endfacet
  facet normal 0 0 1
    outer loop
      vertex 18.6940952255126 23.07962913144534 0.6
      vertex 18.814212799072266 19.664213180541992 0.6
      vertex 19.007197326515808 22.98465064747553 0.6
    endloop
  endfacet
  facet normal -0.7730104533627404 -0.6343932841636413 0
    outer loop
      vertex 59.433233298543826 15.206192854956397 0.6
      vertex 59.433233298543826 15.206192854956397 0
      vertex 59.64080096260511 14.953270924499655 0
    endloop
  endfacet
  facet normal -0.8128466845916092 -0.5824776968678103 0
    outer loop
      vertex 59.24265193848727 15.47214883490199 0.6
      vertex 59.24265193848727 15.47214883490199 0
      vertex 59.433233298543826 15.206192854956397 0
    endloop
  endfacet
  facet normal -0.4127070298043966 -0.9108638249211749 0
    outer loop
      vertex 61.48658283817455 13.630602337443566 0.6
      vertex 61.18855654890499 13.76563629233656 0
      vertex 61.48658283817455 13.630602337443566 0
    endloop
  endfacet
  facet normal -0.5280678506503634 -0.8492021815265818 0
    outer loop
      vertex 60.9 13.919872981077807 0.6
      vertex 60.622148834901985 14.092651938487274 0
      vertex 60.9 13.919872981077807 0
    endloop
  endfacet
  facet normal -0.5824776968678073 -0.8128466845916115 0
    outer loop
      vertex 60.622148834901985 14.092651938487274 0.6
      vertex 60.3561928549564 14.283233298543824 0
      vertex 60.622148834901985 14.092651938487274 0
    endloop
  endfacet
  facet normal -0.4713967368259987 -0.8819212643483545 0
    outer loop
      vertex 61.18855654890499 13.76563629233656 0.6
      vertex 60.9 13.919872981077807 0
      vertex 61.18855654890499 13.76563629233656 0
    endloop
  endfacet
  facet normal -0.6835923020228698 -0.7298640726978372 0
    outer loop
      vertex 60.103270924499654 14.490800962605114 0.6
      vertex 59.86446609406726 14.714466094067262 0
      vertex 60.103270924499654 14.490800962605114 0
    endloop
  endfacet
  facet normal -0.6343932841636452 -0.7730104533627373 0
    outer loop
      vertex 60.3561928549564 14.283233298543824 0.6
      vertex 60.103270924499654 14.490800962605114 0
      vertex 60.3561928549564 14.283233298543824 0
    endloop
  endfacet
  facet normal -0.7298640726978372 -0.6835923020228698 0
    outer loop
      vertex 59.64080096260511 14.953270924499655 0.6
      vertex 59.64080096260511 14.953270924499655 0
      vertex 59.86446609406726 14.714466094067262 0
    endloop
  endfacet
  facet normal -0.8492021815265836 -0.5280678506503604 0
    outer loop
      vertex 59.06987298107781 15.75 0.6
      vertex 59.06987298107781 15.75 0
      vertex 59.24265193848727 15.47214883490199 0
    endloop
  endfacet
  facet normal -0.8819212643483523 -0.4713967368260029 0
    outer loop
      vertex 58.91563629233656 16.038556548904992 0.6
      vertex 58.91563629233656 16.038556548904992 0
      vertex 59.06987298107781 15.75 0
    endloop
  endfacet
  facet normal -0.910863824921179 -0.41270702980438756 0
    outer loop
      vertex 58.78060233744357 16.33658283817455 0.6
      vertex 58.78060233744357 16.33658283817455 0
      vertex 58.91563629233656 16.038556548904992 0
    endloop
  endfacet
  facet normal -0.9359059267573245 -0.3522500479212365 0
    outer loop
      vertex 58.66534935252447 16.64280267348419 0.6
      vertex 58.66534935252447 16.64280267348419 0
      vertex 58.78060233744357 16.33658283817455 0
    endloop
  endfacet
  facet normal -0.956940335732205 -0.29028467725447465 0
    outer loop
      vertex 58.570370868554654 16.955904774487397 0.6
      vertex 58.570370868554654 16.955904774487397 0
      vertex 58.66534935252447 16.64280267348419 0
    endloop
  endfacet
  facet normal -0.9738769792773344 -0.22707626303437 0
    outer loop
      vertex 58.496073597983845 17.27454838991936 0.6
      vertex 58.496073597983845 17.27454838991936 0
      vertex 58.570370868554654 16.955904774487397 0
    endloop
  endfacet
  facet normal -0.9866433320848802 -0.16289547339458146 0
    outer loop
      vertex 58.44277569313095 17.597369038899743 0.6
      vertex 58.44277569313095 17.597369038899743 0
      vertex 58.496073597983845 17.27454838991936 0
    endloop
  endfacet
  facet normal -0.9951847266721977 -0.09801714032955335 0
    outer loop
      vertex 58.410705383806985 17.922984353849284 0.6
      vertex 58.410705383806985 17.922984353849284 0
      vertex 58.44277569313095 17.597369038899743 0
    endloop
  endfacet
  facet normal -0.9994645874763654 -0.032719082821786635 0
    outer loop
      vertex 58.4 18.25 0.6
      vertex 58.4 18.25 0
      vertex 58.410705383806985 17.922984353849284 0
    endloop
  endfacet
  facet normal -0.9994645874763654 0.032719082821786635 0
    outer loop
      vertex 58.410705383806985 18.577015646150716 0.6
      vertex 58.410705383806985 18.577015646150716 0
      vertex 58.4 18.25 0
    endloop
  endfacet
  facet normal -0.9951847266721977 0.09801714032955335 0
    outer loop
      vertex 58.44277569313095 18.902630961100257 0.6
      vertex 58.44277569313095 18.902630961100257 0
      vertex 58.410705383806985 18.577015646150716 0
    endloop
  endfacet
  facet normal -0.9866433320848802 0.16289547339458146 0
    outer loop
      vertex 58.496073597983845 19.22545161008064 0.6
      vertex 58.496073597983845 19.22545161008064 0
      vertex 58.44277569313095 18.902630961100257 0
    endloop
  endfacet
  facet normal -0.9738769792773344 0.22707626303437 0
    outer loop
      vertex 58.570370868554654 19.544095225512603 0.6
      vertex 58.570370868554654 19.544095225512603 0
      vertex 58.496073597983845 19.22545161008064 0
    endloop
  endfacet
  facet normal -0.956940335732205 0.29028467725447465 0
    outer loop
      vertex 58.66534935252447 19.85719732651581 0.6
      vertex 58.66534935252447 19.85719732651581 0
      vertex 58.570370868554654 19.544095225512603 0
    endloop
  endfacet
  facet normal -0.9359059267573245 0.3522500479212365 0
    outer loop
      vertex 58.78060233744357 20.16341716182545 0.6
      vertex 58.78060233744357 20.16341716182545 0
      vertex 58.66534935252447 19.85719732651581 0
    endloop
  endfacet
  facet normal -0.910863824921179 0.41270702980438756 0
    outer loop
      vertex 58.91563629233656 20.461443451095008 0.6
      vertex 58.91563629233656 20.461443451095008 0
      vertex 58.78060233744357 20.16341716182545 0
    endloop
  endfacet
  facet normal -0.8819212643483523 0.4713967368260029 0
    outer loop
      vertex 59.06987298107781 20.75 0.6
      vertex 59.06987298107781 20.75 0
      vertex 58.91563629233656 20.461443451095008 0
    endloop
  endfacet
  facet normal -0.8492021815265836 0.5280678506503604 0
    outer loop
      vertex 59.24265193848727 21.02785116509801 0.6
      vertex 59.24265193848727 21.02785116509801 0
      vertex 59.06987298107781 20.75 0
    endloop
  endfacet
  facet normal -0.8128466845916076 0.5824776968678129 0
    outer loop
      vertex 59.433233298543826 21.2938071450436 0.6
      vertex 59.433233298543826 21.2938071450436 0
      vertex 59.24265193848727 21.02785116509801 0
    endloop
  endfacet
  facet normal -0.7730104533627427 0.6343932841636386 0
    outer loop
      vertex 59.64080096260511 21.546729075500345 0.6
      vertex 59.64080096260511 21.546729075500345 0
      vertex 59.433233298543826 21.2938071450436 0
    endloop
  endfacet
  facet normal -0.7298640726978372 0.6835923020228698 0
    outer loop
      vertex 59.86446609406726 21.785533905932738 0.6
      vertex 59.86446609406726 21.785533905932738 0
      vertex 59.64080096260511 21.546729075500345 0
    endloop
  endfacet
  facet normal -0.6835923020228698 0.7298640726978372 0
    outer loop
      vertex 59.86446609406726 21.785533905932738 0.6
      vertex 60.103270924499654 22.009199037394886 0
      vertex 59.86446609406726 21.785533905932738 0
    endloop
  endfacet
  facet normal -0.3522500479212365 -0.9359059267573245 0
    outer loop
      vertex 61.79280267348419 13.51534935252447 0.6
      vertex 61.48658283817455 13.630602337443566 0
      vertex 61.79280267348419 13.51534935252447 0
    endloop
  endfacet
  facet normal -0.2902846772544578 -0.9569403357322102 0
    outer loop
      vertex 62.10590477448739 13.42037086855466 0.6
      vertex 61.79280267348419 13.51534935252447 0
      vertex 62.10590477448739 13.42037086855466 0
    endloop
  endfacet
  facet normal -0.22707626303437273 -0.9738769792773337 0
    outer loop
      vertex 62.42454838991936 13.346073597983848 0.6
      vertex 62.10590477448739 13.42037086855466 0
      vertex 62.42454838991936 13.346073597983848 0
    endloop
  endfacet
  facet normal -0.16289547339458677 -0.9866433320848793 0
    outer loop
      vertex 62.74736903889974 13.292775693130949 0.6
      vertex 62.42454838991936 13.346073597983848 0
      vertex 62.74736903889974 13.292775693130949 0
    endloop
  endfacet
  facet normal -0.09801714032956303 -0.9951847266721966 0
    outer loop
      vertex 63.072984353849286 13.260705383806982 0.6
      vertex 62.74736903889974 13.292775693130949 0
      vertex 63.072984353849286 13.260705383806982 0
    endloop
  endfacet
  facet normal -0.032719082821776144 -0.9994645874763657 0
    outer loop
      vertex 63.4 13.25 0.6
      vertex 63.072984353849286 13.260705383806982 0
      vertex 63.4 13.25 0
    endloop
  endfacet
  facet normal 0.032719082821776144 -0.9994645874763657 0
    outer loop
      vertex 63.72701564615071 13.260705383806982 0.6
      vertex 63.4 13.25 0
      vertex 63.72701564615071 13.260705383806982 0
    endloop
  endfacet
  facet normal 0.09801714032956094 -0.9951847266721968 0
    outer loop
      vertex 64.05263096110026 13.292775693130949 0.6
      vertex 63.72701564615071 13.260705383806982 0
      vertex 64.05263096110026 13.292775693130949 0
    endloop
  endfacet
  facet normal 0.16289547339458677 -0.9866433320848793 0
    outer loop
      vertex 64.37545161008065 13.346073597983848 0.6
      vertex 64.05263096110026 13.292775693130949 0
      vertex 64.37545161008065 13.346073597983848 0
    endloop
  endfacet
  facet normal 0.22707626303438233 -0.9738769792773315 0
    outer loop
      vertex 64.6940952255126 13.42037086855466 0.6
      vertex 64.37545161008065 13.346073597983848 0
      vertex 64.6940952255126 13.42037086855466 0
    endloop
  endfacet
  facet normal 0.29028467725445173 -0.956940335732212 0
    outer loop
      vertex 65.00719732651581 13.51534935252447 0.6
      vertex 64.6940952255126 13.42037086855466 0
      vertex 65.00719732651581 13.51534935252447 0
    endloop
  endfacet
  facet normal 0.35225004792124365 -0.9359059267573219 0
    outer loop
      vertex 65.31341716182544 13.630602337443566 0.6
      vertex 65.00719732651581 13.51534935252447 0
      vertex 65.31341716182544 13.630602337443566 0
    endloop
  endfacet
  facet normal 0.4127070298043966 -0.9108638249211749 0
    outer loop
      vertex 65.611443451095 13.76563629233656 0.6
      vertex 65.31341716182544 13.630602337443566 0
      vertex 65.611443451095 13.76563629233656 0
    endloop
  endfacet
  facet normal 0.4713967368259806 -0.8819212643483642 0
    outer loop
      vertex 65.9 13.919872981077807 0.6
      vertex 65.611443451095 13.76563629233656 0
      vertex 65.9 13.919872981077807 0
    endloop
  endfacet
  facet normal 0.5280678506503829 -0.8492021815265697 0
    outer loop
      vertex 66.177851165098 14.092651938487274 0.6
      vertex 65.9 13.919872981077807 0
      vertex 66.177851165098 14.092651938487274 0
    endloop
  endfacet
  facet normal 0.5824776968677867 -0.8128466845916262 0
    outer loop
      vertex 66.4438071450436 14.283233298543824 0.6
      vertex 66.177851165098 14.092651938487274 0
      vertex 66.4438071450436 14.283233298543824 0
    endloop
  endfacet
  facet normal 0.6343932841636558 -0.7730104533627286 0
    outer loop
      vertex 66.69672907550034 14.490800962605114 0.6
      vertex 66.4438071450436 14.283233298543824 0
      vertex 66.69672907550034 14.490800962605114 0
    endloop
  endfacet
  facet normal 0.683592302022859 -0.7298640726978471 0
    outer loop
      vertex 66.93553390593274 14.714466094067262 0.6
      vertex 66.69672907550034 14.490800962605114 0
      vertex 66.93553390593274 14.714466094067262 0
    endloop
  endfacet
  facet normal 0.7298640726978479 -0.6835923020228583 0
    outer loop
      vertex 66.93553390593274 14.714466094067262 0.6
      vertex 66.93553390593274 14.714466094067262 0
      vertex 67.15919903739488 14.953270924499655 0
    endloop
  endfacet
  facet normal 0.7730104533627404 -0.6343932841636413 0
    outer loop
      vertex 67.15919903739488 14.953270924499655 0.6
      vertex 67.15919903739488 14.953270924499655 0
      vertex 67.36676670145617 15.206192854956397 0
    endloop
  endfacet
  facet normal 0.8128466845916092 -0.5824776968678103 0
    outer loop
      vertex 67.36676670145617 15.206192854956397 0.6
      vertex 67.36676670145617 15.206192854956397 0
      vertex 67.55734806151273 15.47214883490199 0
    endloop
  endfacet
  facet normal 0.8492021815265836 -0.5280678506503604 0
    outer loop
      vertex 67.55734806151273 15.47214883490199 0.6
      vertex 67.55734806151273 15.47214883490199 0
      vertex 67.73012701892219 15.75 0
    endloop
  endfacet
  facet normal 0.8819212643483523 -0.4713967368260029 0
    outer loop
      vertex 67.73012701892219 15.75 0.6
      vertex 67.73012701892219 15.75 0
      vertex 67.88436370766344 16.038556548904992 0
    endloop
  endfacet
  facet normal 0.910863824921179 -0.41270702980438756 0
    outer loop
      vertex 67.88436370766344 16.038556548904992 0.6
      vertex 67.88436370766344 16.038556548904992 0
      vertex 68.01939766255643 16.33658283817455 0
    endloop
  endfacet
  facet normal 0.9359059267573245 -0.3522500479212365 0
    outer loop
      vertex 68.01939766255643 16.33658283817455 0.6
      vertex 68.01939766255643 16.33658283817455 0
      vertex 68.13465064747552 16.64280267348419 0
    endloop
  endfacet
  facet normal 0.9569403357322112 -0.2902846772544548 0
    outer loop
      vertex 68.13465064747552 16.64280267348419 0.6
      vertex 68.13465064747552 16.64280267348419 0
      vertex 68.22962913144534 16.955904774487397 0
    endloop
  endfacet
  facet normal 0.9738769792773344 -0.22707626303437 0
    outer loop
      vertex 68.22962913144534 16.955904774487397 0.6
      vertex 68.22962913144534 16.955904774487397 0
      vertex 68.30392640201615 17.27454838991936 0
    endloop
  endfacet
  facet normal 0.9866433320848732 -0.16289547339462374 0
    outer loop
      vertex 68.30392640201615 17.27454838991936 0.6
      vertex 68.30392640201615 17.27454838991936 0
      vertex 68.35722430686906 17.597369038899743 0
    endloop
  endfacet
  facet normal 0.9951847266721998 -0.09801714032953183 0
    outer loop
      vertex 68.35722430686906 17.597369038899743 0.6
      vertex 68.35722430686906 17.597369038899743 0
      vertex 68.38929461619301 17.922984353849284 0
    endloop
  endfacet
  facet normal 0.9994645874763646 -0.032719082821808326 0
    outer loop
      vertex 68.38929461619301 17.922984353849284 0.6
      vertex 68.38929461619301 17.922984353849284 0
      vertex 68.4 18.25 0
    endloop
  endfacet
  facet normal 0.9994645874763646 0.032719082821808326 0
    outer loop
      vertex 68.4 18.25 0.6
      vertex 68.4 18.25 0
      vertex 68.38929461619301 18.577015646150716 0
    endloop
  endfacet
  facet normal 0.9951847266721998 0.09801714032953183 0
    outer loop
      vertex 68.38929461619301 18.577015646150716 0.6
      vertex 68.38929461619301 18.577015646150716 0
      vertex 68.35722430686906 18.902630961100257 0
    endloop
  endfacet
  facet normal 0.9866433320848732 0.16289547339462374 0
    outer loop
      vertex 68.35722430686906 18.902630961100257 0.6
      vertex 68.35722430686906 18.902630961100257 0
      vertex 68.30392640201615 19.22545161008064 0
    endloop
  endfacet
  facet normal 0.9738769792773344 0.22707626303437 0
    outer loop
      vertex 68.30392640201615 19.22545161008064 0.6
      vertex 68.30392640201615 19.22545161008064 0
      vertex 68.22962913144534 19.544095225512603 0
    endloop
  endfacet
  facet normal 0.9569403357322112 0.2902846772544548 0
    outer loop
      vertex 68.22962913144534 19.544095225512603 0.6
      vertex 68.22962913144534 19.544095225512603 0
      vertex 68.13465064747552 19.85719732651581 0
    endloop
  endfacet
  facet normal 0.9359059267573245 0.3522500479212365 0
    outer loop
      vertex 68.13465064747552 19.85719732651581 0.6
      vertex 68.13465064747552 19.85719732651581 0
      vertex 68.01939766255643 20.16341716182545 0
    endloop
  endfacet
  facet normal 0.910863824921179 0.41270702980438756 0
    outer loop
      vertex 68.01939766255643 20.16341716182545 0.6
      vertex 68.01939766255643 20.16341716182545 0
      vertex 67.88436370766344 20.461443451095008 0
    endloop
  endfacet
  facet normal 0.8819212643483523 0.4713967368260029 0
    outer loop
      vertex 67.88436370766344 20.461443451095008 0.6
      vertex 67.88436370766344 20.461443451095008 0
      vertex 67.73012701892219 20.75 0
    endloop
  endfacet
  facet normal 0.8128466845916076 0.5824776968678129 0
    outer loop
      vertex 67.55734806151273 21.02785116509801 0.6
      vertex 67.55734806151273 21.02785116509801 0
      vertex 67.36676670145617 21.2938071450436 0
    endloop
  endfacet
  facet normal 0.7298640726978479 0.6835923020228583 0
    outer loop
      vertex 67.15919903739488 21.546729075500345 0.6
      vertex 67.15919903739488 21.546729075500345 0
      vertex 66.93553390593274 21.785533905932738 0
    endloop
  endfacet
  facet normal 0.7730104533627427 0.6343932841636386 0
    outer loop
      vertex 67.36676670145617 21.2938071450436 0.6
      vertex 67.36676670145617 21.2938071450436 0
      vertex 67.15919903739488 21.546729075500345 0
    endloop
  endfacet
  facet normal 0.8492021815265836 0.5280678506503604 0
    outer loop
      vertex 67.73012701892219 20.75 0.6
      vertex 67.73012701892219 20.75 0
      vertex 67.55734806151273 21.02785116509801 0
    endloop
  endfacet
  facet normal -0.6343932841636452 0.7730104533627373 0
    outer loop
      vertex 60.103270924499654 22.009199037394886 0.6
      vertex 60.3561928549564 22.216766701456176 0
      vertex 60.103270924499654 22.009199037394886 0
    endloop
  endfacet
  facet normal -0.5824776968678109 0.812846684591609 0
    outer loop
      vertex 60.3561928549564 22.216766701456176 0.6
      vertex 60.622148834901985 22.407348061512728 0
      vertex 60.3561928549564 22.216766701456176 0
    endloop
  endfacet
  facet normal -0.5280678506503557 0.8492021815265867 0
    outer loop
      vertex 60.622148834901985 22.407348061512728 0.6
      vertex 60.9 22.58012701892219 0
      vertex 60.622148834901985 22.407348061512728 0
    endloop
  endfacet
  facet normal -0.4713967368260029 0.8819212643483523 0
    outer loop
      vertex 60.9 22.58012701892219 0.6
      vertex 61.18855654890499 22.73436370766344 0
      vertex 60.9 22.58012701892219 0
    endloop
  endfacet
  facet normal -0.4127070298043966 0.9108638249211749 0
    outer loop
      vertex 61.18855654890499 22.73436370766344 0.6
      vertex 61.48658283817455 22.869397662556434 0
      vertex 61.18855654890499 22.73436370766344 0
    endloop
  endfacet
  facet normal -0.3522500479212365 0.9359059267573245 0
    outer loop
      vertex 61.48658283817455 22.869397662556434 0.6
      vertex 61.79280267348419 22.98465064747553 0
      vertex 61.48658283817455 22.869397662556434 0
    endloop
  endfacet
  facet normal -0.2902846772544578 0.9569403357322102 0
    outer loop
      vertex 61.79280267348419 22.98465064747553 0.6
      vertex 62.10590477448739 23.07962913144534 0
      vertex 61.79280267348419 22.98465064747553 0
    endloop
  endfacet
  facet normal -0.22707626303437792 0.9738769792773326 0
    outer loop
      vertex 62.10590477448739 23.07962913144534 0.6
      vertex 62.42454838991936 23.153926402016154 0
      vertex 62.10590477448739 23.07962913144534 0
    endloop
  endfacet
  facet normal -0.16289547339458146 0.9866433320848802 0
    outer loop
      vertex 62.42454838991936 23.153926402016154 0.6
      vertex 62.74736903889974 23.20722430686905 0
      vertex 62.42454838991936 23.153926402016154 0
    endloop
  endfacet
  facet normal -0.09801714032956303 0.9951847266721966 0
    outer loop
      vertex 62.74736903889974 23.20722430686905 0.6
      vertex 63.072984353849286 23.239294616193018 0
      vertex 62.74736903889974 23.20722430686905 0
    endloop
  endfacet
  facet normal -0.032719082821776144 0.9994645874763657 0
    outer loop
      vertex 63.072984353849286 23.239294616193018 0.6
      vertex 63.4 23.25 0
      vertex 63.072984353849286 23.239294616193018 0
    endloop
  endfacet
  facet normal 0.032719082821776144 0.9994645874763657 0
    outer loop
      vertex 63.4 23.25 0.6
      vertex 63.72701564615071 23.239294616193018 0
      vertex 63.4 23.25 0
    endloop
  endfacet
  facet normal 0.09801714032956094 0.9951847266721968 0
    outer loop
      vertex 63.72701564615071 23.239294616193018 0.6
      vertex 64.05263096110026 23.20722430686905 0
      vertex 63.72701564615071 23.239294616193018 0
    endloop
  endfacet
  facet normal 0.16289547339458146 0.9866433320848802 0
    outer loop
      vertex 64.05263096110026 23.20722430686905 0.6
      vertex 64.37545161008065 23.153926402016154 0
      vertex 64.05263096110026 23.20722430686905 0
    endloop
  endfacet
  facet normal 0.2270762630343875 0.9738769792773303 0
    outer loop
      vertex 64.37545161008065 23.153926402016154 0.6
      vertex 64.6940952255126 23.07962913144534 0
      vertex 64.37545161008065 23.153926402016154 0
    endloop
  endfacet
  facet normal 0.29028467725445173 0.956940335732212 0
    outer loop
      vertex 64.6940952255126 23.07962913144534 0.6
      vertex 65.00719732651581 22.98465064747553 0
      vertex 64.6940952255126 23.07962913144534 0
    endloop
  endfacet
  facet normal 0.35225004792124365 0.9359059267573219 0
    outer loop
      vertex 65.00719732651581 22.98465064747553 0.6
      vertex 65.31341716182544 22.869397662556434 0
      vertex 65.00719732651581 22.98465064747553 0
    endloop
  endfacet
  facet normal 0.4713967368259849 0.8819212643483619 0
    outer loop
      vertex 65.611443451095 22.73436370766344 0.6
      vertex 65.9 22.58012701892219 0
      vertex 65.611443451095 22.73436370766344 0
    endloop
  endfacet
  facet normal 0.4127070298043966 0.9108638249211749 0
    outer loop
      vertex 65.31341716182544 22.869397662556434 0.6
      vertex 65.611443451095 22.73436370766344 0
      vertex 65.31341716182544 22.869397662556434 0
    endloop
  endfacet
  facet normal 0.6343932841636558 0.7730104533627286 0
    outer loop
      vertex 66.4438071450436 22.216766701456176 0.6
      vertex 66.69672907550034 22.009199037394886 0
      vertex 66.4438071450436 22.216766701456176 0
    endloop
  endfacet
  facet normal 0.5824776968677903 0.8128466845916237 0
    outer loop
      vertex 66.177851165098 22.407348061512728 0.6
      vertex 66.4438071450436 22.216766701456176 0
      vertex 66.177851165098 22.407348061512728 0
    endloop
  endfacet
  facet normal 0.5280678506503751 0.8492021815265745 0
    outer loop
      vertex 65.9 22.58012701892219 0.6
      vertex 66.177851165098 22.407348061512728 0
      vertex 65.9 22.58012701892219 0
    endloop
  endfacet
  facet normal 0.683592302022859 0.7298640726978471 0
    outer loop
      vertex 66.69672907550034 22.009199037394886 0.6
      vertex 66.93553390593274 21.785533905932738 0
      vertex 66.69672907550034 22.009199037394886 0
    endloop
  endfacet
  facet normal -0.7730104533627404 -0.6343932841636413 0
    outer loop
      vertex 59.64080096260511 14.953270924499655 0.6
      vertex 59.433233298543826 15.206192854956397 0.6
      vertex 59.64080096260511 14.953270924499655 0
    endloop
  endfacet
  facet normal -0.8128466845916092 -0.5824776968678103 0
    outer loop
      vertex 59.433233298543826 15.206192854956397 0.6
      vertex 59.24265193848727 15.47214883490199 0.6
      vertex 59.433233298543826 15.206192854956397 0
    endloop
  endfacet
  facet normal -0.5824776968678073 -0.8128466845916115 0
    outer loop
      vertex 60.3561928549564 14.283233298543824 0.6
      vertex 60.3561928549564 14.283233298543824 0
      vertex 60.622148834901985 14.092651938487274 0.6
    endloop
  endfacet
  facet normal -0.4127070298043966 -0.9108638249211749 0
    outer loop
      vertex 61.18855654890499 13.76563629233656 0.6
      vertex 61.18855654890499 13.76563629233656 0
      vertex 61.48658283817455 13.630602337443566 0.6
    endloop
  endfacet
  facet normal -0.5280678506503634 -0.8492021815265818 0
    outer loop
      vertex 60.9 13.919872981077807 0.6
      vertex 60.622148834901985 14.092651938487274 0.6
      vertex 60.622148834901985 14.092651938487274 0
    endloop
  endfacet
  facet normal -0.4713967368259987 -0.8819212643483545 0
    outer loop
      vertex 61.18855654890499 13.76563629233656 0.6
      vertex 60.9 13.919872981077807 0.6
      vertex 60.9 13.919872981077807 0
    endloop
  endfacet
  facet normal -0.7298640726978372 -0.6835923020228698 0
    outer loop
      vertex 59.64080096260511 14.953270924499655 0.6
      vertex 59.86446609406726 14.714466094067262 0
      vertex 59.86446609406726 14.714466094067262 0.6
    endloop
  endfacet
  facet normal -0.6835923020228698 -0.7298640726978372 0
    outer loop
      vertex 59.86446609406726 14.714466094067262 0.6
      vertex 59.86446609406726 14.714466094067262 0
      vertex 60.103270924499654 14.490800962605114 0.6
    endloop
  endfacet
  facet normal -0.6343932841636452 -0.7730104533627373 0
    outer loop
      vertex 60.3561928549564 14.283233298543824 0.6
      vertex 60.103270924499654 14.490800962605114 0.6
      vertex 60.103270924499654 14.490800962605114 0
    endloop
  endfacet
  facet normal -0.9359059267573245 -0.3522500479212365 0
    outer loop
      vertex 58.78060233744357 16.33658283817455 0.6
      vertex 58.66534935252447 16.64280267348419 0.6
      vertex 58.78060233744357 16.33658283817455 0
    endloop
  endfacet
  facet normal -0.8492021815265836 -0.5280678506503604 0
    outer loop
      vertex 59.06987298107781 15.75 0.6
      vertex 59.24265193848727 15.47214883490199 0
      vertex 59.24265193848727 15.47214883490199 0.6
    endloop
  endfacet
  facet normal -0.8819212643483523 -0.4713967368260029 0
    outer loop
      vertex 59.06987298107781 15.75 0.6
      vertex 58.91563629233656 16.038556548904992 0.6
      vertex 59.06987298107781 15.75 0
    endloop
  endfacet
  facet normal -0.910863824921179 -0.41270702980438756 0
    outer loop
      vertex 58.91563629233656 16.038556548904992 0.6
      vertex 58.78060233744357 16.33658283817455 0.6
      vertex 58.91563629233656 16.038556548904992 0
    endloop
  endfacet
  facet normal -0.956940335732205 -0.29028467725447465 0
    outer loop
      vertex 58.66534935252447 16.64280267348419 0.6
      vertex 58.570370868554654 16.955904774487397 0.6
      vertex 58.66534935252447 16.64280267348419 0
    endloop
  endfacet
  facet normal -0.9738769792773344 -0.22707626303437 0
    outer loop
      vertex 58.570370868554654 16.955904774487397 0.6
      vertex 58.496073597983845 17.27454838991936 0.6
      vertex 58.570370868554654 16.955904774487397 0
    endloop
  endfacet
  facet normal -0.9866433320848802 -0.16289547339458146 0
    outer loop
      vertex 58.496073597983845 17.27454838991936 0.6
      vertex 58.44277569313095 17.597369038899743 0.6
      vertex 58.496073597983845 17.27454838991936 0
    endloop
  endfacet
  facet normal -0.9951847266721977 -0.09801714032955335 0
    outer loop
      vertex 58.44277569313095 17.597369038899743 0.6
      vertex 58.410705383806985 17.922984353849284 0.6
      vertex 58.44277569313095 17.597369038899743 0
    endloop
  endfacet
  facet normal -0.9994645874763654 -0.032719082821786635 0
    outer loop
      vertex 58.410705383806985 17.922984353849284 0.6
      vertex 58.4 18.25 0.6
      vertex 58.410705383806985 17.922984353849284 0
    endloop
  endfacet
  facet normal -0.9994645874763654 0.032719082821786635 0
    outer loop
      vertex 58.4 18.25 0.6
      vertex 58.410705383806985 18.577015646150716 0.6
      vertex 58.4 18.25 0
    endloop
  endfacet
  facet normal -0.9951847266721977 0.09801714032955335 0
    outer loop
      vertex 58.410705383806985 18.577015646150716 0.6
      vertex 58.44277569313095 18.902630961100257 0.6
      vertex 58.410705383806985 18.577015646150716 0
    endloop
  endfacet
  facet normal -0.9866433320848802 0.16289547339458146 0
    outer loop
      vertex 58.44277569313095 18.902630961100257 0.6
      vertex 58.496073597983845 19.22545161008064 0.6
      vertex 58.44277569313095 18.902630961100257 0
    endloop
  endfacet
  facet normal -0.9738769792773344 0.22707626303437 0
    outer loop
      vertex 58.496073597983845 19.22545161008064 0.6
      vertex 58.570370868554654 19.544095225512603 0.6
      vertex 58.496073597983845 19.22545161008064 0
    endloop
  endfacet
  facet normal -0.956940335732205 0.29028467725447465 0
    outer loop
      vertex 58.570370868554654 19.544095225512603 0.6
      vertex 58.66534935252447 19.85719732651581 0.6
      vertex 58.570370868554654 19.544095225512603 0
    endloop
  endfacet
  facet normal -0.9359059267573245 0.3522500479212365 0
    outer loop
      vertex 58.66534935252447 19.85719732651581 0.6
      vertex 58.78060233744357 20.16341716182545 0.6
      vertex 58.66534935252447 19.85719732651581 0
    endloop
  endfacet
  facet normal -0.910863824921179 0.41270702980438756 0
    outer loop
      vertex 58.78060233744357 20.16341716182545 0.6
      vertex 58.91563629233656 20.461443451095008 0.6
      vertex 58.78060233744357 20.16341716182545 0
    endloop
  endfacet
  facet normal -0.8819212643483523 0.4713967368260029 0
    outer loop
      vertex 58.91563629233656 20.461443451095008 0.6
      vertex 59.06987298107781 20.75 0.6
      vertex 58.91563629233656 20.461443451095008 0
    endloop
  endfacet
  facet normal -0.8492021815265836 0.5280678506503604 0
    outer loop
      vertex 59.06987298107781 20.75 0.6
      vertex 59.24265193848727 21.02785116509801 0.6
      vertex 59.06987298107781 20.75 0
    endloop
  endfacet
  facet normal -0.8128466845916076 0.5824776968678129 0
    outer loop
      vertex 59.24265193848727 21.02785116509801 0.6
      vertex 59.433233298543826 21.2938071450436 0.6
      vertex 59.24265193848727 21.02785116509801 0
    endloop
  endfacet
  facet normal -0.7730104533627427 0.6343932841636386 0
    outer loop
      vertex 59.433233298543826 21.2938071450436 0.6
      vertex 59.64080096260511 21.546729075500345 0.6
      vertex 59.433233298543826 21.2938071450436 0
    endloop
  endfacet
  facet normal -0.7298640726978372 0.6835923020228698 0
    outer loop
      vertex 59.64080096260511 21.546729075500345 0.6
      vertex 59.86446609406726 21.785533905932738 0.6
      vertex 59.64080096260511 21.546729075500345 0
    endloop
  endfacet
  facet normal -0.3522500479212365 -0.9359059267573245 0
    outer loop
      vertex 61.79280267348419 13.51534935252447 0.6
      vertex 61.48658283817455 13.630602337443566 0.6
      vertex 61.48658283817455 13.630602337443566 0
    endloop
  endfacet
  facet normal -0.2902846772544578 -0.9569403357322102 0
    outer loop
      vertex 61.79280267348419 13.51534935252447 0.6
      vertex 61.79280267348419 13.51534935252447 0
      vertex 62.10590477448739 13.42037086855466 0.6
    endloop
  endfacet
  facet normal -0.22707626303437273 -0.9738769792773337 0
    outer loop
      vertex 62.10590477448739 13.42037086855466 0.6
      vertex 62.10590477448739 13.42037086855466 0
      vertex 62.42454838991936 13.346073597983848 0.6
    endloop
  endfacet
  facet normal -0.16289547339458677 -0.9866433320848793 0
    outer loop
      vertex 62.42454838991936 13.346073597983848 0.6
      vertex 62.42454838991936 13.346073597983848 0
      vertex 62.74736903889974 13.292775693130949 0.6
    endloop
  endfacet
  facet normal -0.09801714032956303 -0.9951847266721966 0
    outer loop
      vertex 62.74736903889974 13.292775693130949 0.6
      vertex 62.74736903889974 13.292775693130949 0
      vertex 63.072984353849286 13.260705383806982 0.6
    endloop
  endfacet
  facet normal -0.032719082821776144 -0.9994645874763657 0
    outer loop
      vertex 63.072984353849286 13.260705383806982 0.6
      vertex 63.072984353849286 13.260705383806982 0
      vertex 63.4 13.25 0.6
    endloop
  endfacet
  facet normal 0.032719082821776144 -0.9994645874763657 0
    outer loop
      vertex 63.4 13.25 0.6
      vertex 63.4 13.25 0
      vertex 63.72701564615071 13.260705383806982 0.6
    endloop
  endfacet
  facet normal 0.09801714032956094 -0.9951847266721968 0
    outer loop
      vertex 63.72701564615071 13.260705383806982 0.6
      vertex 63.72701564615071 13.260705383806982 0
      vertex 64.05263096110026 13.292775693130949 0.6
    endloop
  endfacet
  facet normal 0.16289547339458677 -0.9866433320848793 0
    outer loop
      vertex 64.05263096110026 13.292775693130949 0.6
      vertex 64.05263096110026 13.292775693130949 0
      vertex 64.37545161008065 13.346073597983848 0.6
    endloop
  endfacet
  facet normal 0.22707626303438233 -0.9738769792773315 0
    outer loop
      vertex 64.37545161008065 13.346073597983848 0.6
      vertex 64.37545161008065 13.346073597983848 0
      vertex 64.6940952255126 13.42037086855466 0.6
    endloop
  endfacet
  facet normal 0.29028467725445173 -0.956940335732212 0
    outer loop
      vertex 64.6940952255126 13.42037086855466 0.6
      vertex 64.6940952255126 13.42037086855466 0
      vertex 65.00719732651581 13.51534935252447 0.6
    endloop
  endfacet
  facet normal 0.35225004792124365 -0.9359059267573219 0
    outer loop
      vertex 65.00719732651581 13.51534935252447 0.6
      vertex 65.00719732651581 13.51534935252447 0
      vertex 65.31341716182544 13.630602337443566 0.6
    endloop
  endfacet
  facet normal 0.4127070298043966 -0.9108638249211749 0
    outer loop
      vertex 65.31341716182544 13.630602337443566 0.6
      vertex 65.31341716182544 13.630602337443566 0
      vertex 65.611443451095 13.76563629233656 0.6
    endloop
  endfacet
  facet normal 0.4713967368259806 -0.8819212643483642 0
    outer loop
      vertex 65.611443451095 13.76563629233656 0.6
      vertex 65.611443451095 13.76563629233656 0
      vertex 65.9 13.919872981077807 0.6
    endloop
  endfacet
  facet normal 0.5280678506503829 -0.8492021815265697 0
    outer loop
      vertex 65.9 13.919872981077807 0.6
      vertex 65.9 13.919872981077807 0
      vertex 66.177851165098 14.092651938487274 0.6
    endloop
  endfacet
  facet normal 0.5824776968677867 -0.8128466845916262 0
    outer loop
      vertex 66.177851165098 14.092651938487274 0.6
      vertex 66.177851165098 14.092651938487274 0
      vertex 66.4438071450436 14.283233298543824 0.6
    endloop
  endfacet
  facet normal 0.6343932841636558 -0.7730104533627286 0
    outer loop
      vertex 66.4438071450436 14.283233298543824 0.6
      vertex 66.4438071450436 14.283233298543824 0
      vertex 66.69672907550034 14.490800962605114 0.6
    endloop
  endfacet
  facet normal 0.683592302022859 -0.7298640726978471 0
    outer loop
      vertex 66.69672907550034 14.490800962605114 0.6
      vertex 66.69672907550034 14.490800962605114 0
      vertex 66.93553390593274 14.714466094067262 0.6
    endloop
  endfacet
  facet normal 0.7298640726978479 -0.6835923020228583 0
    outer loop
      vertex 66.93553390593274 14.714466094067262 0.6
      vertex 67.15919903739488 14.953270924499655 0
      vertex 67.15919903739488 14.953270924499655 0.6
    endloop
  endfacet
  facet normal 0.7730104533627404 -0.6343932841636413 0
    outer loop
      vertex 67.15919903739488 14.953270924499655 0.6
      vertex 67.36676670145617 15.206192854956397 0
      vertex 67.36676670145617 15.206192854956397 0.6
    endloop
  endfacet
  facet normal 0.8128466845916092 -0.5824776968678103 0
    outer loop
      vertex 67.36676670145617 15.206192854956397 0.6
      vertex 67.55734806151273 15.47214883490199 0
      vertex 67.55734806151273 15.47214883490199 0.6
    endloop
  endfacet
  facet normal 0.8492021815265836 -0.5280678506503604 0
    outer loop
      vertex 67.55734806151273 15.47214883490199 0.6
      vertex 67.73012701892219 15.75 0
      vertex 67.73012701892219 15.75 0.6
    endloop
  endfacet
  facet normal 0.8819212643483523 -0.4713967368260029 0
    outer loop
      vertex 67.73012701892219 15.75 0.6
      vertex 67.88436370766344 16.038556548904992 0
      vertex 67.88436370766344 16.038556548904992 0.6
    endloop
  endfacet
  facet normal 0.910863824921179 -0.41270702980438756 0
    outer loop
      vertex 67.88436370766344 16.038556548904992 0.6
      vertex 68.01939766255643 16.33658283817455 0
      vertex 68.01939766255643 16.33658283817455 0.6
    endloop
  endfacet
  facet normal 0.9359059267573245 -0.3522500479212365 0
    outer loop
      vertex 68.01939766255643 16.33658283817455 0.6
      vertex 68.13465064747552 16.64280267348419 0
      vertex 68.13465064747552 16.64280267348419 0.6
    endloop
  endfacet
  facet normal 0.9569403357322112 -0.2902846772544548 0
    outer loop
      vertex 68.13465064747552 16.64280267348419 0.6
      vertex 68.22962913144534 16.955904774487397 0
      vertex 68.22962913144534 16.955904774487397 0.6
    endloop
  endfacet
  facet normal 0.9738769792773344 -0.22707626303437 0
    outer loop
      vertex 68.22962913144534 16.955904774487397 0.6
      vertex 68.30392640201615 17.27454838991936 0
      vertex 68.30392640201615 17.27454838991936 0.6
    endloop
  endfacet
  facet normal 0.9866433320848732 -0.16289547339462374 0
    outer loop
      vertex 68.30392640201615 17.27454838991936 0.6
      vertex 68.35722430686906 17.597369038899743 0
      vertex 68.35722430686906 17.597369038899743 0.6
    endloop
  endfacet
  facet normal 0.9951847266721998 -0.09801714032953183 0
    outer loop
      vertex 68.35722430686906 17.597369038899743 0.6
      vertex 68.38929461619301 17.922984353849284 0
      vertex 68.38929461619301 17.922984353849284 0.6
    endloop
  endfacet
  facet normal 0.9994645874763646 -0.032719082821808326 0
    outer loop
      vertex 68.38929461619301 17.922984353849284 0.6
      vertex 68.4 18.25 0
      vertex 68.4 18.25 0.6
    endloop
  endfacet
  facet normal 0.9994645874763646 0.032719082821808326 0
    outer loop
      vertex 68.4 18.25 0.6
      vertex 68.38929461619301 18.577015646150716 0
      vertex 68.38929461619301 18.577015646150716 0.6
    endloop
  endfacet
  facet normal 0.9951847266721998 0.09801714032953183 0
    outer loop
      vertex 68.38929461619301 18.577015646150716 0.6
      vertex 68.35722430686906 18.902630961100257 0
      vertex 68.35722430686906 18.902630961100257 0.6
    endloop
  endfacet
  facet normal 0.9866433320848732 0.16289547339462374 0
    outer loop
      vertex 68.35722430686906 18.902630961100257 0.6
      vertex 68.30392640201615 19.22545161008064 0
      vertex 68.30392640201615 19.22545161008064 0.6
    endloop
  endfacet
  facet normal 0.9738769792773344 0.22707626303437 0
    outer loop
      vertex 68.30392640201615 19.22545161008064 0.6
      vertex 68.22962913144534 19.544095225512603 0
      vertex 68.22962913144534 19.544095225512603 0.6
    endloop
  endfacet
  facet normal 0.9569403357322112 0.2902846772544548 0
    outer loop
      vertex 68.22962913144534 19.544095225512603 0.6
      vertex 68.13465064747552 19.85719732651581 0
      vertex 68.13465064747552 19.85719732651581 0.6
    endloop
  endfacet
  facet normal 0.9359059267573245 0.3522500479212365 0
    outer loop
      vertex 68.13465064747552 19.85719732651581 0.6
      vertex 68.01939766255643 20.16341716182545 0
      vertex 68.01939766255643 20.16341716182545 0.6
    endloop
  endfacet
  facet normal 0.910863824921179 0.41270702980438756 0
    outer loop
      vertex 68.01939766255643 20.16341716182545 0.6
      vertex 67.88436370766344 20.461443451095008 0
      vertex 67.88436370766344 20.461443451095008 0.6
    endloop
  endfacet
  facet normal 0.8819212643483523 0.4713967368260029 0
    outer loop
      vertex 67.88436370766344 20.461443451095008 0.6
      vertex 67.73012701892219 20.75 0
      vertex 67.73012701892219 20.75 0.6
    endloop
  endfacet
  facet normal 0.8128466845916076 0.5824776968678129 0
    outer loop
      vertex 67.36676670145617 21.2938071450436 0.6
      vertex 67.55734806151273 21.02785116509801 0.6
      vertex 67.36676670145617 21.2938071450436 0
    endloop
  endfacet
  facet normal 0.683592302022859 0.7298640726978471 0
    outer loop
      vertex 66.93553390593274 21.785533905932738 0.6
      vertex 66.93553390593274 21.785533905932738 0
      vertex 66.69672907550034 22.009199037394886 0.6
    endloop
  endfacet
  facet normal 0.7298640726978479 0.6835923020228583 0
    outer loop
      vertex 66.93553390593274 21.785533905932738 0.6
      vertex 67.15919903739488 21.546729075500345 0.6
      vertex 66.93553390593274 21.785533905932738 0
    endloop
  endfacet
  facet normal 0.7730104533627427 0.6343932841636386 0
    outer loop
      vertex 67.36676670145617 21.2938071450436 0.6
      vertex 67.15919903739488 21.546729075500345 0
      vertex 67.15919903739488 21.546729075500345 0.6
    endloop
  endfacet
  facet normal 0.8492021815265836 0.5280678506503604 0
    outer loop
      vertex 67.73012701892219 20.75 0.6
      vertex 67.55734806151273 21.02785116509801 0
      vertex 67.55734806151273 21.02785116509801 0.6
    endloop
  endfacet
  facet normal 0 0 1
    outer loop
      vertex 59.06987298107781 15.75 0.6
      vertex 58.91563629233656 20.461443451095008 0.6
      vertex 58.91563629233656 16.038556548904992 0.6
    endloop
  endfacet
  facet normal 0 0 1
    outer loop
      vertex 58.91563629233656 16.038556548904992 0.6
      vertex 58.78060233744357 20.16341716182545 0.6
      vertex 58.78060233744357 16.33658283817455 0.6
    endloop
  endfacet
  facet normal 0 0 1
    outer loop
      vertex 59.06987298107781 15.75 0.6
      vertex 59.24265193848727 15.47214883490199 0.6
      vertex 59.06987298107781 20.75 0.6
    endloop
  endfacet
  facet normal 0 0 1
    outer loop
      vertex 59.433233298543826 15.206192854956397 0.6
      vertex 59.24265193848727 21.02785116509801 0.6
      vertex 59.24265193848727 15.47214883490199 0.6
    endloop
  endfacet
  facet normal 0 0 1
    outer loop
      vertex 59.64080096260511 14.953270924499655 0.6
      vertex 59.433233298543826 21.2938071450436 0.6
      vertex 59.433233298543826 15.206192854956397 0.6
    endloop
  endfacet
  facet normal 0 0 1
    outer loop
      vertex 59.86446609406726 14.714466094067262 0.6
      vertex 60.103270924499654 14.490800962605114 0.6
      vertex 59.86446609406726 21.785533905932738 0.6
    endloop
  endfacet
  facet normal 0 0 1
    outer loop
      vertex 60.3561928549564 14.283233298543824 0.6
      vertex 60.103270924499654 22.009199037394886 0.6
      vertex 60.103270924499654 14.490800962605114 0.6
    endloop
  endfacet
  facet normal 0 0 1
    outer loop
      vertex 60.3561928549564 14.283233298543824 0.6
      vertex 60.622148834901985 14.092651938487274 0.6
      vertex 60.3561928549564 22.216766701456176 0.6
    endloop
  endfacet
  facet normal 0 0 1
    outer loop
      vertex 59.64080096260511 14.953270924499655 0.6
      vertex 59.86446609406726 14.714466094067262 0.6
      vertex 59.64080096260511 21.546729075500345 0.6
    endloop
  endfacet
  facet normal 0 0 1
    outer loop
      vertex 60.9 13.919872981077807 0.6
      vertex 60.622148834901985 22.407348061512728 0.6
      vertex 60.622148834901985 14.092651938487274 0.6
    endloop
  endfacet
  facet normal 0 0 1
    outer loop
      vertex 61.18855654890499 13.76563629233656 0.6
      vertex 60.9 22.58012701892219 0.6
      vertex 60.9 13.919872981077807 0.6
    endloop
  endfacet
  facet normal 0 0 1
    outer loop
      vertex 61.18855654890499 13.76563629233656 0.6
      vertex 61.48658283817455 13.630602337443566 0.6
      vertex 61.18855654890499 22.73436370766344 0.6
    endloop
  endfacet
  facet normal 0 0 1
    outer loop
      vertex 58.570370868554654 16.955904774487397 0.6
      vertex 58.496073597983845 19.22545161008064 0.6
      vertex 58.496073597983845 17.27454838991936 0.6
    endloop
  endfacet
  facet normal 0 0 1
    outer loop
      vertex 58.78060233744357 16.33658283817455 0.6
      vertex 58.66534935252447 19.85719732651581 0.6
      vertex 58.66534935252447 16.64280267348419 0.6
    endloop
  endfacet
  facet normal 0 0 1
    outer loop
      vertex 58.66534935252447 16.64280267348419 0.6
      vertex 58.570370868554654 19.544095225512603 0.6
      vertex 58.570370868554654 16.955904774487397 0.6
    endloop
  endfacet
  facet normal 0 0 1
    outer loop
      vertex 58.496073597983845 17.27454838991936 0.6
      vertex 58.44277569313095 18.902630961100257 0.6
      vertex 58.44277569313095 17.597369038899743 0.6
    endloop
  endfacet
  facet normal 0 0 1
    outer loop
      vertex 58.44277569313095 17.597369038899743 0.6
      vertex 58.410705383806985 18.577015646150716 0.6
      vertex 58.410705383806985 17.922984353849284 0.6
    endloop
  endfacet
  facet normal 0 0 1
    outer loop
      vertex 58.410705383806985 17.922984353849284 0.6
      vertex 58.410705383806985 18.577015646150716 0.6
      vertex 58.4 18.25 0.6
    endloop
  endfacet
  facet normal 0 0 1
    outer loop
      vertex 58.44277569313095 17.597369038899743 0.6
      vertex 58.44277569313095 18.902630961100257 0.6
      vertex 58.410705383806985 18.577015646150716 0.6
    endloop
  endfacet
  facet normal 0 0 1
    outer loop
      vertex 58.496073597983845 17.27454838991936 0.6
      vertex 58.496073597983845 19.22545161008064 0.6
      vertex 58.44277569313095 18.902630961100257 0.6
    endloop
  endfacet
  facet normal 0 0 1
    outer loop
      vertex 58.570370868554654 16.955904774487397 0.6
      vertex 58.570370868554654 19.544095225512603 0.6
      vertex 58.496073597983845 19.22545161008064 0.6
    endloop
  endfacet
  facet normal 0 0 1
    outer loop
      vertex 58.66534935252447 16.64280267348419 0.6
      vertex 58.66534935252447 19.85719732651581 0.6
      vertex 58.570370868554654 19.544095225512603 0.6
    endloop
  endfacet
  facet normal 0 0 1
    outer loop
      vertex 58.78060233744357 16.33658283817455 0.6
      vertex 58.78060233744357 20.16341716182545 0.6
      vertex 58.66534935252447 19.85719732651581 0.6
    endloop
  endfacet
  facet normal 0 0 1
    outer loop
      vertex 58.91563629233656 16.038556548904992 0.6
      vertex 58.91563629233656 20.461443451095008 0.6
      vertex 58.78060233744357 20.16341716182545 0.6
    endloop
  endfacet
  facet normal 0 0 1
    outer loop
      vertex 59.06987298107781 15.75 0.6
      vertex 59.06987298107781 20.75 0.6
      vertex 58.91563629233656 20.461443451095008 0.6
    endloop
  endfacet
  facet normal 0 0 1
    outer loop
      vertex 59.24265193848727 15.47214883490199 0.6
      vertex 59.24265193848727 21.02785116509801 0.6
      vertex 59.06987298107781 20.75 0.6
    endloop
  endfacet
  facet normal 0 0 1
    outer loop
      vertex 59.433233298543826 15.206192854956397 0.6
      vertex 59.433233298543826 21.2938071450436 0.6
      vertex 59.24265193848727 21.02785116509801 0.6
    endloop
  endfacet
  facet normal 0 0 1
    outer loop
      vertex 59.64080096260511 14.953270924499655 0.6
      vertex 59.64080096260511 21.546729075500345 0.6
      vertex 59.433233298543826 21.2938071450436 0.6
    endloop
  endfacet
  facet normal 0 0 1
    outer loop
      vertex 61.48658283817455 13.630602337443566 0.6
      vertex 61.40428161621094 18.11919403076172 0.6
      vertex 61.18855654890499 22.73436370766344 0.6
    endloop
  endfacet
  facet normal 0 0 1
    outer loop
      vertex 59.86446609406726 14.714466094067262 0.6
      vertex 59.86446609406726 21.785533905932738 0.6
      vertex 59.64080096260511 21.546729075500345 0.6
    endloop
  endfacet
  facet normal 0 0 1
    outer loop
      vertex 60.103270924499654 14.490800962605114 0.6
      vertex 60.103270924499654 22.009199037394886 0.6
      vertex 59.86446609406726 21.785533905932738 0.6
    endloop
  endfacet
  facet normal 0 0 1
    outer loop
      vertex 60.3561928549564 14.283233298543824 0.6
      vertex 60.3561928549564 22.216766701456176 0.6
      vertex 60.103270924499654 22.009199037394886 0.6
    endloop
  endfacet
  facet normal 0 0 1
    outer loop
      vertex 60.622148834901985 14.092651938487274 0.6
      vertex 60.622148834901985 22.407348061512728 0.6
      vertex 60.3561928549564 22.216766701456176 0.6
    endloop
  endfacet
  facet normal 0 0 1
    outer loop
      vertex 60.9 13.919872981077807 0.6
      vertex 60.9 22.58012701892219 0.6
      vertex 60.622148834901985 22.407348061512728 0.6
    endloop
  endfacet
  facet normal 0 0 1
    outer loop
      vertex 61.18855654890499 13.76563629233656 0.6
      vertex 61.18855654890499 22.73436370766344 0.6
      vertex 60.9 22.58012701892219 0.6
    endloop
  endfacet
  facet normal 0 0 1
    outer loop
      vertex 61.18855654890499 22.73436370766344 0.6
      vertex 61.40428161621094 18.11919403076172 0.6
      vertex 61.400001525878906 18.25 0.6
    endloop
  endfacet
  facet normal 0 0 1
    outer loop
      vertex 61.18855654890499 22.73436370766344 0.6
      vertex 61.400001525878906 18.25 0.6
      vertex 61.40428161621094 18.38080596923828 0.6
    endloop
  endfacet
  facet normal 0 0 1
    outer loop
      vertex 61.18855654890499 22.73436370766344 0.6
      vertex 61.40428161621094 18.38080596923828 0.6
      vertex 61.417110443115234 18.51105308532715 0.6
    endloop
  endfacet
  facet normal 0 0 1
    outer loop
      vertex 61.18855654890499 22.73436370766344 0.6
      vertex 61.417110443115234 18.51105308532715 0.6
      vertex 61.43843078613281 18.640180587768555 0.6
    endloop
  endfacet
  facet normal 0 0 1
    outer loop
      vertex 61.18855654890499 22.73436370766344 0.6
      vertex 61.43843078613281 18.640180587768555 0.6
      vertex 61.46814727783203 18.767637252807617 0.6
    endloop
  endfacet
  facet normal 0 0 1
    outer loop
      vertex 61.18855654890499 22.73436370766344 0.6
      vertex 61.46814727783203 18.767637252807617 0.6
      vertex 61.48658283817455 22.869397662556434 0.6
    endloop
  endfacet
  facet normal 0 0 1
    outer loop
      vertex 62.74736903889974 13.292775693130949 0.6
      vertex 63.072984353849286 13.260705383806982 0.6
      vertex 63.00981903076172 16.288429260253906 0.6
    endloop
  endfacet
  facet normal 0 0 1
    outer loop
      vertex 61.79280267348419 13.51534935252447 0.6
      vertex 61.737060546875 17.138858795166016 0.6
      vertex 61.48658283817455 13.630602337443566 0.6
    endloop
  endfacet
  facet normal 0 0 1
    outer loop
      vertex 61.79280267348419 13.51534935252447 0.6
      vertex 62.10590477448739 13.42037086855466 0.6
      vertex 61.98578643798828 16.835786819458008 0.6
    endloop
  endfacet
  facet normal 0 0 1
    outer loop
      vertex 62.10590477448739 13.42037086855466 0.6
      vertex 62.42454838991936 13.346073597983848 0.6
      vertex 62.400001525878906 16.5179500579834 0.6
    endloop
  endfacet
  facet normal 0 0 1
    outer loop
      vertex 62.42454838991936 13.346073597983848 0.6
      vertex 62.74736903889974 13.292775693130949 0.6
      vertex 62.6346321105957 16.402240753173828 0.6
    endloop
  endfacet
  facet normal 0 0 1
    outer loop
      vertex 62.42454838991936 13.346073597983848 0.6
      vertex 62.6346321105957 16.402240753173828 0.6
      vertex 62.51542282104492 16.456254959106445 0.6
    endloop
  endfacet
  facet normal 0 0 1
    outer loop
      vertex 62.74736903889974 13.292775693130949 0.6
      vertex 62.882362365722656 16.318147659301758 0.6
      vertex 62.75712203979492 16.35614013671875 0.6
    endloop
  endfacet
  facet normal 0 0 1
    outer loop
      vertex 62.74736903889974 13.292775693130949 0.6
      vertex 62.75712203979492 16.35614013671875 0.6
      vertex 62.6346321105957 16.402240753173828 0.6
    endloop
  endfacet
  facet normal 0 0 1
    outer loop
      vertex 62.74736903889974 13.292775693130949 0.6
      vertex 63.00981903076172 16.288429260253906 0.6
      vertex 62.882362365722656 16.318147659301758 0.6
    endloop
  endfacet
  facet normal 0 0 1
    outer loop
      vertex 63.072984353849286 13.260705383806982 0.6
      vertex 63.138946533203125 16.26711082458496 0.6
      vertex 63.00981903076172 16.288429260253906 0.6
    endloop
  endfacet
  facet normal 0 0 1
    outer loop
      vertex 63.072984353849286 13.260705383806982 0.6
      vertex 63.4 13.25 0.6
      vertex 63.400001525878906 16.25 0.6
    endloop
  endfacet
  facet normal 0 0 1
    outer loop
      vertex 63.4 13.25 0.6
      vertex 63.72701564615071 13.260705383806982 0.6
      vertex 63.53080749511719 16.254281997680664 0.6
    endloop
  endfacet
  facet normal 0 0 1
    outer loop
      vertex 63.72701564615071 13.260705383806982 0.6
      vertex 64.05263096110026 13.292775693130949 0.6
      vertex 63.66105270385742 16.26711082458496 0.6
    endloop
  endfacet
  facet normal 0 0 1
    outer loop
      vertex 63.072984353849286 13.260705383806982 0.6
      vertex 63.269195556640625 16.254281997680664 0.6
      vertex 63.138946533203125 16.26711082458496 0.6
    endloop
  endfacet
  facet normal 0 0 1
    outer loop
      vertex 63.072984353849286 13.260705383806982 0.6
      vertex 63.400001525878906 16.25 0.6
      vertex 63.269195556640625 16.254281997680664 0.6
    endloop
  endfacet
  facet normal 0 0 1
    outer loop
      vertex 63.4 13.25 0.6
      vertex 63.53080749511719 16.254281997680664 0.6
      vertex 63.400001525878906 16.25 0.6
    endloop
  endfacet
  facet normal 0 0 1
    outer loop
      vertex 63.72701564615071 13.260705383806982 0.6
      vertex 63.66105270385742 16.26711082458496 0.6
      vertex 63.53080749511719 16.254281997680664 0.6
    endloop
  endfacet
  facet normal 0 0 1
    outer loop
      vertex 64.05263096110026 13.292775693130949 0.6
      vertex 63.79018020629883 16.288429260253906 0.6
      vertex 63.66105270385742 16.26711082458496 0.6
    endloop
  endfacet
  facet normal 0 0 1
    outer loop
      vertex 64.05263096110026 13.292775693130949 0.6
      vertex 63.91763687133789 16.318147659301758 0.6
      vertex 63.79018020629883 16.288429260253906 0.6
    endloop
  endfacet
  facet normal 0 0 1
    outer loop
      vertex 64.05263096110026 13.292775693130949 0.6
      vertex 64.04287719726562 16.35614013671875 0.6
      vertex 63.91763687133789 16.318147659301758 0.6
    endloop
  endfacet
  facet normal 0 0 1
    outer loop
      vertex 64.05263096110026 13.292775693130949 0.6
      vertex 64.37545161008065 13.346073597983848 0.6
      vertex 64.16536712646484 16.402240753173828 0.6
    endloop
  endfacet
  facet normal 0 0 1
    outer loop
      vertex 64.37545161008065 13.346073597983848 0.6
      vertex 64.6940952255126 13.42037086855466 0.6
      vertex 64.4000015258789 16.5179500579834 0.6
    endloop
  endfacet
  facet normal 0 0 1
    outer loop
      vertex 64.6940952255126 13.42037086855466 0.6
      vertex 65.00719732651581 13.51534935252447 0.6
      vertex 64.71868896484375 16.746320724487305 0.6
    endloop
  endfacet
  facet normal 0 0 1
    outer loop
      vertex 64.05263096110026 13.292775693130949 0.6
      vertex 64.16536712646484 16.402240753173828 0.6
      vertex 64.04287719726562 16.35614013671875 0.6
    endloop
  endfacet
  facet normal 0 0 1
    outer loop
      vertex 64.37545161008065 13.346073597983848 0.6
      vertex 64.28457641601562 16.456254959106445 0.6
      vertex 64.16536712646484 16.402240753173828 0.6
    endloop
  endfacet
  facet normal 0 0 1
    outer loop
      vertex 61.79280267348419 13.51534935252447 0.6
      vertex 61.89632034301758 16.93130874633789 0.6
      vertex 61.81329345703125 17.0324764251709 0.6
    endloop
  endfacet
  facet normal 0 0 1
    outer loop
      vertex 61.79280267348419 13.51534935252447 0.6
      vertex 61.81329345703125 17.0324764251709 0.6
      vertex 61.737060546875 17.138858795166016 0.6
    endloop
  endfacet
  facet normal 0 0 1
    outer loop
      vertex 62.10590477448739 13.42037086855466 0.6
      vertex 62.400001525878906 16.5179500579834 0.6
      vertex 62.28886032104492 16.587060928344727 0.6
    endloop
  endfacet
  facet normal 0 0 1
    outer loop
      vertex 62.10590477448739 13.42037086855466 0.6
      vertex 62.18247604370117 16.663293838500977 0.6
      vertex 62.0813102722168 16.746320724487305 0.6
    endloop
  endfacet
  facet normal 0 0 1
    outer loop
      vertex 62.10590477448739 13.42037086855466 0.6
      vertex 62.0813102722168 16.746320724487305 0.6
      vertex 61.98578643798828 16.835786819458008 0.6
    endloop
  endfacet
  facet normal 0 0 1
    outer loop
      vertex 62.10590477448739 13.42037086855466 0.6
      vertex 62.28886032104492 16.587060928344727 0.6
      vertex 62.18247604370117 16.663293838500977 0.6
    endloop
  endfacet
  facet normal 0 0 1
    outer loop
      vertex 61.79280267348419 13.51534935252447 0.6
      vertex 61.98578643798828 16.835786819458008 0.6
      vertex 61.89632034301758 16.93130874633789 0.6
    endloop
  endfacet
  facet normal 0 0 1
    outer loop
      vertex 61.48658283817455 13.630602337443566 0.6
      vertex 61.66794967651367 17.25 0.6
      vertex 61.60625457763672 17.36542320251465 0.6
    endloop
  endfacet
  facet normal 0 0 1
    outer loop
      vertex 61.48658283817455 13.630602337443566 0.6
      vertex 61.60625457763672 17.36542320251465 0.6
      vertex 61.552242279052734 17.48463249206543 0.6
    endloop
  endfacet
  facet normal 0 0 1
    outer loop
      vertex 61.48658283817455 13.630602337443566 0.6
      vertex 61.737060546875 17.138858795166016 0.6
      vertex 61.66794967651367 17.25 0.6
    endloop
  endfacet
  facet normal 0 0 1
    outer loop
      vertex 61.48658283817455 13.630602337443566 0.6
      vertex 61.50613784790039 17.607120513916016 0.6
      vertex 61.46814727783203 17.732362747192383 0.6
    endloop
  endfacet
  facet normal 0 0 1
    outer loop
      vertex 61.48658283817455 13.630602337443566 0.6
      vertex 61.552242279052734 17.48463249206543 0.6
      vertex 61.50613784790039 17.607120513916016 0.6
    endloop
  endfacet
  facet normal 0 0 1
    outer loop
      vertex 61.48658283817455 13.630602337443566 0.6
      vertex 61.46814727783203 17.732362747192383 0.6
      vertex 61.43843078613281 17.859819412231445 0.6
    endloop
  endfacet
  facet normal 0 0 1
    outer loop
      vertex 61.48658283817455 13.630602337443566 0.6
      vertex 61.43843078613281 17.859819412231445 0.6
      vertex 61.417110443115234 17.98894691467285 0.6
    endloop
  endfacet
  facet normal 0 0 1
    outer loop
      vertex 62.42454838991936 13.346073597983848 0.6
      vertex 62.51542282104492 16.456254959106445 0.6
      vertex 62.400001525878906 16.5179500579834 0.6
    endloop
  endfacet
  facet normal 0 0 1
    outer loop
      vertex 61.48658283817455 13.630602337443566 0.6
      vertex 61.417110443115234 17.98894691467285 0.6
      vertex 61.40428161621094 18.11919403076172 0.6
    endloop
  endfacet
  facet normal 0 0 1
    outer loop
      vertex 64.37545161008065 13.346073597983848 0.6
      vertex 64.4000015258789 16.5179500579834 0.6
      vertex 64.28457641601562 16.456254959106445 0.6
    endloop
  endfacet
  facet normal 0 0 1
    outer loop
      vertex 64.6940952255126 13.42037086855466 0.6
      vertex 64.51113891601562 16.587060928344727 0.6
      vertex 64.4000015258789 16.5179500579834 0.6
    endloop
  endfacet
  facet normal 0 0 1
    outer loop
      vertex 64.6940952255126 13.42037086855466 0.6
      vertex 64.61752319335938 16.663293838500977 0.6
      vertex 64.51113891601562 16.587060928344727 0.6
    endloop
  endfacet
  facet normal 0 0 1
    outer loop
      vertex 64.6940952255126 13.42037086855466 0.6
      vertex 64.71868896484375 16.746320724487305 0.6
      vertex 64.61752319335938 16.663293838500977 0.6
    endloop
  endfacet
  facet normal 0 0 1
    outer loop
      vertex 65.00719732651581 13.51534935252447 0.6
      vertex 64.81421661376953 16.835786819458008 0.6
      vertex 64.71868896484375 16.746320724487305 0.6
    endloop
  endfacet
  facet normal 0 0 1
    outer loop
      vertex 65.00719732651581 13.51534935252447 0.6
      vertex 65.31341716182544 13.630602337443566 0.6
      vertex 64.98670959472656 17.0324764251709 0.6
    endloop
  endfacet
  facet normal 0 0 1
    outer loop
      vertex 65.31341716182544 13.630602337443566 0.6
      vertex 65.611443451095 13.76563629233656 0.6
      vertex 65.33184814453125 17.732362747192383 0.6
    endloop
  endfacet
  facet normal 0 0 1
    outer loop
      vertex 65.00719732651581 13.51534935252447 0.6
      vertex 64.90367889404297 16.93130874633789 0.6
      vertex 64.81421661376953 16.835786819458008 0.6
    endloop
  endfacet
  facet normal 0 0 1
    outer loop
      vertex 65.00719732651581 13.51534935252447 0.6
      vertex 64.98670959472656 17.0324764251709 0.6
      vertex 64.90367889404297 16.93130874633789 0.6
    endloop
  endfacet
  facet normal 0 0 1
    outer loop
      vertex 65.31341716182544 13.630602337443566 0.6
      vertex 65.06294250488281 17.138858795166016 0.6
      vertex 64.98670959472656 17.0324764251709 0.6
    endloop
  endfacet
  facet normal 0 0 1
    outer loop
      vertex 65.31341716182544 13.630602337443566 0.6
      vertex 65.13204956054688 17.25 0.6
      vertex 65.06294250488281 17.138858795166016 0.6
    endloop
  endfacet
  facet normal 0 0 1
    outer loop
      vertex 65.31341716182544 13.630602337443566 0.6
      vertex 65.1937484741211 17.36542320251465 0.6
      vertex 65.13204956054688 17.25 0.6
    endloop
  endfacet
  facet normal 0 0 1
    outer loop
      vertex 65.31341716182544 13.630602337443566 0.6
      vertex 65.24775695800781 17.48463249206543 0.6
      vertex 65.1937484741211 17.36542320251465 0.6
    endloop
  endfacet
  facet normal 0 0 1
    outer loop
      vertex 65.31341716182544 13.630602337443566 0.6
      vertex 65.29386138916016 17.607120513916016 0.6
      vertex 65.24775695800781 17.48463249206543 0.6
    endloop
  endfacet
  facet normal 0 0 1
    outer loop
      vertex 65.31341716182544 13.630602337443566 0.6
      vertex 65.33184814453125 17.732362747192383 0.6
      vertex 65.29386138916016 17.607120513916016 0.6
    endloop
  endfacet
  facet normal 0 0 1
    outer loop
      vertex 65.611443451095 13.76563629233656 0.6
      vertex 65.361572265625 17.859819412231445 0.6
      vertex 65.33184814453125 17.732362747192383 0.6
    endloop
  endfacet
  facet normal 0 0 1
    outer loop
      vertex 65.611443451095 13.76563629233656 0.6
      vertex 65.38288879394531 17.98894691467285 0.6
      vertex 65.361572265625 17.859819412231445 0.6
    endloop
  endfacet
  facet normal 0 0 1
    outer loop
      vertex 65.611443451095 13.76563629233656 0.6
      vertex 65.39572143554688 18.11919403076172 0.6
      vertex 65.38288879394531 17.98894691467285 0.6
    endloop
  endfacet
  facet normal 0 0 1
    outer loop
      vertex 65.611443451095 13.76563629233656 0.6
      vertex 65.4000015258789 18.25 0.6
      vertex 65.39572143554688 18.11919403076172 0.6
    endloop
  endfacet
  facet normal 0 0 1
    outer loop
      vertex 65.611443451095 13.76563629233656 0.6
      vertex 65.39572143554688 18.38080596923828 0.6
      vertex 65.4000015258789 18.25 0.6
    endloop
  endfacet
  facet normal 0 0 1
    outer loop
      vertex 65.611443451095 13.76563629233656 0.6
      vertex 65.9 13.919872981077807 0.6
      vertex 65.611443451095 22.73436370766344 0.6
    endloop
  endfacet
  facet normal 0 0 1
    outer loop
      vertex 65.9 13.919872981077807 0.6
      vertex 66.177851165098 14.092651938487274 0.6
      vertex 65.9 22.58012701892219 0.6
    endloop
  endfacet
  facet normal 0 0 1
    outer loop
      vertex 66.177851165098 14.092651938487274 0.6
      vertex 66.4438071450436 14.283233298543824 0.6
      vertex 66.177851165098 22.407348061512728 0.6
    endloop
  endfacet
  facet normal 0 0 1
    outer loop
      vertex 66.4438071450436 14.283233298543824 0.6
      vertex 66.69672907550034 14.490800962605114 0.6
      vertex 66.4438071450436 22.216766701456176 0.6
    endloop
  endfacet
  facet normal 0 0 1
    outer loop
      vertex 66.69672907550034 14.490800962605114 0.6
      vertex 66.93553390593274 14.714466094067262 0.6
      vertex 66.69672907550034 22.009199037394886 0.6
    endloop
  endfacet
  facet normal 0 0 1
    outer loop
      vertex 66.93553390593274 14.714466094067262 0.6
      vertex 67.15919903739488 14.953270924499655 0.6
      vertex 66.93553390593274 21.785533905932738 0.6
    endloop
  endfacet
  facet normal 0 0 1
    outer loop
      vertex 67.15919903739488 14.953270924499655 0.6
      vertex 67.36676670145617 15.206192854956397 0.6
      vertex 67.15919903739488 21.546729075500345 0.6
    endloop
  endfacet
  facet normal 0 0 1
    outer loop
      vertex 67.36676670145617 15.206192854956397 0.6
      vertex 67.55734806151273 15.47214883490199 0.6
      vertex 67.36676670145617 21.2938071450436 0.6
    endloop
  endfacet
  facet normal 0 0 1
    outer loop
      vertex 67.55734806151273 15.47214883490199 0.6
      vertex 67.73012701892219 15.75 0.6
      vertex 67.55734806151273 21.02785116509801 0.6
    endloop
  endfacet
  facet normal 0 0 1
    outer loop
      vertex 67.73012701892219 15.75 0.6
      vertex 67.88436370766344 16.038556548904992 0.6
      vertex 67.73012701892219 20.75 0.6
    endloop
  endfacet
  facet normal 0 0 1
    outer loop
      vertex 61.48658283817455 22.869397662556434 0.6
      vertex 61.46814727783203 18.767637252807617 0.6
      vertex 61.50613784790039 18.892879486083984 0.6
    endloop
  endfacet
  facet normal 0 0 1
    outer loop
      vertex 61.48658283817455 22.869397662556434 0.6
      vertex 61.50613784790039 18.892879486083984 0.6
      vertex 61.552242279052734 19.01536750793457 0.6
    endloop
  endfacet
  facet normal 0 0 1
    outer loop
      vertex 61.48658283817455 22.869397662556434 0.6
      vertex 61.552242279052734 19.01536750793457 0.6
      vertex 61.60625457763672 19.13457679748535 0.6
    endloop
  endfacet
  facet normal 0 0 1
    outer loop
      vertex 61.48658283817455 22.869397662556434 0.6
      vertex 61.60625457763672 19.13457679748535 0.6
      vertex 61.66794967651367 19.25 0.6
    endloop
  endfacet
  facet normal 0 0 1
    outer loop
      vertex 61.48658283817455 22.869397662556434 0.6
      vertex 61.66794967651367 19.25 0.6
      vertex 61.737060546875 19.361141204833984 0.6
    endloop
  endfacet
  facet normal 0 0 1
    outer loop
      vertex 61.48658283817455 22.869397662556434 0.6
      vertex 61.737060546875 19.361141204833984 0.6
      vertex 61.81329345703125 19.4675235748291 0.6
    endloop
  endfacet
  facet normal 0 0 1
    outer loop
      vertex 61.79280267348419 22.98465064747553 0.6
      vertex 61.81329345703125 19.4675235748291 0.6
      vertex 61.89632034301758 19.56869125366211 0.6
    endloop
  endfacet
  facet normal 0 0 1
    outer loop
      vertex 61.79280267348419 22.98465064747553 0.6
      vertex 61.89632034301758 19.56869125366211 0.6
      vertex 61.98578643798828 19.664213180541992 0.6
    endloop
  endfacet
  facet normal 0 0 1
    outer loop
      vertex 61.79280267348419 22.98465064747553 0.6
      vertex 61.98578643798828 19.664213180541992 0.6
      vertex 62.0813102722168 19.753679275512695 0.6
    endloop
  endfacet
  facet normal 0 0 1
    outer loop
      vertex 62.10590477448739 23.07962913144534 0.6
      vertex 62.0813102722168 19.753679275512695 0.6
      vertex 62.18247604370117 19.836706161499023 0.6
    endloop
  endfacet
  facet normal 0 0 1
    outer loop
      vertex 62.10590477448739 23.07962913144534 0.6
      vertex 62.18247604370117 19.836706161499023 0.6
      vertex 62.28886032104492 19.912939071655273 0.6
    endloop
  endfacet
  facet normal 0 0 1
    outer loop
      vertex 62.10590477448739 23.07962913144534 0.6
      vertex 62.28886032104492 19.912939071655273 0.6
      vertex 62.400001525878906 19.9820499420166 0.6
    endloop
  endfacet
  facet normal 0 0 1
    outer loop
      vertex 61.48658283817455 22.869397662556434 0.6
      vertex 61.81329345703125 19.4675235748291 0.6
      vertex 61.79280267348419 22.98465064747553 0.6
    endloop
  endfacet
  facet normal 0 0 1
    outer loop
      vertex 62.42454838991936 23.153926402016154 0.6
      vertex 62.400001525878906 19.9820499420166 0.6
      vertex 62.51542282104492 20.043745040893555 0.6
    endloop
  endfacet
  facet normal 0 0 1
    outer loop
      vertex 62.42454838991936 23.153926402016154 0.6
      vertex 62.51542282104492 20.043745040893555 0.6
      vertex 62.6346321105957 20.097759246826172 0.6
    endloop
  endfacet
  facet normal 0 0 1
    outer loop
      vertex 62.74736903889974 23.20722430686905 0.6
      vertex 62.6346321105957 20.097759246826172 0.6
      vertex 62.75712203979492 20.14385986328125 0.6
    endloop
  endfacet
  facet normal 0 0 1
    outer loop
      vertex 62.74736903889974 23.20722430686905 0.6
      vertex 62.75712203979492 20.14385986328125 0.6
      vertex 62.882362365722656 20.181852340698242 0.6
    endloop
  endfacet
  facet normal 0 0 1
    outer loop
      vertex 62.74736903889974 23.20722430686905 0.6
      vertex 62.882362365722656 20.181852340698242 0.6
      vertex 63.00981903076172 20.211570739746094 0.6
    endloop
  endfacet
  facet normal 0 0 1
    outer loop
      vertex 62.74736903889974 23.20722430686905 0.6
      vertex 63.00981903076172 20.211570739746094 0.6
      vertex 63.138946533203125 20.23288917541504 0.6
    endloop
  endfacet
  facet normal 0 0 1
    outer loop
      vertex 63.072984353849286 23.239294616193018 0.6
      vertex 63.138946533203125 20.23288917541504 0.6
      vertex 63.269195556640625 20.245718002319336 0.6
    endloop
  endfacet
  facet normal 0 0 1
    outer loop
      vertex 63.4 23.25 0.6
      vertex 63.269195556640625 20.245718002319336 0.6
      vertex 63.400001525878906 20.25 0.6
    endloop
  endfacet
  facet normal 0 0 1
    outer loop
      vertex 63.72701564615071 23.239294616193018 0.6
      vertex 63.400001525878906 20.25 0.6
      vertex 63.53080749511719 20.245718002319336 0.6
    endloop
  endfacet
  facet normal 0 0 1
    outer loop
      vertex 63.72701564615071 23.239294616193018 0.6
      vertex 63.53080749511719 20.245718002319336 0.6
      vertex 63.66105270385742 20.23288917541504 0.6
    endloop
  endfacet
  facet normal 0 0 1
    outer loop
      vertex 63.72701564615071 23.239294616193018 0.6
      vertex 63.66105270385742 20.23288917541504 0.6
      vertex 63.79018020629883 20.211570739746094 0.6
    endloop
  endfacet
  facet normal 0 0 1
    outer loop
      vertex 64.05263096110026 23.20722430686905 0.6
      vertex 63.79018020629883 20.211570739746094 0.6
      vertex 63.91763687133789 20.181852340698242 0.6
    endloop
  endfacet
  facet normal 0 0 1
    outer loop
      vertex 64.05263096110026 23.20722430686905 0.6
      vertex 63.91763687133789 20.181852340698242 0.6
      vertex 64.04287719726562 20.14385986328125 0.6
    endloop
  endfacet
  facet normal 0 0 1
    outer loop
      vertex 64.37545161008065 23.153926402016154 0.6
      vertex 64.28457641601562 20.043745040893555 0.6
      vertex 64.4000015258789 19.9820499420166 0.6
    endloop
  endfacet
  facet normal 0 0 1
    outer loop
      vertex 64.05263096110026 23.20722430686905 0.6
      vertex 64.04287719726562 20.14385986328125 0.6
      vertex 64.16536712646484 20.097759246826172 0.6
    endloop
  endfacet
  facet normal 0 0 1
    outer loop
      vertex 64.37545161008065 23.153926402016154 0.6
      vertex 64.16536712646484 20.097759246826172 0.6
      vertex 64.28457641601562 20.043745040893555 0.6
    endloop
  endfacet
  facet normal 0 0 1
    outer loop
      vertex 64.6940952255126 23.07962913144534 0.6
      vertex 64.51113891601562 19.912939071655273 0.6
      vertex 64.61752319335938 19.836706161499023 0.6
    endloop
  endfacet
  facet normal 0 0 1
    outer loop
      vertex 64.6940952255126 23.07962913144534 0.6
      vertex 64.61752319335938 19.836706161499023 0.6
      vertex 64.71868896484375 19.753679275512695 0.6
    endloop
  endfacet
  facet normal 0 0 1
    outer loop
      vertex 64.6940952255126 23.07962913144534 0.6
      vertex 64.4000015258789 19.9820499420166 0.6
      vertex 64.51113891601562 19.912939071655273 0.6
    endloop
  endfacet
  facet normal 0 0 1
    outer loop
      vertex 64.6940952255126 23.07962913144534 0.6
      vertex 64.71868896484375 19.753679275512695 0.6
      vertex 64.81421661376953 19.664213180541992 0.6
    endloop
  endfacet
  facet normal 0 0 1
    outer loop
      vertex 65.611443451095 13.76563629233656 0.6
      vertex 65.31341716182544 22.869397662556434 0.6
      vertex 65.39572143554688 18.38080596923828 0.6
    endloop
  endfacet
  facet normal 0 0 1
    outer loop
      vertex 66.177851165098 14.092651938487274 0.6
      vertex 66.177851165098 22.407348061512728 0.6
      vertex 65.9 22.58012701892219 0.6
    endloop
  endfacet
  facet normal 0 0 1
    outer loop
      vertex 66.4438071450436 14.283233298543824 0.6
      vertex 66.4438071450436 22.216766701456176 0.6
      vertex 66.177851165098 22.407348061512728 0.6
    endloop
  endfacet
  facet normal 0 0 1
    outer loop
      vertex 66.69672907550034 14.490800962605114 0.6
      vertex 66.69672907550034 22.009199037394886 0.6
      vertex 66.4438071450436 22.216766701456176 0.6
    endloop
  endfacet
  facet normal 0 0 1
    outer loop
      vertex 67.88436370766344 16.038556548904992 0.6
      vertex 68.01939766255643 16.33658283817455 0.6
      vertex 67.88436370766344 20.461443451095008 0.6
    endloop
  endfacet
  facet normal 0 0 1
    outer loop
      vertex 68.01939766255643 16.33658283817455 0.6
      vertex 68.13465064747552 16.64280267348419 0.6
      vertex 68.01939766255643 20.16341716182545 0.6
    endloop
  endfacet
  facet normal 0 0 1
    outer loop
      vertex 68.13465064747552 16.64280267348419 0.6
      vertex 68.22962913144534 16.955904774487397 0.6
      vertex 68.13465064747552 19.85719732651581 0.6
    endloop
  endfacet
  facet normal 0 0 1
    outer loop
      vertex 68.22962913144534 16.955904774487397 0.6
      vertex 68.30392640201615 17.27454838991936 0.6
      vertex 68.22962913144534 19.544095225512603 0.6
    endloop
  endfacet
  facet normal 0 0 1
    outer loop
      vertex 68.30392640201615 17.27454838991936 0.6
      vertex 68.35722430686906 17.597369038899743 0.6
      vertex 68.30392640201615 19.22545161008064 0.6
    endloop
  endfacet
  facet normal 0 0 1
    outer loop
      vertex 68.35722430686906 17.597369038899743 0.6
      vertex 68.38929461619301 17.922984353849284 0.6
      vertex 68.35722430686906 18.902630961100257 0.6
    endloop
  endfacet
  facet normal 0 0 1
    outer loop
      vertex 68.38929461619301 17.922984353849284 0.6
      vertex 68.4 18.25 0.6
      vertex 68.38929461619301 18.577015646150716 0.6
    endloop
  endfacet
  facet normal 0 0 1
    outer loop
      vertex 68.38929461619301 17.922984353849284 0.6
      vertex 68.38929461619301 18.577015646150716 0.6
      vertex 68.35722430686906 18.902630961100257 0.6
    endloop
  endfacet
  facet normal 0 0 1
    outer loop
      vertex 68.35722430686906 17.597369038899743 0.6
      vertex 68.35722430686906 18.902630961100257 0.6
      vertex 68.30392640201615 19.22545161008064 0.6
    endloop
  endfacet
  facet normal 0 0 1
    outer loop
      vertex 67.15919903739488 14.953270924499655 0.6
      vertex 67.15919903739488 21.546729075500345 0.6
      vertex 66.93553390593274 21.785533905932738 0.6
    endloop
  endfacet
  facet normal 0 0 1
    outer loop
      vertex 66.93553390593274 14.714466094067262 0.6
      vertex 66.93553390593274 21.785533905932738 0.6
      vertex 66.69672907550034 22.009199037394886 0.6
    endloop
  endfacet
  facet normal 0 0 1
    outer loop
      vertex 67.36676670145617 15.206192854956397 0.6
      vertex 67.36676670145617 21.2938071450436 0.6
      vertex 67.15919903739488 21.546729075500345 0.6
    endloop
  endfacet
  facet normal 0 0 1
    outer loop
      vertex 67.55734806151273 15.47214883490199 0.6
      vertex 67.55734806151273 21.02785116509801 0.6
      vertex 67.36676670145617 21.2938071450436 0.6
    endloop
  endfacet
  facet normal 0 0 1
    outer loop
      vertex 67.73012701892219 15.75 0.6
      vertex 67.73012701892219 20.75 0.6
      vertex 67.55734806151273 21.02785116509801 0.6
    endloop
  endfacet
  facet normal 0 0 1
    outer loop
      vertex 67.88436370766344 16.038556548904992 0.6
      vertex 67.88436370766344 20.461443451095008 0.6
      vertex 67.73012701892219 20.75 0.6
    endloop
  endfacet
  facet normal 0 0 1
    outer loop
      vertex 68.13465064747552 16.64280267348419 0.6
      vertex 68.13465064747552 19.85719732651581 0.6
      vertex 68.01939766255643 20.16341716182545 0.6
    endloop
  endfacet
  facet normal 0 0 1
    outer loop
      vertex 68.30392640201615 17.27454838991936 0.6
      vertex 68.30392640201615 19.22545161008064 0.6
      vertex 68.22962913144534 19.544095225512603 0.6
    endloop
  endfacet
  facet normal 0 0 1
    outer loop
      vertex 68.22962913144534 16.955904774487397 0.6
      vertex 68.22962913144534 19.544095225512603 0.6
      vertex 68.13465064747552 19.85719732651581 0.6
    endloop
  endfacet
  facet normal 0 0 1
    outer loop
      vertex 68.01939766255643 16.33658283817455 0.6
      vertex 68.01939766255643 20.16341716182545 0.6
      vertex 67.88436370766344 20.461443451095008 0.6
    endloop
  endfacet
  facet normal 0 0 1
    outer loop
      vertex 65.31341716182544 22.869397662556434 0.6
      vertex 65.33184814453125 18.767637252807617 0.6
      vertex 65.361572265625 18.640180587768555 0.6
    endloop
  endfacet
  facet normal 0 0 1
    outer loop
      vertex 65.31341716182544 22.869397662556434 0.6
      vertex 65.29386138916016 18.892879486083984 0.6
      vertex 65.33184814453125 18.767637252807617 0.6
    endloop
  endfacet
  facet normal 0 0 1
    outer loop
      vertex 65.31341716182544 22.869397662556434 0.6
      vertex 65.24775695800781 19.01536750793457 0.6
      vertex 65.29386138916016 18.892879486083984 0.6
    endloop
  endfacet
  facet normal 0 0 1
    outer loop
      vertex 65.611443451095 13.76563629233656 0.6
      vertex 65.611443451095 22.73436370766344 0.6
      vertex 65.31341716182544 22.869397662556434 0.6
    endloop
  endfacet
  facet normal 0 0 1
    outer loop
      vertex 65.31341716182544 22.869397662556434 0.6
      vertex 65.38288879394531 18.51105308532715 0.6
      vertex 65.39572143554688 18.38080596923828 0.6
    endloop
  endfacet
  facet normal 0 0 1
    outer loop
      vertex 65.31341716182544 22.869397662556434 0.6
      vertex 65.361572265625 18.640180587768555 0.6
      vertex 65.38288879394531 18.51105308532715 0.6
    endloop
  endfacet
  facet normal 0 0 1
    outer loop
      vertex 65.31341716182544 22.869397662556434 0.6
      vertex 65.1937484741211 19.13457679748535 0.6
      vertex 65.24775695800781 19.01536750793457 0.6
    endloop
  endfacet
  facet normal 0 0 1
    outer loop
      vertex 65.31341716182544 22.869397662556434 0.6
      vertex 65.13204956054688 19.25 0.6
      vertex 65.1937484741211 19.13457679748535 0.6
    endloop
  endfacet
  facet normal 0 0 1
    outer loop
      vertex 65.31341716182544 22.869397662556434 0.6
      vertex 65.06294250488281 19.361141204833984 0.6
      vertex 65.13204956054688 19.25 0.6
    endloop
  endfacet
  facet normal 0 0 1
    outer loop
      vertex 65.00719732651581 22.98465064747553 0.6
      vertex 64.90367889404297 19.56869125366211 0.6
      vertex 64.98670959472656 19.4675235748291 0.6
    endloop
  endfacet
  facet normal 0 0 1
    outer loop
      vertex 65.00719732651581 22.98465064747553 0.6
      vertex 64.98670959472656 19.4675235748291 0.6
      vertex 65.06294250488281 19.361141204833984 0.6
    endloop
  endfacet
  facet normal 0 0 1
    outer loop
      vertex 65.00719732651581 22.98465064747553 0.6
      vertex 64.81421661376953 19.664213180541992 0.6
      vertex 64.90367889404297 19.56869125366211 0.6
    endloop
  endfacet
  facet normal 0 0 1
    outer loop
      vertex 65.9 13.919872981077807 0.6
      vertex 65.9 22.58012701892219 0.6
      vertex 65.611443451095 22.73436370766344 0.6
    endloop
  endfacet
  facet normal 0 0 1
    outer loop
      vertex 65.31341716182544 22.869397662556434 0.6
      vertex 65.00719732651581 22.98465064747553 0.6
      vertex 65.06294250488281 19.361141204833984 0.6
    endloop
  endfacet
  facet normal -0.6835923020228698 0.7298640726978372 0
    outer loop
      vertex 59.86446609406726 21.785533905932738 0.6
      vertex 60.103270924499654 22.009199037394886 0.6
      vertex 60.103270924499654 22.009199037394886 0
    endloop
  endfacet
  facet normal -0.6343932841636452 0.7730104533627373 0
    outer loop
      vertex 60.103270924499654 22.009199037394886 0.6
      vertex 60.3561928549564 22.216766701456176 0.6
      vertex 60.3561928549564 22.216766701456176 0
    endloop
  endfacet
  facet normal -0.5824776968678109 0.812846684591609 0
    outer loop
      vertex 60.3561928549564 22.216766701456176 0.6
      vertex 60.622148834901985 22.407348061512728 0.6
      vertex 60.622148834901985 22.407348061512728 0
    endloop
  endfacet
  facet normal -0.5280678506503557 0.8492021815265867 0
    outer loop
      vertex 60.622148834901985 22.407348061512728 0.6
      vertex 60.9 22.58012701892219 0.6
      vertex 60.9 22.58012701892219 0
    endloop
  endfacet
  facet normal -0.4713967368260029 0.8819212643483523 0
    outer loop
      vertex 60.9 22.58012701892219 0.6
      vertex 61.18855654890499 22.73436370766344 0.6
      vertex 61.18855654890499 22.73436370766344 0
    endloop
  endfacet
  facet normal -0.4127070298043966 0.9108638249211749 0
    outer loop
      vertex 61.18855654890499 22.73436370766344 0.6
      vertex 61.48658283817455 22.869397662556434 0.6
      vertex 61.48658283817455 22.869397662556434 0
    endloop
  endfacet
  facet normal -0.3522500479212365 0.9359059267573245 0
    outer loop
      vertex 61.48658283817455 22.869397662556434 0.6
      vertex 61.79280267348419 22.98465064747553 0.6
      vertex 61.79280267348419 22.98465064747553 0
    endloop
  endfacet
  facet normal -0.2902846772544578 0.9569403357322102 0
    outer loop
      vertex 61.79280267348419 22.98465064747553 0.6
      vertex 62.10590477448739 23.07962913144534 0.6
      vertex 62.10590477448739 23.07962913144534 0
    endloop
  endfacet
  facet normal -0.22707626303437792 0.9738769792773326 0
    outer loop
      vertex 62.10590477448739 23.07962913144534 0.6
      vertex 62.42454838991936 23.153926402016154 0.6
      vertex 62.42454838991936 23.153926402016154 0
    endloop
  endfacet
  facet normal -0.16289547339458146 0.9866433320848802 0
    outer loop
      vertex 62.42454838991936 23.153926402016154 0.6
      vertex 62.74736903889974 23.20722430686905 0.6
      vertex 62.74736903889974 23.20722430686905 0
    endloop
  endfacet
  facet normal -0.09801714032956303 0.9951847266721966 0
    outer loop
      vertex 62.74736903889974 23.20722430686905 0.6
      vertex 63.072984353849286 23.239294616193018 0.6
      vertex 63.072984353849286 23.239294616193018 0
    endloop
  endfacet
  facet normal -0.032719082821776144 0.9994645874763657 0
    outer loop
      vertex 63.072984353849286 23.239294616193018 0.6
      vertex 63.4 23.25 0.6
      vertex 63.4 23.25 0
    endloop
  endfacet
  facet normal 0.032719082821776144 0.9994645874763657 0
    outer loop
      vertex 63.4 23.25 0.6
      vertex 63.72701564615071 23.239294616193018 0.6
      vertex 63.72701564615071 23.239294616193018 0
    endloop
  endfacet
  facet normal 0.09801714032956094 0.9951847266721968 0
    outer loop
      vertex 63.72701564615071 23.239294616193018 0.6
      vertex 64.05263096110026 23.20722430686905 0.6
      vertex 64.05263096110026 23.20722430686905 0
    endloop
  endfacet
  facet normal 0.16289547339458146 0.9866433320848802 0
    outer loop
      vertex 64.05263096110026 23.20722430686905 0.6
      vertex 64.37545161008065 23.153926402016154 0.6
      vertex 64.37545161008065 23.153926402016154 0
    endloop
  endfacet
  facet normal 0.2270762630343875 0.9738769792773303 0
    outer loop
      vertex 64.37545161008065 23.153926402016154 0.6
      vertex 64.6940952255126 23.07962913144534 0.6
      vertex 64.6940952255126 23.07962913144534 0
    endloop
  endfacet
  facet normal 0.35225004792124365 0.9359059267573219 0
    outer loop
      vertex 65.31341716182544 22.869397662556434 0.6
      vertex 65.31341716182544 22.869397662556434 0
      vertex 65.00719732651581 22.98465064747553 0.6
    endloop
  endfacet
  facet normal 0.4127070298043966 0.9108638249211749 0
    outer loop
      vertex 65.31341716182544 22.869397662556434 0.6
      vertex 65.611443451095 22.73436370766344 0.6
      vertex 65.611443451095 22.73436370766344 0
    endloop
  endfacet
  facet normal 0.6343932841636558 0.7730104533627286 0
    outer loop
      vertex 66.4438071450436 22.216766701456176 0.6
      vertex 66.69672907550034 22.009199037394886 0.6
      vertex 66.69672907550034 22.009199037394886 0
    endloop
  endfacet
  facet normal 0.5824776968677903 0.8128466845916237 0
    outer loop
      vertex 66.177851165098 22.407348061512728 0.6
      vertex 66.4438071450436 22.216766701456176 0.6
      vertex 66.4438071450436 22.216766701456176 0
    endloop
  endfacet
  facet normal 0.4713967368259849 0.8819212643483619 0
    outer loop
      vertex 65.611443451095 22.73436370766344 0.6
      vertex 65.9 22.58012701892219 0.6
      vertex 65.9 22.58012701892219 0
    endloop
  endfacet
  facet normal 0.5280678506503751 0.8492021815265745 0
    outer loop
      vertex 66.177851165098 22.407348061512728 0.6
      vertex 66.177851165098 22.407348061512728 0
      vertex 65.9 22.58012701892219 0.6
    endloop
  endfacet
  facet normal 0.29028467725445173 0.956940335732212 0
    outer loop
      vertex 64.6940952255126 23.07962913144534 0.6
      vertex 65.00719732651581 22.98465064747553 0.6
      vertex 65.00719732651581 22.98465064747553 0
    endloop
  endfacet
  facet normal 0 0 1
    outer loop
      vertex 61.79280267348419 22.98465064747553 0.6
      vertex 62.0813102722168 19.753679275512695 0.6
      vertex 62.10590477448739 23.07962913144534 0.6
    endloop
  endfacet
  facet normal 0 0 1
    outer loop
      vertex 62.10590477448739 23.07962913144534 0.6
      vertex 62.400001525878906 19.9820499420166 0.6
      vertex 62.42454838991936 23.153926402016154 0.6
    endloop
  endfacet
  facet normal 0 0 1
    outer loop
      vertex 62.42454838991936 23.153926402016154 0.6
      vertex 62.6346321105957 20.097759246826172 0.6
      vertex 62.74736903889974 23.20722430686905 0.6
    endloop
  endfacet
  facet normal 0 0 1
    outer loop
      vertex 62.74736903889974 23.20722430686905 0.6
      vertex 63.138946533203125 20.23288917541504 0.6
      vertex 63.072984353849286 23.239294616193018 0.6
    endloop
  endfacet
  facet normal 0 0 1
    outer loop
      vertex 63.072984353849286 23.239294616193018 0.6
      vertex 63.269195556640625 20.245718002319336 0.6
      vertex 63.4 23.25 0.6
    endloop
  endfacet
  facet normal 0 0 1
    outer loop
      vertex 63.4 23.25 0.6
      vertex 63.400001525878906 20.25 0.6
      vertex 63.72701564615071 23.239294616193018 0.6
    endloop
  endfacet
  facet normal 0 0 1
    outer loop
      vertex 63.72701564615071 23.239294616193018 0.6
      vertex 63.79018020629883 20.211570739746094 0.6
      vertex 64.05263096110026 23.20722430686905 0.6
    endloop
  endfacet
  facet normal 0 0 1
    outer loop
      vertex 64.05263096110026 23.20722430686905 0.6
      vertex 64.16536712646484 20.097759246826172 0.6
      vertex 64.37545161008065 23.153926402016154 0.6
    endloop
  endfacet
  facet normal 0 0 1
    outer loop
      vertex 64.37545161008065 23.153926402016154 0.6
      vertex 64.4000015258789 19.9820499420166 0.6
      vertex 64.6940952255126 23.07962913144534 0.6
    endloop
  endfacet
  facet normal 0 0 1
    outer loop
      vertex 64.6940952255126 23.07962913144534 0.6
      vertex 64.81421661376953 19.664213180541992 0.6
      vertex 65.00719732651581 22.98465064747553 0.6
    endloop
  endfacet
  facet normal 0 0 -1
    outer loop
      vertex 16.081308364868164 16.746320724487305 0
      vertex 14.356192854956396 14.283233298543824 0
      vertex 14.103270924499654 14.490800962605114 0
    endloop
  endfacet
  facet normal 0 0 -1
    outer loop
      vertex 16.634634017944336 16.402240753173828 0
      vertex 14.899999999999999 13.919872981077807 0
      vertex 14.622148834901989 14.092651938487274 0
    endloop
  endfacet
  facet normal 0 0 -1
    outer loop
      vertex 17.00981903076172 16.288429260253906 0
      vertex 15.188556548904991 13.76563629233656 0
      vertex 14.899999999999999 13.919872981077807 0
    endloop
  endfacet
  facet normal 0 0 -1
    outer loop
      vertex 16.288860321044922 16.587060928344727 0
      vertex 14.622148834901989 14.092651938487274 0
      vertex 14.356192854956396 14.283233298543824 0
    endloop
  endfacet
  facet normal 0 0 -1
    outer loop
      vertex 15.399999618530273 18.25 0
      vertex 13.242651938487272 15.47214883490199 0
      vertex 13.069872981077806 15.75 0
    endloop
  endfacet
  facet normal 0 0 -1
    outer loop
      vertex 15.399999618530273 18.25 0
      vertex 13.433233298543822 15.206192854956397 0
      vertex 13.242651938487272 15.47214883490199 0
    endloop
  endfacet
  facet normal 0 0 -1
    outer loop
      vertex 15.399999618530273 18.25 0
      vertex 12.915636292336558 16.038556548904992 0
      vertex 12.780602337443565 16.33658283817455 0
    endloop
  endfacet
  facet normal 0 0 -1
    outer loop
      vertex 15.399999618530273 18.25 0
      vertex 13.069872981077806 15.75 0
      vertex 12.915636292336558 16.038556548904992 0
    endloop
  endfacet
  facet normal 0 0 -1
    outer loop
      vertex 15.399999618530273 18.25 0
      vertex 12.780602337443565 16.33658283817455 0
      vertex 12.66534935252447 16.64280267348419 0
    endloop
  endfacet
  facet normal 0 0 -1
    outer loop
      vertex 15.399999618530273 18.25 0
      vertex 12.66534935252447 16.64280267348419 0
      vertex 12.570370868554658 16.955904774487397 0
    endloop
  endfacet
  facet normal 0 0 -1
    outer loop
      vertex 15.399999618530273 18.25 0
      vertex 12.570370868554658 16.955904774487397 0
      vertex 12.496073597983846 17.27454838991936 0
    endloop
  endfacet
  facet normal 0 0 -1
    outer loop
      vertex 15.606254577636719 17.36542320251465 0
      vertex 13.86446609406726 14.714466094067262 0
      vertex 13.640800962605113 14.953270924499655 0
    endloop
  endfacet
  facet normal 0 0 -1
    outer loop
      vertex 15.81329345703125 17.0324764251709 0
      vertex 14.103270924499654 14.490800962605114 0
      vertex 13.86446609406726 14.714466094067262 0
    endloop
  endfacet
  facet normal 0 0 -1
    outer loop
      vertex 15.438429832458496 17.859819412231445 0
      vertex 13.640800962605113 14.953270924499655 0
      vertex 13.433233298543822 15.206192854956397 0
    endloop
  endfacet
  facet normal 0 0 -1
    outer loop
      vertex 16.182477951049805 16.663293838500977 0
      vertex 14.356192854956396 14.283233298543824 0
      vertex 16.081308364868164 16.746320724487305 0
    endloop
  endfacet
  facet normal 0 0 -1
    outer loop
      vertex 16.182477951049805 16.663293838500977 0
      vertex 16.288860321044922 16.587060928344727 0
      vertex 14.356192854956396 14.283233298543824 0
    endloop
  endfacet
  facet normal 0 0 -1
    outer loop
      vertex 16.399999618530273 16.5179500579834 0
      vertex 14.622148834901989 14.092651938487274 0
      vertex 16.288860321044922 16.587060928344727 0
    endloop
  endfacet
  facet normal 0 0 -1
    outer loop
      vertex 16.399999618530273 16.5179500579834 0
      vertex 16.515422821044922 16.456254959106445 0
      vertex 14.622148834901989 14.092651938487274 0
    endloop
  endfacet
  facet normal 0 0 -1
    outer loop
      vertex 15.896320343017578 16.93130874633789 0
      vertex 15.985786437988281 16.835786819458008 0
      vertex 14.103270924499654 14.490800962605114 0
    endloop
  endfacet
  facet normal 0 0 -1
    outer loop
      vertex 15.985786437988281 16.835786819458008 0
      vertex 16.081308364868164 16.746320724487305 0
      vertex 14.103270924499654 14.490800962605114 0
    endloop
  endfacet
  facet normal 0 0 -1
    outer loop
      vertex 15.896320343017578 16.93130874633789 0
      vertex 14.103270924499654 14.490800962605114 0
      vertex 15.81329345703125 17.0324764251709 0
    endloop
  endfacet
  facet normal 0 0 -1
    outer loop
      vertex 15.81329345703125 17.0324764251709 0
      vertex 13.86446609406726 14.714466094067262 0
      vertex 15.737060546875 17.138858795166016 0
    endloop
  endfacet
  facet normal 0 0 -1
    outer loop
      vertex 15.737060546875 17.138858795166016 0
      vertex 13.86446609406726 14.714466094067262 0
      vertex 15.667948722839355 17.25 0
    endloop
  endfacet
  facet normal 0 0 -1
    outer loop
      vertex 15.606254577636719 17.36542320251465 0
      vertex 15.667948722839355 17.25 0
      vertex 13.86446609406726 14.714466094067262 0
    endloop
  endfacet
  facet normal 0 0 -1
    outer loop
      vertex 15.606254577636719 17.36542320251465 0
      vertex 13.640800962605113 14.953270924499655 0
      vertex 15.552241325378418 17.48463249206543 0
    endloop
  endfacet
  facet normal 0 0 -1
    outer loop
      vertex 15.506139755249023 17.607120513916016 0
      vertex 15.552241325378418 17.48463249206543 0
      vertex 13.640800962605113 14.953270924499655 0
    endloop
  endfacet
  facet normal 0 0 -1
    outer loop
      vertex 15.438429832458496 17.859819412231445 0
      vertex 13.433233298543822 15.206192854956397 0
      vertex 15.417110443115234 17.98894691467285 0
    endloop
  endfacet
  facet normal 0 0 -1
    outer loop
      vertex 15.506139755249023 17.607120513916016 0
      vertex 13.640800962605113 14.953270924499655 0
      vertex 15.468148231506348 17.732362747192383 0
    endloop
  endfacet
  facet normal 0 0 -1
    outer loop
      vertex 15.468148231506348 17.732362747192383 0
      vertex 13.640800962605113 14.953270924499655 0
      vertex 15.438429832458496 17.859819412231445 0
    endloop
  endfacet
  facet normal 0 0 -1
    outer loop
      vertex 15.417110443115234 17.98894691467285 0
      vertex 13.433233298543822 15.206192854956397 0
      vertex 15.404282569885254 18.11919403076172 0
    endloop
  endfacet
  facet normal 0 0 -1
    outer loop
      vertex 15.404282569885254 18.11919403076172 0
      vertex 13.433233298543822 15.206192854956397 0
      vertex 15.399999618530273 18.25 0
    endloop
  endfacet
  facet normal 0 0 -1
    outer loop
      vertex 17.530805587768555 16.254281997680664 0
      vertex 16.74736903889974 13.292775693130949 0
      vertex 16.42454838991936 13.346073597983848 0
    endloop
  endfacet
  facet normal 0 0 -1
    outer loop
      vertex 17.530805587768555 16.254281997680664 0
      vertex 17.072984353849282 13.260705383806982 0
      vertex 16.74736903889974 13.292775693130949 0
    endloop
  endfacet
  facet normal 0 0 -1
    outer loop
      vertex 17.530805587768555 16.254281997680664 0
      vertex 17.4 13.25 0
      vertex 17.072984353849282 13.260705383806982 0
    endloop
  endfacet
  facet normal 0 0 -1
    outer loop
      vertex 17.530805587768555 16.254281997680664 0
      vertex 17.727015646150715 13.260705383806982 0
      vertex 17.4 13.25 0
    endloop
  endfacet
  facet normal 0 0 -1
    outer loop
      vertex 17.399999618530273 16.25 0
      vertex 15.486582838174549 13.630602337443566 0
      vertex 15.188556548904991 13.76563629233656 0
    endloop
  endfacet
  facet normal 0 0 -1
    outer loop
      vertex 17.530805587768555 16.254281997680664 0
      vertex 15.792802673484191 13.51534935252447 0
      vertex 15.486582838174549 13.630602337443566 0
    endloop
  endfacet
  facet normal 0 0 -1
    outer loop
      vertex 17.530805587768555 16.254281997680664 0
      vertex 16.105904774487396 13.42037086855466 0
      vertex 15.792802673484191 13.51534935252447 0
    endloop
  endfacet
  facet normal 0 0 -1
    outer loop
      vertex 17.530805587768555 16.254281997680664 0
      vertex 16.42454838991936 13.346073597983848 0
      vertex 16.105904774487396 13.42037086855466 0
    endloop
  endfacet
  facet normal 0 0 -1
    outer loop
      vertex 17.399999618530273 16.25 0
      vertex 17.530805587768555 16.254281997680664 0
      vertex 15.486582838174549 13.630602337443566 0
    endloop
  endfacet
  facet normal 0 0 -1
    outer loop
      vertex 17.530805587768555 16.254281997680664 0
      vertex 18.052630961100256 13.292775693130949 0
      vertex 17.727015646150715 13.260705383806982 0
    endloop
  endfacet
  facet normal 0 0 -1
    outer loop
      vertex 17.530805587768555 16.254281997680664 0
      vertex 18.37545161008064 13.346073597983848 0
      vertex 18.052630961100256 13.292775693130949 0
    endloop
  endfacet
  facet normal 0 0 -1
    outer loop
      vertex 17.530805587768555 16.254281997680664 0
      vertex 18.6940952255126 13.42037086855466 0
      vertex 18.37545161008064 13.346073597983848 0
    endloop
  endfacet
  facet normal 0 0 -1
    outer loop
      vertex 17.530805587768555 16.254281997680664 0
      vertex 19.007197326515808 13.51534935252447 0
      vertex 18.6940952255126 13.42037086855466 0
    endloop
  endfacet
  facet normal 0 0 -1
    outer loop
      vertex 17.530805587768555 16.254281997680664 0
      vertex 19.31341716182545 13.630602337443566 0
      vertex 19.007197326515808 13.51534935252447 0
    endloop
  endfacet
  facet normal 0 0 -1
    outer loop
      vertex 17.530805587768555 16.254281997680664 0
      vertex 19.611443451095006 13.76563629233656 0
      vertex 19.31341716182545 13.630602337443566 0
    endloop
  endfacet
  facet normal 0 0 -1
    outer loop
      vertex 17.530805587768555 16.254281997680664 0
      vertex 19.9 13.919872981077807 0
      vertex 19.611443451095006 13.76563629233656 0
    endloop
  endfacet
  facet normal 0 0 -1
    outer loop
      vertex 17.530805587768555 16.254281997680664 0
      vertex 20.17785116509801 14.092651938487274 0
      vertex 19.9 13.919872981077807 0
    endloop
  endfacet
  facet normal 0 0 -1
    outer loop
      vertex 17.530805587768555 16.254281997680664 0
      vertex 20.4438071450436 14.283233298543824 0
      vertex 20.17785116509801 14.092651938487274 0
    endloop
  endfacet
  facet normal 0 0 -1
    outer loop
      vertex 16.634634017944336 16.402240753173828 0
      vertex 14.622148834901989 14.092651938487274 0
      vertex 16.515422821044922 16.456254959106445 0
    endloop
  endfacet
  facet normal 0 0 -1
    outer loop
      vertex 16.634634017944336 16.402240753173828 0
      vertex 16.75712013244629 16.35614013671875 0
      vertex 14.899999999999999 13.919872981077807 0
    endloop
  endfacet
  facet normal 0 0 -1
    outer loop
      vertex 16.75712013244629 16.35614013671875 0
      vertex 16.882362365722656 16.318147659301758 0
      vertex 14.899999999999999 13.919872981077807 0
    endloop
  endfacet
  facet normal 0 0 -1
    outer loop
      vertex 16.882362365722656 16.318147659301758 0
      vertex 17.00981903076172 16.288429260253906 0
      vertex 14.899999999999999 13.919872981077807 0
    endloop
  endfacet
  facet normal 0 0 -1
    outer loop
      vertex 17.00981903076172 16.288429260253906 0
      vertex 17.138948440551758 16.26711082458496 0
      vertex 15.188556548904991 13.76563629233656 0
    endloop
  endfacet
  facet normal 0 0 -1
    outer loop
      vertex 17.138948440551758 16.26711082458496 0
      vertex 17.269193649291992 16.254281997680664 0
      vertex 15.188556548904991 13.76563629233656 0
    endloop
  endfacet
  facet normal 0 0 -1
    outer loop
      vertex 17.269193649291992 16.254281997680664 0
      vertex 17.399999618530273 16.25 0
      vertex 15.188556548904991 13.76563629233656 0
    endloop
  endfacet
  facet normal 0 0 -1
    outer loop
      vertex 17.530805587768555 16.254281997680664 0
      vertex 17.661052703857422 16.26711082458496 0
      vertex 21.73012701892219 15.75 0
    endloop
  endfacet
  facet normal 0 0 -1
    outer loop
      vertex 17.661052703857422 16.26711082458496 0
      vertex 17.790180206298828 16.288429260253906 0
      vertex 21.73012701892219 15.75 0
    endloop
  endfacet
  facet normal 0 0 -1
    outer loop
      vertex 17.790180206298828 16.288429260253906 0
      vertex 17.917638778686523 16.318147659301758 0
      vertex 21.73012701892219 15.75 0
    endloop
  endfacet
  facet normal 0 0 -1
    outer loop
      vertex 17.917638778686523 16.318147659301758 0
      vertex 18.042879104614258 16.35614013671875 0
      vertex 21.73012701892219 15.75 0
    endloop
  endfacet
  facet normal 0 0 -1
    outer loop
      vertex 18.042879104614258 16.35614013671875 0
      vertex 18.165367126464844 16.402240753173828 0
      vertex 21.73012701892219 15.75 0
    endloop
  endfacet
  facet normal 0 0 -1
    outer loop
      vertex 15.399999618530273 18.25 0
      vertex 12.496073597983846 17.27454838991936 0
      vertex 12.442775693130947 17.597369038899743 0
    endloop
  endfacet
  facet normal 0 0 -1
    outer loop
      vertex 15.399999618530273 18.25 0
      vertex 12.442775693130947 17.597369038899743 0
      vertex 12.410705383806981 17.922984353849284 0
    endloop
  endfacet
  facet normal 0 0 -1
    outer loop
      vertex 15.399999618530273 18.25 0
      vertex 12.410705383806981 17.922984353849284 0
      vertex 12.399999999999999 18.25 0
    endloop
  endfacet
  facet normal 0 0 -1
    outer loop
      vertex 15.399999618530273 18.25 0
      vertex 12.399999999999999 18.25 0
      vertex 12.410705383806981 18.577015646150716 0
    endloop
  endfacet
  facet normal 0 0 -1
    outer loop
      vertex 15.399999618530273 18.25 0
      vertex 12.410705383806981 18.577015646150716 0
      vertex 12.442775693130947 18.902630961100257 0
    endloop
  endfacet
  facet normal 0 0 -1
    outer loop
      vertex 15.399999618530273 18.25 0
      vertex 12.442775693130947 18.902630961100257 0
      vertex 12.496073597983846 19.22545161008064 0
    endloop
  endfacet
  facet normal 0 0 -1
    outer loop
      vertex 15.399999618530273 18.25 0
      vertex 12.496073597983846 19.22545161008064 0
      vertex 12.570370868554658 19.544095225512603 0
    endloop
  endfacet
  facet normal 0 0 -1
    outer loop
      vertex 15.399999618530273 18.25 0
      vertex 12.570370868554658 19.544095225512603 0
      vertex 12.66534935252447 19.85719732651581 0
    endloop
  endfacet
  facet normal 0 0 -1
    outer loop
      vertex 15.399999618530273 18.25 0
      vertex 12.66534935252447 19.85719732651581 0
      vertex 12.780602337443565 20.16341716182545 0
    endloop
  endfacet
  facet normal 0 0 -1
    outer loop
      vertex 15.399999618530273 18.25 0
      vertex 12.780602337443565 20.16341716182545 0
      vertex 12.915636292336558 20.461443451095008 0
    endloop
  endfacet
  facet normal 0 0 -1
    outer loop
      vertex 15.399999618530273 18.25 0
      vertex 13.069872981077806 20.75 0
      vertex 15.404282569885254 18.38080596923828 0
    endloop
  endfacet
  facet normal 0 0 -1
    outer loop
      vertex 15.404282569885254 18.38080596923828 0
      vertex 13.069872981077806 20.75 0
      vertex 15.417110443115234 18.51105308532715 0
    endloop
  endfacet
  facet normal 0 0 -1
    outer loop
      vertex 15.417110443115234 18.51105308532715 0
      vertex 13.242651938487272 21.02785116509801 0
      vertex 15.438429832458496 18.640180587768555 0
    endloop
  endfacet
  facet normal 0 0 -1
    outer loop
      vertex 15.438429832458496 18.640180587768555 0
      vertex 13.242651938487272 21.02785116509801 0
      vertex 15.468148231506348 18.767637252807617 0
    endloop
  endfacet
  facet normal 0 0 -1
    outer loop
      vertex 15.468148231506348 18.767637252807617 0
      vertex 13.242651938487272 21.02785116509801 0
      vertex 15.506139755249023 18.892879486083984 0
    endloop
  endfacet
  facet normal 0 0 -1
    outer loop
      vertex 15.506139755249023 18.892879486083984 0
      vertex 13.433233298543822 21.2938071450436 0
      vertex 15.552241325378418 19.01536750793457 0
    endloop
  endfacet
  facet normal 0 0 -1
    outer loop
      vertex 15.399999618530273 18.25 0
      vertex 12.915636292336558 20.461443451095008 0
      vertex 13.069872981077806 20.75 0
    endloop
  endfacet
  facet normal 0 0 -1
    outer loop
      vertex 15.417110443115234 18.51105308532715 0
      vertex 13.069872981077806 20.75 0
      vertex 13.242651938487272 21.02785116509801 0
    endloop
  endfacet
  facet normal 0 0 -1
    outer loop
      vertex 15.506139755249023 18.892879486083984 0
      vertex 13.242651938487272 21.02785116509801 0
      vertex 13.433233298543822 21.2938071450436 0
    endloop
  endfacet
  facet normal 0 0 -1
    outer loop
      vertex 15.552241325378418 19.01536750793457 0
      vertex 13.433233298543822 21.2938071450436 0
      vertex 15.606254577636719 19.13457679748535 0
    endloop
  endfacet
  facet normal 0 0 -1
    outer loop
      vertex 15.606254577636719 19.13457679748535 0
      vertex 13.640800962605113 21.546729075500345 0
      vertex 15.667948722839355 19.25 0
    endloop
  endfacet
  facet normal 0 0 -1
    outer loop
      vertex 15.667948722839355 19.25 0
      vertex 13.640800962605113 21.546729075500345 0
      vertex 15.737060546875 19.361141204833984 0
    endloop
  endfacet
  facet normal 0 0 -1
    outer loop
      vertex 15.606254577636719 19.13457679748535 0
      vertex 13.433233298543822 21.2938071450436 0
      vertex 13.640800962605113 21.546729075500345 0
    endloop
  endfacet
  facet normal 0 0 -1
    outer loop
      vertex 15.737060546875 19.361141204833984 0
      vertex 13.640800962605113 21.546729075500345 0
      vertex 15.81329345703125 19.4675235748291 0
    endloop
  endfacet
  facet normal 0 0 -1
    outer loop
      vertex 15.81329345703125 19.4675235748291 0
      vertex 13.86446609406726 21.785533905932738 0
      vertex 15.896320343017578 19.56869125366211 0
    endloop
  endfacet
  facet normal 0 0 -1
    outer loop
      vertex 15.896320343017578 19.56869125366211 0
      vertex 13.86446609406726 21.785533905932738 0
      vertex 15.985786437988281 19.664213180541992 0
    endloop
  endfacet
  facet normal 0 0 -1
    outer loop
      vertex 15.985786437988281 19.664213180541992 0
      vertex 14.103270924499654 22.009199037394886 0
      vertex 16.081308364868164 19.753679275512695 0
    endloop
  endfacet
  facet normal 0 0 -1
    outer loop
      vertex 16.081308364868164 19.753679275512695 0
      vertex 14.103270924499654 22.009199037394886 0
      vertex 16.182477951049805 19.836706161499023 0
    endloop
  endfacet
  facet normal 0 0 -1
    outer loop
      vertex 16.182477951049805 19.836706161499023 0
      vertex 14.356192854956396 22.216766701456176 0
      vertex 16.288860321044922 19.912939071655273 0
    endloop
  endfacet
  facet normal 0 0 -1
    outer loop
      vertex 16.288860321044922 19.912939071655273 0
      vertex 14.356192854956396 22.216766701456176 0
      vertex 16.399999618530273 19.9820499420166 0
    endloop
  endfacet
  facet normal 0 0 -1
    outer loop
      vertex 16.399999618530273 19.9820499420166 0
      vertex 14.622148834901989 22.407348061512728 0
      vertex 16.515422821044922 20.043745040893555 0
    endloop
  endfacet
  facet normal 0 0 -1
    outer loop
      vertex 15.81329345703125 19.4675235748291 0
      vertex 13.640800962605113 21.546729075500345 0
      vertex 13.86446609406726 21.785533905932738 0
    endloop
  endfacet
  facet normal 0 0 -1
    outer loop
      vertex 15.985786437988281 19.664213180541992 0
      vertex 13.86446609406726 21.785533905932738 0
      vertex 14.103270924499654 22.009199037394886 0
    endloop
  endfacet
  facet normal 0 0 -1
    outer loop
      vertex 16.182477951049805 19.836706161499023 0
      vertex 14.103270924499654 22.009199037394886 0
      vertex 14.356192854956396 22.216766701456176 0
    endloop
  endfacet
  facet normal 0 0 -1
    outer loop
      vertex 16.399999618530273 19.9820499420166 0
      vertex 14.356192854956396 22.216766701456176 0
      vertex 14.622148834901989 22.407348061512728 0
    endloop
  endfacet
  facet normal 0 0 -1
    outer loop
      vertex 16.634634017944336 20.097759246826172 0
      vertex 14.622148834901989 22.407348061512728 0
      vertex 14.899999999999999 22.58012701892219 0
    endloop
  endfacet
  facet normal 0 0 -1
    outer loop
      vertex 17.00981903076172 20.211570739746094 0
      vertex 14.899999999999999 22.58012701892219 0
      vertex 15.188556548904991 22.73436370766344 0
    endloop
  endfacet
  facet normal 0 0 -1
    outer loop
      vertex 16.515422821044922 20.043745040893555 0
      vertex 14.622148834901989 22.407348061512728 0
      vertex 16.634634017944336 20.097759246826172 0
    endloop
  endfacet
  facet normal 0 0 -1
    outer loop
      vertex 16.634634017944336 20.097759246826172 0
      vertex 14.899999999999999 22.58012701892219 0
      vertex 16.75712013244629 20.14385986328125 0
    endloop
  endfacet
  facet normal 0 0 -1
    outer loop
      vertex 16.75712013244629 20.14385986328125 0
      vertex 14.899999999999999 22.58012701892219 0
      vertex 16.882362365722656 20.181852340698242 0
    endloop
  endfacet
  facet normal 0 0 -1
    outer loop
      vertex 16.882362365722656 20.181852340698242 0
      vertex 14.899999999999999 22.58012701892219 0
      vertex 17.00981903076172 20.211570739746094 0
    endloop
  endfacet
  facet normal 0 0 -1
    outer loop
      vertex 17.00981903076172 20.211570739746094 0
      vertex 15.188556548904991 22.73436370766344 0
      vertex 17.138948440551758 20.23288917541504 0
    endloop
  endfacet
  facet normal 0 0 -1
    outer loop
      vertex 17.138948440551758 20.23288917541504 0
      vertex 15.188556548904991 22.73436370766344 0
      vertex 17.269193649291992 20.245718002319336 0
    endloop
  endfacet
  facet normal 0 0 -1
    outer loop
      vertex 17.269193649291992 20.245718002319336 0
      vertex 15.188556548904991 22.73436370766344 0
      vertex 17.399999618530273 20.25 0
    endloop
  endfacet
  facet normal 0 0 -1
    outer loop
      vertex 17.399999618530273 20.25 0
      vertex 15.486582838174549 22.869397662556434 0
      vertex 17.530805587768555 20.245718002319336 0
    endloop
  endfacet
  facet normal 0 0 -1
    outer loop
      vertex 17.530805587768555 20.245718002319336 0
      vertex 17.727015646150715 23.239294616193018 0
      vertex 17.661052703857422 20.23288917541504 0
    endloop
  endfacet
  facet normal 0 0 -1
    outer loop
      vertex 18.814212799072266 19.664213180541992 0
      vertex 18.718690872192383 19.753679275512695 0
      vertex 19.007197326515808 22.98465064747553 0
    endloop
  endfacet
  facet normal 0 0 -1
    outer loop
      vertex 18.814212799072266 19.664213180541992 0
      vertex 19.007197326515808 22.98465064747553 0
      vertex 18.90367889404297 19.56869125366211 0
    endloop
  endfacet
  facet normal 0 0 -1
    outer loop
      vertex 17.661052703857422 20.23288917541504 0
      vertex 18.052630961100256 23.20722430686905 0
      vertex 17.790180206298828 20.211570739746094 0
    endloop
  endfacet
  facet normal 0 0 -1
    outer loop
      vertex 17.790180206298828 20.211570739746094 0
      vertex 18.052630961100256 23.20722430686905 0
      vertex 17.917638778686523 20.181852340698242 0
    endloop
  endfacet
  facet normal 0 0 -1
    outer loop
      vertex 18.042879104614258 20.14385986328125 0
      vertex 17.917638778686523 20.181852340698242 0
      vertex 18.052630961100256 23.20722430686905 0
    endloop
  endfacet
  facet normal 0 0 -1
    outer loop
      vertex 18.399999618530273 19.9820499420166 0
      vertex 18.284578323364258 20.043745040893555 0
      vertex 18.6940952255126 23.07962913144534 0
    endloop
  endfacet
  facet normal 0 0 -1
    outer loop
      vertex 18.042879104614258 20.14385986328125 0
      vertex 18.37545161008064 23.153926402016154 0
      vertex 18.165367126464844 20.097759246826172 0
    endloop
  endfacet
  facet normal 0 0 -1
    outer loop
      vertex 18.165367126464844 20.097759246826172 0
      vertex 18.37545161008064 23.153926402016154 0
      vertex 18.284578323364258 20.043745040893555 0
    endloop
  endfacet
  facet normal 0 0 -1
    outer loop
      vertex 18.617523193359375 19.836706161499023 0
      vertex 18.511140823364258 19.912939071655273 0
      vertex 18.6940952255126 23.07962913144534 0
    endloop
  endfacet
  facet normal 0 0 -1
    outer loop
      vertex 18.399999618530273 19.9820499420166 0
      vertex 18.6940952255126 23.07962913144534 0
      vertex 18.511140823364258 19.912939071655273 0
    endloop
  endfacet
  facet normal 0 0 -1
    outer loop
      vertex 18.617523193359375 19.836706161499023 0
      vertex 19.007197326515808 22.98465064747553 0
      vertex 18.718690872192383 19.753679275512695 0
    endloop
  endfacet
  facet normal 0 0 -1
    outer loop
      vertex 18.90367889404297 19.56869125366211 0
      vertex 19.007197326515808 22.98465064747553 0
      vertex 19.31341716182545 22.869397662556434 0
    endloop
  endfacet
  facet normal 0 0 -1
    outer loop
      vertex 18.90367889404297 19.56869125366211 0
      vertex 19.31341716182545 22.869397662556434 0
      vertex 19.611443451095006 22.73436370766344 0
    endloop
  endfacet
  facet normal 0 0 -1
    outer loop
      vertex 17.530805587768555 16.254281997680664 0
      vertex 20.696729075500343 14.490800962605114 0
      vertex 20.4438071450436 14.283233298543824 0
    endloop
  endfacet
  facet normal 0 0 -1
    outer loop
      vertex 17.530805587768555 16.254281997680664 0
      vertex 20.935533905932736 14.714466094067262 0
      vertex 20.696729075500343 14.490800962605114 0
    endloop
  endfacet
  facet normal 0 0 -1
    outer loop
      vertex 17.530805587768555 16.254281997680664 0
      vertex 21.159199037394885 14.953270924499655 0
      vertex 20.935533905932736 14.714466094067262 0
    endloop
  endfacet
  facet normal 0 0 -1
    outer loop
      vertex 17.530805587768555 16.254281997680664 0
      vertex 21.366766701456175 15.206192854956397 0
      vertex 21.159199037394885 14.953270924499655 0
    endloop
  endfacet
  facet normal 0 0 -1
    outer loop
      vertex 17.530805587768555 16.254281997680664 0
      vertex 21.557348061512727 15.47214883490199 0
      vertex 21.366766701456175 15.206192854956397 0
    endloop
  endfacet
  facet normal 0 0 -1
    outer loop
      vertex 17.530805587768555 16.254281997680664 0
      vertex 21.73012701892219 15.75 0
      vertex 21.557348061512727 15.47214883490199 0
    endloop
  endfacet
  facet normal 0 0 -1
    outer loop
      vertex 18.165367126464844 16.402240753173828 0
      vertex 18.284578323364258 16.456254959106445 0
      vertex 21.88436370766344 16.038556548904992 0
    endloop
  endfacet
  facet normal 0 0 -1
    outer loop
      vertex 18.284578323364258 16.456254959106445 0
      vertex 18.399999618530273 16.5179500579834 0
      vertex 21.88436370766344 16.038556548904992 0
    endloop
  endfacet
  facet normal 0 0 -1
    outer loop
      vertex 18.399999618530273 16.5179500579834 0
      vertex 18.511140823364258 16.587060928344727 0
      vertex 21.88436370766344 16.038556548904992 0
    endloop
  endfacet
  facet normal 0 0 -1
    outer loop
      vertex 18.511140823364258 16.587060928344727 0
      vertex 18.617523193359375 16.663293838500977 0
      vertex 21.88436370766344 16.038556548904992 0
    endloop
  endfacet
  facet normal 0 0 -1
    outer loop
      vertex 18.165367126464844 16.402240753173828 0
      vertex 21.88436370766344 16.038556548904992 0
      vertex 21.73012701892219 15.75 0
    endloop
  endfacet
  facet normal 0 0 -1
    outer loop
      vertex 18.617523193359375 16.663293838500977 0
      vertex 22.019397662556432 16.33658283817455 0
      vertex 21.88436370766344 16.038556548904992 0
    endloop
  endfacet
  facet normal 0 0 -1
    outer loop
      vertex 18.617523193359375 16.663293838500977 0
      vertex 18.718690872192383 16.746320724487305 0
      vertex 22.019397662556432 16.33658283817455 0
    endloop
  endfacet
  facet normal 0 0 -1
    outer loop
      vertex 18.718690872192383 16.746320724487305 0
      vertex 18.814212799072266 16.835786819458008 0
      vertex 22.019397662556432 16.33658283817455 0
    endloop
  endfacet
  facet normal 0 0 -1
    outer loop
      vertex 18.814212799072266 16.835786819458008 0
      vertex 18.90367889404297 16.93130874633789 0
      vertex 22.019397662556432 16.33658283817455 0
    endloop
  endfacet
  facet normal 0 0 -1
    outer loop
      vertex 18.90367889404297 16.93130874633789 0
      vertex 18.986705780029297 17.0324764251709 0
      vertex 22.019397662556432 16.33658283817455 0
    endloop
  endfacet
  facet normal 0 0 -1
    outer loop
      vertex 18.986705780029297 17.0324764251709 0
      vertex 19.062938690185547 17.138858795166016 0
      vertex 22.134650647475528 16.64280267348419 0
    endloop
  endfacet
  facet normal 0 0 -1
    outer loop
      vertex 19.062938690185547 17.138858795166016 0
      vertex 19.132051467895508 17.25 0
      vertex 22.134650647475528 16.64280267348419 0
    endloop
  endfacet
  facet normal 0 0 -1
    outer loop
      vertex 19.132051467895508 17.25 0
      vertex 19.193744659423828 17.36542320251465 0
      vertex 22.134650647475528 16.64280267348419 0
    endloop
  endfacet
  facet normal 0 0 -1
    outer loop
      vertex 19.193744659423828 17.36542320251465 0
      vertex 19.247758865356445 17.48463249206543 0
      vertex 22.22962913144534 16.955904774487397 0
    endloop
  endfacet
  facet normal 0 0 -1
    outer loop
      vertex 19.247758865356445 17.48463249206543 0
      vertex 19.293859481811523 17.607120513916016 0
      vertex 22.22962913144534 16.955904774487397 0
    endloop
  endfacet
  facet normal 0 0 -1
    outer loop
      vertex 18.986705780029297 17.0324764251709 0
      vertex 22.134650647475528 16.64280267348419 0
      vertex 22.019397662556432 16.33658283817455 0
    endloop
  endfacet
  facet normal 0 0 -1
    outer loop
      vertex 19.293859481811523 17.607120513916016 0
      vertex 19.331851959228516 17.732362747192383 0
      vertex 22.303926402016153 17.27454838991936 0
    endloop
  endfacet
  facet normal 0 0 -1
    outer loop
      vertex 19.193744659423828 17.36542320251465 0
      vertex 22.22962913144534 16.955904774487397 0
      vertex 22.134650647475528 16.64280267348419 0
    endloop
  endfacet
  facet normal 0 0 -1
    outer loop
      vertex 19.293859481811523 17.607120513916016 0
      vertex 22.303926402016153 17.27454838991936 0
      vertex 22.22962913144534 16.955904774487397 0
    endloop
  endfacet
  facet normal 0 0 -1
    outer loop
      vertex 19.331851959228516 17.732362747192383 0
      vertex 19.361570358276367 17.859819412231445 0
      vertex 22.303926402016153 17.27454838991936 0
    endloop
  endfacet
  facet normal 0 0 -1
    outer loop
      vertex 19.361570358276367 17.859819412231445 0
      vertex 19.382888793945312 17.98894691467285 0
      vertex 22.303926402016153 17.27454838991936 0
    endloop
  endfacet
  facet normal 0 0 -1
    outer loop
      vertex 19.382888793945312 17.98894691467285 0
      vertex 19.39571762084961 18.11919403076172 0
      vertex 22.35722430686905 17.597369038899743 0
    endloop
  endfacet
  facet normal 0 0 -1
    outer loop
      vertex 19.39571762084961 18.11919403076172 0
      vertex 19.399999618530273 18.25 0
      vertex 22.35722430686905 17.597369038899743 0
    endloop
  endfacet
  facet normal 0 0 -1
    outer loop
      vertex 19.399999618530273 18.25 0
      vertex 19.39571762084961 18.38080596923828 0
      vertex 22.389294616193016 17.922984353849284 0
    endloop
  endfacet
  facet normal 0 0 -1
    outer loop
      vertex 19.39571762084961 18.38080596923828 0
      vertex 19.382888793945312 18.51105308532715 0
      vertex 22.389294616193016 17.922984353849284 0
    endloop
  endfacet
  facet normal 0 0 -1
    outer loop
      vertex 19.382888793945312 18.51105308532715 0
      vertex 19.361570358276367 18.640180587768555 0
      vertex 22.4 18.25 0
    endloop
  endfacet
  facet normal 0 0 -1
    outer loop
      vertex 19.361570358276367 18.640180587768555 0
      vertex 19.331851959228516 18.767637252807617 0
      vertex 22.4 18.25 0
    endloop
  endfacet
  facet normal 0 0 -1
    outer loop
      vertex 19.331851959228516 18.767637252807617 0
      vertex 19.293859481811523 18.892879486083984 0
      vertex 22.4 18.25 0
    endloop
  endfacet
  facet normal 0 0 -1
    outer loop
      vertex 19.193744659423828 19.13457679748535 0
      vertex 19.132051467895508 19.25 0
      vertex 22.389294616193016 18.577015646150716 0
    endloop
  endfacet
  facet normal 0 0 -1
    outer loop
      vertex 19.132051467895508 19.25 0
      vertex 19.062938690185547 19.361141204833984 0
      vertex 22.389294616193016 18.577015646150716 0
    endloop
  endfacet
  facet normal 0 0 -1
    outer loop
      vertex 19.062938690185547 19.361141204833984 0
      vertex 18.986705780029297 19.4675235748291 0
      vertex 22.35722430686905 18.902630961100257 0
    endloop
  endfacet
  facet normal 0 0 -1
    outer loop
      vertex 18.986705780029297 19.4675235748291 0
      vertex 18.90367889404297 19.56869125366211 0
      vertex 22.35722430686905 18.902630961100257 0
    endloop
  endfacet
  facet normal 0 0 -1
    outer loop
      vertex 19.247758865356445 19.01536750793457 0
      vertex 22.389294616193016 18.577015646150716 0
      vertex 19.293859481811523 18.892879486083984 0
    endloop
  endfacet
  facet normal 0 0 -1
    outer loop
      vertex 19.247758865356445 19.01536750793457 0
      vertex 19.193744659423828 19.13457679748535 0
      vertex 22.389294616193016 18.577015646150716 0
    endloop
  endfacet
  facet normal 0 0 -1
    outer loop
      vertex 18.90367889404297 19.56869125366211 0
      vertex 22.22962913144534 19.544095225512603 0
      vertex 22.303926402016153 19.22545161008064 0
    endloop
  endfacet
  facet normal 0 0 -1
    outer loop
      vertex 18.90367889404297 19.56869125366211 0
      vertex 22.134650647475528 19.85719732651581 0
      vertex 22.22962913144534 19.544095225512603 0
    endloop
  endfacet
  facet normal 0 0 -1
    outer loop
      vertex 19.382888793945312 17.98894691467285 0
      vertex 22.35722430686905 17.597369038899743 0
      vertex 22.303926402016153 17.27454838991936 0
    endloop
  endfacet
  facet normal 0 0 -1
    outer loop
      vertex 19.399999618530273 18.25 0
      vertex 22.389294616193016 17.922984353849284 0
      vertex 22.35722430686905 17.597369038899743 0
    endloop
  endfacet
  facet normal 0 0 -1
    outer loop
      vertex 19.382888793945312 18.51105308532715 0
      vertex 22.4 18.25 0
      vertex 22.389294616193016 17.922984353849284 0
    endloop
  endfacet
  facet normal 0 0 -1
    outer loop
      vertex 19.293859481811523 18.892879486083984 0
      vertex 22.389294616193016 18.577015646150716 0
      vertex 22.4 18.25 0
    endloop
  endfacet
  facet normal 0 0 -1
    outer loop
      vertex 19.062938690185547 19.361141204833984 0
      vertex 22.35722430686905 18.902630961100257 0
      vertex 22.389294616193016 18.577015646150716 0
    endloop
  endfacet
  facet normal 0 0 -1
    outer loop
      vertex 18.90367889404297 19.56869125366211 0
      vertex 22.303926402016153 19.22545161008064 0
      vertex 22.35722430686905 18.902630961100257 0
    endloop
  endfacet
  facet normal 0 0 -1
    outer loop
      vertex 18.90367889404297 19.56869125366211 0
      vertex 22.019397662556432 20.16341716182545 0
      vertex 22.134650647475528 19.85719732651581 0
    endloop
  endfacet
  facet normal 0 0 -1
    outer loop
      vertex 18.90367889404297 19.56869125366211 0
      vertex 21.73012701892219 20.75 0
      vertex 21.88436370766344 20.461443451095008 0
    endloop
  endfacet
  facet normal 0 0 -1
    outer loop
      vertex 18.90367889404297 19.56869125366211 0
      vertex 21.88436370766344 20.461443451095008 0
      vertex 22.019397662556432 20.16341716182545 0
    endloop
  endfacet
  facet normal 0 0 -1
    outer loop
      vertex 18.90367889404297 19.56869125366211 0
      vertex 21.159199037394885 21.546729075500345 0
      vertex 21.366766701456175 21.2938071450436 0
    endloop
  endfacet
  facet normal 0 0 -1
    outer loop
      vertex 18.90367889404297 19.56869125366211 0
      vertex 21.366766701456175 21.2938071450436 0
      vertex 21.557348061512727 21.02785116509801 0
    endloop
  endfacet
  facet normal 0 0 -1
    outer loop
      vertex 18.90367889404297 19.56869125366211 0
      vertex 21.557348061512727 21.02785116509801 0
      vertex 21.73012701892219 20.75 0
    endloop
  endfacet
  facet normal 0 0 -1
    outer loop
      vertex 18.90367889404297 19.56869125366211 0
      vertex 20.4438071450436 22.216766701456176 0
      vertex 20.696729075500343 22.009199037394886 0
    endloop
  endfacet
  facet normal 0 0 -1
    outer loop
      vertex 18.90367889404297 19.56869125366211 0
      vertex 20.696729075500343 22.009199037394886 0
      vertex 20.935533905932736 21.785533905932738 0
    endloop
  endfacet
  facet normal 0 0 -1
    outer loop
      vertex 18.90367889404297 19.56869125366211 0
      vertex 19.611443451095006 22.73436370766344 0
      vertex 19.9 22.58012701892219 0
    endloop
  endfacet
  facet normal 0 0 -1
    outer loop
      vertex 18.90367889404297 19.56869125366211 0
      vertex 19.9 22.58012701892219 0
      vertex 20.17785116509801 22.407348061512728 0
    endloop
  endfacet
  facet normal 0 0 -1
    outer loop
      vertex 18.90367889404297 19.56869125366211 0
      vertex 20.17785116509801 22.407348061512728 0
      vertex 20.4438071450436 22.216766701456176 0
    endloop
  endfacet
  facet normal 0 0 -1
    outer loop
      vertex 18.90367889404297 19.56869125366211 0
      vertex 20.935533905932736 21.785533905932738 0
      vertex 21.159199037394885 21.546729075500345 0
    endloop
  endfacet
  facet normal 0.7730077643042 0.6343965607767922 0
    outer loop
      vertex 15.896320343017578 16.93130874633789 0
      vertex 15.81329345703125 17.0324764251709 0
      vertex 15.896320343017578 16.93130874633789 0.6
    endloop
  endfacet
  facet normal 0.8819239386272285 0.47139173356799174 0
    outer loop
      vertex 15.606254577636719 17.36542320251465 0
      vertex 15.667948722839355 17.25 0.6
      vertex 15.667948722839355 17.25 0
    endloop
  endfacet
  facet normal 0.8128453030587668 0.5824796247898304 0
    outer loop
      vertex 15.81329345703125 17.0324764251709 0
      vertex 15.737060546875 17.138858795166016 0
      vertex 15.81329345703125 17.0324764251709 0.6
    endloop
  endfacet
  facet normal 0.8492029296453268 0.528066647575658 0
    outer loop
      vertex 15.737060546875 17.138858795166016 0
      vertex 15.667948722839355 17.25 0
      vertex 15.737060546875 17.138858795166016 0.6
    endloop
  endfacet
  facet normal 0.9108631761533976 0.41270846166239983 0
    outer loop
      vertex 15.606254577636719 17.36542320251465 0
      vertex 15.552241325378418 17.48463249206543 0
      vertex 15.606254577636719 17.36542320251465 0.6
    endloop
  endfacet
  facet normal 0.9359050623887942 0.3522523444847841 0
    outer loop
      vertex 15.506139755249023 17.607120513916016 0
      vertex 15.552241325378418 17.48463249206543 0.6
      vertex 15.552241325378418 17.48463249206543 0
    endloop
  endfacet
  facet normal 0.47139740115403733 0.8819209092572983 0
    outer loop
      vertex 16.399999618530273 16.5179500579834 0
      vertex 16.515422821044922 16.456254959106445 0.6
      vertex 16.515422821044922 16.456254959106445 0
    endloop
  endfacet
  facet normal 0.4127090287918061 0.9108629191891194 0
    outer loop
      vertex 16.634634017944336 16.402240753173828 0
      vertex 16.515422821044922 16.456254959106445 0
      vertex 16.634634017944336 16.402240753173828 0.6
    endloop
  endfacet
  facet normal 0.3522507663601822 0.9359056563557376 0
    outer loop
      vertex 16.634634017944336 16.402240753173828 0
      vertex 16.75712013244629 16.35614013671875 0.6
      vertex 16.75712013244629 16.35614013671875 0
    endloop
  endfacet
  facet normal 0.29028930430932676 0.956938932118245 0
    outer loop
      vertex 16.75712013244629 16.35614013671875 0
      vertex 16.882362365722656 16.318147659301758 0.6
      vertex 16.882362365722656 16.318147659301758 0
    endloop
  endfacet
  facet normal 0.2270738929790996 0.9738775318936751 0
    outer loop
      vertex 16.882362365722656 16.318147659301758 0
      vertex 17.00981903076172 16.288429260253906 0.6
      vertex 17.00981903076172 16.288429260253906 0
    endloop
  endfacet
  facet normal 0.16288865891791673 0.9866444571353566 0
    outer loop
      vertex 17.00981903076172 16.288429260253906 0
      vertex 17.138948440551758 16.26711082458496 0.6
      vertex 17.138948440551758 16.26711082458496 0
    endloop
  endfacet
  facet normal 0.09802314520582248 0.9951841352252146 0
    outer loop
      vertex 17.138948440551758 16.26711082458496 0
      vertex 17.269193649291992 16.254281997680664 0.6
      vertex 17.269193649291992 16.254281997680664 0
    endloop
  endfacet
  facet normal 0.03271796560209441 0.999464624049726 0
    outer loop
      vertex 17.269193649291992 16.254281997680664 0
      vertex 17.399999618530273 16.25 0.6
      vertex 17.399999618530273 16.25 0
    endloop
  endfacet
  facet normal -0.03271796560209441 0.999464624049726 0
    outer loop
      vertex 17.399999618530273 16.25 0
      vertex 17.530805587768555 16.254281997680664 0.6
      vertex 17.530805587768555 16.254281997680664 0
    endloop
  endfacet
  facet normal -0.09802172353981463 0.995184275254731 0
    outer loop
      vertex 17.530805587768555 16.254281997680664 0
      vertex 17.661052703857422 16.26711082458496 0.6
      vertex 17.661052703857422 16.26711082458496 0
    endloop
  endfacet
  facet normal 0.5824796247898304 0.8128453030587668 0
    outer loop
      vertex 16.182477951049805 16.663293838500977 0
      vertex 16.288860321044922 16.587060928344727 0.6
      vertex 16.288860321044922 16.587060928344727 0
    endloop
  endfacet
  facet normal 0.6343894139446197 0.7730136295531935 0
    outer loop
      vertex 16.182477951049805 16.663293838500977 0
      vertex 16.081308364868164 16.746320724487305 0
      vertex 16.182477951049805 16.663293838500977 0.6
    endloop
  endfacet
  facet normal 0.7298638922145503 0.6835924947228629 0
    outer loop
      vertex 15.896320343017578 16.93130874633789 0
      vertex 15.985786437988281 16.835786819458008 0.6
      vertex 15.985786437988281 16.835786819458008 0
    endloop
  endfacet
  facet normal 0.6835924947228629 0.7298638922145503 0
    outer loop
      vertex 15.985786437988281 16.835786819458008 0
      vertex 16.081308364868164 16.746320724487305 0.6
      vertex 16.081308364868164 16.746320724487305 0
    endloop
  endfacet
  facet normal 0.5280679280740015 0.8492021333814649 0
    outer loop
      vertex 16.399999618530273 16.5179500579834 0
      vertex 16.288860321044922 16.587060928344727 0
      vertex 16.399999618530273 16.5179500579834 0.6
    endloop
  endfacet
  facet normal -0.16289100111418414 0.9866440704509498 0
    outer loop
      vertex 17.661052703857422 16.26711082458496 0
      vertex 17.790180206298828 16.288429260253906 0.6
      vertex 17.790180206298828 16.288429260253906 0
    endloop
  endfacet
  facet normal -0.22707067014883206 0.9738782833384059 0
    outer loop
      vertex 17.790180206298828 16.288429260253906 0
      vertex 17.917638778686523 16.318147659301758 0.6
      vertex 17.917638778686523 16.318147659301758 0
    endloop
  endfacet
  facet normal -0.2902933527197965 0.956937704015627 0
    outer loop
      vertex 17.917638778686523 16.318147659301758 0
      vertex 18.042879104614258 16.35614013671875 0.6
      vertex 18.042879104614258 16.35614013671875 0
    endloop
  endfacet
  facet normal -0.3522459617980853 0.9359074646549955 0
    outer loop
      vertex 18.042879104614258 16.35614013671875 0
      vertex 18.165367126464844 16.402240753173828 0.6
      vertex 18.165367126464844 16.402240753173828 0
    endloop
  endfacet
  facet normal -0.4127090287918061 0.9108629191891194 0
    outer loop
      vertex 18.165367126464844 16.402240753173828 0
      vertex 18.284578323364258 16.456254959106445 0.6
      vertex 18.284578323364258 16.456254959106445 0
    endloop
  endfacet
  facet normal -0.47140345997625654 0.8819176707167251 0
    outer loop
      vertex 18.284578323364258 16.456254959106445 0
      vertex 18.399999618530273 16.5179500579834 0.6
      vertex 18.399999618530273 16.5179500579834 0
    endloop
  endfacet
  facet normal -0.5280613927060487 0.849206197300366 0
    outer loop
      vertex 18.399999618530273 16.5179500579834 0
      vertex 18.511140823364258 16.587060928344727 0.6
      vertex 18.511140823364258 16.587060928344727 0
    endloop
  endfacet
  facet normal -0.5824796247898304 0.8128453030587668 0
    outer loop
      vertex 18.511140823364258 16.587060928344727 0
      vertex 18.617523193359375 16.663293838500977 0.6
      vertex 18.617523193359375 16.663293838500977 0
    endloop
  endfacet
  facet normal -0.6343965607767922 0.7730077643042 0
    outer loop
      vertex 18.617523193359375 16.663293838500977 0
      vertex 18.718690872192383 16.746320724487305 0.6
      vertex 18.718690872192383 16.746320724487305 0
    endloop
  endfacet
  facet normal -0.6835924947228629 0.7298638922145503 0
    outer loop
      vertex 18.718690872192383 16.746320724487305 0
      vertex 18.814212799072266 16.835786819458008 0.6
      vertex 18.814212799072266 16.835786819458008 0
    endloop
  endfacet
  facet normal -0.7298638922145503 0.6835924947228629 0
    outer loop
      vertex 18.814212799072266 16.835786819458008 0
      vertex 18.90367889404297 16.93130874633789 0.6
      vertex 18.90367889404297 16.93130874633789 0
    endloop
  endfacet
  facet normal -0.7730077643042 0.6343965607767922 0
    outer loop
      vertex 18.90367889404297 16.93130874633789 0
      vertex 18.986705780029297 17.0324764251709 0.6
      vertex 18.986705780029297 17.0324764251709 0
    endloop
  endfacet
  facet normal -0.8128453030587668 0.5824796247898304 0
    outer loop
      vertex 18.986705780029297 17.0324764251709 0
      vertex 19.062938690185547 17.138858795166016 0.6
      vertex 19.062938690185547 17.138858795166016 0
    endloop
  endfacet
  facet normal -0.8491996619829181 0.5280719023846068 0
    outer loop
      vertex 19.062938690185547 17.138858795166016 0
      vertex 19.132051467895508 17.25 0.6
      vertex 19.132051467895508 17.25 0
    endloop
  endfacet
  facet normal -0.8819269679815477 0.47138606592354226 0
    outer loop
      vertex 19.132051467895508 17.25 0
      vertex 19.193744659423828 17.36542320251465 0.6
      vertex 19.193744659423828 17.36542320251465 0
    endloop
  endfacet
  facet normal -0.9108604368412392 0.41271450737451276 0
    outer loop
      vertex 19.193744659423828 17.36542320251465 0
      vertex 19.247758865356445 17.48463249206543 0.6
      vertex 19.247758865356445 17.48463249206543 0
    endloop
  endfacet
  facet normal -0.9359074646549955 0.3522459617980853 0
    outer loop
      vertex 19.247758865356445 17.48463249206543 0
      vertex 19.293859481811523 17.607120513916016 0.6
      vertex 19.293859481811523 17.607120513916016 0
    endloop
  endfacet
  facet normal 0.9738775318936751 0.2270738929790996 0
    outer loop
      vertex 15.468148231506348 17.732362747192383 0
      vertex 15.438429832458496 17.859819412231445 0
      vertex 15.468148231506348 17.732362747192383 0.6
    endloop
  endfacet
  facet normal 0.9866428993120967 0.16289809463900978 0
    outer loop
      vertex 15.438429832458496 17.859819412231445 0
      vertex 15.417110443115234 17.98894691467285 0
      vertex 15.438429832458496 17.859819412231445 0.6
    endloop
  endfacet
  facet normal 0.9951849860518164 0.0980145067683672 0
    outer loop
      vertex 15.417110443115234 17.98894691467285 0
      vertex 15.404282569885254 18.11919403076172 0
      vertex 15.417110443115234 17.98894691467285 0.6
    endloop
  endfacet
  facet normal 0.9569409562775666 0.2902826315826982 0
    outer loop
      vertex 15.506139755249023 17.607120513916016 0
      vertex 15.468148231506348 17.732362747192383 0
      vertex 15.506139755249023 17.607120513916016 0.6
    endloop
  endfacet
  facet normal 0.9994643857399419 0.03272524465119626 0
    outer loop
      vertex 15.404282569885254 18.11919403076172 0
      vertex 15.399999618530273 18.25 0
      vertex 15.404282569885254 18.11919403076172 0.6
    endloop
  endfacet
  facet normal 0.9994643857399419 -0.03272524465119626 0
    outer loop
      vertex 15.399999618530273 18.25 0
      vertex 15.404282569885254 18.38080596923828 0
      vertex 15.399999618530273 18.25 0.6
    endloop
  endfacet
  facet normal 0.9951849860518164 -0.0980145067683672 0
    outer loop
      vertex 15.404282569885254 18.38080596923828 0
      vertex 15.417110443115234 18.51105308532715 0
      vertex 15.404282569885254 18.38080596923828 0.6
    endloop
  endfacet
  facet normal 0.9866428993120967 -0.16289809463900978 0
    outer loop
      vertex 15.417110443115234 18.51105308532715 0
      vertex 15.438429832458496 18.640180587768555 0
      vertex 15.417110443115234 18.51105308532715 0.6
    endloop
  endfacet
  facet normal 0.9738775318936751 -0.2270738929790996 0
    outer loop
      vertex 15.438429832458496 18.640180587768555 0
      vertex 15.468148231506348 18.767637252807617 0
      vertex 15.438429832458496 18.640180587768555 0.6
    endloop
  endfacet
  facet normal 0.9569409562775666 -0.2902826315826982 0
    outer loop
      vertex 15.468148231506348 18.767637252807617 0
      vertex 15.506139755249023 18.892879486083984 0
      vertex 15.468148231506348 18.767637252807617 0.6
    endloop
  endfacet
  facet normal 0.9359050623887942 -0.3522523444847841 0
    outer loop
      vertex 15.506139755249023 18.892879486083984 0
      vertex 15.552241325378418 19.01536750793457 0
      vertex 15.506139755249023 18.892879486083984 0.6
    endloop
  endfacet
  facet normal 0.9108631761533976 -0.41270846166239983 0
    outer loop
      vertex 15.552241325378418 19.01536750793457 0
      vertex 15.606254577636719 19.13457679748535 0
      vertex 15.552241325378418 19.01536750793457 0.6
    endloop
  endfacet
  facet normal 0.8819239386272285 -0.47139173356799174 0
    outer loop
      vertex 15.606254577636719 19.13457679748535 0
      vertex 15.667948722839355 19.25 0
      vertex 15.606254577636719 19.13457679748535 0.6
    endloop
  endfacet
  facet normal 0.8492029296453268 -0.528066647575658 0
    outer loop
      vertex 15.667948722839355 19.25 0
      vertex 15.737060546875 19.361141204833984 0
      vertex 15.667948722839355 19.25 0.6
    endloop
  endfacet
  facet normal 0.8128453030587668 -0.5824796247898304 0
    outer loop
      vertex 15.737060546875 19.361141204833984 0
      vertex 15.81329345703125 19.4675235748291 0
      vertex 15.737060546875 19.361141204833984 0.6
    endloop
  endfacet
  facet normal 0.7730077643042 -0.6343965607767922 0
    outer loop
      vertex 15.81329345703125 19.4675235748291 0
      vertex 15.896320343017578 19.56869125366211 0
      vertex 15.81329345703125 19.4675235748291 0.6
    endloop
  endfacet
  facet normal 0.7298638922145503 -0.6835924947228629 0
    outer loop
      vertex 15.896320343017578 19.56869125366211 0
      vertex 15.985786437988281 19.664213180541992 0
      vertex 15.896320343017578 19.56869125366211 0.6
    endloop
  endfacet
  facet normal 0.6835924947228629 -0.7298638922145503 0
    outer loop
      vertex 15.985786437988281 19.664213180541992 0
      vertex 16.081308364868164 19.753679275512695 0
      vertex 15.985786437988281 19.664213180541992 0.6
    endloop
  endfacet
  facet normal -0.956938932118245 0.29028930430932676 0
    outer loop
      vertex 19.293859481811523 17.607120513916016 0
      vertex 19.331851959228516 17.732362747192383 0.6
      vertex 19.331851959228516 17.732362747192383 0
    endloop
  endfacet
  facet normal -0.9738775318936751 0.2270738929790996 0
    outer loop
      vertex 19.331851959228516 17.732362747192383 0
      vertex 19.361570358276367 17.859819412231445 0.6
      vertex 19.361570358276367 17.859819412231445 0
    endloop
  endfacet
  facet normal -0.9866440704509498 0.16289100111418414 0
    outer loop
      vertex 19.361570358276367 17.859819412231445 0
      vertex 19.382888793945312 17.98894691467285 0.6
      vertex 19.382888793945312 17.98894691467285 0
    endloop
  endfacet
  facet normal -0.995184275254731 0.09802172353981463 0
    outer loop
      vertex 19.382888793945312 17.98894691467285 0
      vertex 19.39571762084961 18.11919403076172 0.6
      vertex 19.39571762084961 18.11919403076172 0
    endloop
  endfacet
  facet normal -0.999464624049726 0.03271796560209441 0
    outer loop
      vertex 19.39571762084961 18.11919403076172 0
      vertex 19.399999618530273 18.25 0.6
      vertex 19.399999618530273 18.25 0
    endloop
  endfacet
  facet normal -0.999464624049726 -0.03271796560209441 0
    outer loop
      vertex 19.399999618530273 18.25 0
      vertex 19.39571762084961 18.38080596923828 0.6
      vertex 19.39571762084961 18.38080596923828 0
    endloop
  endfacet
  facet normal -0.995184275254731 -0.09802172353981463 0
    outer loop
      vertex 19.39571762084961 18.38080596923828 0
      vertex 19.382888793945312 18.51105308532715 0.6
      vertex 19.382888793945312 18.51105308532715 0
    endloop
  endfacet
  facet normal -0.9866440704509498 -0.16289100111418414 0
    outer loop
      vertex 19.382888793945312 18.51105308532715 0
      vertex 19.361570358276367 18.640180587768555 0.6
      vertex 19.361570358276367 18.640180587768555 0
    endloop
  endfacet
  facet normal -0.9738775318936751 -0.2270738929790996 0
    outer loop
      vertex 19.361570358276367 18.640180587768555 0
      vertex 19.331851959228516 18.767637252807617 0.6
      vertex 19.331851959228516 18.767637252807617 0
    endloop
  endfacet
  facet normal -0.956938932118245 -0.29028930430932676 0
    outer loop
      vertex 19.331851959228516 18.767637252807617 0
      vertex 19.293859481811523 18.892879486083984 0.6
      vertex 19.293859481811523 18.892879486083984 0
    endloop
  endfacet
  facet normal -0.9359074646549955 -0.3522459617980853 0
    outer loop
      vertex 19.247758865356445 19.01536750793457 0
      vertex 19.293859481811523 18.892879486083984 0
      vertex 19.247758865356445 19.01536750793457 0.6
    endloop
  endfacet
  facet normal -0.9108604368412392 -0.41271450737451276 0
    outer loop
      vertex 19.247758865356445 19.01536750793457 0
      vertex 19.193744659423828 19.13457679748535 0.6
      vertex 19.193744659423828 19.13457679748535 0
    endloop
  endfacet
  facet normal -0.7730077643042 -0.6343965607767922 0
    outer loop
      vertex 18.986705780029297 19.4675235748291 0
      vertex 18.90367889404297 19.56869125366211 0.6
      vertex 18.90367889404297 19.56869125366211 0
    endloop
  endfacet
  facet normal -0.7298638922145503 -0.6835924947228629 0
    outer loop
      vertex 18.814212799072266 19.664213180541992 0
      vertex 18.90367889404297 19.56869125366211 0
      vertex 18.814212799072266 19.664213180541992 0.6
    endloop
  endfacet
  facet normal -0.6835924947228629 -0.7298638922145503 0
    outer loop
      vertex 18.814212799072266 19.664213180541992 0
      vertex 18.718690872192383 19.753679275512695 0.6
      vertex 18.718690872192383 19.753679275512695 0
    endloop
  endfacet
  facet normal -0.8819269679815477 -0.47138606592354226 0
    outer loop
      vertex 19.193744659423828 19.13457679748535 0
      vertex 19.132051467895508 19.25 0.6
      vertex 19.132051467895508 19.25 0
    endloop
  endfacet
  facet normal -0.8491996619829181 -0.5280719023846068 0
    outer loop
      vertex 19.132051467895508 19.25 0
      vertex 19.062938690185547 19.361141204833984 0.6
      vertex 19.062938690185547 19.361141204833984 0
    endloop
  endfacet
  facet normal -0.8128453030587668 -0.5824796247898304 0
    outer loop
      vertex 19.062938690185547 19.361141204833984 0
      vertex 18.986705780029297 19.4675235748291 0.6
      vertex 18.986705780029297 19.4675235748291 0
    endloop
  endfacet
  facet normal 0.6343894139446197 -0.7730136295531935 0
    outer loop
      vertex 16.081308364868164 19.753679275512695 0
      vertex 16.182477951049805 19.836706161499023 0
      vertex 16.081308364868164 19.753679275512695 0.6
    endloop
  endfacet
  facet normal 0.5824796247898304 -0.8128453030587668 0
    outer loop
      vertex 16.182477951049805 19.836706161499023 0
      vertex 16.288860321044922 19.912939071655273 0
      vertex 16.182477951049805 19.836706161499023 0.6
    endloop
  endfacet
  facet normal 0.5280679280740015 -0.8492021333814649 0
    outer loop
      vertex 16.288860321044922 19.912939071655273 0
      vertex 16.399999618530273 19.9820499420166 0
      vertex 16.288860321044922 19.912939071655273 0.6
    endloop
  endfacet
  facet normal 0.47139740115403733 -0.8819209092572983 0
    outer loop
      vertex 16.399999618530273 19.9820499420166 0
      vertex 16.515422821044922 20.043745040893555 0
      vertex 16.399999618530273 19.9820499420166 0.6
    endloop
  endfacet
  facet normal 0.4127090287918061 -0.9108629191891194 0
    outer loop
      vertex 16.515422821044922 20.043745040893555 0
      vertex 16.634634017944336 20.097759246826172 0
      vertex 16.515422821044922 20.043745040893555 0.6
    endloop
  endfacet
  facet normal 0.3522507663601822 -0.9359056563557376 0
    outer loop
      vertex 16.634634017944336 20.097759246826172 0
      vertex 16.75712013244629 20.14385986328125 0
      vertex 16.634634017944336 20.097759246826172 0.6
    endloop
  endfacet
  facet normal 0.29028930430932676 -0.956938932118245 0
    outer loop
      vertex 16.75712013244629 20.14385986328125 0
      vertex 16.882362365722656 20.181852340698242 0
      vertex 16.75712013244629 20.14385986328125 0.6
    endloop
  endfacet
  facet normal 0.2270738929790996 -0.9738775318936751 0
    outer loop
      vertex 16.882362365722656 20.181852340698242 0
      vertex 17.00981903076172 20.211570739746094 0
      vertex 16.882362365722656 20.181852340698242 0.6
    endloop
  endfacet
  facet normal 0.16288865891791673 -0.9866444571353566 0
    outer loop
      vertex 17.00981903076172 20.211570739746094 0
      vertex 17.138948440551758 20.23288917541504 0
      vertex 17.00981903076172 20.211570739746094 0.6
    endloop
  endfacet
  facet normal 0.09802314520582248 -0.9951841352252146 0
    outer loop
      vertex 17.138948440551758 20.23288917541504 0
      vertex 17.269193649291992 20.245718002319336 0
      vertex 17.138948440551758 20.23288917541504 0.6
    endloop
  endfacet
  facet normal 0.03271796560209441 -0.999464624049726 0
    outer loop
      vertex 17.269193649291992 20.245718002319336 0
      vertex 17.399999618530273 20.25 0
      vertex 17.269193649291992 20.245718002319336 0.6
    endloop
  endfacet
  facet normal -0.03271796560209441 -0.999464624049726 0
    outer loop
      vertex 17.399999618530273 20.25 0
      vertex 17.530805587768555 20.245718002319336 0
      vertex 17.399999618530273 20.25 0.6
    endloop
  endfacet
  facet normal -0.09802172353981463 -0.995184275254731 0
    outer loop
      vertex 17.530805587768555 20.245718002319336 0
      vertex 17.661052703857422 20.23288917541504 0
      vertex 17.530805587768555 20.245718002319336 0.6
    endloop
  endfacet
  facet normal -0.16289100111418414 -0.9866440704509498 0
    outer loop
      vertex 17.661052703857422 20.23288917541504 0
      vertex 17.790180206298828 20.211570739746094 0
      vertex 17.661052703857422 20.23288917541504 0.6
    endloop
  endfacet
  facet normal -0.22707067014883206 -0.9738782833384059 0
    outer loop
      vertex 17.790180206298828 20.211570739746094 0
      vertex 17.917638778686523 20.181852340698242 0
      vertex 17.790180206298828 20.211570739746094 0.6
    endloop
  endfacet
  facet normal -0.3522459617980853 -0.9359074646549955 0
    outer loop
      vertex 18.042879104614258 20.14385986328125 0
      vertex 18.165367126464844 20.097759246826172 0
      vertex 18.042879104614258 20.14385986328125 0.6
    endloop
  endfacet
  facet normal -0.2902933527197965 -0.956937704015627 0
    outer loop
      vertex 18.042879104614258 20.14385986328125 0
      vertex 17.917638778686523 20.181852340698242 0.6
      vertex 17.917638778686523 20.181852340698242 0
    endloop
  endfacet
  facet normal -0.5280613927060487 -0.849206197300366 0
    outer loop
      vertex 18.399999618530273 19.9820499420166 0
      vertex 18.511140823364258 19.912939071655273 0
      vertex 18.399999618530273 19.9820499420166 0.6
    endloop
  endfacet
  facet normal -0.4127090287918061 -0.9108629191891194 0
    outer loop
      vertex 18.165367126464844 20.097759246826172 0
      vertex 18.284578323364258 20.043745040893555 0
      vertex 18.165367126464844 20.097759246826172 0.6
    endloop
  endfacet
  facet normal -0.47140345997625654 -0.8819176707167251 0
    outer loop
      vertex 18.399999618530273 19.9820499420166 0
      vertex 18.284578323364258 20.043745040893555 0.6
      vertex 18.284578323364258 20.043745040893555 0
    endloop
  endfacet
  facet normal -0.6343965607767922 -0.7730077643042 0
    outer loop
      vertex 18.617523193359375 19.836706161499023 0
      vertex 18.718690872192383 19.753679275512695 0
      vertex 18.617523193359375 19.836706161499023 0.6
    endloop
  endfacet
  facet normal -0.5824796247898304 -0.8128453030587668 0
    outer loop
      vertex 18.617523193359375 19.836706161499023 0
      vertex 18.511140823364258 19.912939071655273 0.6
      vertex 18.511140823364258 19.912939071655273 0
    endloop
  endfacet
  facet normal 0 0 -1
    outer loop
      vertex 17.399999618530273 20.25 0
      vertex 15.188556548904991 22.73436370766344 0
      vertex 15.486582838174549 22.869397662556434 0
    endloop
  endfacet
  facet normal 0 0 -1
    outer loop
      vertex 17.530805587768555 20.245718002319336 0
      vertex 15.486582838174549 22.869397662556434 0
      vertex 15.792802673484191 22.98465064747553 0
    endloop
  endfacet
  facet normal 0 0 -1
    outer loop
      vertex 17.530805587768555 20.245718002319336 0
      vertex 15.792802673484191 22.98465064747553 0
      vertex 16.105904774487396 23.07962913144534 0
    endloop
  endfacet
  facet normal 0 0 -1
    outer loop
      vertex 17.530805587768555 20.245718002319336 0
      vertex 16.105904774487396 23.07962913144534 0
      vertex 16.42454838991936 23.153926402016154 0
    endloop
  endfacet
  facet normal 0 0 -1
    outer loop
      vertex 17.530805587768555 20.245718002319336 0
      vertex 16.42454838991936 23.153926402016154 0
      vertex 16.74736903889974 23.20722430686905 0
    endloop
  endfacet
  facet normal 0 0 -1
    outer loop
      vertex 17.530805587768555 20.245718002319336 0
      vertex 16.74736903889974 23.20722430686905 0
      vertex 17.072984353849282 23.239294616193018 0
    endloop
  endfacet
  facet normal 0 0 -1
    outer loop
      vertex 17.530805587768555 20.245718002319336 0
      vertex 17.072984353849282 23.239294616193018 0
      vertex 17.4 23.25 0
    endloop
  endfacet
  facet normal 0 0 -1
    outer loop
      vertex 17.530805587768555 20.245718002319336 0
      vertex 17.4 23.25 0
      vertex 17.727015646150715 23.239294616193018 0
    endloop
  endfacet
  facet normal 0 0 -1
    outer loop
      vertex 17.661052703857422 20.23288917541504 0
      vertex 17.727015646150715 23.239294616193018 0
      vertex 18.052630961100256 23.20722430686905 0
    endloop
  endfacet
  facet normal 0 0 -1
    outer loop
      vertex 18.042879104614258 20.14385986328125 0
      vertex 18.052630961100256 23.20722430686905 0
      vertex 18.37545161008064 23.153926402016154 0
    endloop
  endfacet
  facet normal 0 0 -1
    outer loop
      vertex 18.284578323364258 20.043745040893555 0
      vertex 18.37545161008064 23.153926402016154 0
      vertex 18.6940952255126 23.07962913144534 0
    endloop
  endfacet
  facet normal 0 0 -1
    outer loop
      vertex 18.617523193359375 19.836706161499023 0
      vertex 18.6940952255126 23.07962913144534 0
      vertex 19.007197326515808 22.98465064747553 0
    endloop
  endfacet
  facet normal 0.7730077643042 0.6343965607767922 0
    outer loop
      vertex 15.81329345703125 17.0324764251709 0
      vertex 15.81329345703125 17.0324764251709 0.6
      vertex 15.896320343017578 16.93130874633789 0.6
    endloop
  endfacet
  facet normal 0.8128453030587668 0.5824796247898304 0
    outer loop
      vertex 15.737060546875 17.138858795166016 0
      vertex 15.737060546875 17.138858795166016 0.6
      vertex 15.81329345703125 17.0324764251709 0.6
    endloop
  endfacet
  facet normal 0.8492029296453268 0.528066647575658 0
    outer loop
      vertex 15.667948722839355 17.25 0
      vertex 15.667948722839355 17.25 0.6
      vertex 15.737060546875 17.138858795166016 0.6
    endloop
  endfacet
  facet normal 0.8819239386272285 0.47139173356799174 0
    outer loop
      vertex 15.606254577636719 17.36542320251465 0
      vertex 15.606254577636719 17.36542320251465 0.6
      vertex 15.667948722839355 17.25 0.6
    endloop
  endfacet
  facet normal 0.9108631761533976 0.41270846166239983 0
    outer loop
      vertex 15.552241325378418 17.48463249206543 0
      vertex 15.552241325378418 17.48463249206543 0.6
      vertex 15.606254577636719 17.36542320251465 0.6
    endloop
  endfacet
  facet normal 0.9359050623887942 0.3522523444847841 0
    outer loop
      vertex 15.506139755249023 17.607120513916016 0
      vertex 15.506139755249023 17.607120513916016 0.6
      vertex 15.552241325378418 17.48463249206543 0.6
    endloop
  endfacet
  facet normal 0.4127090287918061 0.9108629191891194 0
    outer loop
      vertex 16.515422821044922 16.456254959106445 0
      vertex 16.515422821044922 16.456254959106445 0.6
      vertex 16.634634017944336 16.402240753173828 0.6
    endloop
  endfacet
  facet normal 0.3522507663601822 0.9359056563557376 0
    outer loop
      vertex 16.634634017944336 16.402240753173828 0
      vertex 16.634634017944336 16.402240753173828 0.6
      vertex 16.75712013244629 16.35614013671875 0.6
    endloop
  endfacet
  facet normal 0.29028930430932676 0.956938932118245 0
    outer loop
      vertex 16.75712013244629 16.35614013671875 0
      vertex 16.75712013244629 16.35614013671875 0.6
      vertex 16.882362365722656 16.318147659301758 0.6
    endloop
  endfacet
  facet normal 0.2270738929790996 0.9738775318936751 0
    outer loop
      vertex 16.882362365722656 16.318147659301758 0
      vertex 16.882362365722656 16.318147659301758 0.6
      vertex 17.00981903076172 16.288429260253906 0.6
    endloop
  endfacet
  facet normal 0.16288865891791673 0.9866444571353566 0
    outer loop
      vertex 17.00981903076172 16.288429260253906 0
      vertex 17.00981903076172 16.288429260253906 0.6
      vertex 17.138948440551758 16.26711082458496 0.6
    endloop
  endfacet
  facet normal 0.09802314520582248 0.9951841352252146 0
    outer loop
      vertex 17.138948440551758 16.26711082458496 0
      vertex 17.138948440551758 16.26711082458496 0.6
      vertex 17.269193649291992 16.254281997680664 0.6
    endloop
  endfacet
  facet normal 0.03271796560209441 0.999464624049726 0
    outer loop
      vertex 17.269193649291992 16.254281997680664 0
      vertex 17.269193649291992 16.254281997680664 0.6
      vertex 17.399999618530273 16.25 0.6
    endloop
  endfacet
  facet normal -0.03271796560209441 0.999464624049726 0
    outer loop
      vertex 17.399999618530273 16.25 0
      vertex 17.399999618530273 16.25 0.6
      vertex 17.530805587768555 16.254281997680664 0.6
    endloop
  endfacet
  facet normal -0.09802172353981463 0.995184275254731 0
    outer loop
      vertex 17.530805587768555 16.254281997680664 0
      vertex 17.530805587768555 16.254281997680664 0.6
      vertex 17.661052703857422 16.26711082458496 0.6
    endloop
  endfacet
  facet normal 0.6343894139446197 0.7730136295531935 0
    outer loop
      vertex 16.081308364868164 16.746320724487305 0
      vertex 16.081308364868164 16.746320724487305 0.6
      vertex 16.182477951049805 16.663293838500977 0.6
    endloop
  endfacet
  facet normal 0.5280679280740015 0.8492021333814649 0
    outer loop
      vertex 16.288860321044922 16.587060928344727 0
      vertex 16.288860321044922 16.587060928344727 0.6
      vertex 16.399999618530273 16.5179500579834 0.6
    endloop
  endfacet
  facet normal 0.5824796247898304 0.8128453030587668 0
    outer loop
      vertex 16.182477951049805 16.663293838500977 0
      vertex 16.182477951049805 16.663293838500977 0.6
      vertex 16.288860321044922 16.587060928344727 0.6
    endloop
  endfacet
  facet normal 0.6835924947228629 0.7298638922145503 0
    outer loop
      vertex 15.985786437988281 16.835786819458008 0
      vertex 15.985786437988281 16.835786819458008 0.6
      vertex 16.081308364868164 16.746320724487305 0.6
    endloop
  endfacet
  facet normal 0.7298638922145503 0.6835924947228629 0
    outer loop
      vertex 15.896320343017578 16.93130874633789 0
      vertex 15.896320343017578 16.93130874633789 0.6
      vertex 15.985786437988281 16.835786819458008 0.6
    endloop
  endfacet
  facet normal 0.47139740115403733 0.8819209092572983 0
    outer loop
      vertex 16.399999618530273 16.5179500579834 0
      vertex 16.399999618530273 16.5179500579834 0.6
      vertex 16.515422821044922 16.456254959106445 0.6
    endloop
  endfacet
  facet normal -0.16289100111418414 0.9866440704509498 0
    outer loop
      vertex 17.661052703857422 16.26711082458496 0
      vertex 17.661052703857422 16.26711082458496 0.6
      vertex 17.790180206298828 16.288429260253906 0.6
    endloop
  endfacet
  facet normal -0.22707067014883206 0.9738782833384059 0
    outer loop
      vertex 17.790180206298828 16.288429260253906 0
      vertex 17.790180206298828 16.288429260253906 0.6
      vertex 17.917638778686523 16.318147659301758 0.6
    endloop
  endfacet
  facet normal -0.2902933527197965 0.956937704015627 0
    outer loop
      vertex 17.917638778686523 16.318147659301758 0
      vertex 17.917638778686523 16.318147659301758 0.6
      vertex 18.042879104614258 16.35614013671875 0.6
    endloop
  endfacet
  facet normal -0.3522459617980853 0.9359074646549955 0
    outer loop
      vertex 18.042879104614258 16.35614013671875 0
      vertex 18.042879104614258 16.35614013671875 0.6
      vertex 18.165367126464844 16.402240753173828 0.6
    endloop
  endfacet
  facet normal -0.4127090287918061 0.9108629191891194 0
    outer loop
      vertex 18.165367126464844 16.402240753173828 0
      vertex 18.165367126464844 16.402240753173828 0.6
      vertex 18.284578323364258 16.456254959106445 0.6
    endloop
  endfacet
  facet normal -0.47140345997625654 0.8819176707167251 0
    outer loop
      vertex 18.284578323364258 16.456254959106445 0
      vertex 18.284578323364258 16.456254959106445 0.6
      vertex 18.399999618530273 16.5179500579834 0.6
    endloop
  endfacet
  facet normal -0.5280613927060487 0.849206197300366 0
    outer loop
      vertex 18.399999618530273 16.5179500579834 0
      vertex 18.399999618530273 16.5179500579834 0.6
      vertex 18.511140823364258 16.587060928344727 0.6
    endloop
  endfacet
  facet normal -0.5824796247898304 0.8128453030587668 0
    outer loop
      vertex 18.511140823364258 16.587060928344727 0
      vertex 18.511140823364258 16.587060928344727 0.6
      vertex 18.617523193359375 16.663293838500977 0.6
    endloop
  endfacet
  facet normal -0.6343965607767922 0.7730077643042 0
    outer loop
      vertex 18.617523193359375 16.663293838500977 0
      vertex 18.617523193359375 16.663293838500977 0.6
      vertex 18.718690872192383 16.746320724487305 0.6
    endloop
  endfacet
  facet normal -0.6835924947228629 0.7298638922145503 0
    outer loop
      vertex 18.718690872192383 16.746320724487305 0
      vertex 18.718690872192383 16.746320724487305 0.6
      vertex 18.814212799072266 16.835786819458008 0.6
    endloop
  endfacet
  facet normal -0.7298638922145503 0.6835924947228629 0
    outer loop
      vertex 18.814212799072266 16.835786819458008 0
      vertex 18.814212799072266 16.835786819458008 0.6
      vertex 18.90367889404297 16.93130874633789 0.6
    endloop
  endfacet
  facet normal -0.7730077643042 0.6343965607767922 0
    outer loop
      vertex 18.90367889404297 16.93130874633789 0
      vertex 18.90367889404297 16.93130874633789 0.6
      vertex 18.986705780029297 17.0324764251709 0.6
    endloop
  endfacet
  facet normal -0.8128453030587668 0.5824796247898304 0
    outer loop
      vertex 18.986705780029297 17.0324764251709 0
      vertex 18.986705780029297 17.0324764251709 0.6
      vertex 19.062938690185547 17.138858795166016 0.6
    endloop
  endfacet
  facet normal -0.8491996619829181 0.5280719023846068 0
    outer loop
      vertex 19.062938690185547 17.138858795166016 0
      vertex 19.062938690185547 17.138858795166016 0.6
      vertex 19.132051467895508 17.25 0.6
    endloop
  endfacet
  facet normal -0.8819269679815477 0.47138606592354226 0
    outer loop
      vertex 19.132051467895508 17.25 0
      vertex 19.132051467895508 17.25 0.6
      vertex 19.193744659423828 17.36542320251465 0.6
    endloop
  endfacet
  facet normal -0.9108604368412392 0.41271450737451276 0
    outer loop
      vertex 19.193744659423828 17.36542320251465 0
      vertex 19.193744659423828 17.36542320251465 0.6
      vertex 19.247758865356445 17.48463249206543 0.6
    endloop
  endfacet
  facet normal -0.9359074646549955 0.3522459617980853 0
    outer loop
      vertex 19.247758865356445 17.48463249206543 0
      vertex 19.247758865356445 17.48463249206543 0.6
      vertex 19.293859481811523 17.607120513916016 0.6
    endloop
  endfacet
  facet normal 0.9738775318936751 0.2270738929790996 0
    outer loop
      vertex 15.438429832458496 17.859819412231445 0
      vertex 15.438429832458496 17.859819412231445 0.6
      vertex 15.468148231506348 17.732362747192383 0.6
    endloop
  endfacet
  facet normal 0.9866428993120967 0.16289809463900978 0
    outer loop
      vertex 15.417110443115234 17.98894691467285 0
      vertex 15.417110443115234 17.98894691467285 0.6
      vertex 15.438429832458496 17.859819412231445 0.6
    endloop
  endfacet
  facet normal 0.9951849860518164 0.0980145067683672 0
    outer loop
      vertex 15.404282569885254 18.11919403076172 0
      vertex 15.404282569885254 18.11919403076172 0.6
      vertex 15.417110443115234 17.98894691467285 0.6
    endloop
  endfacet
  facet normal 0.9569409562775666 0.2902826315826982 0
    outer loop
      vertex 15.468148231506348 17.732362747192383 0
      vertex 15.468148231506348 17.732362747192383 0.6
      vertex 15.506139755249023 17.607120513916016 0.6
    endloop
  endfacet
  facet normal 0.9994643857399419 0.03272524465119626 0
    outer loop
      vertex 15.399999618530273 18.25 0
      vertex 15.399999618530273 18.25 0.6
      vertex 15.404282569885254 18.11919403076172 0.6
    endloop
  endfacet
  facet normal 0.9994643857399419 -0.03272524465119626 0
    outer loop
      vertex 15.404282569885254 18.38080596923828 0
      vertex 15.404282569885254 18.38080596923828 0.6
      vertex 15.399999618530273 18.25 0.6
    endloop
  endfacet
  facet normal 0.9951849860518164 -0.0980145067683672 0
    outer loop
      vertex 15.417110443115234 18.51105308532715 0
      vertex 15.417110443115234 18.51105308532715 0.6
      vertex 15.404282569885254 18.38080596923828 0.6
    endloop
  endfacet
  facet normal 0.9866428993120967 -0.16289809463900978 0
    outer loop
      vertex 15.438429832458496 18.640180587768555 0
      vertex 15.438429832458496 18.640180587768555 0.6
      vertex 15.417110443115234 18.51105308532715 0.6
    endloop
  endfacet
  facet normal 0.9738775318936751 -0.2270738929790996 0
    outer loop
      vertex 15.468148231506348 18.767637252807617 0
      vertex 15.468148231506348 18.767637252807617 0.6
      vertex 15.438429832458496 18.640180587768555 0.6
    endloop
  endfacet
  facet normal 0.9569409562775666 -0.2902826315826982 0
    outer loop
      vertex 15.506139755249023 18.892879486083984 0
      vertex 15.506139755249023 18.892879486083984 0.6
      vertex 15.468148231506348 18.767637252807617 0.6
    endloop
  endfacet
  facet normal 0.9359050623887942 -0.3522523444847841 0
    outer loop
      vertex 15.552241325378418 19.01536750793457 0
      vertex 15.552241325378418 19.01536750793457 0.6
      vertex 15.506139755249023 18.892879486083984 0.6
    endloop
  endfacet
  facet normal 0.9108631761533976 -0.41270846166239983 0
    outer loop
      vertex 15.606254577636719 19.13457679748535 0
      vertex 15.606254577636719 19.13457679748535 0.6
      vertex 15.552241325378418 19.01536750793457 0.6
    endloop
  endfacet
  facet normal 0.8819239386272285 -0.47139173356799174 0
    outer loop
      vertex 15.667948722839355 19.25 0
      vertex 15.667948722839355 19.25 0.6
      vertex 15.606254577636719 19.13457679748535 0.6
    endloop
  endfacet
  facet normal 0.8492029296453268 -0.528066647575658 0
    outer loop
      vertex 15.737060546875 19.361141204833984 0
      vertex 15.737060546875 19.361141204833984 0.6
      vertex 15.667948722839355 19.25 0.6
    endloop
  endfacet
  facet normal 0.8128453030587668 -0.5824796247898304 0
    outer loop
      vertex 15.81329345703125 19.4675235748291 0
      vertex 15.81329345703125 19.4675235748291 0.6
      vertex 15.737060546875 19.361141204833984 0.6
    endloop
  endfacet
  facet normal 0.7730077643042 -0.6343965607767922 0
    outer loop
      vertex 15.896320343017578 19.56869125366211 0
      vertex 15.896320343017578 19.56869125366211 0.6
      vertex 15.81329345703125 19.4675235748291 0.6
    endloop
  endfacet
  facet normal 0.7298638922145503 -0.6835924947228629 0
    outer loop
      vertex 15.985786437988281 19.664213180541992 0
      vertex 15.985786437988281 19.664213180541992 0.6
      vertex 15.896320343017578 19.56869125366211 0.6
    endloop
  endfacet
  facet normal 0.6835924947228629 -0.7298638922145503 0
    outer loop
      vertex 16.081308364868164 19.753679275512695 0
      vertex 16.081308364868164 19.753679275512695 0.6
      vertex 15.985786437988281 19.664213180541992 0.6
    endloop
  endfacet
  facet normal -0.956938932118245 0.29028930430932676 0
    outer loop
      vertex 19.293859481811523 17.607120513916016 0
      vertex 19.293859481811523 17.607120513916016 0.6
      vertex 19.331851959228516 17.732362747192383 0.6
    endloop
  endfacet
  facet normal -0.9738775318936751 0.2270738929790996 0
    outer loop
      vertex 19.331851959228516 17.732362747192383 0
      vertex 19.331851959228516 17.732362747192383 0.6
      vertex 19.361570358276367 17.859819412231445 0.6
    endloop
  endfacet
  facet normal -0.9866440704509498 0.16289100111418414 0
    outer loop
      vertex 19.361570358276367 17.859819412231445 0
      vertex 19.361570358276367 17.859819412231445 0.6
      vertex 19.382888793945312 17.98894691467285 0.6
    endloop
  endfacet
  facet normal -0.995184275254731 0.09802172353981463 0
    outer loop
      vertex 19.382888793945312 17.98894691467285 0
      vertex 19.382888793945312 17.98894691467285 0.6
      vertex 19.39571762084961 18.11919403076172 0.6
    endloop
  endfacet
  facet normal -0.999464624049726 0.03271796560209441 0
    outer loop
      vertex 19.39571762084961 18.11919403076172 0
      vertex 19.39571762084961 18.11919403076172 0.6
      vertex 19.399999618530273 18.25 0.6
    endloop
  endfacet
  facet normal -0.999464624049726 -0.03271796560209441 0
    outer loop
      vertex 19.399999618530273 18.25 0
      vertex 19.399999618530273 18.25 0.6
      vertex 19.39571762084961 18.38080596923828 0.6
    endloop
  endfacet
  facet normal -0.995184275254731 -0.09802172353981463 0
    outer loop
      vertex 19.39571762084961 18.38080596923828 0
      vertex 19.39571762084961 18.38080596923828 0.6
      vertex 19.382888793945312 18.51105308532715 0.6
    endloop
  endfacet
  facet normal -0.9866440704509498 -0.16289100111418414 0
    outer loop
      vertex 19.382888793945312 18.51105308532715 0
      vertex 19.382888793945312 18.51105308532715 0.6
      vertex 19.361570358276367 18.640180587768555 0.6
    endloop
  endfacet
  facet normal -0.9738775318936751 -0.2270738929790996 0
    outer loop
      vertex 19.361570358276367 18.640180587768555 0
      vertex 19.361570358276367 18.640180587768555 0.6
      vertex 19.331851959228516 18.767637252807617 0.6
    endloop
  endfacet
  facet normal -0.956938932118245 -0.29028930430932676 0
    outer loop
      vertex 19.331851959228516 18.767637252807617 0
      vertex 19.331851959228516 18.767637252807617 0.6
      vertex 19.293859481811523 18.892879486083984 0.6
    endloop
  endfacet
  facet normal -0.8819269679815477 -0.47138606592354226 0
    outer loop
      vertex 19.193744659423828 19.13457679748535 0
      vertex 19.193744659423828 19.13457679748535 0.6
      vertex 19.132051467895508 19.25 0.6
    endloop
  endfacet
  facet normal -0.9359074646549955 -0.3522459617980853 0
    outer loop
      vertex 19.293859481811523 18.892879486083984 0
      vertex 19.293859481811523 18.892879486083984 0.6
      vertex 19.247758865356445 19.01536750793457 0.6
    endloop
  endfacet
  facet normal -0.9108604368412392 -0.41271450737451276 0
    outer loop
      vertex 19.247758865356445 19.01536750793457 0
      vertex 19.247758865356445 19.01536750793457 0.6
      vertex 19.193744659423828 19.13457679748535 0.6
    endloop
  endfacet
  facet normal -0.7730077643042 -0.6343965607767922 0
    outer loop
      vertex 18.986705780029297 19.4675235748291 0
      vertex 18.986705780029297 19.4675235748291 0.6
      vertex 18.90367889404297 19.56869125366211 0.6
    endloop
  endfacet
  facet normal -0.7298638922145503 -0.6835924947228629 0
    outer loop
      vertex 18.90367889404297 19.56869125366211 0
      vertex 18.90367889404297 19.56869125366211 0.6
      vertex 18.814212799072266 19.664213180541992 0.6
    endloop
  endfacet
  facet normal -0.6835924947228629 -0.7298638922145503 0
    outer loop
      vertex 18.814212799072266 19.664213180541992 0
      vertex 18.814212799072266 19.664213180541992 0.6
      vertex 18.718690872192383 19.753679275512695 0.6
    endloop
  endfacet
  facet normal -0.8491996619829181 -0.5280719023846068 0
    outer loop
      vertex 19.132051467895508 19.25 0
      vertex 19.132051467895508 19.25 0.6
      vertex 19.062938690185547 19.361141204833984 0.6
    endloop
  endfacet
  facet normal -0.8128453030587668 -0.5824796247898304 0
    outer loop
      vertex 19.062938690185547 19.361141204833984 0
      vertex 19.062938690185547 19.361141204833984 0.6
      vertex 18.986705780029297 19.4675235748291 0.6
    endloop
  endfacet
  facet normal 0.6343894139446197 -0.7730136295531935 0
    outer loop
      vertex 16.182477951049805 19.836706161499023 0
      vertex 16.182477951049805 19.836706161499023 0.6
      vertex 16.081308364868164 19.753679275512695 0.6
    endloop
  endfacet
  facet normal 0.5824796247898304 -0.8128453030587668 0
    outer loop
      vertex 16.288860321044922 19.912939071655273 0
      vertex 16.288860321044922 19.912939071655273 0.6
      vertex 16.182477951049805 19.836706161499023 0.6
    endloop
  endfacet
  facet normal 0.5280679280740015 -0.8492021333814649 0
    outer loop
      vertex 16.399999618530273 19.9820499420166 0
      vertex 16.399999618530273 19.9820499420166 0.6
      vertex 16.288860321044922 19.912939071655273 0.6
    endloop
  endfacet
  facet normal 0.47139740115403733 -0.8819209092572983 0
    outer loop
      vertex 16.515422821044922 20.043745040893555 0
      vertex 16.515422821044922 20.043745040893555 0.6
      vertex 16.399999618530273 19.9820499420166 0.6
    endloop
  endfacet
  facet normal 0.4127090287918061 -0.9108629191891194 0
    outer loop
      vertex 16.634634017944336 20.097759246826172 0
      vertex 16.634634017944336 20.097759246826172 0.6
      vertex 16.515422821044922 20.043745040893555 0.6
    endloop
  endfacet
  facet normal 0.3522507663601822 -0.9359056563557376 0
    outer loop
      vertex 16.75712013244629 20.14385986328125 0
      vertex 16.75712013244629 20.14385986328125 0.6
      vertex 16.634634017944336 20.097759246826172 0.6
    endloop
  endfacet
  facet normal 0.29028930430932676 -0.956938932118245 0
    outer loop
      vertex 16.882362365722656 20.181852340698242 0
      vertex 16.882362365722656 20.181852340698242 0.6
      vertex 16.75712013244629 20.14385986328125 0.6
    endloop
  endfacet
  facet normal 0.2270738929790996 -0.9738775318936751 0
    outer loop
      vertex 17.00981903076172 20.211570739746094 0
      vertex 17.00981903076172 20.211570739746094 0.6
      vertex 16.882362365722656 20.181852340698242 0.6
    endloop
  endfacet
  facet normal 0.16288865891791673 -0.9866444571353566 0
    outer loop
      vertex 17.138948440551758 20.23288917541504 0
      vertex 17.138948440551758 20.23288917541504 0.6
      vertex 17.00981903076172 20.211570739746094 0.6
    endloop
  endfacet
  facet normal 0.09802314520582248 -0.9951841352252146 0
    outer loop
      vertex 17.269193649291992 20.245718002319336 0
      vertex 17.269193649291992 20.245718002319336 0.6
      vertex 17.138948440551758 20.23288917541504 0.6
    endloop
  endfacet
  facet normal 0.03271796560209441 -0.999464624049726 0
    outer loop
      vertex 17.399999618530273 20.25 0
      vertex 17.399999618530273 20.25 0.6
      vertex 17.269193649291992 20.245718002319336 0.6
    endloop
  endfacet
  facet normal -0.03271796560209441 -0.999464624049726 0
    outer loop
      vertex 17.530805587768555 20.245718002319336 0
      vertex 17.530805587768555 20.245718002319336 0.6
      vertex 17.399999618530273 20.25 0.6
    endloop
  endfacet
  facet normal -0.09802172353981463 -0.995184275254731 0
    outer loop
      vertex 17.661052703857422 20.23288917541504 0
      vertex 17.661052703857422 20.23288917541504 0.6
      vertex 17.530805587768555 20.245718002319336 0.6
    endloop
  endfacet
  facet normal -0.16289100111418414 -0.9866440704509498 0
    outer loop
      vertex 17.790180206298828 20.211570739746094 0
      vertex 17.790180206298828 20.211570739746094 0.6
      vertex 17.661052703857422 20.23288917541504 0.6
    endloop
  endfacet
  facet normal -0.22707067014883206 -0.9738782833384059 0
    outer loop
      vertex 17.917638778686523 20.181852340698242 0
      vertex 17.917638778686523 20.181852340698242 0.6
      vertex 17.790180206298828 20.211570739746094 0.6
    endloop
  endfacet
  facet normal -0.2902933527197965 -0.956937704015627 0
    outer loop
      vertex 18.042879104614258 20.14385986328125 0
      vertex 18.042879104614258 20.14385986328125 0.6
      vertex 17.917638778686523 20.181852340698242 0.6
    endloop
  endfacet
  facet normal -0.47140345997625654 -0.8819176707167251 0
    outer loop
      vertex 18.399999618530273 19.9820499420166 0
      vertex 18.399999618530273 19.9820499420166 0.6
      vertex 18.284578323364258 20.043745040893555 0.6
    endloop
  endfacet
  facet normal -0.5280613927060487 -0.849206197300366 0
    outer loop
      vertex 18.511140823364258 19.912939071655273 0
      vertex 18.511140823364258 19.912939071655273 0.6
      vertex 18.399999618530273 19.9820499420166 0.6
    endloop
  endfacet
  facet normal -0.3522459617980853 -0.9359074646549955 0
    outer loop
      vertex 18.165367126464844 20.097759246826172 0
      vertex 18.165367126464844 20.097759246826172 0.6
      vertex 18.042879104614258 20.14385986328125 0.6
    endloop
  endfacet
  facet normal -0.4127090287918061 -0.9108629191891194 0
    outer loop
      vertex 18.284578323364258 20.043745040893555 0
      vertex 18.284578323364258 20.043745040893555 0.6
      vertex 18.165367126464844 20.097759246826172 0.6
    endloop
  endfacet
  facet normal -0.5824796247898304 -0.8128453030587668 0
    outer loop
      vertex 18.617523193359375 19.836706161499023 0
      vertex 18.617523193359375 19.836706161499023 0.6
      vertex 18.511140823364258 19.912939071655273 0.6
    endloop
  endfacet
  facet normal -0.6343965607767922 -0.7730077643042 0
    outer loop
      vertex 18.718690872192383 19.753679275512695 0
      vertex 18.718690872192383 19.753679275512695 0.6
      vertex 18.617523193359375 19.836706161499023 0.6
    endloop
  endfacet
  facet normal 0 0 -1
    outer loop
      vertex 17.530805587768555 40.85428237915039 0
      vertex 15.486582838174549 38.23060233744357 0
      vertex 15.188556548904991 38.36563629233656 0
    endloop
  endfacet
  facet normal 0 0 -1
    outer loop
      vertex 17.530805587768555 40.85428237915039 0
      vertex 15.792802673484191 38.115349352524476 0
      vertex 15.486582838174549 38.23060233744357 0
    endloop
  endfacet
  facet normal 0 0 -1
    outer loop
      vertex 17.530805587768555 40.85428237915039 0
      vertex 16.105904774487396 38.02037086855466 0
      vertex 15.792802673484191 38.115349352524476 0
    endloop
  endfacet
  facet normal 0 0 -1
    outer loop
      vertex 17.530805587768555 40.85428237915039 0
      vertex 16.42454838991936 37.94607359798385 0
      vertex 16.105904774487396 38.02037086855466 0
    endloop
  endfacet
  facet normal 0 0 -1
    outer loop
      vertex 17.530805587768555 40.85428237915039 0
      vertex 16.74736903889974 37.89277569313095 0
      vertex 16.42454838991936 37.94607359798385 0
    endloop
  endfacet
  facet normal 0 0 -1
    outer loop
      vertex 17.530805587768555 40.85428237915039 0
      vertex 17.072984353849282 37.86070538380699 0
      vertex 16.74736903889974 37.89277569313095 0
    endloop
  endfacet
  facet normal 0 0 -1
    outer loop
      vertex 17.530805587768555 40.85428237915039 0
      vertex 17.4 37.85 0
      vertex 17.072984353849282 37.86070538380699 0
    endloop
  endfacet
  facet normal 0 0 -1
    outer loop
      vertex 17.661052703857422 40.86711120605469 0
      vertex 17.727015646150715 37.86070538380699 0
      vertex 17.4 37.85 0
    endloop
  endfacet
  facet normal 0 0 -1
    outer loop
      vertex 18.042879104614258 40.956138610839844 0
      vertex 18.052630961100256 37.89277569313095 0
      vertex 17.727015646150715 37.86070538380699 0
    endloop
  endfacet
  facet normal 0 0 -1
    outer loop
      vertex 18.284578323364258 41.05625534057617 0
      vertex 18.37545161008064 37.94607359798385 0
      vertex 18.052630961100256 37.89277569313095 0
    endloop
  endfacet
  facet normal 0 0 -1
    outer loop
      vertex 18.617523193359375 41.2632942199707 0
      vertex 18.6940952255126 38.02037086855466 0
      vertex 18.37545161008064 37.94607359798385 0
    endloop
  endfacet
  facet normal 0 0 -1
    outer loop
      vertex 15.667948722839355 41.849998474121094 0
      vertex 13.433233298543822 39.8061928549564 0
      vertex 13.242651938487272 40.07214883490199 0
    endloop
  endfacet
  facet normal 0 0 -1
    outer loop
      vertex 15.552241325378418 42.084632873535156 0
      vertex 13.242651938487272 40.07214883490199 0
      vertex 13.069872981077806 40.35 0
    endloop
  endfacet
  facet normal 0 0 -1
    outer loop
      vertex 15.438429832458496 42.45981979370117 0
      vertex 13.069872981077806 40.35 0
      vertex 12.915636292336558 40.638556548904994 0
    endloop
  endfacet
  facet normal 0 0 -1
    outer loop
      vertex 16.399999618530273 41.117950439453125 0
      vertex 14.356192854956396 38.88323329854383 0
      vertex 14.103270924499654 39.090800962605115 0
    endloop
  endfacet
  facet normal 0 0 -1
    outer loop
      vertex 15.985786437988281 41.435787200927734 0
      vertex 13.86446609406726 39.314466094067264 0
      vertex 13.640800962605113 39.55327092449966 0
    endloop
  endfacet
  facet normal 0 0 -1
    outer loop
      vertex 16.182477951049805 41.2632942199707 0
      vertex 14.103270924499654 39.090800962605115 0
      vertex 13.86446609406726 39.314466094067264 0
    endloop
  endfacet
  facet normal 0 0 -1
    outer loop
      vertex 16.75712013244629 40.956138610839844 0
      vertex 14.622148834901989 38.69265193848727 0
      vertex 14.356192854956396 38.88323329854383 0
    endloop
  endfacet
  facet normal 0 0 -1
    outer loop
      vertex 17.00981903076172 40.888427734375 0
      vertex 14.899999999999999 38.51987298107781 0
      vertex 14.622148834901989 38.69265193848727 0
    endloop
  endfacet
  facet normal 0 0 -1
    outer loop
      vertex 17.399999618530273 40.849998474121094 0
      vertex 15.188556548904991 38.36563629233656 0
      vertex 14.899999999999999 38.51987298107781 0
    endloop
  endfacet
  facet normal 0 0 -1
    outer loop
      vertex 15.81329345703125 41.632476806640625 0
      vertex 13.640800962605113 39.55327092449966 0
      vertex 13.433233298543822 39.8061928549564 0
    endloop
  endfacet
  facet normal 0 0 -1
    outer loop
      vertex 15.81329345703125 41.632476806640625 0
      vertex 13.433233298543822 39.8061928549564 0
      vertex 15.737060546875 41.738861083984375 0
    endloop
  endfacet
  facet normal 0 0 -1
    outer loop
      vertex 15.737060546875 41.738861083984375 0
      vertex 13.433233298543822 39.8061928549564 0
      vertex 15.667948722839355 41.849998474121094 0
    endloop
  endfacet
  facet normal 0 0 -1
    outer loop
      vertex 15.606254577636719 41.965423583984375 0
      vertex 15.667948722839355 41.849998474121094 0
      vertex 13.242651938487272 40.07214883490199 0
    endloop
  endfacet
  facet normal 0 0 -1
    outer loop
      vertex 16.081308364868164 41.34632110595703 0
      vertex 16.182477951049805 41.2632942199707 0
      vertex 13.86446609406726 39.314466094067264 0
    endloop
  endfacet
  facet normal 0 0 -1
    outer loop
      vertex 15.985786437988281 41.435787200927734 0
      vertex 16.081308364868164 41.34632110595703 0
      vertex 13.86446609406726 39.314466094067264 0
    endloop
  endfacet
  facet normal 0 0 -1
    outer loop
      vertex 16.288860321044922 41.18706130981445 0
      vertex 14.103270924499654 39.090800962605115 0
      vertex 16.182477951049805 41.2632942199707 0
    endloop
  endfacet
  facet normal 0 0 -1
    outer loop
      vertex 16.288860321044922 41.18706130981445 0
      vertex 16.399999618530273 41.117950439453125 0
      vertex 14.103270924499654 39.090800962605115 0
    endloop
  endfacet
  facet normal 0 0 -1
    outer loop
      vertex 16.399999618530273 41.117950439453125 0
      vertex 16.515422821044922 41.05625534057617 0
      vertex 14.356192854956396 38.88323329854383 0
    endloop
  endfacet
  facet normal 0 0 -1
    outer loop
      vertex 16.515422821044922 41.05625534057617 0
      vertex 16.634634017944336 41.00223922729492 0
      vertex 14.356192854956396 38.88323329854383 0
    endloop
  endfacet
  facet normal 0 0 -1
    outer loop
      vertex 15.81329345703125 41.632476806640625 0
      vertex 15.896320343017578 41.531307220458984 0
      vertex 13.640800962605113 39.55327092449966 0
    endloop
  endfacet
  facet normal 0 0 -1
    outer loop
      vertex 15.985786437988281 41.435787200927734 0
      vertex 13.640800962605113 39.55327092449966 0
      vertex 15.896320343017578 41.531307220458984 0
    endloop
  endfacet
  facet normal 0 0 -1
    outer loop
      vertex 15.399999618530273 42.849998474121094 0
      vertex 12.915636292336558 40.638556548904994 0
      vertex 12.780602337443565 40.93658283817455 0
    endloop
  endfacet
  facet normal 0 0 -1
    outer loop
      vertex 15.399999618530273 42.849998474121094 0
      vertex 12.780602337443565 40.93658283817455 0
      vertex 12.66534935252447 41.24280267348419 0
    endloop
  endfacet
  facet normal 0 0 -1
    outer loop
      vertex 15.399999618530273 42.849998474121094 0
      vertex 12.66534935252447 41.24280267348419 0
      vertex 12.570370868554658 41.555904774487395 0
    endloop
  endfacet
  facet normal 0 0 -1
    outer loop
      vertex 15.399999618530273 42.849998474121094 0
      vertex 12.570370868554658 41.555904774487395 0
      vertex 12.496073597983846 41.87454838991936 0
    endloop
  endfacet
  facet normal 0 0 -1
    outer loop
      vertex 15.399999618530273 42.849998474121094 0
      vertex 12.496073597983846 41.87454838991936 0
      vertex 12.442775693130947 42.197369038899744 0
    endloop
  endfacet
  facet normal 0 0 -1
    outer loop
      vertex 15.399999618530273 42.849998474121094 0
      vertex 12.442775693130947 42.197369038899744 0
      vertex 12.410705383806981 42.52298435384929 0
    endloop
  endfacet
  facet normal 0 0 -1
    outer loop
      vertex 15.399999618530273 42.849998474121094 0
      vertex 12.410705383806981 42.52298435384929 0
      vertex 12.399999999999999 42.85 0
    endloop
  endfacet
  facet normal 0 0 -1
    outer loop
      vertex 15.399999618530273 42.849998474121094 0
      vertex 12.399999999999999 42.85 0
      vertex 12.410705383806981 43.177015646150714 0
    endloop
  endfacet
  facet normal 0 0 -1
    outer loop
      vertex 15.399999618530273 42.849998474121094 0
      vertex 12.410705383806981 43.177015646150714 0
      vertex 12.442775693130947 43.50263096110026 0
    endloop
  endfacet
  facet normal 0 0 -1
    outer loop
      vertex 15.399999618530273 42.849998474121094 0
      vertex 12.442775693130947 43.50263096110026 0
      vertex 12.496073597983846 43.82545161008064 0
    endloop
  endfacet
  facet normal 0 0 -1
    outer loop
      vertex 15.606254577636719 41.965423583984375 0
      vertex 13.242651938487272 40.07214883490199 0
      vertex 15.552241325378418 42.084632873535156 0
    endloop
  endfacet
  facet normal 0 0 -1
    outer loop
      vertex 15.506139755249023 42.207122802734375 0
      vertex 13.069872981077806 40.35 0
      vertex 15.468148231506348 42.33236312866211 0
    endloop
  endfacet
  facet normal 0 0 -1
    outer loop
      vertex 15.552241325378418 42.084632873535156 0
      vertex 13.069872981077806 40.35 0
      vertex 15.506139755249023 42.207122802734375 0
    endloop
  endfacet
  facet normal 0 0 -1
    outer loop
      vertex 15.468148231506348 42.33236312866211 0
      vertex 13.069872981077806 40.35 0
      vertex 15.438429832458496 42.45981979370117 0
    endloop
  endfacet
  facet normal 0 0 -1
    outer loop
      vertex 15.438429832458496 42.45981979370117 0
      vertex 12.915636292336558 40.638556548904994 0
      vertex 15.417110443115234 42.58894729614258 0
    endloop
  endfacet
  facet normal 0 0 -1
    outer loop
      vertex 15.404282569885254 42.71919250488281 0
      vertex 15.417110443115234 42.58894729614258 0
      vertex 12.915636292336558 40.638556548904994 0
    endloop
  endfacet
  facet normal 0 0 -1
    outer loop
      vertex 15.404282569885254 42.71919250488281 0
      vertex 12.915636292336558 40.638556548904994 0
      vertex 15.399999618530273 42.849998474121094 0
    endloop
  endfacet
  facet normal 0 0 -1
    outer loop
      vertex 16.634634017944336 41.00223922729492 0
      vertex 16.75712013244629 40.956138610839844 0
      vertex 14.356192854956396 38.88323329854383 0
    endloop
  endfacet
  facet normal 0 0 -1
    outer loop
      vertex 16.75712013244629 40.956138610839844 0
      vertex 16.882362365722656 40.918148040771484 0
      vertex 14.622148834901989 38.69265193848727 0
    endloop
  endfacet
  facet normal 0 0 -1
    outer loop
      vertex 16.882362365722656 40.918148040771484 0
      vertex 17.00981903076172 40.888427734375 0
      vertex 14.622148834901989 38.69265193848727 0
    endloop
  endfacet
  facet normal 0 0 -1
    outer loop
      vertex 17.00981903076172 40.888427734375 0
      vertex 17.138948440551758 40.86711120605469 0
      vertex 14.899999999999999 38.51987298107781 0
    endloop
  endfacet
  facet normal 0 0 -1
    outer loop
      vertex 17.138948440551758 40.86711120605469 0
      vertex 17.269193649291992 40.85428237915039 0
      vertex 14.899999999999999 38.51987298107781 0
    endloop
  endfacet
  facet normal 0 0 -1
    outer loop
      vertex 17.269193649291992 40.85428237915039 0
      vertex 17.399999618530273 40.849998474121094 0
      vertex 14.899999999999999 38.51987298107781 0
    endloop
  endfacet
  facet normal 0 0 -1
    outer loop
      vertex 17.399999618530273 40.849998474121094 0
      vertex 17.530805587768555 40.85428237915039 0
      vertex 15.188556548904991 38.36563629233656 0
    endloop
  endfacet
  facet normal 0 0 -1
    outer loop
      vertex 17.530805587768555 40.85428237915039 0
      vertex 17.661052703857422 40.86711120605469 0
      vertex 17.4 37.85 0
    endloop
  endfacet
  facet normal 0 0 -1
    outer loop
      vertex 17.661052703857422 40.86711120605469 0
      vertex 17.790180206298828 40.888427734375 0
      vertex 17.727015646150715 37.86070538380699 0
    endloop
  endfacet
  facet normal 0 0 -1
    outer loop
      vertex 17.790180206298828 40.888427734375 0
      vertex 17.917638778686523 40.918148040771484 0
      vertex 17.727015646150715 37.86070538380699 0
    endloop
  endfacet
  facet normal 0 0 -1
    outer loop
      vertex 17.917638778686523 40.918148040771484 0
      vertex 18.042879104614258 40.956138610839844 0
      vertex 17.727015646150715 37.86070538380699 0
    endloop
  endfacet
  facet normal 0 0 -1
    outer loop
      vertex 18.042879104614258 40.956138610839844 0
      vertex 18.165367126464844 41.00223922729492 0
      vertex 18.052630961100256 37.89277569313095 0
    endloop
  endfacet
  facet normal 0 0 -1
    outer loop
      vertex 18.165367126464844 41.00223922729492 0
      vertex 18.284578323364258 41.05625534057617 0
      vertex 18.052630961100256 37.89277569313095 0
    endloop
  endfacet
  facet normal 0 0 -1
    outer loop
      vertex 18.284578323364258 41.05625534057617 0
      vertex 18.399999618530273 41.117950439453125 0
      vertex 18.37545161008064 37.94607359798385 0
    endloop
  endfacet
  facet normal 0 0 -1
    outer loop
      vertex 18.399999618530273 41.117950439453125 0
      vertex 18.511140823364258 41.18706130981445 0
      vertex 18.37545161008064 37.94607359798385 0
    endloop
  endfacet
  facet normal 0 0 -1
    outer loop
      vertex 18.511140823364258 41.18706130981445 0
      vertex 18.617523193359375 41.2632942199707 0
      vertex 18.37545161008064 37.94607359798385 0
    endloop
  endfacet
  facet normal 0 0 -1
    outer loop
      vertex 18.986705780029297 41.632476806640625 0
      vertex 19.007197326515808 38.115349352524476 0
      vertex 18.6940952255126 38.02037086855466 0
    endloop
  endfacet
  facet normal 0 0 -1
    outer loop
      vertex 19.247758865356445 42.084632873535156 0
      vertex 19.31341716182545 38.23060233744357 0
      vertex 19.007197326515808 38.115349352524476 0
    endloop
  endfacet
  facet normal 0 0 -1
    outer loop
      vertex 19.247758865356445 42.084632873535156 0
      vertex 19.611443451095006 38.36563629233656 0
      vertex 19.31341716182545 38.23060233744357 0
    endloop
  endfacet
  facet normal 0 0 -1
    outer loop
      vertex 18.617523193359375 41.2632942199707 0
      vertex 18.718690872192383 41.34632110595703 0
      vertex 18.6940952255126 38.02037086855466 0
    endloop
  endfacet
  facet normal 0 0 -1
    outer loop
      vertex 18.718690872192383 41.34632110595703 0
      vertex 18.814212799072266 41.435787200927734 0
      vertex 18.6940952255126 38.02037086855466 0
    endloop
  endfacet
  facet normal 0 0 -1
    outer loop
      vertex 18.814212799072266 41.435787200927734 0
      vertex 18.90367889404297 41.531307220458984 0
      vertex 18.6940952255126 38.02037086855466 0
    endloop
  endfacet
  facet normal 0 0 -1
    outer loop
      vertex 18.90367889404297 41.531307220458984 0
      vertex 18.986705780029297 41.632476806640625 0
      vertex 18.6940952255126 38.02037086855466 0
    endloop
  endfacet
  facet normal 0 0 -1
    outer loop
      vertex 18.986705780029297 41.632476806640625 0
      vertex 19.062938690185547 41.738861083984375 0
      vertex 19.007197326515808 38.115349352524476 0
    endloop
  endfacet
  facet normal 0 0 -1
    outer loop
      vertex 19.062938690185547 41.738861083984375 0
      vertex 19.132051467895508 41.849998474121094 0
      vertex 19.007197326515808 38.115349352524476 0
    endloop
  endfacet
  facet normal 0 0 -1
    outer loop
      vertex 19.132051467895508 41.849998474121094 0
      vertex 19.193744659423828 41.965423583984375 0
      vertex 19.007197326515808 38.115349352524476 0
    endloop
  endfacet
  facet normal 0 0 -1
    outer loop
      vertex 19.193744659423828 41.965423583984375 0
      vertex 19.247758865356445 42.084632873535156 0
      vertex 19.007197326515808 38.115349352524476 0
    endloop
  endfacet
  facet normal 0 0 -1
    outer loop
      vertex 15.399999618530273 42.849998474121094 0
      vertex 12.496073597983846 43.82545161008064 0
      vertex 12.570370868554658 44.14409522551261 0
    endloop
  endfacet
  facet normal 0 0 -1
    outer loop
      vertex 15.399999618530273 42.849998474121094 0
      vertex 12.570370868554658 44.14409522551261 0
      vertex 12.66534935252447 44.45719732651581 0
    endloop
  endfacet
  facet normal 0 0 -1
    outer loop
      vertex 15.399999618530273 42.849998474121094 0
      vertex 12.66534935252447 44.45719732651581 0
      vertex 12.780602337443565 44.76341716182545 0
    endloop
  endfacet
  facet normal 0 0 -1
    outer loop
      vertex 15.399999618530273 42.849998474121094 0
      vertex 12.780602337443565 44.76341716182545 0
      vertex 12.915636292336558 45.06144345109501 0
    endloop
  endfacet
  facet normal 0 0 -1
    outer loop
      vertex 15.399999618530273 42.849998474121094 0
      vertex 12.915636292336558 45.06144345109501 0
      vertex 13.069872981077806 45.35 0
    endloop
  endfacet
  facet normal 0 0 -1
    outer loop
      vertex 15.399999618530273 42.849998474121094 0
      vertex 13.069872981077806 45.35 0
      vertex 13.242651938487272 45.627851165098015 0
    endloop
  endfacet
  facet normal 0 0 -1
    outer loop
      vertex 15.399999618530273 42.849998474121094 0
      vertex 13.242651938487272 45.627851165098015 0
      vertex 13.433233298543822 45.8938071450436 0
    endloop
  endfacet
  facet normal 0 0 -1
    outer loop
      vertex 15.399999618530273 42.849998474121094 0
      vertex 13.640800962605113 46.146729075500346 0
      vertex 15.404282569885254 42.980804443359375 0
    endloop
  endfacet
  facet normal 0 0 -1
    outer loop
      vertex 15.404282569885254 42.980804443359375 0
      vertex 13.640800962605113 46.146729075500346 0
      vertex 15.417110443115234 43.111053466796875 0
    endloop
  endfacet
  facet normal 0 0 -1
    outer loop
      vertex 15.417110443115234 43.111053466796875 0
      vertex 13.640800962605113 46.146729075500346 0
      vertex 15.438429832458496 43.24018096923828 0
    endloop
  endfacet
  facet normal 0 0 -1
    outer loop
      vertex 15.438429832458496 43.24018096923828 0
      vertex 13.86446609406726 46.38553390593274 0
      vertex 15.468148231506348 43.367637634277344 0
    endloop
  endfacet
  facet normal 0 0 -1
    outer loop
      vertex 15.468148231506348 43.367637634277344 0
      vertex 13.86446609406726 46.38553390593274 0
      vertex 15.506139755249023 43.49287796020508 0
    endloop
  endfacet
  facet normal 0 0 -1
    outer loop
      vertex 15.506139755249023 43.49287796020508 0
      vertex 13.86446609406726 46.38553390593274 0
      vertex 15.552241325378418 43.6153678894043 0
    endloop
  endfacet
  facet normal 0 0 -1
    outer loop
      vertex 15.552241325378418 43.6153678894043 0
      vertex 13.86446609406726 46.38553390593274 0
      vertex 15.606254577636719 43.73457717895508 0
    endloop
  endfacet
  facet normal 0 0 -1
    outer loop
      vertex 15.399999618530273 42.849998474121094 0
      vertex 13.433233298543822 45.8938071450436 0
      vertex 13.640800962605113 46.146729075500346 0
    endloop
  endfacet
  facet normal 0 0 -1
    outer loop
      vertex 15.438429832458496 43.24018096923828 0
      vertex 13.640800962605113 46.146729075500346 0
      vertex 13.86446609406726 46.38553390593274 0
    endloop
  endfacet
  facet normal 0 0 -1
    outer loop
      vertex 15.606254577636719 43.73457717895508 0
      vertex 13.86446609406726 46.38553390593274 0
      vertex 14.103270924499654 46.60919903739489 0
    endloop
  endfacet
  facet normal 0 0 -1
    outer loop
      vertex 15.606254577636719 43.73457717895508 0
      vertex 14.103270924499654 46.60919903739489 0
      vertex 15.667948722839355 43.849998474121094 0
    endloop
  endfacet
  facet normal 0 0 -1
    outer loop
      vertex 15.667948722839355 43.849998474121094 0
      vertex 14.103270924499654 46.60919903739489 0
      vertex 15.737060546875 43.96113967895508 0
    endloop
  endfacet
  facet normal 0 0 -1
    outer loop
      vertex 15.737060546875 43.96113967895508 0
      vertex 14.103270924499654 46.60919903739489 0
      vertex 15.81329345703125 44.06752395629883 0
    endloop
  endfacet
  facet normal 0 0 -1
    outer loop
      vertex 15.81329345703125 44.06752395629883 0
      vertex 14.356192854956396 46.816766701456174 0
      vertex 15.896320343017578 44.1686897277832 0
    endloop
  endfacet
  facet normal 0 0 -1
    outer loop
      vertex 15.896320343017578 44.1686897277832 0
      vertex 14.356192854956396 46.816766701456174 0
      vertex 15.985786437988281 44.26421356201172 0
    endloop
  endfacet
  facet normal 0 0 -1
    outer loop
      vertex 15.985786437988281 44.26421356201172 0
      vertex 14.356192854956396 46.816766701456174 0
      vertex 16.081308364868164 44.35367965698242 0
    endloop
  endfacet
  facet normal 0 0 -1
    outer loop
      vertex 16.081308364868164 44.35367965698242 0
      vertex 14.622148834901989 47.00734806151273 0
      vertex 16.182477951049805 44.43670654296875 0
    endloop
  endfacet
  facet normal 0 0 -1
    outer loop
      vertex 16.182477951049805 44.43670654296875 0
      vertex 14.622148834901989 47.00734806151273 0
      vertex 16.288860321044922 44.512939453125 0
    endloop
  endfacet
  facet normal 0 0 -1
    outer loop
      vertex 16.288860321044922 44.512939453125 0
      vertex 14.899999999999999 47.18012701892219 0
      vertex 16.399999618530273 44.58205032348633 0
    endloop
  endfacet
  facet normal 0 0 -1
    outer loop
      vertex 15.81329345703125 44.06752395629883 0
      vertex 14.103270924499654 46.60919903739489 0
      vertex 14.356192854956396 46.816766701456174 0
    endloop
  endfacet
  facet normal 0 0 -1
    outer loop
      vertex 16.081308364868164 44.35367965698242 0
      vertex 14.356192854956396 46.816766701456174 0
      vertex 14.622148834901989 47.00734806151273 0
    endloop
  endfacet
  facet normal 0 0 -1
    outer loop
      vertex 16.288860321044922 44.512939453125 0
      vertex 14.622148834901989 47.00734806151273 0
      vertex 14.899999999999999 47.18012701892219 0
    endloop
  endfacet
  facet normal 0 0 -1
    outer loop
      vertex 16.634634017944336 44.697757720947266 0
      vertex 14.899999999999999 47.18012701892219 0
      vertex 15.188556548904991 47.33436370766344 0
    endloop
  endfacet
  facet normal 0 0 -1
    outer loop
      vertex 17.00981903076172 44.81156921386719 0
      vertex 15.188556548904991 47.33436370766344 0
      vertex 15.486582838174549 47.46939766255643 0
    endloop
  endfacet
  facet normal 0 0 -1
    outer loop
      vertex 16.399999618530273 44.58205032348633 0
      vertex 14.899999999999999 47.18012701892219 0
      vertex 16.515422821044922 44.64374542236328 0
    endloop
  endfacet
  facet normal 0 0 -1
    outer loop
      vertex 16.515422821044922 44.64374542236328 0
      vertex 14.899999999999999 47.18012701892219 0
      vertex 16.634634017944336 44.697757720947266 0
    endloop
  endfacet
  facet normal 0 0 -1
    outer loop
      vertex 16.634634017944336 44.697757720947266 0
      vertex 15.188556548904991 47.33436370766344 0
      vertex 16.75712013244629 44.74386215209961 0
    endloop
  endfacet
  facet normal 0 0 -1
    outer loop
      vertex 16.75712013244629 44.74386215209961 0
      vertex 15.188556548904991 47.33436370766344 0
      vertex 16.882362365722656 44.78185272216797 0
    endloop
  endfacet
  facet normal 0 0 -1
    outer loop
      vertex 16.882362365722656 44.78185272216797 0
      vertex 15.188556548904991 47.33436370766344 0
      vertex 17.00981903076172 44.81156921386719 0
    endloop
  endfacet
  facet normal 0 0 -1
    outer loop
      vertex 18.284578323364258 44.64374542236328 0
      vertex 18.165367126464844 44.697757720947266 0
      vertex 16.105904774487396 47.679629131445346 0
    endloop
  endfacet
  facet normal 0 0 -1
    outer loop
      vertex 18.284578323364258 44.64374542236328 0
      vertex 16.105904774487396 47.679629131445346 0
      vertex 18.399999618530273 44.58205032348633 0
    endloop
  endfacet
  facet normal 0 0 -1
    outer loop
      vertex 18.814212799072266 44.26421356201172 0
      vertex 16.105904774487396 47.679629131445346 0
      vertex 18.90367889404297 44.1686897277832 0
    endloop
  endfacet
  facet normal 0 0 -1
    outer loop
      vertex 18.986705780029297 44.06752395629883 0
      vertex 18.90367889404297 44.1686897277832 0
      vertex 16.105904774487396 47.679629131445346 0
    endloop
  endfacet
  facet normal 0 0 -1
    outer loop
      vertex 18.511140823364258 44.512939453125 0
      vertex 16.105904774487396 47.679629131445346 0
      vertex 18.617523193359375 44.43670654296875 0
    endloop
  endfacet
  facet normal 0 0 -1
    outer loop
      vertex 18.718690872192383 44.35367965698242 0
      vertex 18.617523193359375 44.43670654296875 0
      vertex 16.105904774487396 47.679629131445346 0
    endloop
  endfacet
  facet normal 0 0 -1
    outer loop
      vertex 18.399999618530273 44.58205032348633 0
      vertex 16.105904774487396 47.679629131445346 0
      vertex 18.511140823364258 44.512939453125 0
    endloop
  endfacet
  facet normal 0 0 -1
    outer loop
      vertex 18.814212799072266 44.26421356201172 0
      vertex 18.718690872192383 44.35367965698242 0
      vertex 16.105904774487396 47.679629131445346 0
    endloop
  endfacet
  facet normal 0 0 -1
    outer loop
      vertex 17.00981903076172 44.81156921386719 0
      vertex 15.486582838174549 47.46939766255643 0
      vertex 17.138948440551758 44.832889556884766 0
    endloop
  endfacet
  facet normal 0 0 -1
    outer loop
      vertex 17.138948440551758 44.832889556884766 0
      vertex 15.486582838174549 47.46939766255643 0
      vertex 17.269193649291992 44.84571838378906 0
    endloop
  endfacet
  facet normal 0 0 -1
    outer loop
      vertex 17.269193649291992 44.84571838378906 0
      vertex 15.486582838174549 47.46939766255643 0
      vertex 17.399999618530273 44.849998474121094 0
    endloop
  endfacet
  facet normal 0 0 -1
    outer loop
      vertex 17.399999618530273 44.849998474121094 0
      vertex 15.486582838174549 47.46939766255643 0
      vertex 15.792802673484191 47.58465064747553 0
    endloop
  endfacet
  facet normal 0 0 -1
    outer loop
      vertex 17.917638778686523 44.78185272216797 0
      vertex 15.792802673484191 47.58465064747553 0
      vertex 16.105904774487396 47.679629131445346 0
    endloop
  endfacet
  facet normal 0 0 -1
    outer loop
      vertex 17.399999618530273 44.849998474121094 0
      vertex 15.792802673484191 47.58465064747553 0
      vertex 17.530805587768555 44.84571838378906 0
    endloop
  endfacet
  facet normal 0 0 -1
    outer loop
      vertex 17.530805587768555 44.84571838378906 0
      vertex 15.792802673484191 47.58465064747553 0
      vertex 17.661052703857422 44.832889556884766 0
    endloop
  endfacet
  facet normal 0 0 -1
    outer loop
      vertex 17.790180206298828 44.81156921386719 0
      vertex 17.661052703857422 44.832889556884766 0
      vertex 15.792802673484191 47.58465064747553 0
    endloop
  endfacet
  facet normal 0 0 -1
    outer loop
      vertex 17.790180206298828 44.81156921386719 0
      vertex 15.792802673484191 47.58465064747553 0
      vertex 17.917638778686523 44.78185272216797 0
    endloop
  endfacet
  facet normal 0 0 -1
    outer loop
      vertex 17.917638778686523 44.78185272216797 0
      vertex 16.105904774487396 47.679629131445346 0
      vertex 18.042879104614258 44.74386215209961 0
    endloop
  endfacet
  facet normal 0 0 -1
    outer loop
      vertex 18.042879104614258 44.74386215209961 0
      vertex 16.105904774487396 47.679629131445346 0
      vertex 18.165367126464844 44.697757720947266 0
    endloop
  endfacet
  facet normal 0 0 -1
    outer loop
      vertex 18.986705780029297 44.06752395629883 0
      vertex 16.105904774487396 47.679629131445346 0
      vertex 16.42454838991936 47.753926402016155 0
    endloop
  endfacet
  facet normal 0 0 -1
    outer loop
      vertex 18.986705780029297 44.06752395629883 0
      vertex 16.42454838991936 47.753926402016155 0
      vertex 16.74736903889974 47.80722430686905 0
    endloop
  endfacet
  facet normal 0 0 -1
    outer loop
      vertex 18.986705780029297 44.06752395629883 0
      vertex 16.74736903889974 47.80722430686905 0
      vertex 17.072984353849282 47.839294616193015 0
    endloop
  endfacet
  facet normal 0 0 -1
    outer loop
      vertex 18.986705780029297 44.06752395629883 0
      vertex 17.072984353849282 47.839294616193015 0
      vertex 17.4 47.85 0
    endloop
  endfacet
  facet normal 0 0 -1
    outer loop
      vertex 18.986705780029297 44.06752395629883 0
      vertex 17.4 47.85 0
      vertex 17.727015646150715 47.839294616193015 0
    endloop
  endfacet
  facet normal 0 0 -1
    outer loop
      vertex 18.986705780029297 44.06752395629883 0
      vertex 17.727015646150715 47.839294616193015 0
      vertex 18.052630961100256 47.80722430686905 0
    endloop
  endfacet
  facet normal 0 0 -1
    outer loop
      vertex 18.986705780029297 44.06752395629883 0
      vertex 18.052630961100256 47.80722430686905 0
      vertex 18.37545161008064 47.753926402016155 0
    endloop
  endfacet
  facet normal 0 0 -1
    outer loop
      vertex 18.986705780029297 44.06752395629883 0
      vertex 18.6940952255126 47.679629131445346 0
      vertex 19.007197326515808 47.58465064747553 0
    endloop
  endfacet
  facet normal 0 0 -1
    outer loop
      vertex 18.986705780029297 44.06752395629883 0
      vertex 18.37545161008064 47.753926402016155 0
      vertex 18.6940952255126 47.679629131445346 0
    endloop
  endfacet
  facet normal 0 0 -1
    outer loop
      vertex 18.986705780029297 44.06752395629883 0
      vertex 19.007197326515808 47.58465064747553 0
      vertex 19.31341716182545 47.46939766255643 0
    endloop
  endfacet
  facet normal 0 0 -1
    outer loop
      vertex 18.986705780029297 44.06752395629883 0
      vertex 19.31341716182545 47.46939766255643 0
      vertex 19.611443451095006 47.33436370766344 0
    endloop
  endfacet
  facet normal 0 0 -1
    outer loop
      vertex 19.247758865356445 42.084632873535156 0
      vertex 19.9 38.51987298107781 0
      vertex 19.611443451095006 38.36563629233656 0
    endloop
  endfacet
  facet normal 0 0 -1
    outer loop
      vertex 19.247758865356445 42.084632873535156 0
      vertex 20.17785116509801 38.69265193848727 0
      vertex 19.9 38.51987298107781 0
    endloop
  endfacet
  facet normal 0 0 -1
    outer loop
      vertex 19.247758865356445 42.084632873535156 0
      vertex 20.4438071450436 38.88323329854383 0
      vertex 20.17785116509801 38.69265193848727 0
    endloop
  endfacet
  facet normal 0 0 -1
    outer loop
      vertex 19.247758865356445 42.084632873535156 0
      vertex 20.696729075500343 39.090800962605115 0
      vertex 20.4438071450436 38.88323329854383 0
    endloop
  endfacet
  facet normal 0 0 -1
    outer loop
      vertex 19.247758865356445 42.084632873535156 0
      vertex 20.935533905932736 39.314466094067264 0
      vertex 20.696729075500343 39.090800962605115 0
    endloop
  endfacet
  facet normal 0 0 -1
    outer loop
      vertex 19.247758865356445 42.084632873535156 0
      vertex 21.159199037394885 39.55327092449966 0
      vertex 20.935533905932736 39.314466094067264 0
    endloop
  endfacet
  facet normal 0 0 -1
    outer loop
      vertex 19.247758865356445 42.084632873535156 0
      vertex 21.366766701456175 39.8061928549564 0
      vertex 21.159199037394885 39.55327092449966 0
    endloop
  endfacet
  facet normal 0 0 -1
    outer loop
      vertex 19.247758865356445 42.084632873535156 0
      vertex 21.557348061512727 40.07214883490199 0
      vertex 21.366766701456175 39.8061928549564 0
    endloop
  endfacet
  facet normal 0 0 -1
    outer loop
      vertex 19.247758865356445 42.084632873535156 0
      vertex 21.73012701892219 40.35 0
      vertex 21.557348061512727 40.07214883490199 0
    endloop
  endfacet
  facet normal 0 0 -1
    outer loop
      vertex 19.247758865356445 42.084632873535156 0
      vertex 21.88436370766344 40.638556548904994 0
      vertex 21.73012701892219 40.35 0
    endloop
  endfacet
  facet normal 0 0 -1
    outer loop
      vertex 19.361570358276367 42.45981979370117 0
      vertex 22.019397662556432 40.93658283817455 0
      vertex 21.88436370766344 40.638556548904994 0
    endloop
  endfacet
  facet normal 0 0 -1
    outer loop
      vertex 19.247758865356445 42.084632873535156 0
      vertex 19.293859481811523 42.207122802734375 0
      vertex 21.88436370766344 40.638556548904994 0
    endloop
  endfacet
  facet normal 0 0 -1
    outer loop
      vertex 19.293859481811523 42.207122802734375 0
      vertex 19.331851959228516 42.33236312866211 0
      vertex 21.88436370766344 40.638556548904994 0
    endloop
  endfacet
  facet normal 0 0 -1
    outer loop
      vertex 19.331851959228516 42.33236312866211 0
      vertex 19.361570358276367 42.45981979370117 0
      vertex 21.88436370766344 40.638556548904994 0
    endloop
  endfacet
  facet normal 0 0 -1
    outer loop
      vertex 19.361570358276367 42.45981979370117 0
      vertex 19.382888793945312 42.58894729614258 0
      vertex 22.019397662556432 40.93658283817455 0
    endloop
  endfacet
  facet normal 0 0 -1
    outer loop
      vertex 19.382888793945312 42.58894729614258 0
      vertex 19.39571762084961 42.71919250488281 0
      vertex 22.019397662556432 40.93658283817455 0
    endloop
  endfacet
  facet normal 0 0 -1
    outer loop
      vertex 19.39571762084961 42.71919250488281 0
      vertex 19.399999618530273 42.849998474121094 0
      vertex 22.019397662556432 40.93658283817455 0
    endloop
  endfacet
  facet normal 0 0 -1
    outer loop
      vertex 19.399999618530273 42.849998474121094 0
      vertex 19.39571762084961 42.980804443359375 0
      vertex 22.134650647475528 41.24280267348419 0
    endloop
  endfacet
  facet normal 0 0 -1
    outer loop
      vertex 19.247758865356445 43.6153678894043 0
      vertex 22.22962913144534 41.555904774487395 0
      vertex 19.293859481811523 43.49287796020508 0
    endloop
  endfacet
  facet normal 0 0 -1
    outer loop
      vertex 19.247758865356445 43.6153678894043 0
      vertex 19.193744659423828 43.73457717895508 0
      vertex 22.22962913144534 41.555904774487395 0
    endloop
  endfacet
  facet normal 0 0 -1
    outer loop
      vertex 19.193744659423828 43.73457717895508 0
      vertex 19.132051467895508 43.849998474121094 0
      vertex 22.22962913144534 41.555904774487395 0
    endloop
  endfacet
  facet normal 0 0 -1
    outer loop
      vertex 19.132051467895508 43.849998474121094 0
      vertex 19.062938690185547 43.96113967895508 0
      vertex 22.303926402016153 41.87454838991936 0
    endloop
  endfacet
  facet normal 0 0 -1
    outer loop
      vertex 19.062938690185547 43.96113967895508 0
      vertex 18.986705780029297 44.06752395629883 0
      vertex 22.303926402016153 41.87454838991936 0
    endloop
  endfacet
  facet normal 0 0 -1
    outer loop
      vertex 19.39571762084961 42.980804443359375 0
      vertex 19.382888793945312 43.111053466796875 0
      vertex 22.134650647475528 41.24280267348419 0
    endloop
  endfacet
  facet normal 0 0 -1
    outer loop
      vertex 19.382888793945312 43.111053466796875 0
      vertex 19.361570358276367 43.24018096923828 0
      vertex 22.134650647475528 41.24280267348419 0
    endloop
  endfacet
  facet normal 0 0 -1
    outer loop
      vertex 19.361570358276367 43.24018096923828 0
      vertex 19.331851959228516 43.367637634277344 0
      vertex 22.22962913144534 41.555904774487395 0
    endloop
  endfacet
  facet normal 0 0 -1
    outer loop
      vertex 19.331851959228516 43.367637634277344 0
      vertex 19.293859481811523 43.49287796020508 0
      vertex 22.22962913144534 41.555904774487395 0
    endloop
  endfacet
  facet normal 0 0 -1
    outer loop
      vertex 19.399999618530273 42.849998474121094 0
      vertex 22.134650647475528 41.24280267348419 0
      vertex 22.019397662556432 40.93658283817455 0
    endloop
  endfacet
  facet normal 0 0 -1
    outer loop
      vertex 19.361570358276367 43.24018096923828 0
      vertex 22.22962913144534 41.555904774487395 0
      vertex 22.134650647475528 41.24280267348419 0
    endloop
  endfacet
  facet normal 0 0 -1
    outer loop
      vertex 19.132051467895508 43.849998474121094 0
      vertex 22.303926402016153 41.87454838991936 0
      vertex 22.22962913144534 41.555904774487395 0
    endloop
  endfacet
  facet normal 0 0 -1
    outer loop
      vertex 18.986705780029297 44.06752395629883 0
      vertex 22.35722430686905 42.197369038899744 0
      vertex 22.303926402016153 41.87454838991936 0
    endloop
  endfacet
  facet normal 0 0 -1
    outer loop
      vertex 18.986705780029297 44.06752395629883 0
      vertex 22.389294616193016 42.52298435384929 0
      vertex 22.35722430686905 42.197369038899744 0
    endloop
  endfacet
  facet normal 0 0 -1
    outer loop
      vertex 18.986705780029297 44.06752395629883 0
      vertex 22.4 42.85 0
      vertex 22.389294616193016 42.52298435384929 0
    endloop
  endfacet
  facet normal 0 0 -1
    outer loop
      vertex 18.986705780029297 44.06752395629883 0
      vertex 22.389294616193016 43.177015646150714 0
      vertex 22.4 42.85 0
    endloop
  endfacet
  facet normal 0 0 -1
    outer loop
      vertex 18.986705780029297 44.06752395629883 0
      vertex 22.134650647475528 44.45719732651581 0
      vertex 22.22962913144534 44.14409522551261 0
    endloop
  endfacet
  facet normal 0 0 -1
    outer loop
      vertex 18.986705780029297 44.06752395629883 0
      vertex 22.019397662556432 44.76341716182545 0
      vertex 22.134650647475528 44.45719732651581 0
    endloop
  endfacet
  facet normal 0 0 -1
    outer loop
      vertex 18.986705780029297 44.06752395629883 0
      vertex 20.696729075500343 46.60919903739489 0
      vertex 20.935533905932736 46.38553390593274 0
    endloop
  endfacet
  facet normal 0 0 -1
    outer loop
      vertex 18.986705780029297 44.06752395629883 0
      vertex 21.73012701892219 45.35 0
      vertex 21.88436370766344 45.06144345109501 0
    endloop
  endfacet
  facet normal 0 0 -1
    outer loop
      vertex 18.986705780029297 44.06752395629883 0
      vertex 21.88436370766344 45.06144345109501 0
      vertex 22.019397662556432 44.76341716182545 0
    endloop
  endfacet
  facet normal 0 0 -1
    outer loop
      vertex 18.986705780029297 44.06752395629883 0
      vertex 21.557348061512727 45.627851165098015 0
      vertex 21.73012701892219 45.35 0
    endloop
  endfacet
  facet normal 0 0 -1
    outer loop
      vertex 18.986705780029297 44.06752395629883 0
      vertex 21.366766701456175 45.8938071450436 0
      vertex 21.557348061512727 45.627851165098015 0
    endloop
  endfacet
  facet normal 0 0 -1
    outer loop
      vertex 18.986705780029297 44.06752395629883 0
      vertex 21.159199037394885 46.146729075500346 0
      vertex 21.366766701456175 45.8938071450436 0
    endloop
  endfacet
  facet normal 0 0 -1
    outer loop
      vertex 18.986705780029297 44.06752395629883 0
      vertex 20.935533905932736 46.38553390593274 0
      vertex 21.159199037394885 46.146729075500346 0
    endloop
  endfacet
  facet normal 0 0 -1
    outer loop
      vertex 18.986705780029297 44.06752395629883 0
      vertex 22.35722430686905 43.50263096110026 0
      vertex 22.389294616193016 43.177015646150714 0
    endloop
  endfacet
  facet normal 0 0 -1
    outer loop
      vertex 18.986705780029297 44.06752395629883 0
      vertex 22.303926402016153 43.82545161008064 0
      vertex 22.35722430686905 43.50263096110026 0
    endloop
  endfacet
  facet normal 0 0 -1
    outer loop
      vertex 18.986705780029297 44.06752395629883 0
      vertex 22.22962913144534 44.14409522551261 0
      vertex 22.303926402016153 43.82545161008064 0
    endloop
  endfacet
  facet normal 0 0 -1
    outer loop
      vertex 18.986705780029297 44.06752395629883 0
      vertex 19.611443451095006 47.33436370766344 0
      vertex 19.9 47.18012701892219 0
    endloop
  endfacet
  facet normal 0 0 -1
    outer loop
      vertex 18.986705780029297 44.06752395629883 0
      vertex 19.9 47.18012701892219 0
      vertex 20.17785116509801 47.00734806151273 0
    endloop
  endfacet
  facet normal 0 0 -1
    outer loop
      vertex 18.986705780029297 44.06752395629883 0
      vertex 20.4438071450436 46.816766701456174 0
      vertex 20.696729075500343 46.60919903739489 0
    endloop
  endfacet
  facet normal 0 0 -1
    outer loop
      vertex 18.986705780029297 44.06752395629883 0
      vertex 20.17785116509801 47.00734806151273 0
      vertex 20.4438071450436 46.816766701456174 0
    endloop
  endfacet
  facet normal 0.7730136295531935 0.6343894139446197 0
    outer loop
      vertex 15.81329345703125 41.632476806640625 0
      vertex 15.896320343017578 41.531307220458984 0.6
      vertex 15.896320343017578 41.531307220458984 0
    endloop
  endfacet
  facet normal 0.8819271769761846 0.47138567491048944 0
    outer loop
      vertex 15.606254577636719 41.965423583984375 0
      vertex 15.667948722839355 41.849998474121094 0.6
      vertex 15.667948722839355 41.849998474121094 0
    endloop
  endfacet
  facet normal 0.8128502475553504 0.5824727247255495 0
    outer loop
      vertex 15.81329345703125 41.632476806640625 0
      vertex 15.737060546875 41.738861083984375 0
      vertex 15.81329345703125 41.632476806640625 0.6
    endloop
  endfacet
  facet normal 0.8491948015261453 0.5280797184715301 0
    outer loop
      vertex 15.737060546875 41.738861083984375 0
      vertex 15.667948722839355 41.849998474121094 0
      vertex 15.737060546875 41.738861083984375 0.6
    endloop
  endfacet
  facet normal 0.9738775318936751 0.2270738929790996 0
    outer loop
      vertex 15.468148231506348 42.33236312866211 0
      vertex 15.438429832458496 42.45981979370117 0
      vertex 15.468148231506348 42.33236312866211 0.6
    endloop
  endfacet
  facet normal 0.9108631761533976 0.41270846166239983 0
    outer loop
      vertex 15.606254577636719 41.965423583984375 0
      vertex 15.552241325378418 42.084632873535156 0
      vertex 15.606254577636719 41.965423583984375 0.6
    endloop
  endfacet
  facet normal 0.9359068706749494 0.3522475399820751 0
    outer loop
      vertex 15.552241325378418 42.084632873535156 0
      vertex 15.506139755249023 42.207122802734375 0
      vertex 15.552241325378418 42.084632873535156 0.6
    endloop
  endfacet
  facet normal 0.9569397282288098 0.290286679917236 0
    outer loop
      vertex 15.506139755249023 42.207122802734375 0
      vertex 15.468148231506348 42.33236312866211 0
      vertex 15.506139755249023 42.207122802734375 0.6
    endloop
  endfacet
  facet normal 0.9866428993120967 0.16289809463900978 0
    outer loop
      vertex 15.438429832458496 42.45981979370117 0
      vertex 15.417110443115234 42.58894729614258 0
      vertex 15.438429832458496 42.45981979370117 0.6
    endloop
  endfacet
  facet normal 0.9951848460428183 0.09801592833173672 0
    outer loop
      vertex 15.404282569885254 42.71919250488281 0
      vertex 15.417110443115234 42.58894729614258 0.6
      vertex 15.417110443115234 42.58894729614258 0
    endloop
  endfacet
  facet normal 0.9994643857399419 0.03272524465119626 0
    outer loop
      vertex 15.404282569885254 42.71919250488281 0
      vertex 15.399999618530273 42.849998474121094 0
      vertex 15.404282569885254 42.71919250488281 0.6
    endloop
  endfacet
  facet normal 0.9994643857399419 -0.03272524465119626 0
    outer loop
      vertex 15.399999618530273 42.849998474121094 0
      vertex 15.404282569885254 42.980804443359375 0
      vertex 15.399999618530273 42.849998474121094 0.6
    endloop
  endfacet
  facet normal 0.9951851260547226 -0.09801308524603207 0
    outer loop
      vertex 15.404282569885254 42.980804443359375 0
      vertex 15.417110443115234 43.111053466796875 0
      vertex 15.404282569885254 42.980804443359375 0.6
    endloop
  endfacet
  facet normal 0.9866428993120967 -0.16289809463900978 0
    outer loop
      vertex 15.417110443115234 43.111053466796875 0
      vertex 15.438429832458496 43.24018096923828 0
      vertex 15.417110443115234 43.111053466796875 0.6
    endloop
  endfacet
  facet normal 0.9738775318936751 -0.2270738929790996 0
    outer loop
      vertex 15.438429832458496 43.24018096923828 0
      vertex 15.468148231506348 43.367637634277344 0
      vertex 15.438429832458496 43.24018096923828 0.6
    endloop
  endfacet
  facet normal 0.9569397282288098 -0.290286679917236 0
    outer loop
      vertex 15.468148231506348 43.367637634277344 0
      vertex 15.506139755249023 43.49287796020508 0
      vertex 15.468148231506348 43.367637634277344 0.6
    endloop
  endfacet
  facet normal 0.5824796247898304 0.8128453030587668 0
    outer loop
      vertex 16.288860321044922 41.18706130981445 0
      vertex 16.182477951049805 41.2632942199707 0
      vertex 16.288860321044922 41.18706130981445 0.6
    endloop
  endfacet
  facet normal 0.6343894139446197 0.7730136295531935 0
    outer loop
      vertex 16.081308364868164 41.34632110595703 0
      vertex 16.182477951049805 41.2632942199707 0.6
      vertex 16.182477951049805 41.2632942199707 0
    endloop
  endfacet
  facet normal 0.47139740115403733 0.8819209092572983 0
    outer loop
      vertex 16.399999618530273 41.117950439453125 0
      vertex 16.515422821044922 41.05625534057617 0.6
      vertex 16.515422821044922 41.05625534057617 0
    endloop
  endfacet
  facet normal 0.4127211199577963 0.9108574406243725 0
    outer loop
      vertex 16.515422821044922 41.05625534057617 0
      vertex 16.634634017944336 41.00223922729492 0.6
      vertex 16.634634017944336 41.00223922729492 0
    endloop
  endfacet
  facet normal 0.3522507663601822 0.9359056563557376 0
    outer loop
      vertex 16.634634017944336 41.00223922729492 0
      vertex 16.75712013244629 40.956138610839844 0.6
      vertex 16.75712013244629 40.956138610839844 0
    endloop
  endfacet
  facet normal 0.5280679280740015 0.8492021333814649 0
    outer loop
      vertex 16.288860321044922 41.18706130981445 0
      vertex 16.399999618530273 41.117950439453125 0.6
      vertex 16.399999618530273 41.117950439453125 0
    endloop
  endfacet
  facet normal 0.2902759588137266 0.956942980398922 0
    outer loop
      vertex 16.75712013244629 40.956138610839844 0
      vertex 16.882362365722656 40.918148040771484 0.6
      vertex 16.882362365722656 40.918148040771484 0
    endloop
  endfacet
  facet normal 0.22708771521864 0.9738743089314852 0
    outer loop
      vertex 16.882362365722656 40.918148040771484 0
      vertex 17.00981903076172 40.888427734375 0.6
      vertex 17.00981903076172 40.888427734375 0
    endloop
  endfacet
  facet normal 0.16287447198536498 0.986646799201968 0
    outer loop
      vertex 17.00981903076172 40.888427734375 0
      vertex 17.138948440551758 40.86711120605469 0.6
      vertex 17.138948440551758 40.86711120605469 0
    endloop
  endfacet
  facet normal 0.09802314520582248 0.9951841352252146 0
    outer loop
      vertex 17.138948440551758 40.86711120605469 0
      vertex 17.269193649291992 40.85428237915039 0.6
      vertex 17.269193649291992 40.85428237915039 0
    endloop
  endfacet
  facet normal 0.032732523695090734 0.9994641473772585 0
    outer loop
      vertex 17.269193649291992 40.85428237915039 0
      vertex 17.399999618530273 40.849998474121094 0.6
      vertex 17.399999618530273 40.849998474121094 0
    endloop
  endfacet
  facet normal -0.032732523695090734 0.9994641473772585 0
    outer loop
      vertex 17.399999618530273 40.849998474121094 0
      vertex 17.530805587768555 40.85428237915039 0.6
      vertex 17.530805587768555 40.85428237915039 0
    endloop
  endfacet
  facet normal -0.09802172353981463 0.995184275254731 0
    outer loop
      vertex 17.530805587768555 40.85428237915039 0
      vertex 17.661052703857422 40.86711120605469 0.6
      vertex 17.661052703857422 40.86711120605469 0
    endloop
  endfacet
  facet normal -0.16287681398875564 0.9866464125839977 0
    outer loop
      vertex 17.661052703857422 40.86711120605469 0
      vertex 17.790180206298828 40.888427734375 0.6
      vertex 17.790180206298828 40.888427734375 0
    endloop
  endfacet
  facet normal -0.22708449221352736 0.9738750604652142 0
    outer loop
      vertex 17.790180206298828 40.888427734375 0
      vertex 17.917638778686523 40.918148040771484 0.6
      vertex 17.917638778686523 40.918148040771484 0
    endloop
  endfacet
  facet normal -0.29028000707233076 0.9569417524040257 0
    outer loop
      vertex 17.917638778686523 40.918148040771484 0
      vertex 18.042879104614258 40.956138610839844 0.6
      vertex 18.042879104614258 40.956138610839844 0
    endloop
  endfacet
  facet normal -0.3522459617980853 0.9359074646549955 0
    outer loop
      vertex 18.042879104614258 40.956138610839844 0
      vertex 18.165367126464844 41.00223922729492 0.6
      vertex 18.165367126464844 41.00223922729492 0
    endloop
  endfacet
  facet normal -0.4127211199577963 0.9108574406243725 0
    outer loop
      vertex 18.165367126464844 41.00223922729492 0
      vertex 18.284578323364258 41.05625534057617 0.6
      vertex 18.284578323364258 41.05625534057617 0
    endloop
  endfacet
  facet normal -0.47140345997625654 0.8819176707167251 0
    outer loop
      vertex 18.284578323364258 41.05625534057617 0
      vertex 18.399999618530273 41.117950439453125 0.6
      vertex 18.399999618530273 41.117950439453125 0
    endloop
  endfacet
  facet normal -0.5280613927060487 0.849206197300366 0
    outer loop
      vertex 18.399999618530273 41.117950439453125 0
      vertex 18.511140823364258 41.18706130981445 0.6
      vertex 18.511140823364258 41.18706130981445 0
    endloop
  endfacet
  facet normal -0.5824796247898304 0.8128453030587668 0
    outer loop
      vertex 18.511140823364258 41.18706130981445 0
      vertex 18.617523193359375 41.2632942199707 0.6
      vertex 18.617523193359375 41.2632942199707 0
    endloop
  endfacet
  facet normal -0.6343965607767922 0.7730077643042 0
    outer loop
      vertex 18.617523193359375 41.2632942199707 0
      vertex 18.718690872192383 41.34632110595703 0.6
      vertex 18.718690872192383 41.34632110595703 0
    endloop
  endfacet
  facet normal 0.7298570818495621 0.6835997659991125 0
    outer loop
      vertex 15.985786437988281 41.435787200927734 0
      vertex 15.896320343017578 41.531307220458984 0
      vertex 15.985786437988281 41.435787200927734 0.6
    endloop
  endfacet
  facet normal 0.6835924947228629 0.7298638922145503 0
    outer loop
      vertex 15.985786437988281 41.435787200927734 0
      vertex 16.081308364868164 41.34632110595703 0.6
      vertex 16.081308364868164 41.34632110595703 0
    endloop
  endfacet
  facet normal -0.6835924947228629 0.7298638922145503 0
    outer loop
      vertex 18.718690872192383 41.34632110595703 0
      vertex 18.814212799072266 41.435787200927734 0.6
      vertex 18.814212799072266 41.435787200927734 0
    endloop
  endfacet
  facet normal -0.7298570818495621 0.6835997659991125 0
    outer loop
      vertex 18.814212799072266 41.435787200927734 0
      vertex 18.90367889404297 41.531307220458984 0.6
      vertex 18.90367889404297 41.531307220458984 0
    endloop
  endfacet
  facet normal -0.7730136295531935 0.6343894139446197 0
    outer loop
      vertex 18.90367889404297 41.531307220458984 0
      vertex 18.986705780029297 41.632476806640625 0.6
      vertex 18.986705780029297 41.632476806640625 0
    endloop
  endfacet
  facet normal -0.8128502475553504 0.5824727247255495 0
    outer loop
      vertex 18.986705780029297 41.632476806640625 0
      vertex 19.062938690185547 41.738861083984375 0.6
      vertex 19.062938690185547 41.738861083984375 0
    endloop
  endfacet
  facet normal -0.8491915337332487 0.5280849733099519 0
    outer loop
      vertex 19.062938690185547 41.738861083984375 0
      vertex 19.132051467895508 41.849998474121094 0.6
      vertex 19.132051467895508 41.849998474121094 0
    endloop
  endfacet
  facet normal -0.8819302062637564 0.4713800072972636 0
    outer loop
      vertex 19.132051467895508 41.849998474121094 0
      vertex 19.193744659423828 41.965423583984375 0.6
      vertex 19.193744659423828 41.965423583984375 0
    endloop
  endfacet
  facet normal -0.9108604368412392 0.41271450737451276 0
    outer loop
      vertex 19.193744659423828 41.965423583984375 0
      vertex 19.247758865356445 42.084632873535156 0.6
      vertex 19.247758865356445 42.084632873535156 0
    endloop
  endfacet
  facet normal -0.9359092728802613 0.35224115735776884 0
    outer loop
      vertex 19.247758865356445 42.084632873535156 0
      vertex 19.293859481811523 42.207122802734375 0.6
      vertex 19.293859481811523 42.207122802734375 0
    endloop
  endfacet
  facet normal -0.956937704015627 0.2902933527197965 0
    outer loop
      vertex 19.293859481811523 42.207122802734375 0
      vertex 19.331851959228516 42.33236312866211 0.6
      vertex 19.331851959228516 42.33236312866211 0
    endloop
  endfacet
  facet normal -0.9738775318936751 0.2270738929790996 0
    outer loop
      vertex 19.331851959228516 42.33236312866211 0
      vertex 19.361570358276367 42.45981979370117 0.6
      vertex 19.361570358276367 42.45981979370117 0
    endloop
  endfacet
  facet normal -0.9866440704509498 0.16289100111418414 0
    outer loop
      vertex 19.361570358276367 42.45981979370117 0
      vertex 19.382888793945312 42.58894729614258 0.6
      vertex 19.382888793945312 42.58894729614258 0
    endloop
  endfacet
  facet normal -0.9951841352252146 0.09802314520582248 0
    outer loop
      vertex 19.382888793945312 42.58894729614258 0
      vertex 19.39571762084961 42.71919250488281 0.6
      vertex 19.39571762084961 42.71919250488281 0
    endloop
  endfacet
  facet normal -0.999464624049726 0.03271796560209441 0
    outer loop
      vertex 19.39571762084961 42.71919250488281 0
      vertex 19.399999618530273 42.849998474121094 0.6
      vertex 19.399999618530273 42.849998474121094 0
    endloop
  endfacet
  facet normal -0.999464624049726 -0.03271796560209441 0
    outer loop
      vertex 19.399999618530273 42.849998474121094 0
      vertex 19.39571762084961 42.980804443359375 0.6
      vertex 19.39571762084961 42.980804443359375 0
    endloop
  endfacet
  facet normal -0.9951844152781548 -0.09802030191484404 0
    outer loop
      vertex 19.39571762084961 42.980804443359375 0
      vertex 19.382888793945312 43.111053466796875 0.6
      vertex 19.382888793945312 43.111053466796875 0
    endloop
  endfacet
  facet normal -0.9866440704509498 -0.16289100111418414 0
    outer loop
      vertex 19.382888793945312 43.111053466796875 0
      vertex 19.361570358276367 43.24018096923828 0.6
      vertex 19.361570358276367 43.24018096923828 0
    endloop
  endfacet
  facet normal -0.9738775318936751 -0.2270738929790996 0
    outer loop
      vertex 19.361570358276367 43.24018096923828 0
      vertex 19.331851959228516 43.367637634277344 0.6
      vertex 19.331851959228516 43.367637634277344 0
    endloop
  endfacet
  facet normal -0.956937704015627 -0.2902933527197965 0
    outer loop
      vertex 19.331851959228516 43.367637634277344 0
      vertex 19.293859481811523 43.49287796020508 0.6
      vertex 19.293859481811523 43.49287796020508 0
    endloop
  endfacet
  facet normal 0.9359068706749494 -0.3522475399820751 0
    outer loop
      vertex 15.506139755249023 43.49287796020508 0
      vertex 15.552241325378418 43.6153678894043 0
      vertex 15.506139755249023 43.49287796020508 0.6
    endloop
  endfacet
  facet normal 0.9108631761533976 -0.41270846166239983 0
    outer loop
      vertex 15.552241325378418 43.6153678894043 0
      vertex 15.606254577636719 43.73457717895508 0
      vertex 15.552241325378418 43.6153678894043 0.6
    endloop
  endfacet
  facet normal 0.8819207001534041 -0.47139779235899015 0
    outer loop
      vertex 15.606254577636719 43.73457717895508 0
      vertex 15.667948722839355 43.849998474121094 0
      vertex 15.606254577636719 43.73457717895508 0.6
    endloop
  endfacet
  facet normal 0.8492029296453268 -0.528066647575658 0
    outer loop
      vertex 15.667948722839355 43.849998474121094 0
      vertex 15.737060546875 43.96113967895508 0
      vertex 15.667948722839355 43.849998474121094 0.6
    endloop
  endfacet
  facet normal 0.8128502475553504 -0.5824727247255495 0
    outer loop
      vertex 15.737060546875 43.96113967895508 0
      vertex 15.81329345703125 44.06752395629883 0
      vertex 15.737060546875 43.96113967895508 0.6
    endloop
  endfacet
  facet normal 0.7730018988569759 -0.6344037077157647 0
    outer loop
      vertex 15.81329345703125 44.06752395629883 0
      vertex 15.896320343017578 44.1686897277832 0
      vertex 15.81329345703125 44.06752395629883 0.6
    endloop
  endfacet
  facet normal 0.7298707023622205 -0.6835852235334515 0
    outer loop
      vertex 15.896320343017578 44.1686897277832 0
      vertex 15.985786437988281 44.26421356201172 0
      vertex 15.896320343017578 44.1686897277832 0.6
    endloop
  endfacet
  facet normal 0.6835924947228629 -0.7298638922145503 0
    outer loop
      vertex 15.985786437988281 44.26421356201172 0
      vertex 16.081308364868164 44.35367965698242 0
      vertex 15.985786437988281 44.26421356201172 0.6
    endloop
  endfacet
  facet normal 0.6343894139446197 -0.7730136295531935 0
    outer loop
      vertex 16.081308364868164 44.35367965698242 0
      vertex 16.182477951049805 44.43670654296875 0
      vertex 16.081308364868164 44.35367965698242 0.6
    endloop
  endfacet
  facet normal 0.5824796247898304 -0.8128453030587668 0
    outer loop
      vertex 16.182477951049805 44.43670654296875 0
      vertex 16.288860321044922 44.512939453125 0
      vertex 16.182477951049805 44.43670654296875 0.6
    endloop
  endfacet
  facet normal 0.5280679280740015 -0.8492021333814649 0
    outer loop
      vertex 16.288860321044922 44.512939453125 0
      vertex 16.399999618530273 44.58205032348633 0
      vertex 16.288860321044922 44.512939453125 0.6
    endloop
  endfacet
  facet normal 0.47139740115403733 -0.8819209092572983 0
    outer loop
      vertex 16.399999618530273 44.58205032348633 0
      vertex 16.515422821044922 44.64374542236328 0
      vertex 16.399999618530273 44.58205032348633 0.6
    endloop
  endfacet
  facet normal 0.4126969374076416 -0.9108683976592629 0
    outer loop
      vertex 16.515422821044922 44.64374542236328 0
      vertex 16.634634017944336 44.697757720947266 0
      vertex 16.515422821044922 44.64374542236328 0.6
    endloop
  endfacet
  facet normal 0.35227629706164304 -0.9358960468601932 0
    outer loop
      vertex 16.634634017944336 44.697757720947266 0
      vertex 16.75712013244629 44.74386215209961 0
      vertex 16.634634017944336 44.697757720947266 0.6
    endloop
  endfacet
  facet normal 0.2902759588137266 -0.956942980398922 0
    outer loop
      vertex 16.75712013244629 44.74386215209961 0
      vertex 16.882362365722656 44.78185272216797 0
      vertex 16.75712013244629 44.74386215209961 0.6
    endloop
  endfacet
  facet normal 0.2270600706023318 -0.9738807546810154 0
    outer loop
      vertex 16.882362365722656 44.78185272216797 0
      vertex 17.00981903076172 44.81156921386719 0
      vertex 16.882362365722656 44.78185272216797 0.6
    endloop
  endfacet
  facet normal 0.1629028457494352 -0.9866421148758732 0
    outer loop
      vertex 17.00981903076172 44.81156921386719 0
      vertex 17.138948440551758 44.832889556884766 0
      vertex 17.00981903076172 44.81156921386719 0.6
    endloop
  endfacet
  facet normal 0.09802314520582248 -0.9951841352252146 0
    outer loop
      vertex 17.138948440551758 44.832889556884766 0
      vertex 17.269193649291992 44.84571838378906 0
      vertex 17.138948440551758 44.832889556884766 0.6
    endloop
  endfacet
  facet normal 0.03270340748827322 -0.9994651005105961 0
    outer loop
      vertex 17.269193649291992 44.84571838378906 0
      vertex 17.399999618530273 44.849998474121094 0
      vertex 17.269193649291992 44.84571838378906 0.6
    endloop
  endfacet
  facet normal -0.03270340748827322 -0.9994651005105961 0
    outer loop
      vertex 17.399999618530273 44.849998474121094 0
      vertex 17.530805587768555 44.84571838378906 0
      vertex 17.399999618530273 44.849998474121094 0.6
    endloop
  endfacet
  facet normal -0.09802172353981463 -0.995184275254731 0
    outer loop
      vertex 17.530805587768555 44.84571838378906 0
      vertex 17.661052703857422 44.832889556884766 0
      vertex 17.530805587768555 44.84571838378906 0.6
    endloop
  endfacet
  facet normal -0.5280613927060487 -0.849206197300366 0
    outer loop
      vertex 18.399999618530273 44.58205032348633 0
      vertex 18.511140823364258 44.512939453125 0
      vertex 18.399999618530273 44.58205032348633 0.6
    endloop
  endfacet
  facet normal -0.9359092728802613 -0.35224115735776884 0
    outer loop
      vertex 19.247758865356445 43.6153678894043 0
      vertex 19.293859481811523 43.49287796020508 0
      vertex 19.247758865356445 43.6153678894043 0.6
    endloop
  endfacet
  facet normal -0.9108604368412392 -0.41271450737451276 0
    outer loop
      vertex 19.247758865356445 43.6153678894043 0
      vertex 19.193744659423828 43.73457717895508 0.6
      vertex 19.193744659423828 43.73457717895508 0
    endloop
  endfacet
  facet normal -0.8819237295744723 -0.47139212468331804 0
    outer loop
      vertex 19.193744659423828 43.73457717895508 0
      vertex 19.132051467895508 43.849998474121094 0.6
      vertex 19.132051467895508 43.849998474121094 0
    endloop
  endfacet
  facet normal -0.8491996619829181 -0.5280719023846068 0
    outer loop
      vertex 19.132051467895508 43.849998474121094 0
      vertex 19.062938690185547 43.96113967895508 0.6
      vertex 19.062938690185547 43.96113967895508 0
    endloop
  endfacet
  facet normal -0.8128502475553504 -0.5824727247255495 0
    outer loop
      vertex 19.062938690185547 43.96113967895508 0
      vertex 18.986705780029297 44.06752395629883 0.6
      vertex 18.986705780029297 44.06752395629883 0
    endloop
  endfacet
  facet normal -0.7730018988569759 -0.6344037077157647 0
    outer loop
      vertex 18.986705780029297 44.06752395629883 0
      vertex 18.90367889404297 44.1686897277832 0.6
      vertex 18.90367889404297 44.1686897277832 0
    endloop
  endfacet
  facet normal -0.7298707023622205 -0.6835852235334515 0
    outer loop
      vertex 18.814212799072266 44.26421356201172 0
      vertex 18.90367889404297 44.1686897277832 0
      vertex 18.814212799072266 44.26421356201172 0.6
    endloop
  endfacet
  facet normal -0.6835924947228629 -0.7298638922145503 0
    outer loop
      vertex 18.814212799072266 44.26421356201172 0
      vertex 18.718690872192383 44.35367965698242 0.6
      vertex 18.718690872192383 44.35367965698242 0
    endloop
  endfacet
  facet normal -0.6343965607767922 -0.7730077643042 0
    outer loop
      vertex 18.718690872192383 44.35367965698242 0
      vertex 18.617523193359375 44.43670654296875 0.6
      vertex 18.617523193359375 44.43670654296875 0
    endloop
  endfacet
  facet normal -0.5824796247898304 -0.8128453030587668 0
    outer loop
      vertex 18.511140823364258 44.512939453125 0
      vertex 18.617523193359375 44.43670654296875 0
      vertex 18.511140823364258 44.512939453125 0.6
    endloop
  endfacet
  facet normal -0.162905188138575 -0.9866417281250248 0
    outer loop
      vertex 17.790180206298828 44.81156921386719 0
      vertex 17.661052703857422 44.832889556884766 0.6
      vertex 17.661052703857422 44.832889556884766 0
    endloop
  endfacet
  facet normal -0.22705684794691494 -0.9738815060367516 0
    outer loop
      vertex 17.790180206298828 44.81156921386719 0
      vertex 17.917638778686523 44.78185272216797 0
      vertex 17.790180206298828 44.81156921386719 0.6
    endloop
  endfacet
  facet normal -0.35227149224998455 -0.9358978554030184 0
    outer loop
      vertex 18.042879104614258 44.74386215209961 0
      vertex 18.165367126464844 44.697757720947266 0
      vertex 18.042879104614258 44.74386215209961 0.6
    endloop
  endfacet
  facet normal -0.29028000707233076 -0.9569417524040257 0
    outer loop
      vertex 17.917638778686523 44.78185272216797 0
      vertex 18.042879104614258 44.74386215209961 0
      vertex 17.917638778686523 44.78185272216797 0.6
    endloop
  endfacet
  facet normal -0.4126969374076416 -0.9108683976592629 0
    outer loop
      vertex 18.284578323364258 44.64374542236328 0
      vertex 18.165367126464844 44.697757720947266 0.6
      vertex 18.165367126464844 44.697757720947266 0
    endloop
  endfacet
  facet normal -0.47140345997625654 -0.8819176707167251 0
    outer loop
      vertex 18.284578323364258 44.64374542236328 0
      vertex 18.399999618530273 44.58205032348633 0
      vertex 18.284578323364258 44.64374542236328 0.6
    endloop
  endfacet
  facet normal 0.7730136295531935 0.6343894139446197 0
    outer loop
      vertex 15.81329345703125 41.632476806640625 0
      vertex 15.81329345703125 41.632476806640625 0.6
      vertex 15.896320343017578 41.531307220458984 0.6
    endloop
  endfacet
  facet normal 0.8128502475553504 0.5824727247255495 0
    outer loop
      vertex 15.737060546875 41.738861083984375 0
      vertex 15.737060546875 41.738861083984375 0.6
      vertex 15.81329345703125 41.632476806640625 0.6
    endloop
  endfacet
  facet normal 0.8491948015261453 0.5280797184715301 0
    outer loop
      vertex 15.667948722839355 41.849998474121094 0
      vertex 15.667948722839355 41.849998474121094 0.6
      vertex 15.737060546875 41.738861083984375 0.6
    endloop
  endfacet
  facet normal 0.9738775318936751 0.2270738929790996 0
    outer loop
      vertex 15.438429832458496 42.45981979370117 0
      vertex 15.438429832458496 42.45981979370117 0.6
      vertex 15.468148231506348 42.33236312866211 0.6
    endloop
  endfacet
  facet normal 0.8819271769761846 0.47138567491048944 0
    outer loop
      vertex 15.606254577636719 41.965423583984375 0
      vertex 15.606254577636719 41.965423583984375 0.6
      vertex 15.667948722839355 41.849998474121094 0.6
    endloop
  endfacet
  facet normal 0.9108631761533976 0.41270846166239983 0
    outer loop
      vertex 15.552241325378418 42.084632873535156 0
      vertex 15.552241325378418 42.084632873535156 0.6
      vertex 15.606254577636719 41.965423583984375 0.6
    endloop
  endfacet
  facet normal 0.9359068706749494 0.3522475399820751 0
    outer loop
      vertex 15.506139755249023 42.207122802734375 0
      vertex 15.506139755249023 42.207122802734375 0.6
      vertex 15.552241325378418 42.084632873535156 0.6
    endloop
  endfacet
  facet normal 0.9569397282288098 0.290286679917236 0
    outer loop
      vertex 15.468148231506348 42.33236312866211 0
      vertex 15.468148231506348 42.33236312866211 0.6
      vertex 15.506139755249023 42.207122802734375 0.6
    endloop
  endfacet
  facet normal 0.9866428993120967 0.16289809463900978 0
    outer loop
      vertex 15.417110443115234 42.58894729614258 0
      vertex 15.417110443115234 42.58894729614258 0.6
      vertex 15.438429832458496 42.45981979370117 0.6
    endloop
  endfacet
  facet normal 0.9951848460428183 0.09801592833173672 0
    outer loop
      vertex 15.404282569885254 42.71919250488281 0
      vertex 15.404282569885254 42.71919250488281 0.6
      vertex 15.417110443115234 42.58894729614258 0.6
    endloop
  endfacet
  facet normal 0.9994643857399419 0.03272524465119626 0
    outer loop
      vertex 15.399999618530273 42.849998474121094 0
      vertex 15.399999618530273 42.849998474121094 0.6
      vertex 15.404282569885254 42.71919250488281 0.6
    endloop
  endfacet
  facet normal 0.9994643857399419 -0.03272524465119626 0
    outer loop
      vertex 15.404282569885254 42.980804443359375 0
      vertex 15.404282569885254 42.980804443359375 0.6
      vertex 15.399999618530273 42.849998474121094 0.6
    endloop
  endfacet
  facet normal 0.9951851260547226 -0.09801308524603207 0
    outer loop
      vertex 15.417110443115234 43.111053466796875 0
      vertex 15.417110443115234 43.111053466796875 0.6
      vertex 15.404282569885254 42.980804443359375 0.6
    endloop
  endfacet
  facet normal 0.9866428993120967 -0.16289809463900978 0
    outer loop
      vertex 15.438429832458496 43.24018096923828 0
      vertex 15.438429832458496 43.24018096923828 0.6
      vertex 15.417110443115234 43.111053466796875 0.6
    endloop
  endfacet
  facet normal 0.9738775318936751 -0.2270738929790996 0
    outer loop
      vertex 15.468148231506348 43.367637634277344 0
      vertex 15.468148231506348 43.367637634277344 0.6
      vertex 15.438429832458496 43.24018096923828 0.6
    endloop
  endfacet
  facet normal 0.9569397282288098 -0.290286679917236 0
    outer loop
      vertex 15.506139755249023 43.49287796020508 0
      vertex 15.506139755249023 43.49287796020508 0.6
      vertex 15.468148231506348 43.367637634277344 0.6
    endloop
  endfacet
  facet normal 0.6343894139446197 0.7730136295531935 0
    outer loop
      vertex 16.081308364868164 41.34632110595703 0
      vertex 16.081308364868164 41.34632110595703 0.6
      vertex 16.182477951049805 41.2632942199707 0.6
    endloop
  endfacet
  facet normal 0.5280679280740015 0.8492021333814649 0
    outer loop
      vertex 16.288860321044922 41.18706130981445 0
      vertex 16.288860321044922 41.18706130981445 0.6
      vertex 16.399999618530273 41.117950439453125 0.6
    endloop
  endfacet
  facet normal 0.5824796247898304 0.8128453030587668 0
    outer loop
      vertex 16.182477951049805 41.2632942199707 0
      vertex 16.182477951049805 41.2632942199707 0.6
      vertex 16.288860321044922 41.18706130981445 0.6
    endloop
  endfacet
  facet normal 0.4127211199577963 0.9108574406243725 0
    outer loop
      vertex 16.515422821044922 41.05625534057617 0
      vertex 16.515422821044922 41.05625534057617 0.6
      vertex 16.634634017944336 41.00223922729492 0.6
    endloop
  endfacet
  facet normal 0.3522507663601822 0.9359056563557376 0
    outer loop
      vertex 16.634634017944336 41.00223922729492 0
      vertex 16.634634017944336 41.00223922729492 0.6
      vertex 16.75712013244629 40.956138610839844 0.6
    endloop
  endfacet
  facet normal 0.47139740115403733 0.8819209092572983 0
    outer loop
      vertex 16.399999618530273 41.117950439453125 0
      vertex 16.399999618530273 41.117950439453125 0.6
      vertex 16.515422821044922 41.05625534057617 0.6
    endloop
  endfacet
  facet normal 0.2902759588137266 0.956942980398922 0
    outer loop
      vertex 16.75712013244629 40.956138610839844 0
      vertex 16.75712013244629 40.956138610839844 0.6
      vertex 16.882362365722656 40.918148040771484 0.6
    endloop
  endfacet
  facet normal 0.22708771521864 0.9738743089314852 0
    outer loop
      vertex 16.882362365722656 40.918148040771484 0
      vertex 16.882362365722656 40.918148040771484 0.6
      vertex 17.00981903076172 40.888427734375 0.6
    endloop
  endfacet
  facet normal 0.16287447198536498 0.986646799201968 0
    outer loop
      vertex 17.00981903076172 40.888427734375 0
      vertex 17.00981903076172 40.888427734375 0.6
      vertex 17.138948440551758 40.86711120605469 0.6
    endloop
  endfacet
  facet normal 0.09802314520582248 0.9951841352252146 0
    outer loop
      vertex 17.138948440551758 40.86711120605469 0
      vertex 17.138948440551758 40.86711120605469 0.6
      vertex 17.269193649291992 40.85428237915039 0.6
    endloop
  endfacet
  facet normal 0.032732523695090734 0.9994641473772585 0
    outer loop
      vertex 17.269193649291992 40.85428237915039 0
      vertex 17.269193649291992 40.85428237915039 0.6
      vertex 17.399999618530273 40.849998474121094 0.6
    endloop
  endfacet
  facet normal -0.032732523695090734 0.9994641473772585 0
    outer loop
      vertex 17.399999618530273 40.849998474121094 0
      vertex 17.399999618530273 40.849998474121094 0.6
      vertex 17.530805587768555 40.85428237915039 0.6
    endloop
  endfacet
  facet normal -0.09802172353981463 0.995184275254731 0
    outer loop
      vertex 17.530805587768555 40.85428237915039 0
      vertex 17.530805587768555 40.85428237915039 0.6
      vertex 17.661052703857422 40.86711120605469 0.6
    endloop
  endfacet
  facet normal -0.16287681398875564 0.9866464125839977 0
    outer loop
      vertex 17.661052703857422 40.86711120605469 0
      vertex 17.661052703857422 40.86711120605469 0.6
      vertex 17.790180206298828 40.888427734375 0.6
    endloop
  endfacet
  facet normal -0.22708449221352736 0.9738750604652142 0
    outer loop
      vertex 17.790180206298828 40.888427734375 0
      vertex 17.790180206298828 40.888427734375 0.6
      vertex 17.917638778686523 40.918148040771484 0.6
    endloop
  endfacet
  facet normal -0.29028000707233076 0.9569417524040257 0
    outer loop
      vertex 17.917638778686523 40.918148040771484 0
      vertex 17.917638778686523 40.918148040771484 0.6
      vertex 18.042879104614258 40.956138610839844 0.6
    endloop
  endfacet
  facet normal -0.3522459617980853 0.9359074646549955 0
    outer loop
      vertex 18.042879104614258 40.956138610839844 0
      vertex 18.042879104614258 40.956138610839844 0.6
      vertex 18.165367126464844 41.00223922729492 0.6
    endloop
  endfacet
  facet normal -0.4127211199577963 0.9108574406243725 0
    outer loop
      vertex 18.165367126464844 41.00223922729492 0
      vertex 18.165367126464844 41.00223922729492 0.6
      vertex 18.284578323364258 41.05625534057617 0.6
    endloop
  endfacet
  facet normal -0.47140345997625654 0.8819176707167251 0
    outer loop
      vertex 18.284578323364258 41.05625534057617 0
      vertex 18.284578323364258 41.05625534057617 0.6
      vertex 18.399999618530273 41.117950439453125 0.6
    endloop
  endfacet
  facet normal -0.5280613927060487 0.849206197300366 0
    outer loop
      vertex 18.399999618530273 41.117950439453125 0
      vertex 18.399999618530273 41.117950439453125 0.6
      vertex 18.511140823364258 41.18706130981445 0.6
    endloop
  endfacet
  facet normal -0.5824796247898304 0.8128453030587668 0
    outer loop
      vertex 18.511140823364258 41.18706130981445 0
      vertex 18.511140823364258 41.18706130981445 0.6
      vertex 18.617523193359375 41.2632942199707 0.6
    endloop
  endfacet
  facet normal -0.6343965607767922 0.7730077643042 0
    outer loop
      vertex 18.617523193359375 41.2632942199707 0
      vertex 18.617523193359375 41.2632942199707 0.6
      vertex 18.718690872192383 41.34632110595703 0.6
    endloop
  endfacet
  facet normal 0.6835924947228629 0.7298638922145503 0
    outer loop
      vertex 15.985786437988281 41.435787200927734 0
      vertex 15.985786437988281 41.435787200927734 0.6
      vertex 16.081308364868164 41.34632110595703 0.6
    endloop
  endfacet
  facet normal 0.7298570818495621 0.6835997659991125 0
    outer loop
      vertex 15.896320343017578 41.531307220458984 0
      vertex 15.896320343017578 41.531307220458984 0.6
      vertex 15.985786437988281 41.435787200927734 0.6
    endloop
  endfacet
  facet normal -0.6835924947228629 0.7298638922145503 0
    outer loop
      vertex 18.718690872192383 41.34632110595703 0
      vertex 18.718690872192383 41.34632110595703 0.6
      vertex 18.814212799072266 41.435787200927734 0.6
    endloop
  endfacet
  facet normal -0.7298570818495621 0.6835997659991125 0
    outer loop
      vertex 18.814212799072266 41.435787200927734 0
      vertex 18.814212799072266 41.435787200927734 0.6
      vertex 18.90367889404297 41.531307220458984 0.6
    endloop
  endfacet
  facet normal -0.7730136295531935 0.6343894139446197 0
    outer loop
      vertex 18.90367889404297 41.531307220458984 0
      vertex 18.90367889404297 41.531307220458984 0.6
      vertex 18.986705780029297 41.632476806640625 0.6
    endloop
  endfacet
  facet normal -0.8128502475553504 0.5824727247255495 0
    outer loop
      vertex 18.986705780029297 41.632476806640625 0
      vertex 18.986705780029297 41.632476806640625 0.6
      vertex 19.062938690185547 41.738861083984375 0.6
    endloop
  endfacet
  facet normal -0.8491915337332487 0.5280849733099519 0
    outer loop
      vertex 19.062938690185547 41.738861083984375 0
      vertex 19.062938690185547 41.738861083984375 0.6
      vertex 19.132051467895508 41.849998474121094 0.6
    endloop
  endfacet
  facet normal -0.8819302062637564 0.4713800072972636 0
    outer loop
      vertex 19.132051467895508 41.849998474121094 0
      vertex 19.132051467895508 41.849998474121094 0.6
      vertex 19.193744659423828 41.965423583984375 0.6
    endloop
  endfacet
  facet normal -0.9108604368412392 0.41271450737451276 0
    outer loop
      vertex 19.193744659423828 41.965423583984375 0
      vertex 19.193744659423828 41.965423583984375 0.6
      vertex 19.247758865356445 42.084632873535156 0.6
    endloop
  endfacet
  facet normal -0.9359092728802613 0.35224115735776884 0
    outer loop
      vertex 19.247758865356445 42.084632873535156 0
      vertex 19.247758865356445 42.084632873535156 0.6
      vertex 19.293859481811523 42.207122802734375 0.6
    endloop
  endfacet
  facet normal -0.956937704015627 0.2902933527197965 0
    outer loop
      vertex 19.293859481811523 42.207122802734375 0
      vertex 19.293859481811523 42.207122802734375 0.6
      vertex 19.331851959228516 42.33236312866211 0.6
    endloop
  endfacet
  facet normal -0.9738775318936751 0.2270738929790996 0
    outer loop
      vertex 19.331851959228516 42.33236312866211 0
      vertex 19.331851959228516 42.33236312866211 0.6
      vertex 19.361570358276367 42.45981979370117 0.6
    endloop
  endfacet
  facet normal -0.9866440704509498 0.16289100111418414 0
    outer loop
      vertex 19.361570358276367 42.45981979370117 0
      vertex 19.361570358276367 42.45981979370117 0.6
      vertex 19.382888793945312 42.58894729614258 0.6
    endloop
  endfacet
  facet normal -0.9951841352252146 0.09802314520582248 0
    outer loop
      vertex 19.382888793945312 42.58894729614258 0
      vertex 19.382888793945312 42.58894729614258 0.6
      vertex 19.39571762084961 42.71919250488281 0.6
    endloop
  endfacet
  facet normal -0.999464624049726 0.03271796560209441 0
    outer loop
      vertex 19.39571762084961 42.71919250488281 0
      vertex 19.39571762084961 42.71919250488281 0.6
      vertex 19.399999618530273 42.849998474121094 0.6
    endloop
  endfacet
  facet normal -0.999464624049726 -0.03271796560209441 0
    outer loop
      vertex 19.399999618530273 42.849998474121094 0
      vertex 19.399999618530273 42.849998474121094 0.6
      vertex 19.39571762084961 42.980804443359375 0.6
    endloop
  endfacet
  facet normal -0.9951844152781548 -0.09802030191484404 0
    outer loop
      vertex 19.39571762084961 42.980804443359375 0
      vertex 19.39571762084961 42.980804443359375 0.6
      vertex 19.382888793945312 43.111053466796875 0.6
    endloop
  endfacet
  facet normal -0.9866440704509498 -0.16289100111418414 0
    outer loop
      vertex 19.382888793945312 43.111053466796875 0
      vertex 19.382888793945312 43.111053466796875 0.6
      vertex 19.361570358276367 43.24018096923828 0.6
    endloop
  endfacet
  facet normal -0.9738775318936751 -0.2270738929790996 0
    outer loop
      vertex 19.361570358276367 43.24018096923828 0
      vertex 19.361570358276367 43.24018096923828 0.6
      vertex 19.331851959228516 43.367637634277344 0.6
    endloop
  endfacet
  facet normal -0.956937704015627 -0.2902933527197965 0
    outer loop
      vertex 19.331851959228516 43.367637634277344 0
      vertex 19.331851959228516 43.367637634277344 0.6
      vertex 19.293859481811523 43.49287796020508 0.6
    endloop
  endfacet
  facet normal 0.9359068706749494 -0.3522475399820751 0
    outer loop
      vertex 15.552241325378418 43.6153678894043 0
      vertex 15.552241325378418 43.6153678894043 0.6
      vertex 15.506139755249023 43.49287796020508 0.6
    endloop
  endfacet
  facet normal 0.9108631761533976 -0.41270846166239983 0
    outer loop
      vertex 15.606254577636719 43.73457717895508 0
      vertex 15.606254577636719 43.73457717895508 0.6
      vertex 15.552241325378418 43.6153678894043 0.6
    endloop
  endfacet
  facet normal 0.8819207001534041 -0.47139779235899015 0
    outer loop
      vertex 15.667948722839355 43.849998474121094 0
      vertex 15.667948722839355 43.849998474121094 0.6
      vertex 15.606254577636719 43.73457717895508 0.6
    endloop
  endfacet
  facet normal 0.8492029296453268 -0.528066647575658 0
    outer loop
      vertex 15.737060546875 43.96113967895508 0
      vertex 15.737060546875 43.96113967895508 0.6
      vertex 15.667948722839355 43.849998474121094 0.6
    endloop
  endfacet
  facet normal 0.8128502475553504 -0.5824727247255495 0
    outer loop
      vertex 15.81329345703125 44.06752395629883 0
      vertex 15.81329345703125 44.06752395629883 0.6
      vertex 15.737060546875 43.96113967895508 0.6
    endloop
  endfacet
  facet normal 0.7730018988569759 -0.6344037077157647 0
    outer loop
      vertex 15.896320343017578 44.1686897277832 0
      vertex 15.896320343017578 44.1686897277832 0.6
      vertex 15.81329345703125 44.06752395629883 0.6
    endloop
  endfacet
  facet normal 0.7298707023622205 -0.6835852235334515 0
    outer loop
      vertex 15.985786437988281 44.26421356201172 0
      vertex 15.985786437988281 44.26421356201172 0.6
      vertex 15.896320343017578 44.1686897277832 0.6
    endloop
  endfacet
  facet normal 0.6835924947228629 -0.7298638922145503 0
    outer loop
      vertex 16.081308364868164 44.35367965698242 0
      vertex 16.081308364868164 44.35367965698242 0.6
      vertex 15.985786437988281 44.26421356201172 0.6
    endloop
  endfacet
  facet normal 0.6343894139446197 -0.7730136295531935 0
    outer loop
      vertex 16.182477951049805 44.43670654296875 0
      vertex 16.182477951049805 44.43670654296875 0.6
      vertex 16.081308364868164 44.35367965698242 0.6
    endloop
  endfacet
  facet normal 0.5824796247898304 -0.8128453030587668 0
    outer loop
      vertex 16.288860321044922 44.512939453125 0
      vertex 16.288860321044922 44.512939453125 0.6
      vertex 16.182477951049805 44.43670654296875 0.6
    endloop
  endfacet
  facet normal 0.5280679280740015 -0.8492021333814649 0
    outer loop
      vertex 16.399999618530273 44.58205032348633 0
      vertex 16.399999618530273 44.58205032348633 0.6
      vertex 16.288860321044922 44.512939453125 0.6
    endloop
  endfacet
  facet normal 0.47139740115403733 -0.8819209092572983 0
    outer loop
      vertex 16.515422821044922 44.64374542236328 0
      vertex 16.515422821044922 44.64374542236328 0.6
      vertex 16.399999618530273 44.58205032348633 0.6
    endloop
  endfacet
  facet normal 0.4126969374076416 -0.9108683976592629 0
    outer loop
      vertex 16.634634017944336 44.697757720947266 0
      vertex 16.634634017944336 44.697757720947266 0.6
      vertex 16.515422821044922 44.64374542236328 0.6
    endloop
  endfacet
  facet normal 0.35227629706164304 -0.9358960468601932 0
    outer loop
      vertex 16.75712013244629 44.74386215209961 0
      vertex 16.75712013244629 44.74386215209961 0.6
      vertex 16.634634017944336 44.697757720947266 0.6
    endloop
  endfacet
  facet normal 0.2902759588137266 -0.956942980398922 0
    outer loop
      vertex 16.882362365722656 44.78185272216797 0
      vertex 16.882362365722656 44.78185272216797 0.6
      vertex 16.75712013244629 44.74386215209961 0.6
    endloop
  endfacet
  facet normal 0.2270600706023318 -0.9738807546810154 0
    outer loop
      vertex 17.00981903076172 44.81156921386719 0
      vertex 17.00981903076172 44.81156921386719 0.6
      vertex 16.882362365722656 44.78185272216797 0.6
    endloop
  endfacet
  facet normal 0.1629028457494352 -0.9866421148758732 0
    outer loop
      vertex 17.138948440551758 44.832889556884766 0
      vertex 17.138948440551758 44.832889556884766 0.6
      vertex 17.00981903076172 44.81156921386719 0.6
    endloop
  endfacet
  facet normal 0.09802314520582248 -0.9951841352252146 0
    outer loop
      vertex 17.269193649291992 44.84571838378906 0
      vertex 17.269193649291992 44.84571838378906 0.6
      vertex 17.138948440551758 44.832889556884766 0.6
    endloop
  endfacet
  facet normal 0.03270340748827322 -0.9994651005105961 0
    outer loop
      vertex 17.399999618530273 44.849998474121094 0
      vertex 17.399999618530273 44.849998474121094 0.6
      vertex 17.269193649291992 44.84571838378906 0.6
    endloop
  endfacet
  facet normal -0.03270340748827322 -0.9994651005105961 0
    outer loop
      vertex 17.530805587768555 44.84571838378906 0
      vertex 17.530805587768555 44.84571838378906 0.6
      vertex 17.399999618530273 44.849998474121094 0.6
    endloop
  endfacet
  facet normal -0.09802172353981463 -0.995184275254731 0
    outer loop
      vertex 17.661052703857422 44.832889556884766 0
      vertex 17.661052703857422 44.832889556884766 0.6
      vertex 17.530805587768555 44.84571838378906 0.6
    endloop
  endfacet
  facet normal -0.47140345997625654 -0.8819176707167251 0
    outer loop
      vertex 18.399999618530273 44.58205032348633 0
      vertex 18.399999618530273 44.58205032348633 0.6
      vertex 18.284578323364258 44.64374542236328 0.6
    endloop
  endfacet
  facet normal -0.5280613927060487 -0.849206197300366 0
    outer loop
      vertex 18.511140823364258 44.512939453125 0
      vertex 18.511140823364258 44.512939453125 0.6
      vertex 18.399999618530273 44.58205032348633 0.6
    endloop
  endfacet
  facet normal -0.8819237295744723 -0.47139212468331804 0
    outer loop
      vertex 19.193744659423828 43.73457717895508 0
      vertex 19.193744659423828 43.73457717895508 0.6
      vertex 19.132051467895508 43.849998474121094 0.6
    endloop
  endfacet
  facet normal -0.9359092728802613 -0.35224115735776884 0
    outer loop
      vertex 19.293859481811523 43.49287796020508 0
      vertex 19.293859481811523 43.49287796020508 0.6
      vertex 19.247758865356445 43.6153678894043 0.6
    endloop
  endfacet
  facet normal -0.9108604368412392 -0.41271450737451276 0
    outer loop
      vertex 19.247758865356445 43.6153678894043 0
      vertex 19.247758865356445 43.6153678894043 0.6
      vertex 19.193744659423828 43.73457717895508 0.6
    endloop
  endfacet
  facet normal -0.8491996619829181 -0.5280719023846068 0
    outer loop
      vertex 19.132051467895508 43.849998474121094 0
      vertex 19.132051467895508 43.849998474121094 0.6
      vertex 19.062938690185547 43.96113967895508 0.6
    endloop
  endfacet
  facet normal -0.8128502475553504 -0.5824727247255495 0
    outer loop
      vertex 19.062938690185547 43.96113967895508 0
      vertex 19.062938690185547 43.96113967895508 0.6
      vertex 18.986705780029297 44.06752395629883 0.6
    endloop
  endfacet
  facet normal -0.7730018988569759 -0.6344037077157647 0
    outer loop
      vertex 18.986705780029297 44.06752395629883 0
      vertex 18.986705780029297 44.06752395629883 0.6
      vertex 18.90367889404297 44.1686897277832 0.6
    endloop
  endfacet
  facet normal -0.7298707023622205 -0.6835852235334515 0
    outer loop
      vertex 18.90367889404297 44.1686897277832 0
      vertex 18.90367889404297 44.1686897277832 0.6
      vertex 18.814212799072266 44.26421356201172 0.6
    endloop
  endfacet
  facet normal -0.6835924947228629 -0.7298638922145503 0
    outer loop
      vertex 18.814212799072266 44.26421356201172 0
      vertex 18.814212799072266 44.26421356201172 0.6
      vertex 18.718690872192383 44.35367965698242 0.6
    endloop
  endfacet
  facet normal -0.5824796247898304 -0.8128453030587668 0
    outer loop
      vertex 18.617523193359375 44.43670654296875 0
      vertex 18.617523193359375 44.43670654296875 0.6
      vertex 18.511140823364258 44.512939453125 0.6
    endloop
  endfacet
  facet normal -0.6343965607767922 -0.7730077643042 0
    outer loop
      vertex 18.718690872192383 44.35367965698242 0
      vertex 18.718690872192383 44.35367965698242 0.6
      vertex 18.617523193359375 44.43670654296875 0.6
    endloop
  endfacet
  facet normal -0.162905188138575 -0.9866417281250248 0
    outer loop
      vertex 17.790180206298828 44.81156921386719 0
      vertex 17.790180206298828 44.81156921386719 0.6
      vertex 17.661052703857422 44.832889556884766 0.6
    endloop
  endfacet
  facet normal -0.22705684794691494 -0.9738815060367516 0
    outer loop
      vertex 17.917638778686523 44.78185272216797 0
      vertex 17.917638778686523 44.78185272216797 0.6
      vertex 17.790180206298828 44.81156921386719 0.6
    endloop
  endfacet
  facet normal -0.29028000707233076 -0.9569417524040257 0
    outer loop
      vertex 18.042879104614258 44.74386215209961 0
      vertex 18.042879104614258 44.74386215209961 0.6
      vertex 17.917638778686523 44.78185272216797 0.6
    endloop
  endfacet
  facet normal -0.35227149224998455 -0.9358978554030184 0
    outer loop
      vertex 18.165367126464844 44.697757720947266 0
      vertex 18.165367126464844 44.697757720947266 0.6
      vertex 18.042879104614258 44.74386215209961 0.6
    endloop
  endfacet
  facet normal -0.4126969374076416 -0.9108683976592629 0
    outer loop
      vertex 18.284578323364258 44.64374542236328 0
      vertex 18.284578323364258 44.64374542236328 0.6
      vertex 18.165367126464844 44.697757720947266 0.6
    endloop
  endfacet
  facet normal 0 0 -1
    outer loop
      vertex 63.269195556640625 16.254281997680664 0
      vertex 59.86446609406726 14.714466094067262 0
      vertex 59.64080096260511 14.953270924499655 0
    endloop
  endfacet
  facet normal 0 0 -1
    outer loop
      vertex 63.269195556640625 16.254281997680664 0
      vertex 60.3561928549564 14.283233298543824 0
      vertex 60.103270924499654 14.490800962605114 0
    endloop
  endfacet
  facet normal 0 0 -1
    outer loop
      vertex 63.269195556640625 16.254281997680664 0
      vertex 60.103270924499654 14.490800962605114 0
      vertex 59.86446609406726 14.714466094067262 0
    endloop
  endfacet
  facet normal 0 0 -1
    outer loop
      vertex 61.737060546875 17.138858795166016 0
      vertex 58.496073597983845 17.27454838991936 0
      vertex 58.44277569313095 17.597369038899743 0
    endloop
  endfacet
  facet normal 0 0 -1
    outer loop
      vertex 63.269195556640625 16.254281997680664 0
      vertex 59.06987298107781 15.75 0
      vertex 58.91563629233656 16.038556548904992 0
    endloop
  endfacet
  facet normal 0 0 -1
    outer loop
      vertex 63.269195556640625 16.254281997680664 0
      vertex 58.91563629233656 16.038556548904992 0
      vertex 58.78060233744357 16.33658283817455 0
    endloop
  endfacet
  facet normal 0 0 -1
    outer loop
      vertex 63.269195556640625 16.254281997680664 0
      vertex 58.78060233744357 16.33658283817455 0
      vertex 58.66534935252447 16.64280267348419 0
    endloop
  endfacet
  facet normal 0 0 -1
    outer loop
      vertex 63.269195556640625 16.254281997680664 0
      vertex 59.433233298543826 15.206192854956397 0
      vertex 59.24265193848727 15.47214883490199 0
    endloop
  endfacet
  facet normal 0 0 -1
    outer loop
      vertex 63.269195556640625 16.254281997680664 0
      vertex 59.64080096260511 14.953270924499655 0
      vertex 59.433233298543826 15.206192854956397 0
    endloop
  endfacet
  facet normal 0 0 -1
    outer loop
      vertex 63.269195556640625 16.254281997680664 0
      vertex 59.24265193848727 15.47214883490199 0
      vertex 59.06987298107781 15.75 0
    endloop
  endfacet
  facet normal 0 0 -1
    outer loop
      vertex 62.75712203979492 16.35614013671875 0
      vertex 58.66534935252447 16.64280267348419 0
      vertex 58.570370868554654 16.955904774487397 0
    endloop
  endfacet
  facet normal 0 0 -1
    outer loop
      vertex 62.0813102722168 16.746320724487305 0
      vertex 58.570370868554654 16.955904774487397 0
      vertex 58.496073597983845 17.27454838991936 0
    endloop
  endfacet
  facet normal 0 0 -1
    outer loop
      vertex 62.18247604370117 16.663293838500977 0
      vertex 58.570370868554654 16.955904774487397 0
      vertex 62.0813102722168 16.746320724487305 0
    endloop
  endfacet
  facet normal 0 0 -1
    outer loop
      vertex 61.89632034301758 16.93130874633789 0
      vertex 61.98578643798828 16.835786819458008 0
      vertex 58.496073597983845 17.27454838991936 0
    endloop
  endfacet
  facet normal 0 0 -1
    outer loop
      vertex 62.0813102722168 16.746320724487305 0
      vertex 58.496073597983845 17.27454838991936 0
      vertex 61.98578643798828 16.835786819458008 0
    endloop
  endfacet
  facet normal 0 0 -1
    outer loop
      vertex 62.18247604370117 16.663293838500977 0
      vertex 62.28886032104492 16.587060928344727 0
      vertex 58.570370868554654 16.955904774487397 0
    endloop
  endfacet
  facet normal 0 0 -1
    outer loop
      vertex 62.28886032104492 16.587060928344727 0
      vertex 62.400001525878906 16.5179500579834 0
      vertex 58.570370868554654 16.955904774487397 0
    endloop
  endfacet
  facet normal 0 0 -1
    outer loop
      vertex 62.400001525878906 16.5179500579834 0
      vertex 62.51542282104492 16.456254959106445 0
      vertex 58.570370868554654 16.955904774487397 0
    endloop
  endfacet
  facet normal 0 0 -1
    outer loop
      vertex 62.6346321105957 16.402240753173828 0
      vertex 58.570370868554654 16.955904774487397 0
      vertex 62.51542282104492 16.456254959106445 0
    endloop
  endfacet
  facet normal 0 0 -1
    outer loop
      vertex 62.6346321105957 16.402240753173828 0
      vertex 62.75712203979492 16.35614013671875 0
      vertex 58.570370868554654 16.955904774487397 0
    endloop
  endfacet
  facet normal 0 0 -1
    outer loop
      vertex 61.89632034301758 16.93130874633789 0
      vertex 58.496073597983845 17.27454838991936 0
      vertex 61.81329345703125 17.0324764251709 0
    endloop
  endfacet
  facet normal 0 0 -1
    outer loop
      vertex 61.737060546875 17.138858795166016 0
      vertex 61.81329345703125 17.0324764251709 0
      vertex 58.496073597983845 17.27454838991936 0
    endloop
  endfacet
  facet normal 0 0 -1
    outer loop
      vertex 61.737060546875 17.138858795166016 0
      vertex 58.44277569313095 17.597369038899743 0
      vertex 61.66794967651367 17.25 0
    endloop
  endfacet
  facet normal 0 0 -1
    outer loop
      vertex 61.66794967651367 17.25 0
      vertex 58.44277569313095 17.597369038899743 0
      vertex 58.410705383806985 17.922984353849284 0
    endloop
  endfacet
  facet normal 0 0 -1
    outer loop
      vertex 61.66794967651367 17.25 0
      vertex 58.410705383806985 17.922984353849284 0
      vertex 58.4 18.25 0
    endloop
  endfacet
  facet normal 0 0 -1
    outer loop
      vertex 61.66794967651367 17.25 0
      vertex 58.4 18.25 0
      vertex 58.410705383806985 18.577015646150716 0
    endloop
  endfacet
  facet normal 0 0 -1
    outer loop
      vertex 61.66794967651367 17.25 0
      vertex 58.410705383806985 18.577015646150716 0
      vertex 58.44277569313095 18.902630961100257 0
    endloop
  endfacet
  facet normal 0 0 -1
    outer loop
      vertex 61.66794967651367 17.25 0
      vertex 58.44277569313095 18.902630961100257 0
      vertex 58.496073597983845 19.22545161008064 0
    endloop
  endfacet
  facet normal 0 0 -1
    outer loop
      vertex 61.66794967651367 17.25 0
      vertex 58.496073597983845 19.22545161008064 0
      vertex 58.570370868554654 19.544095225512603 0
    endloop
  endfacet
  facet normal 0 0 -1
    outer loop
      vertex 61.66794967651367 17.25 0
      vertex 58.570370868554654 19.544095225512603 0
      vertex 58.66534935252447 19.85719732651581 0
    endloop
  endfacet
  facet normal 0 0 -1
    outer loop
      vertex 61.60625457763672 17.36542320251465 0
      vertex 58.66534935252447 19.85719732651581 0
      vertex 61.552242279052734 17.48463249206543 0
    endloop
  endfacet
  facet normal 0 0 -1
    outer loop
      vertex 61.66794967651367 17.25 0
      vertex 58.66534935252447 19.85719732651581 0
      vertex 61.60625457763672 17.36542320251465 0
    endloop
  endfacet
  facet normal 0 0 -1
    outer loop
      vertex 61.50613784790039 17.607120513916016 0
      vertex 61.552242279052734 17.48463249206543 0
      vertex 58.66534935252447 19.85719732651581 0
    endloop
  endfacet
  facet normal 0 0 -1
    outer loop
      vertex 61.50613784790039 17.607120513916016 0
      vertex 58.78060233744357 20.16341716182545 0
      vertex 61.46814727783203 17.732362747192383 0
    endloop
  endfacet
  facet normal 0 0 -1
    outer loop
      vertex 61.46814727783203 17.732362747192383 0
      vertex 58.78060233744357 20.16341716182545 0
      vertex 61.43843078613281 17.859819412231445 0
    endloop
  endfacet
  facet normal 0 0 -1
    outer loop
      vertex 61.50613784790039 17.607120513916016 0
      vertex 58.66534935252447 19.85719732651581 0
      vertex 58.78060233744357 20.16341716182545 0
    endloop
  endfacet
  facet normal 0 0 -1
    outer loop
      vertex 61.40428161621094 18.11919403076172 0
      vertex 58.78060233744357 20.16341716182545 0
      vertex 58.91563629233656 20.461443451095008 0
    endloop
  endfacet
  facet normal 0 0 -1
    outer loop
      vertex 61.43843078613281 17.859819412231445 0
      vertex 58.78060233744357 20.16341716182545 0
      vertex 61.417110443115234 17.98894691467285 0
    endloop
  endfacet
  facet normal 0 0 -1
    outer loop
      vertex 61.417110443115234 17.98894691467285 0
      vertex 58.78060233744357 20.16341716182545 0
      vertex 61.40428161621094 18.11919403076172 0
    endloop
  endfacet
  facet normal 0 0 -1
    outer loop
      vertex 61.40428161621094 18.11919403076172 0
      vertex 58.91563629233656 20.461443451095008 0
      vertex 61.400001525878906 18.25 0
    endloop
  endfacet
  facet normal 0 0 -1
    outer loop
      vertex 61.400001525878906 18.25 0
      vertex 58.91563629233656 20.461443451095008 0
      vertex 61.40428161621094 18.38080596923828 0
    endloop
  endfacet
  facet normal 0 0 -1
    outer loop
      vertex 61.40428161621094 18.38080596923828 0
      vertex 58.91563629233656 20.461443451095008 0
      vertex 61.417110443115234 18.51105308532715 0
    endloop
  endfacet
  facet normal 0 0 -1
    outer loop
      vertex 61.417110443115234 18.51105308532715 0
      vertex 59.06987298107781 20.75 0
      vertex 61.43843078613281 18.640180587768555 0
    endloop
  endfacet
  facet normal 0 0 -1
    outer loop
      vertex 61.43843078613281 18.640180587768555 0
      vertex 59.06987298107781 20.75 0
      vertex 61.46814727783203 18.767637252807617 0
    endloop
  endfacet
  facet normal 0 0 -1
    outer loop
      vertex 61.46814727783203 18.767637252807617 0
      vertex 59.06987298107781 20.75 0
      vertex 61.50613784790039 18.892879486083984 0
    endloop
  endfacet
  facet normal 0 0 -1
    outer loop
      vertex 61.50613784790039 18.892879486083984 0
      vertex 59.24265193848727 21.02785116509801 0
      vertex 61.552242279052734 19.01536750793457 0
    endloop
  endfacet
  facet normal 0 0 -1
    outer loop
      vertex 61.552242279052734 19.01536750793457 0
      vertex 59.24265193848727 21.02785116509801 0
      vertex 61.60625457763672 19.13457679748535 0
    endloop
  endfacet
  facet normal 0 0 -1
    outer loop
      vertex 61.417110443115234 18.51105308532715 0
      vertex 58.91563629233656 20.461443451095008 0
      vertex 59.06987298107781 20.75 0
    endloop
  endfacet
  facet normal 0 0 -1
    outer loop
      vertex 61.50613784790039 18.892879486083984 0
      vertex 59.06987298107781 20.75 0
      vertex 59.24265193848727 21.02785116509801 0
    endloop
  endfacet
  facet normal 0 0 -1
    outer loop
      vertex 61.66794967651367 19.25 0
      vertex 59.24265193848727 21.02785116509801 0
      vertex 59.433233298543826 21.2938071450436 0
    endloop
  endfacet
  facet normal 0 0 -1
    outer loop
      vertex 61.81329345703125 19.4675235748291 0
      vertex 59.433233298543826 21.2938071450436 0
      vertex 59.64080096260511 21.546729075500345 0
    endloop
  endfacet
  facet normal 0 0 -1
    outer loop
      vertex 61.60625457763672 19.13457679748535 0
      vertex 59.24265193848727 21.02785116509801 0
      vertex 61.66794967651367 19.25 0
    endloop
  endfacet
  facet normal 0 0 -1
    outer loop
      vertex 61.66794967651367 19.25 0
      vertex 59.433233298543826 21.2938071450436 0
      vertex 61.737060546875 19.361141204833984 0
    endloop
  endfacet
  facet normal 0 0 -1
    outer loop
      vertex 61.737060546875 19.361141204833984 0
      vertex 59.433233298543826 21.2938071450436 0
      vertex 61.81329345703125 19.4675235748291 0
    endloop
  endfacet
  facet normal 0 0 -1
    outer loop
      vertex 61.81329345703125 19.4675235748291 0
      vertex 59.64080096260511 21.546729075500345 0
      vertex 61.89632034301758 19.56869125366211 0
    endloop
  endfacet
  facet normal 0 0 -1
    outer loop
      vertex 61.89632034301758 19.56869125366211 0
      vertex 59.64080096260511 21.546729075500345 0
      vertex 61.98578643798828 19.664213180541992 0
    endloop
  endfacet
  facet normal 0 0 -1
    outer loop
      vertex 61.98578643798828 19.664213180541992 0
      vertex 59.86446609406726 21.785533905932738 0
      vertex 62.0813102722168 19.753679275512695 0
    endloop
  endfacet
  facet normal 0 0 -1
    outer loop
      vertex 62.0813102722168 19.753679275512695 0
      vertex 59.86446609406726 21.785533905932738 0
      vertex 62.18247604370117 19.836706161499023 0
    endloop
  endfacet
  facet normal 0 0 -1
    outer loop
      vertex 61.98578643798828 19.664213180541992 0
      vertex 59.64080096260511 21.546729075500345 0
      vertex 59.86446609406726 21.785533905932738 0
    endloop
  endfacet
  facet normal 0 0 -1
    outer loop
      vertex 62.28886032104492 19.912939071655273 0
      vertex 59.86446609406726 21.785533905932738 0
      vertex 60.103270924499654 22.009199037394886 0
    endloop
  endfacet
  facet normal 0 0 -1
    outer loop
      vertex 62.51542282104492 20.043745040893555 0
      vertex 60.103270924499654 22.009199037394886 0
      vertex 60.3561928549564 22.216766701456176 0
    endloop
  endfacet
  facet normal 0 0 -1
    outer loop
      vertex 62.51542282104492 20.043745040893555 0
      vertex 60.3561928549564 22.216766701456176 0
      vertex 60.622148834901985 22.407348061512728 0
    endloop
  endfacet
  facet normal 0 0 -1
    outer loop
      vertex 62.51542282104492 20.043745040893555 0
      vertex 60.622148834901985 22.407348061512728 0
      vertex 60.9 22.58012701892219 0
    endloop
  endfacet
  facet normal 0 0 -1
    outer loop
      vertex 63.269195556640625 16.254281997680664 0
      vertex 62.74736903889974 13.292775693130949 0
      vertex 62.42454838991936 13.346073597983848 0
    endloop
  endfacet
  facet normal 0 0 -1
    outer loop
      vertex 63.269195556640625 16.254281997680664 0
      vertex 63.072984353849286 13.260705383806982 0
      vertex 62.74736903889974 13.292775693130949 0
    endloop
  endfacet
  facet normal 0 0 -1
    outer loop
      vertex 63.269195556640625 16.254281997680664 0
      vertex 60.9 13.919872981077807 0
      vertex 60.622148834901985 14.092651938487274 0
    endloop
  endfacet
  facet normal 0 0 -1
    outer loop
      vertex 63.269195556640625 16.254281997680664 0
      vertex 61.18855654890499 13.76563629233656 0
      vertex 60.9 13.919872981077807 0
    endloop
  endfacet
  facet normal 0 0 -1
    outer loop
      vertex 63.269195556640625 16.254281997680664 0
      vertex 61.48658283817455 13.630602337443566 0
      vertex 61.18855654890499 13.76563629233656 0
    endloop
  endfacet
  facet normal 0 0 -1
    outer loop
      vertex 63.269195556640625 16.254281997680664 0
      vertex 61.79280267348419 13.51534935252447 0
      vertex 61.48658283817455 13.630602337443566 0
    endloop
  endfacet
  facet normal 0 0 -1
    outer loop
      vertex 63.269195556640625 16.254281997680664 0
      vertex 60.622148834901985 14.092651938487274 0
      vertex 60.3561928549564 14.283233298543824 0
    endloop
  endfacet
  facet normal 0 0 -1
    outer loop
      vertex 63.269195556640625 16.254281997680664 0
      vertex 62.10590477448739 13.42037086855466 0
      vertex 61.79280267348419 13.51534935252447 0
    endloop
  endfacet
  facet normal 0 0 -1
    outer loop
      vertex 63.269195556640625 16.254281997680664 0
      vertex 62.42454838991936 13.346073597983848 0
      vertex 62.10590477448739 13.42037086855466 0
    endloop
  endfacet
  facet normal 0 0 -1
    outer loop
      vertex 63.269195556640625 16.254281997680664 0
      vertex 63.4 13.25 0
      vertex 63.072984353849286 13.260705383806982 0
    endloop
  endfacet
  facet normal 0 0 -1
    outer loop
      vertex 63.269195556640625 16.254281997680664 0
      vertex 63.72701564615071 13.260705383806982 0
      vertex 63.4 13.25 0
    endloop
  endfacet
  facet normal 0 0 -1
    outer loop
      vertex 63.269195556640625 16.254281997680664 0
      vertex 64.05263096110026 13.292775693130949 0
      vertex 63.72701564615071 13.260705383806982 0
    endloop
  endfacet
  facet normal 0 0 -1
    outer loop
      vertex 63.269195556640625 16.254281997680664 0
      vertex 64.37545161008065 13.346073597983848 0
      vertex 64.05263096110026 13.292775693130949 0
    endloop
  endfacet
  facet normal 0 0 -1
    outer loop
      vertex 63.269195556640625 16.254281997680664 0
      vertex 64.6940952255126 13.42037086855466 0
      vertex 64.37545161008065 13.346073597983848 0
    endloop
  endfacet
  facet normal 0 0 -1
    outer loop
      vertex 63.269195556640625 16.254281997680664 0
      vertex 65.00719732651581 13.51534935252447 0
      vertex 64.6940952255126 13.42037086855466 0
    endloop
  endfacet
  facet normal 0 0 -1
    outer loop
      vertex 63.269195556640625 16.254281997680664 0
      vertex 65.31341716182544 13.630602337443566 0
      vertex 65.00719732651581 13.51534935252447 0
    endloop
  endfacet
  facet normal 0 0 -1
    outer loop
      vertex 63.269195556640625 16.254281997680664 0
      vertex 65.611443451095 13.76563629233656 0
      vertex 65.31341716182544 13.630602337443566 0
    endloop
  endfacet
  facet normal 0 0 -1
    outer loop
      vertex 62.75712203979492 16.35614013671875 0
      vertex 62.882362365722656 16.318147659301758 0
      vertex 58.66534935252447 16.64280267348419 0
    endloop
  endfacet
  facet normal 0 0 -1
    outer loop
      vertex 62.882362365722656 16.318147659301758 0
      vertex 63.00981903076172 16.288429260253906 0
      vertex 58.66534935252447 16.64280267348419 0
    endloop
  endfacet
  facet normal 0 0 -1
    outer loop
      vertex 63.138946533203125 16.26711082458496 0
      vertex 58.66534935252447 16.64280267348419 0
      vertex 63.00981903076172 16.288429260253906 0
    endloop
  endfacet
  facet normal 0 0 -1
    outer loop
      vertex 63.138946533203125 16.26711082458496 0
      vertex 63.269195556640625 16.254281997680664 0
      vertex 58.66534935252447 16.64280267348419 0
    endloop
  endfacet
  facet normal 0 0 -1
    outer loop
      vertex 63.269195556640625 16.254281997680664 0
      vertex 63.400001525878906 16.25 0
      vertex 66.69672907550034 14.490800962605114 0
    endloop
  endfacet
  facet normal 0 0 -1
    outer loop
      vertex 63.400001525878906 16.25 0
      vertex 63.53080749511719 16.254281997680664 0
      vertex 66.69672907550034 14.490800962605114 0
    endloop
  endfacet
  facet normal 0 0 -1
    outer loop
      vertex 63.53080749511719 16.254281997680664 0
      vertex 63.66105270385742 16.26711082458496 0
      vertex 66.69672907550034 14.490800962605114 0
    endloop
  endfacet
  facet normal 0 0 -1
    outer loop
      vertex 63.66105270385742 16.26711082458496 0
      vertex 63.79018020629883 16.288429260253906 0
      vertex 66.93553390593274 14.714466094067262 0
    endloop
  endfacet
  facet normal 0 0 -1
    outer loop
      vertex 63.79018020629883 16.288429260253906 0
      vertex 63.91763687133789 16.318147659301758 0
      vertex 66.93553390593274 14.714466094067262 0
    endloop
  endfacet
  facet normal 0 0 -1
    outer loop
      vertex 63.269195556640625 16.254281997680664 0
      vertex 65.9 13.919872981077807 0
      vertex 65.611443451095 13.76563629233656 0
    endloop
  endfacet
  facet normal 0 0 -1
    outer loop
      vertex 63.269195556640625 16.254281997680664 0
      vertex 66.177851165098 14.092651938487274 0
      vertex 65.9 13.919872981077807 0
    endloop
  endfacet
  facet normal 0 0 -1
    outer loop
      vertex 63.269195556640625 16.254281997680664 0
      vertex 66.4438071450436 14.283233298543824 0
      vertex 66.177851165098 14.092651938487274 0
    endloop
  endfacet
  facet normal 0 0 -1
    outer loop
      vertex 63.269195556640625 16.254281997680664 0
      vertex 66.69672907550034 14.490800962605114 0
      vertex 66.4438071450436 14.283233298543824 0
    endloop
  endfacet
  facet normal 0 0 -1
    outer loop
      vertex 63.66105270385742 16.26711082458496 0
      vertex 66.93553390593274 14.714466094067262 0
      vertex 66.69672907550034 14.490800962605114 0
    endloop
  endfacet
  facet normal 0 0 -1
    outer loop
      vertex 64.28457641601562 16.456254959106445 0
      vertex 67.15919903739488 14.953270924499655 0
      vertex 66.93553390593274 14.714466094067262 0
    endloop
  endfacet
  facet normal 0 0 -1
    outer loop
      vertex 63.91763687133789 16.318147659301758 0
      vertex 64.04287719726562 16.35614013671875 0
      vertex 66.93553390593274 14.714466094067262 0
    endloop
  endfacet
  facet normal 0 0 -1
    outer loop
      vertex 64.04287719726562 16.35614013671875 0
      vertex 64.16536712646484 16.402240753173828 0
      vertex 66.93553390593274 14.714466094067262 0
    endloop
  endfacet
  facet normal 0 0 -1
    outer loop
      vertex 64.16536712646484 16.402240753173828 0
      vertex 64.28457641601562 16.456254959106445 0
      vertex 66.93553390593274 14.714466094067262 0
    endloop
  endfacet
  facet normal 0 0 -1
    outer loop
      vertex 64.28457641601562 16.456254959106445 0
      vertex 64.4000015258789 16.5179500579834 0
      vertex 67.15919903739488 14.953270924499655 0
    endloop
  endfacet
  facet normal 0 0 -1
    outer loop
      vertex 64.4000015258789 16.5179500579834 0
      vertex 64.51113891601562 16.587060928344727 0
      vertex 67.15919903739488 14.953270924499655 0
    endloop
  endfacet
  facet normal 0 0 -1
    outer loop
      vertex 64.51113891601562 16.587060928344727 0
      vertex 64.61752319335938 16.663293838500977 0
      vertex 67.15919903739488 14.953270924499655 0
    endloop
  endfacet
  facet normal 0 0 -1
    outer loop
      vertex 64.61752319335938 16.663293838500977 0
      vertex 64.71868896484375 16.746320724487305 0
      vertex 67.36676670145617 15.206192854956397 0
    endloop
  endfacet
  facet normal 0 0 -1
    outer loop
      vertex 64.71868896484375 16.746320724487305 0
      vertex 64.81421661376953 16.835786819458008 0
      vertex 67.36676670145617 15.206192854956397 0
    endloop
  endfacet
  facet normal 0 0 -1
    outer loop
      vertex 64.81421661376953 16.835786819458008 0
      vertex 64.90367889404297 16.93130874633789 0
      vertex 67.36676670145617 15.206192854956397 0
    endloop
  endfacet
  facet normal 0 0 -1
    outer loop
      vertex 64.90367889404297 16.93130874633789 0
      vertex 64.98670959472656 17.0324764251709 0
      vertex 67.36676670145617 15.206192854956397 0
    endloop
  endfacet
  facet normal 0 0 -1
    outer loop
      vertex 64.61752319335938 16.663293838500977 0
      vertex 67.36676670145617 15.206192854956397 0
      vertex 67.15919903739488 14.953270924499655 0
    endloop
  endfacet
  facet normal 0 0 -1
    outer loop
      vertex 64.98670959472656 17.0324764251709 0
      vertex 67.55734806151273 15.47214883490199 0
      vertex 67.36676670145617 15.206192854956397 0
    endloop
  endfacet
  facet normal 0 0 -1
    outer loop
      vertex 64.98670959472656 17.0324764251709 0
      vertex 65.06294250488281 17.138858795166016 0
      vertex 67.55734806151273 15.47214883490199 0
    endloop
  endfacet
  facet normal 0 0 -1
    outer loop
      vertex 65.06294250488281 17.138858795166016 0
      vertex 65.13204956054688 17.25 0
      vertex 67.55734806151273 15.47214883490199 0
    endloop
  endfacet
  facet normal 0 0 -1
    outer loop
      vertex 65.13204956054688 17.25 0
      vertex 65.1937484741211 17.36542320251465 0
      vertex 67.55734806151273 15.47214883490199 0
    endloop
  endfacet
  facet normal 0 0 -1
    outer loop
      vertex 65.1937484741211 17.36542320251465 0
      vertex 65.24775695800781 17.48463249206543 0
      vertex 67.73012701892219 15.75 0
    endloop
  endfacet
  facet normal 0 0 -1
    outer loop
      vertex 65.24775695800781 17.48463249206543 0
      vertex 65.29386138916016 17.607120513916016 0
      vertex 67.73012701892219 15.75 0
    endloop
  endfacet
  facet normal 0 0 -1
    outer loop
      vertex 65.29386138916016 17.607120513916016 0
      vertex 65.33184814453125 17.732362747192383 0
      vertex 67.73012701892219 15.75 0
    endloop
  endfacet
  facet normal 0 0 -1
    outer loop
      vertex 65.33184814453125 17.732362747192383 0
      vertex 65.361572265625 17.859819412231445 0
      vertex 67.73012701892219 15.75 0
    endloop
  endfacet
  facet normal 0 0 -1
    outer loop
      vertex 65.361572265625 17.859819412231445 0
      vertex 65.38288879394531 17.98894691467285 0
      vertex 67.88436370766344 16.038556548904992 0
    endloop
  endfacet
  facet normal 0 0 -1
    outer loop
      vertex 65.38288879394531 17.98894691467285 0
      vertex 65.39572143554688 18.11919403076172 0
      vertex 67.88436370766344 16.038556548904992 0
    endloop
  endfacet
  facet normal 0 0 -1
    outer loop
      vertex 65.1937484741211 17.36542320251465 0
      vertex 67.73012701892219 15.75 0
      vertex 67.55734806151273 15.47214883490199 0
    endloop
  endfacet
  facet normal 0 0 -1
    outer loop
      vertex 65.361572265625 17.859819412231445 0
      vertex 67.88436370766344 16.038556548904992 0
      vertex 67.73012701892219 15.75 0
    endloop
  endfacet
  facet normal 0 0 -1
    outer loop
      vertex 65.39572143554688 18.11919403076172 0
      vertex 68.01939766255643 16.33658283817455 0
      vertex 67.88436370766344 16.038556548904992 0
    endloop
  endfacet
  facet normal 0 0 -1
    outer loop
      vertex 65.39572143554688 18.11919403076172 0
      vertex 68.13465064747552 16.64280267348419 0
      vertex 68.01939766255643 16.33658283817455 0
    endloop
  endfacet
  facet normal 0 0 -1
    outer loop
      vertex 65.39572143554688 18.11919403076172 0
      vertex 68.22962913144534 16.955904774487397 0
      vertex 68.13465064747552 16.64280267348419 0
    endloop
  endfacet
  facet normal 0 0 -1
    outer loop
      vertex 65.39572143554688 18.38080596923828 0
      vertex 68.30392640201615 17.27454838991936 0
      vertex 68.22962913144534 16.955904774487397 0
    endloop
  endfacet
  facet normal 0 0 -1
    outer loop
      vertex 62.18247604370117 19.836706161499023 0
      vertex 59.86446609406726 21.785533905932738 0
      vertex 62.28886032104492 19.912939071655273 0
    endloop
  endfacet
  facet normal 0 0 -1
    outer loop
      vertex 62.28886032104492 19.912939071655273 0
      vertex 60.103270924499654 22.009199037394886 0
      vertex 62.400001525878906 19.9820499420166 0
    endloop
  endfacet
  facet normal 0 0 -1
    outer loop
      vertex 62.400001525878906 19.9820499420166 0
      vertex 60.103270924499654 22.009199037394886 0
      vertex 62.51542282104492 20.043745040893555 0
    endloop
  endfacet
  facet normal 0 0 -1
    outer loop
      vertex 62.51542282104492 20.043745040893555 0
      vertex 60.9 22.58012701892219 0
      vertex 61.18855654890499 22.73436370766344 0
    endloop
  endfacet
  facet normal 0 0 -1
    outer loop
      vertex 62.51542282104492 20.043745040893555 0
      vertex 61.18855654890499 22.73436370766344 0
      vertex 61.48658283817455 22.869397662556434 0
    endloop
  endfacet
  facet normal 0 0 -1
    outer loop
      vertex 62.51542282104492 20.043745040893555 0
      vertex 62.74736903889974 23.20722430686905 0
      vertex 62.6346321105957 20.097759246826172 0
    endloop
  endfacet
  facet normal 0 0 -1
    outer loop
      vertex 62.6346321105957 20.097759246826172 0
      vertex 62.74736903889974 23.20722430686905 0
      vertex 62.75712203979492 20.14385986328125 0
    endloop
  endfacet
  facet normal 0 0 -1
    outer loop
      vertex 62.75712203979492 20.14385986328125 0
      vertex 63.072984353849286 23.239294616193018 0
      vertex 62.882362365722656 20.181852340698242 0
    endloop
  endfacet
  facet normal 0 0 -1
    outer loop
      vertex 62.882362365722656 20.181852340698242 0
      vertex 63.072984353849286 23.239294616193018 0
      vertex 63.00981903076172 20.211570739746094 0
    endloop
  endfacet
  facet normal 0 0 -1
    outer loop
      vertex 63.00981903076172 20.211570739746094 0
      vertex 63.072984353849286 23.239294616193018 0
      vertex 63.138946533203125 20.23288917541504 0
    endloop
  endfacet
  facet normal 0 0 -1
    outer loop
      vertex 64.71868896484375 19.753679275512695 0
      vertex 65.00719732651581 22.98465064747553 0
      vertex 64.81421661376953 19.664213180541992 0
    endloop
  endfacet
  facet normal 0 0 -1
    outer loop
      vertex 63.138946533203125 20.23288917541504 0
      vertex 63.4 23.25 0
      vertex 63.269195556640625 20.245718002319336 0
    endloop
  endfacet
  facet normal 0 0 -1
    outer loop
      vertex 63.269195556640625 20.245718002319336 0
      vertex 63.4 23.25 0
      vertex 63.400001525878906 20.25 0
    endloop
  endfacet
  facet normal 0 0 -1
    outer loop
      vertex 63.400001525878906 20.25 0
      vertex 63.72701564615071 23.239294616193018 0
      vertex 63.53080749511719 20.245718002319336 0
    endloop
  endfacet
  facet normal 0 0 -1
    outer loop
      vertex 63.53080749511719 20.245718002319336 0
      vertex 63.72701564615071 23.239294616193018 0
      vertex 63.66105270385742 20.23288917541504 0
    endloop
  endfacet
  facet normal 0 0 -1
    outer loop
      vertex 63.66105270385742 20.23288917541504 0
      vertex 64.05263096110026 23.20722430686905 0
      vertex 63.79018020629883 20.211570739746094 0
    endloop
  endfacet
  facet normal 0 0 -1
    outer loop
      vertex 63.79018020629883 20.211570739746094 0
      vertex 64.05263096110026 23.20722430686905 0
      vertex 63.91763687133789 20.181852340698242 0
    endloop
  endfacet
  facet normal 0 0 -1
    outer loop
      vertex 63.91763687133789 20.181852340698242 0
      vertex 64.05263096110026 23.20722430686905 0
      vertex 64.04287719726562 20.14385986328125 0
    endloop
  endfacet
  facet normal 0 0 -1
    outer loop
      vertex 64.28457641601562 20.043745040893555 0
      vertex 64.6940952255126 23.07962913144534 0
      vertex 64.4000015258789 19.9820499420166 0
    endloop
  endfacet
  facet normal 0 0 -1
    outer loop
      vertex 64.04287719726562 20.14385986328125 0
      vertex 64.37545161008065 23.153926402016154 0
      vertex 64.16536712646484 20.097759246826172 0
    endloop
  endfacet
  facet normal 0 0 -1
    outer loop
      vertex 64.16536712646484 20.097759246826172 0
      vertex 64.37545161008065 23.153926402016154 0
      vertex 64.28457641601562 20.043745040893555 0
    endloop
  endfacet
  facet normal 0 0 -1
    outer loop
      vertex 64.61752319335938 19.836706161499023 0
      vertex 64.51113891601562 19.912939071655273 0
      vertex 64.6940952255126 23.07962913144534 0
    endloop
  endfacet
  facet normal 0 0 -1
    outer loop
      vertex 64.4000015258789 19.9820499420166 0
      vertex 64.6940952255126 23.07962913144534 0
      vertex 64.51113891601562 19.912939071655273 0
    endloop
  endfacet
  facet normal 0 0 -1
    outer loop
      vertex 64.61752319335938 19.836706161499023 0
      vertex 65.00719732651581 22.98465064747553 0
      vertex 64.71868896484375 19.753679275512695 0
    endloop
  endfacet
  facet normal 0 0 -1
    outer loop
      vertex 65.39572143554688 18.11919403076172 0
      vertex 65.4000015258789 18.25 0
      vertex 68.22962913144534 16.955904774487397 0
    endloop
  endfacet
  facet normal 0 0 -1
    outer loop
      vertex 65.4000015258789 18.25 0
      vertex 65.39572143554688 18.38080596923828 0
      vertex 68.22962913144534 16.955904774487397 0
    endloop
  endfacet
  facet normal 0 0 -1
    outer loop
      vertex 65.39572143554688 18.38080596923828 0
      vertex 65.38288879394531 18.51105308532715 0
      vertex 68.30392640201615 17.27454838991936 0
    endloop
  endfacet
  facet normal 0 0 -1
    outer loop
      vertex 65.38288879394531 18.51105308532715 0
      vertex 65.361572265625 18.640180587768555 0
      vertex 68.30392640201615 17.27454838991936 0
    endloop
  endfacet
  facet normal 0 0 -1
    outer loop
      vertex 65.361572265625 18.640180587768555 0
      vertex 65.33184814453125 18.767637252807617 0
      vertex 68.30392640201615 17.27454838991936 0
    endloop
  endfacet
  facet normal 0 0 -1
    outer loop
      vertex 65.29386138916016 18.892879486083984 0
      vertex 65.24775695800781 19.01536750793457 0
      vertex 68.35722430686906 17.597369038899743 0
    endloop
  endfacet
  facet normal 0 0 -1
    outer loop
      vertex 65.33184814453125 18.767637252807617 0
      vertex 65.29386138916016 18.892879486083984 0
      vertex 68.35722430686906 17.597369038899743 0
    endloop
  endfacet
  facet normal 0 0 -1
    outer loop
      vertex 65.13204956054688 19.25 0
      vertex 65.06294250488281 19.361141204833984 0
      vertex 68.38929461619301 17.922984353849284 0
    endloop
  endfacet
  facet normal 0 0 -1
    outer loop
      vertex 65.1937484741211 19.13457679748535 0
      vertex 68.38929461619301 17.922984353849284 0
      vertex 65.24775695800781 19.01536750793457 0
    endloop
  endfacet
  facet normal 0 0 -1
    outer loop
      vertex 65.1937484741211 19.13457679748535 0
      vertex 65.13204956054688 19.25 0
      vertex 68.38929461619301 17.922984353849284 0
    endloop
  endfacet
  facet normal 0 0 -1
    outer loop
      vertex 65.33184814453125 18.767637252807617 0
      vertex 68.35722430686906 17.597369038899743 0
      vertex 68.30392640201615 17.27454838991936 0
    endloop
  endfacet
  facet normal 0 0 -1
    outer loop
      vertex 65.24775695800781 19.01536750793457 0
      vertex 68.38929461619301 17.922984353849284 0
      vertex 68.35722430686906 17.597369038899743 0
    endloop
  endfacet
  facet normal 0 0 -1
    outer loop
      vertex 65.06294250488281 19.361141204833984 0
      vertex 68.4 18.25 0
      vertex 68.38929461619301 17.922984353849284 0
    endloop
  endfacet
  facet normal 0 0 -1
    outer loop
      vertex 65.06294250488281 19.361141204833984 0
      vertex 68.38929461619301 18.577015646150716 0
      vertex 68.4 18.25 0
    endloop
  endfacet
  facet normal 0 0 -1
    outer loop
      vertex 65.06294250488281 19.361141204833984 0
      vertex 68.35722430686906 18.902630961100257 0
      vertex 68.38929461619301 18.577015646150716 0
    endloop
  endfacet
  facet normal 0 0 -1
    outer loop
      vertex 65.06294250488281 19.361141204833984 0
      vertex 68.30392640201615 19.22545161008064 0
      vertex 68.35722430686906 18.902630961100257 0
    endloop
  endfacet
  facet normal 0 0 -1
    outer loop
      vertex 65.06294250488281 19.361141204833984 0
      vertex 68.22962913144534 19.544095225512603 0
      vertex 68.30392640201615 19.22545161008064 0
    endloop
  endfacet
  facet normal 0 0 -1
    outer loop
      vertex 65.06294250488281 19.361141204833984 0
      vertex 68.13465064747552 19.85719732651581 0
      vertex 68.22962913144534 19.544095225512603 0
    endloop
  endfacet
  facet normal 0 0 -1
    outer loop
      vertex 64.98670959472656 19.4675235748291 0
      vertex 64.90367889404297 19.56869125366211 0
      vertex 65.00719732651581 22.98465064747553 0
    endloop
  endfacet
  facet normal 0 0 -1
    outer loop
      vertex 64.90367889404297 19.56869125366211 0
      vertex 64.81421661376953 19.664213180541992 0
      vertex 65.00719732651581 22.98465064747553 0
    endloop
  endfacet
  facet normal 0 0 -1
    outer loop
      vertex 64.98670959472656 19.4675235748291 0
      vertex 65.31341716182544 22.869397662556434 0
      vertex 65.06294250488281 19.361141204833984 0
    endloop
  endfacet
  facet normal 0 0 -1
    outer loop
      vertex 65.06294250488281 19.361141204833984 0
      vertex 67.15919903739488 21.546729075500345 0
      vertex 67.36676670145617 21.2938071450436 0
    endloop
  endfacet
  facet normal 0 0 -1
    outer loop
      vertex 64.98670959472656 19.4675235748291 0
      vertex 65.00719732651581 22.98465064747553 0
      vertex 65.31341716182544 22.869397662556434 0
    endloop
  endfacet
  facet normal 0 0 -1
    outer loop
      vertex 65.06294250488281 19.361141204833984 0
      vertex 65.31341716182544 22.869397662556434 0
      vertex 65.611443451095 22.73436370766344 0
    endloop
  endfacet
  facet normal 0 0 -1
    outer loop
      vertex 65.06294250488281 19.361141204833984 0
      vertex 65.611443451095 22.73436370766344 0
      vertex 65.9 22.58012701892219 0
    endloop
  endfacet
  facet normal 0 0 -1
    outer loop
      vertex 65.06294250488281 19.361141204833984 0
      vertex 65.9 22.58012701892219 0
      vertex 66.177851165098 22.407348061512728 0
    endloop
  endfacet
  facet normal 0 0 -1
    outer loop
      vertex 65.06294250488281 19.361141204833984 0
      vertex 66.177851165098 22.407348061512728 0
      vertex 66.4438071450436 22.216766701456176 0
    endloop
  endfacet
  facet normal 0 0 -1
    outer loop
      vertex 65.06294250488281 19.361141204833984 0
      vertex 66.4438071450436 22.216766701456176 0
      vertex 66.69672907550034 22.009199037394886 0
    endloop
  endfacet
  facet normal 0 0 -1
    outer loop
      vertex 65.06294250488281 19.361141204833984 0
      vertex 66.93553390593274 21.785533905932738 0
      vertex 67.15919903739488 21.546729075500345 0
    endloop
  endfacet
  facet normal 0 0 -1
    outer loop
      vertex 65.06294250488281 19.361141204833984 0
      vertex 66.69672907550034 22.009199037394886 0
      vertex 66.93553390593274 21.785533905932738 0
    endloop
  endfacet
  facet normal 0 0 -1
    outer loop
      vertex 65.06294250488281 19.361141204833984 0
      vertex 68.01939766255643 20.16341716182545 0
      vertex 68.13465064747552 19.85719732651581 0
    endloop
  endfacet
  facet normal 0 0 -1
    outer loop
      vertex 65.06294250488281 19.361141204833984 0
      vertex 67.88436370766344 20.461443451095008 0
      vertex 68.01939766255643 20.16341716182545 0
    endloop
  endfacet
  facet normal 0 0 -1
    outer loop
      vertex 65.06294250488281 19.361141204833984 0
      vertex 67.73012701892219 20.75 0
      vertex 67.88436370766344 20.461443451095008 0
    endloop
  endfacet
  facet normal 0 0 -1
    outer loop
      vertex 65.06294250488281 19.361141204833984 0
      vertex 67.55734806151273 21.02785116509801 0
      vertex 67.73012701892219 20.75 0
    endloop
  endfacet
  facet normal 0 0 -1
    outer loop
      vertex 65.06294250488281 19.361141204833984 0
      vertex 67.36676670145617 21.2938071450436 0
      vertex 67.55734806151273 21.02785116509801 0
    endloop
  endfacet
  facet normal 0.47140345997625654 0.8819176707167251 0
    outer loop
      vertex 62.400001525878906 16.5179500579834 0
      vertex 62.51542282104492 16.456254959106445 0.6
      vertex 62.51542282104492 16.456254959106445 0
    endloop
  endfacet
  facet normal 0.41271450737451276 0.9108604368412392 0
    outer loop
      vertex 62.6346321105957 16.402240753173828 0
      vertex 62.51542282104492 16.456254959106445 0
      vertex 62.6346321105957 16.402240753173828 0.6
    endloop
  endfacet
  facet normal 0.2902933527197965 0.956937704015627 0
    outer loop
      vertex 62.75712203979492 16.35614013671875 0
      vertex 62.882362365722656 16.318147659301758 0.6
      vertex 62.882362365722656 16.318147659301758 0
    endloop
  endfacet
  facet normal 0.35224115735776884 0.9359092728802613 0
    outer loop
      vertex 62.6346321105957 16.402240753173828 0
      vertex 62.75712203979492 16.35614013671875 0.6
      vertex 62.75712203979492 16.35614013671875 0
    endloop
  endfacet
  facet normal 0.2270738929790996 0.9738775318936751 0
    outer loop
      vertex 62.882362365722656 16.318147659301758 0
      vertex 63.00981903076172 16.288429260253906 0.6
      vertex 63.00981903076172 16.288429260253906 0
    endloop
  endfacet
  facet normal 0.16289100111418414 0.9866440704509498 0
    outer loop
      vertex 63.138946533203125 16.26711082458496 0
      vertex 63.00981903076172 16.288429260253906 0
      vertex 63.138946533203125 16.26711082458496 0.6
    endloop
  endfacet
  facet normal 0.5824727247255495 0.8128502475553504 0
    outer loop
      vertex 62.18247604370117 16.663293838500977 0
      vertex 62.28886032104492 16.587060928344727 0.6
      vertex 62.28886032104492 16.587060928344727 0
    endloop
  endfacet
  facet normal 0.6344037077157647 0.7730018988569759 0
    outer loop
      vertex 62.18247604370117 16.663293838500977 0
      vertex 62.0813102722168 16.746320724487305 0
      vertex 62.18247604370117 16.663293838500977 0.6
    endloop
  endfacet
  facet normal 0.6835852235334515 0.7298707023622205 0
    outer loop
      vertex 62.0813102722168 16.746320724487305 0
      vertex 61.98578643798828 16.835786819458008 0
      vertex 62.0813102722168 16.746320724487305 0.6
    endloop
  endfacet
  facet normal 0.7298638922145503 0.6835924947228629 0
    outer loop
      vertex 61.89632034301758 16.93130874633789 0
      vertex 61.98578643798828 16.835786819458008 0.6
      vertex 61.98578643798828 16.835786819458008 0
    endloop
  endfacet
  facet normal 0.7730077643042 0.6343965607767922 0
    outer loop
      vertex 61.89632034301758 16.93130874633789 0
      vertex 61.81329345703125 17.0324764251709 0
      vertex 61.89632034301758 16.93130874633789 0.6
    endloop
  endfacet
  facet normal 0.8128453030587668 0.5824796247898304 0
    outer loop
      vertex 61.737060546875 17.138858795166016 0
      vertex 61.81329345703125 17.0324764251709 0.6
      vertex 61.81329345703125 17.0324764251709 0
    endloop
  endfacet
  facet normal 0.849206197300366 0.5280613927060487 0
    outer loop
      vertex 61.737060546875 17.138858795166016 0
      vertex 61.66794967651367 17.25 0
      vertex 61.737060546875 17.138858795166016 0.6
    endloop
  endfacet
  facet normal 0.8819209092572983 0.47139740115403733 0
    outer loop
      vertex 61.66794967651367 17.25 0
      vertex 61.60625457763672 17.36542320251465 0
      vertex 61.66794967651367 17.25 0.6
    endloop
  endfacet
  facet normal 0.9108659154419044 0.4127024158957416 0
    outer loop
      vertex 61.60625457763672 17.36542320251465 0
      vertex 61.552242279052734 17.48463249206543 0
      vertex 61.60625457763672 17.36542320251465 0.6
    endloop
  endfacet
  facet normal 0.9358978554030184 0.35227149224998455 0
    outer loop
      vertex 61.50613784790039 17.607120513916016 0
      vertex 61.552242279052734 17.48463249206543 0.6
      vertex 61.552242279052734 17.48463249206543 0
    endloop
  endfacet
  facet normal 0.5280613927060487 0.849206197300366 0
    outer loop
      vertex 62.28886032104492 16.587060928344727 0
      vertex 62.400001525878906 16.5179500579834 0.6
      vertex 62.400001525878906 16.5179500579834 0
    endloop
  endfacet
  facet normal 0.09802030191484404 0.9951844152781548 0
    outer loop
      vertex 63.138946533203125 16.26711082458496 0
      vertex 63.269195556640625 16.254281997680664 0.6
      vertex 63.269195556640625 16.254281997680664 0
    endloop
  endfacet
  facet normal 0.03271796560209441 0.999464624049726 0
    outer loop
      vertex 63.269195556640625 16.254281997680664 0
      vertex 63.400001525878906 16.25 0.6
      vertex 63.400001525878906 16.25 0
    endloop
  endfacet
  facet normal -0.03271796560209441 0.999464624049726 0
    outer loop
      vertex 63.400001525878906 16.25 0
      vertex 63.53080749511719 16.254281997680664 0.6
      vertex 63.53080749511719 16.254281997680664 0
    endloop
  endfacet
  facet normal -0.09802314520582248 0.9951841352252146 0
    outer loop
      vertex 63.53080749511719 16.254281997680664 0
      vertex 63.66105270385742 16.26711082458496 0.6
      vertex 63.66105270385742 16.26711082458496 0
    endloop
  endfacet
  facet normal -0.16289100111418414 0.9866440704509498 0
    outer loop
      vertex 63.66105270385742 16.26711082458496 0
      vertex 63.79018020629883 16.288429260253906 0.6
      vertex 63.79018020629883 16.288429260253906 0
    endloop
  endfacet
  facet normal -0.2270738929790996 0.9738775318936751 0
    outer loop
      vertex 63.79018020629883 16.288429260253906 0
      vertex 63.91763687133789 16.318147659301758 0.6
      vertex 63.91763687133789 16.318147659301758 0
    endloop
  endfacet
  facet normal -0.2902933527197965 0.956937704015627 0
    outer loop
      vertex 63.91763687133789 16.318147659301758 0
      vertex 64.04287719726562 16.35614013671875 0.6
      vertex 64.04287719726562 16.35614013671875 0
    endloop
  endfacet
  facet normal -0.35224115735776884 0.9359092728802613 0
    outer loop
      vertex 64.04287719726562 16.35614013671875 0
      vertex 64.16536712646484 16.402240753173828 0.6
      vertex 64.16536712646484 16.402240753173828 0
    endloop
  endfacet
  facet normal -0.41271450737451276 0.9108604368412392 0
    outer loop
      vertex 64.16536712646484 16.402240753173828 0
      vertex 64.28457641601562 16.456254959106445 0.6
      vertex 64.28457641601562 16.456254959106445 0
    endloop
  endfacet
  facet normal -0.47139134246531333 0.8819241476730013 0
    outer loop
      vertex 64.28457641601562 16.456254959106445 0
      vertex 64.4000015258789 16.5179500579834 0.6
      vertex 64.4000015258789 16.5179500579834 0
    endloop
  endfacet
  facet normal -0.5280744635724446 0.8491980693116742 0
    outer loop
      vertex 64.4000015258789 16.5179500579834 0
      vertex 64.51113891601562 16.587060928344727 0.6
      vertex 64.51113891601562 16.587060928344727 0
    endloop
  endfacet
  facet normal -0.5824727247255495 0.8128502475553504 0
    outer loop
      vertex 64.51113891601562 16.587060928344727 0
      vertex 64.61752319335938 16.663293838500977 0.6
      vertex 64.61752319335938 16.663293838500977 0
    endloop
  endfacet
  facet normal -0.6344037077157647 0.7730018988569759 0
    outer loop
      vertex 64.61752319335938 16.663293838500977 0
      vertex 64.71868896484375 16.746320724487305 0.6
      vertex 64.71868896484375 16.746320724487305 0
    endloop
  endfacet
  facet normal -0.6835706814151501 0.7298843220056362 0
    outer loop
      vertex 64.71868896484375 16.746320724487305 0
      vertex 64.81421661376953 16.835786819458008 0.6
      vertex 64.81421661376953 16.835786819458008 0
    endloop
  endfacet
  facet normal -0.7298784348048095 0.6835769674344518 0
    outer loop
      vertex 64.81421661376953 16.835786819458008 0
      vertex 64.90367889404297 16.93130874633789 0.6
      vertex 64.90367889404297 16.93130874633789 0
    endloop
  endfacet
  facet normal -0.7729934706011566 0.6344139771537028 0
    outer loop
      vertex 64.90367889404297 16.93130874633789 0
      vertex 64.98670959472656 17.0324764251709 0.6
      vertex 64.98670959472656 17.0324764251709 0
    endloop
  endfacet
  facet normal -0.8128453030587668 0.5824796247898304 0
    outer loop
      vertex 64.98670959472656 17.0324764251709 0
      vertex 65.06294250488281 17.138858795166016 0.6
      vertex 65.06294250488281 17.138858795166016 0
    endloop
  endfacet
  facet normal -0.8492192678468118 0.5280403726210002 0
    outer loop
      vertex 65.06294250488281 17.138858795166016 0
      vertex 65.13204956054688 17.25 0.6
      vertex 65.13204956054688 17.25 0
    endloop
  endfacet
  facet normal -0.8819087916214844 0.47142007091418286 0
    outer loop
      vertex 65.13204956054688 17.25 0
      vertex 65.1937484741211 17.36542320251465 0.6
      vertex 65.1937484741211 17.36542320251465 0
    endloop
  endfacet
  facet normal -0.9108768723593957 0.41267823228365835 0
    outer loop
      vertex 65.1937484741211 17.36542320251465 0
      vertex 65.24775695800781 17.48463249206543 0.6
      vertex 65.24775695800781 17.48463249206543 0
    endloop
  endfacet
  facet normal -0.9358978554030184 0.35227149224998455 0
    outer loop
      vertex 65.24775695800781 17.48463249206543 0
      vertex 65.29386138916016 17.607120513916016 0.6
      vertex 65.29386138916016 17.607120513916016 0
    endloop
  endfacet
  facet normal 0.956942980398922 0.2902759588137266 0
    outer loop
      vertex 61.50613784790039 17.607120513916016 0
      vertex 61.46814727783203 17.732362747192383 0
      vertex 61.50613784790039 17.607120513916016 0.6
    endloop
  endfacet
  facet normal 0.9738807546810154 0.2270600706023318 0
    outer loop
      vertex 61.46814727783203 17.732362747192383 0
      vertex 61.43843078613281 17.859819412231445 0
      vertex 61.46814727783203 17.732362747192383 0.6
    endloop
  endfacet
  facet normal 0.9866417281250248 0.162905188138575 0
    outer loop
      vertex 61.43843078613281 17.859819412231445 0
      vertex 61.417110443115234 17.98894691467285 0
      vertex 61.43843078613281 17.859819412231445 0.6
    endloop
  endfacet
  facet normal 0.995184275254731 0.09802172353981463 0
    outer loop
      vertex 61.417110443115234 17.98894691467285 0
      vertex 61.40428161621094 18.11919403076172 0
      vertex 61.417110443115234 17.98894691467285 0.6
    endloop
  endfacet
  facet normal 0.9994651005105961 0.03270340748827322 0
    outer loop
      vertex 61.40428161621094 18.11919403076172 0
      vertex 61.400001525878906 18.25 0
      vertex 61.40428161621094 18.11919403076172 0.6
    endloop
  endfacet
  facet normal 0.9994651005105961 -0.03270340748827322 0
    outer loop
      vertex 61.400001525878906 18.25 0
      vertex 61.40428161621094 18.38080596923828 0
      vertex 61.400001525878906 18.25 0.6
    endloop
  endfacet
  facet normal 0.995184275254731 -0.09802172353981463 0
    outer loop
      vertex 61.40428161621094 18.38080596923828 0
      vertex 61.417110443115234 18.51105308532715 0
      vertex 61.40428161621094 18.38080596923828 0.6
    endloop
  endfacet
  facet normal 0.9866417281250248 -0.162905188138575 0
    outer loop
      vertex 61.417110443115234 18.51105308532715 0
      vertex 61.43843078613281 18.640180587768555 0
      vertex 61.417110443115234 18.51105308532715 0.6
    endloop
  endfacet
  facet normal 0.9738807546810154 -0.2270600706023318 0
    outer loop
      vertex 61.43843078613281 18.640180587768555 0
      vertex 61.46814727783203 18.767637252807617 0
      vertex 61.43843078613281 18.640180587768555 0.6
    endloop
  endfacet
  facet normal 0.956942980398922 -0.2902759588137266 0
    outer loop
      vertex 61.46814727783203 18.767637252807617 0
      vertex 61.50613784790039 18.892879486083984 0
      vertex 61.46814727783203 18.767637252807617 0.6
    endloop
  endfacet
  facet normal 0.9358978554030184 -0.35227149224998455 0
    outer loop
      vertex 61.50613784790039 18.892879486083984 0
      vertex 61.552242279052734 19.01536750793457 0
      vertex 61.50613784790039 18.892879486083984 0.6
    endloop
  endfacet
  facet normal 0.9108659154419044 -0.4127024158957416 0
    outer loop
      vertex 61.552242279052734 19.01536750793457 0
      vertex 61.60625457763672 19.13457679748535 0
      vertex 61.552242279052734 19.01536750793457 0.6
    endloop
  endfacet
  facet normal 0.8819209092572983 -0.47139740115403733 0
    outer loop
      vertex 61.60625457763672 19.13457679748535 0
      vertex 61.66794967651367 19.25 0
      vertex 61.60625457763672 19.13457679748535 0.6
    endloop
  endfacet
  facet normal 0.849206197300366 -0.5280613927060487 0
    outer loop
      vertex 61.66794967651367 19.25 0
      vertex 61.737060546875 19.361141204833984 0
      vertex 61.66794967651367 19.25 0.6
    endloop
  endfacet
  facet normal 0.8128453030587668 -0.5824796247898304 0
    outer loop
      vertex 61.737060546875 19.361141204833984 0
      vertex 61.81329345703125 19.4675235748291 0
      vertex 61.737060546875 19.361141204833984 0.6
    endloop
  endfacet
  facet normal 0.7730077643042 -0.6343965607767922 0
    outer loop
      vertex 61.81329345703125 19.4675235748291 0
      vertex 61.89632034301758 19.56869125366211 0
      vertex 61.81329345703125 19.4675235748291 0.6
    endloop
  endfacet
  facet normal 0.7298638922145503 -0.6835924947228629 0
    outer loop
      vertex 61.89632034301758 19.56869125366211 0
      vertex 61.98578643798828 19.664213180541992 0
      vertex 61.89632034301758 19.56869125366211 0.6
    endloop
  endfacet
  facet normal 0.6835852235334515 -0.7298707023622205 0
    outer loop
      vertex 61.98578643798828 19.664213180541992 0
      vertex 62.0813102722168 19.753679275512695 0
      vertex 61.98578643798828 19.664213180541992 0.6
    endloop
  endfacet
  facet normal -0.6835706814151501 -0.7298843220056362 0
    outer loop
      vertex 64.71868896484375 19.753679275512695 0
      vertex 64.81421661376953 19.664213180541992 0
      vertex 64.71868896484375 19.753679275512695 0.6
    endloop
  endfacet
  facet normal -0.7298784348048095 -0.6835769674344518 0
    outer loop
      vertex 64.90367889404297 19.56869125366211 0
      vertex 64.81421661376953 19.664213180541992 0.6
      vertex 64.81421661376953 19.664213180541992 0
    endloop
  endfacet
  facet normal 0.6344037077157647 -0.7730018988569759 0
    outer loop
      vertex 62.0813102722168 19.753679275512695 0
      vertex 62.18247604370117 19.836706161499023 0
      vertex 62.0813102722168 19.753679275512695 0.6
    endloop
  endfacet
  facet normal 0.5824727247255495 -0.8128502475553504 0
    outer loop
      vertex 62.18247604370117 19.836706161499023 0
      vertex 62.28886032104492 19.912939071655273 0
      vertex 62.18247604370117 19.836706161499023 0.6
    endloop
  endfacet
  facet normal 0.5280613927060487 -0.849206197300366 0
    outer loop
      vertex 62.28886032104492 19.912939071655273 0
      vertex 62.400001525878906 19.9820499420166 0
      vertex 62.28886032104492 19.912939071655273 0.6
    endloop
  endfacet
  facet normal 0.47140345997625654 -0.8819176707167251 0
    outer loop
      vertex 62.400001525878906 19.9820499420166 0
      vertex 62.51542282104492 20.043745040893555 0
      vertex 62.400001525878906 19.9820499420166 0.6
    endloop
  endfacet
  facet normal 0.41271450737451276 -0.9108604368412392 0
    outer loop
      vertex 62.51542282104492 20.043745040893555 0
      vertex 62.6346321105957 20.097759246826172 0
      vertex 62.51542282104492 20.043745040893555 0.6
    endloop
  endfacet
  facet normal 0.35224115735776884 -0.9359092728802613 0
    outer loop
      vertex 62.6346321105957 20.097759246826172 0
      vertex 62.75712203979492 20.14385986328125 0
      vertex 62.6346321105957 20.097759246826172 0.6
    endloop
  endfacet
  facet normal 0.2902933527197965 -0.956937704015627 0
    outer loop
      vertex 62.75712203979492 20.14385986328125 0
      vertex 62.882362365722656 20.181852340698242 0
      vertex 62.75712203979492 20.14385986328125 0.6
    endloop
  endfacet
  facet normal 0.2270738929790996 -0.9738775318936751 0
    outer loop
      vertex 62.882362365722656 20.181852340698242 0
      vertex 63.00981903076172 20.211570739746094 0
      vertex 62.882362365722656 20.181852340698242 0.6
    endloop
  endfacet
  facet normal 0.16289100111418414 -0.9866440704509498 0
    outer loop
      vertex 63.00981903076172 20.211570739746094 0
      vertex 63.138946533203125 20.23288917541504 0
      vertex 63.00981903076172 20.211570739746094 0.6
    endloop
  endfacet
  facet normal 0.09802030191484404 -0.9951844152781548 0
    outer loop
      vertex 63.138946533203125 20.23288917541504 0
      vertex 63.269195556640625 20.245718002319336 0
      vertex 63.138946533203125 20.23288917541504 0.6
    endloop
  endfacet
  facet normal 0.03271796560209441 -0.999464624049726 0
    outer loop
      vertex 63.269195556640625 20.245718002319336 0
      vertex 63.400001525878906 20.25 0
      vertex 63.269195556640625 20.245718002319336 0.6
    endloop
  endfacet
  facet normal -0.03271796560209441 -0.999464624049726 0
    outer loop
      vertex 63.400001525878906 20.25 0
      vertex 63.53080749511719 20.245718002319336 0
      vertex 63.400001525878906 20.25 0.6
    endloop
  endfacet
  facet normal -0.09802314520582248 -0.9951841352252146 0
    outer loop
      vertex 63.53080749511719 20.245718002319336 0
      vertex 63.66105270385742 20.23288917541504 0
      vertex 63.53080749511719 20.245718002319336 0.6
    endloop
  endfacet
  facet normal -0.16289100111418414 -0.9866440704509498 0
    outer loop
      vertex 63.66105270385742 20.23288917541504 0
      vertex 63.79018020629883 20.211570739746094 0
      vertex 63.66105270385742 20.23288917541504 0.6
    endloop
  endfacet
  facet normal -0.2270738929790996 -0.9738775318936751 0
    outer loop
      vertex 63.79018020629883 20.211570739746094 0
      vertex 63.91763687133789 20.181852340698242 0
      vertex 63.79018020629883 20.211570739746094 0.6
    endloop
  endfacet
  facet normal -0.2902933527197965 -0.956937704015627 0
    outer loop
      vertex 63.91763687133789 20.181852340698242 0
      vertex 64.04287719726562 20.14385986328125 0
      vertex 63.91763687133789 20.181852340698242 0.6
    endloop
  endfacet
  facet normal -0.5280744635724446 -0.8491980693116742 0
    outer loop
      vertex 64.4000015258789 19.9820499420166 0
      vertex 64.51113891601562 19.912939071655273 0
      vertex 64.4000015258789 19.9820499420166 0.6
    endloop
  endfacet
  facet normal -0.35224115735776884 -0.9359092728802613 0
    outer loop
      vertex 64.04287719726562 20.14385986328125 0
      vertex 64.16536712646484 20.097759246826172 0
      vertex 64.04287719726562 20.14385986328125 0.6
    endloop
  endfacet
  facet normal -0.41271450737451276 -0.9108604368412392 0
    outer loop
      vertex 64.16536712646484 20.097759246826172 0
      vertex 64.28457641601562 20.043745040893555 0
      vertex 64.16536712646484 20.097759246826172 0.6
    endloop
  endfacet
  facet normal -0.47139134246531333 -0.8819241476730013 0
    outer loop
      vertex 64.28457641601562 20.043745040893555 0
      vertex 64.4000015258789 19.9820499420166 0
      vertex 64.28457641601562 20.043745040893555 0.6
    endloop
  endfacet
  facet normal -0.6344037077157647 -0.7730018988569759 0
    outer loop
      vertex 64.61752319335938 19.836706161499023 0
      vertex 64.71868896484375 19.753679275512695 0
      vertex 64.61752319335938 19.836706161499023 0.6
    endloop
  endfacet
  facet normal -0.5824727247255495 -0.8128502475553504 0
    outer loop
      vertex 64.61752319335938 19.836706161499023 0
      vertex 64.51113891601562 19.912939071655273 0.6
      vertex 64.51113891601562 19.912939071655273 0
    endloop
  endfacet
  facet normal -0.9569510765046668 0.29024926731442285 0
    outer loop
      vertex 65.29386138916016 17.607120513916016 0
      vertex 65.33184814453125 17.732362747192383 0.6
      vertex 65.33184814453125 17.732362747192383 0
    endloop
  endfacet
  facet normal -0.973867862482578 0.2271153592860124 0
    outer loop
      vertex 65.33184814453125 17.732362747192383 0
      vertex 65.361572265625 17.859819412231445 0.6
      vertex 65.361572265625 17.859819412231445 0
    endloop
  endfacet
  facet normal -0.9866464125839977 0.16287681398875564 0
    outer loop
      vertex 65.361572265625 17.859819412231445 0
      vertex 65.38288879394531 17.98894691467285 0.6
      vertex 65.38288879394531 17.98894691467285 0
    endloop
  endfacet
  facet normal -0.9951814315532105 0.09805059047095348 0
    outer loop
      vertex 65.38288879394531 17.98894691467285 0
      vertex 65.39572143554688 18.11919403076172 0.6
      vertex 65.39572143554688 18.11919403076172 0
    endloop
  endfacet
  facet normal -0.9994651005105961 0.03270340748827322 0
    outer loop
      vertex 65.39572143554688 18.11919403076172 0
      vertex 65.4000015258789 18.25 0.6
      vertex 65.4000015258789 18.25 0
    endloop
  endfacet
  facet normal -0.9994651005105961 -0.03270340748827322 0
    outer loop
      vertex 65.4000015258789 18.25 0
      vertex 65.39572143554688 18.38080596923828 0.6
      vertex 65.39572143554688 18.38080596923828 0
    endloop
  endfacet
  facet normal -0.9951814315532105 -0.09805059047095348 0
    outer loop
      vertex 65.39572143554688 18.38080596923828 0
      vertex 65.38288879394531 18.51105308532715 0.6
      vertex 65.38288879394531 18.51105308532715 0
    endloop
  endfacet
  facet normal -0.9866464125839977 -0.16287681398875564 0
    outer loop
      vertex 65.38288879394531 18.51105308532715 0
      vertex 65.361572265625 18.640180587768555 0.6
      vertex 65.361572265625 18.640180587768555 0
    endloop
  endfacet
  facet normal -0.9569510765046668 -0.29024926731442285 0
    outer loop
      vertex 65.33184814453125 18.767637252807617 0
      vertex 65.29386138916016 18.892879486083984 0.6
      vertex 65.29386138916016 18.892879486083984 0
    endloop
  endfacet
  facet normal -0.9358978554030184 -0.35227149224998455 0
    outer loop
      vertex 65.29386138916016 18.892879486083984 0
      vertex 65.24775695800781 19.01536750793457 0.6
      vertex 65.24775695800781 19.01536750793457 0
    endloop
  endfacet
  facet normal -0.9108768723593957 -0.41267823228365835 0
    outer loop
      vertex 65.1937484741211 19.13457679748535 0
      vertex 65.24775695800781 19.01536750793457 0
      vertex 65.1937484741211 19.13457679748535 0.6
    endloop
  endfacet
  facet normal -0.973867862482578 -0.2271153592860124 0
    outer loop
      vertex 65.361572265625 18.640180587768555 0
      vertex 65.33184814453125 18.767637252807617 0.6
      vertex 65.33184814453125 18.767637252807617 0
    endloop
  endfacet
  facet normal -0.8492192678468118 -0.5280403726210002 0
    outer loop
      vertex 65.13204956054688 19.25 0
      vertex 65.06294250488281 19.361141204833984 0.6
      vertex 65.06294250488281 19.361141204833984 0
    endloop
  endfacet
  facet normal -0.8128453030587668 -0.5824796247898304 0
    outer loop
      vertex 64.98670959472656 19.4675235748291 0
      vertex 65.06294250488281 19.361141204833984 0
      vertex 64.98670959472656 19.4675235748291 0.6
    endloop
  endfacet
  facet normal -0.8819087916214844 -0.47142007091418286 0
    outer loop
      vertex 65.1937484741211 19.13457679748535 0
      vertex 65.13204956054688 19.25 0.6
      vertex 65.13204956054688 19.25 0
    endloop
  endfacet
  facet normal -0.7729934706011566 -0.6344139771537028 0
    outer loop
      vertex 64.98670959472656 19.4675235748291 0
      vertex 64.90367889404297 19.56869125366211 0.6
      vertex 64.90367889404297 19.56869125366211 0
    endloop
  endfacet
  facet normal 0 0 -1
    outer loop
      vertex 62.51542282104492 20.043745040893555 0
      vertex 61.48658283817455 22.869397662556434 0
      vertex 61.79280267348419 22.98465064747553 0
    endloop
  endfacet
  facet normal 0 0 -1
    outer loop
      vertex 62.51542282104492 20.043745040893555 0
      vertex 61.79280267348419 22.98465064747553 0
      vertex 62.10590477448739 23.07962913144534 0
    endloop
  endfacet
  facet normal 0 0 -1
    outer loop
      vertex 62.51542282104492 20.043745040893555 0
      vertex 62.10590477448739 23.07962913144534 0
      vertex 62.42454838991936 23.153926402016154 0
    endloop
  endfacet
  facet normal 0 0 -1
    outer loop
      vertex 62.51542282104492 20.043745040893555 0
      vertex 62.42454838991936 23.153926402016154 0
      vertex 62.74736903889974 23.20722430686905 0
    endloop
  endfacet
  facet normal 0 0 -1
    outer loop
      vertex 62.75712203979492 20.14385986328125 0
      vertex 62.74736903889974 23.20722430686905 0
      vertex 63.072984353849286 23.239294616193018 0
    endloop
  endfacet
  facet normal 0 0 -1
    outer loop
      vertex 63.138946533203125 20.23288917541504 0
      vertex 63.072984353849286 23.239294616193018 0
      vertex 63.4 23.25 0
    endloop
  endfacet
  facet normal 0 0 -1
    outer loop
      vertex 63.400001525878906 20.25 0
      vertex 63.4 23.25 0
      vertex 63.72701564615071 23.239294616193018 0
    endloop
  endfacet
  facet normal 0 0 -1
    outer loop
      vertex 63.66105270385742 20.23288917541504 0
      vertex 63.72701564615071 23.239294616193018 0
      vertex 64.05263096110026 23.20722430686905 0
    endloop
  endfacet
  facet normal 0 0 -1
    outer loop
      vertex 64.04287719726562 20.14385986328125 0
      vertex 64.05263096110026 23.20722430686905 0
      vertex 64.37545161008065 23.153926402016154 0
    endloop
  endfacet
  facet normal 0 0 -1
    outer loop
      vertex 64.28457641601562 20.043745040893555 0
      vertex 64.37545161008065 23.153926402016154 0
      vertex 64.6940952255126 23.07962913144534 0
    endloop
  endfacet
  facet normal 0 0 -1
    outer loop
      vertex 64.61752319335938 19.836706161499023 0
      vertex 64.6940952255126 23.07962913144534 0
      vertex 65.00719732651581 22.98465064747553 0
    endloop
  endfacet
  facet normal 0.41271450737451276 0.9108604368412392 0
    outer loop
      vertex 62.51542282104492 16.456254959106445 0
      vertex 62.51542282104492 16.456254959106445 0.6
      vertex 62.6346321105957 16.402240753173828 0.6
    endloop
  endfacet
  facet normal 0.35224115735776884 0.9359092728802613 0
    outer loop
      vertex 62.6346321105957 16.402240753173828 0
      vertex 62.6346321105957 16.402240753173828 0.6
      vertex 62.75712203979492 16.35614013671875 0.6
    endloop
  endfacet
  facet normal 0.2902933527197965 0.956937704015627 0
    outer loop
      vertex 62.75712203979492 16.35614013671875 0
      vertex 62.75712203979492 16.35614013671875 0.6
      vertex 62.882362365722656 16.318147659301758 0.6
    endloop
  endfacet
  facet normal 0.2270738929790996 0.9738775318936751 0
    outer loop
      vertex 62.882362365722656 16.318147659301758 0
      vertex 62.882362365722656 16.318147659301758 0.6
      vertex 63.00981903076172 16.288429260253906 0.6
    endloop
  endfacet
  facet normal 0.16289100111418414 0.9866440704509498 0
    outer loop
      vertex 63.00981903076172 16.288429260253906 0
      vertex 63.00981903076172 16.288429260253906 0.6
      vertex 63.138946533203125 16.26711082458496 0.6
    endloop
  endfacet
  facet normal 0.6344037077157647 0.7730018988569759 0
    outer loop
      vertex 62.0813102722168 16.746320724487305 0
      vertex 62.0813102722168 16.746320724487305 0.6
      vertex 62.18247604370117 16.663293838500977 0.6
    endloop
  endfacet
  facet normal 0.5824727247255495 0.8128502475553504 0
    outer loop
      vertex 62.18247604370117 16.663293838500977 0
      vertex 62.18247604370117 16.663293838500977 0.6
      vertex 62.28886032104492 16.587060928344727 0.6
    endloop
  endfacet
  facet normal 0.6835852235334515 0.7298707023622205 0
    outer loop
      vertex 61.98578643798828 16.835786819458008 0
      vertex 61.98578643798828 16.835786819458008 0.6
      vertex 62.0813102722168 16.746320724487305 0.6
    endloop
  endfacet
  facet normal 0.7298638922145503 0.6835924947228629 0
    outer loop
      vertex 61.89632034301758 16.93130874633789 0
      vertex 61.89632034301758 16.93130874633789 0.6
      vertex 61.98578643798828 16.835786819458008 0.6
    endloop
  endfacet
  facet normal 0.7730077643042 0.6343965607767922 0
    outer loop
      vertex 61.81329345703125 17.0324764251709 0
      vertex 61.81329345703125 17.0324764251709 0.6
      vertex 61.89632034301758 16.93130874633789 0.6
    endloop
  endfacet
  facet normal 0.8128453030587668 0.5824796247898304 0
    outer loop
      vertex 61.737060546875 17.138858795166016 0
      vertex 61.737060546875 17.138858795166016 0.6
      vertex 61.81329345703125 17.0324764251709 0.6
    endloop
  endfacet
  facet normal 0.849206197300366 0.5280613927060487 0
    outer loop
      vertex 61.66794967651367 17.25 0
      vertex 61.66794967651367 17.25 0.6
      vertex 61.737060546875 17.138858795166016 0.6
    endloop
  endfacet
  facet normal 0.9108659154419044 0.4127024158957416 0
    outer loop
      vertex 61.552242279052734 17.48463249206543 0
      vertex 61.552242279052734 17.48463249206543 0.6
      vertex 61.60625457763672 17.36542320251465 0.6
    endloop
  endfacet
  facet normal 0.9358978554030184 0.35227149224998455 0
    outer loop
      vertex 61.50613784790039 17.607120513916016 0
      vertex 61.50613784790039 17.607120513916016 0.6
      vertex 61.552242279052734 17.48463249206543 0.6
    endloop
  endfacet
  facet normal 0.8819209092572983 0.47139740115403733 0
    outer loop
      vertex 61.60625457763672 17.36542320251465 0
      vertex 61.60625457763672 17.36542320251465 0.6
      vertex 61.66794967651367 17.25 0.6
    endloop
  endfacet
  facet normal 0.5280613927060487 0.849206197300366 0
    outer loop
      vertex 62.28886032104492 16.587060928344727 0
      vertex 62.28886032104492 16.587060928344727 0.6
      vertex 62.400001525878906 16.5179500579834 0.6
    endloop
  endfacet
  facet normal 0.47140345997625654 0.8819176707167251 0
    outer loop
      vertex 62.400001525878906 16.5179500579834 0
      vertex 62.400001525878906 16.5179500579834 0.6
      vertex 62.51542282104492 16.456254959106445 0.6
    endloop
  endfacet
  facet normal 0.09802030191484404 0.9951844152781548 0
    outer loop
      vertex 63.138946533203125 16.26711082458496 0
      vertex 63.138946533203125 16.26711082458496 0.6
      vertex 63.269195556640625 16.254281997680664 0.6
    endloop
  endfacet
  facet normal 0.03271796560209441 0.999464624049726 0
    outer loop
      vertex 63.269195556640625 16.254281997680664 0
      vertex 63.269195556640625 16.254281997680664 0.6
      vertex 63.400001525878906 16.25 0.6
    endloop
  endfacet
  facet normal -0.03271796560209441 0.999464624049726 0
    outer loop
      vertex 63.400001525878906 16.25 0
      vertex 63.400001525878906 16.25 0.6
      vertex 63.53080749511719 16.254281997680664 0.6
    endloop
  endfacet
  facet normal -0.09802314520582248 0.9951841352252146 0
    outer loop
      vertex 63.53080749511719 16.254281997680664 0
      vertex 63.53080749511719 16.254281997680664 0.6
      vertex 63.66105270385742 16.26711082458496 0.6
    endloop
  endfacet
  facet normal -0.16289100111418414 0.9866440704509498 0
    outer loop
      vertex 63.66105270385742 16.26711082458496 0
      vertex 63.66105270385742 16.26711082458496 0.6
      vertex 63.79018020629883 16.288429260253906 0.6
    endloop
  endfacet
  facet normal -0.2270738929790996 0.9738775318936751 0
    outer loop
      vertex 63.79018020629883 16.288429260253906 0
      vertex 63.79018020629883 16.288429260253906 0.6
      vertex 63.91763687133789 16.318147659301758 0.6
    endloop
  endfacet
  facet normal -0.2902933527197965 0.956937704015627 0
    outer loop
      vertex 63.91763687133789 16.318147659301758 0
      vertex 63.91763687133789 16.318147659301758 0.6
      vertex 64.04287719726562 16.35614013671875 0.6
    endloop
  endfacet
  facet normal -0.35224115735776884 0.9359092728802613 0
    outer loop
      vertex 64.04287719726562 16.35614013671875 0
      vertex 64.04287719726562 16.35614013671875 0.6
      vertex 64.16536712646484 16.402240753173828 0.6
    endloop
  endfacet
  facet normal -0.41271450737451276 0.9108604368412392 0
    outer loop
      vertex 64.16536712646484 16.402240753173828 0
      vertex 64.16536712646484 16.402240753173828 0.6
      vertex 64.28457641601562 16.456254959106445 0.6
    endloop
  endfacet
  facet normal -0.47139134246531333 0.8819241476730013 0
    outer loop
      vertex 64.28457641601562 16.456254959106445 0
      vertex 64.28457641601562 16.456254959106445 0.6
      vertex 64.4000015258789 16.5179500579834 0.6
    endloop
  endfacet
  facet normal -0.5280744635724446 0.8491980693116742 0
    outer loop
      vertex 64.4000015258789 16.5179500579834 0
      vertex 64.4000015258789 16.5179500579834 0.6
      vertex 64.51113891601562 16.587060928344727 0.6
    endloop
  endfacet
  facet normal -0.5824727247255495 0.8128502475553504 0
    outer loop
      vertex 64.51113891601562 16.587060928344727 0
      vertex 64.51113891601562 16.587060928344727 0.6
      vertex 64.61752319335938 16.663293838500977 0.6
    endloop
  endfacet
  facet normal -0.6344037077157647 0.7730018988569759 0
    outer loop
      vertex 64.61752319335938 16.663293838500977 0
      vertex 64.61752319335938 16.663293838500977 0.6
      vertex 64.71868896484375 16.746320724487305 0.6
    endloop
  endfacet
  facet normal -0.6835706814151501 0.7298843220056362 0
    outer loop
      vertex 64.71868896484375 16.746320724487305 0
      vertex 64.71868896484375 16.746320724487305 0.6
      vertex 64.81421661376953 16.835786819458008 0.6
    endloop
  endfacet
  facet normal -0.7298784348048095 0.6835769674344518 0
    outer loop
      vertex 64.81421661376953 16.835786819458008 0
      vertex 64.81421661376953 16.835786819458008 0.6
      vertex 64.90367889404297 16.93130874633789 0.6
    endloop
  endfacet
  facet normal -0.7729934706011566 0.6344139771537028 0
    outer loop
      vertex 64.90367889404297 16.93130874633789 0
      vertex 64.90367889404297 16.93130874633789 0.6
      vertex 64.98670959472656 17.0324764251709 0.6
    endloop
  endfacet
  facet normal -0.8128453030587668 0.5824796247898304 0
    outer loop
      vertex 64.98670959472656 17.0324764251709 0
      vertex 64.98670959472656 17.0324764251709 0.6
      vertex 65.06294250488281 17.138858795166016 0.6
    endloop
  endfacet
  facet normal -0.8492192678468118 0.5280403726210002 0
    outer loop
      vertex 65.06294250488281 17.138858795166016 0
      vertex 65.06294250488281 17.138858795166016 0.6
      vertex 65.13204956054688 17.25 0.6
    endloop
  endfacet
  facet normal -0.8819087916214844 0.47142007091418286 0
    outer loop
      vertex 65.13204956054688 17.25 0
      vertex 65.13204956054688 17.25 0.6
      vertex 65.1937484741211 17.36542320251465 0.6
    endloop
  endfacet
  facet normal -0.9108768723593957 0.41267823228365835 0
    outer loop
      vertex 65.1937484741211 17.36542320251465 0
      vertex 65.1937484741211 17.36542320251465 0.6
      vertex 65.24775695800781 17.48463249206543 0.6
    endloop
  endfacet
  facet normal -0.9358978554030184 0.35227149224998455 0
    outer loop
      vertex 65.24775695800781 17.48463249206543 0
      vertex 65.24775695800781 17.48463249206543 0.6
      vertex 65.29386138916016 17.607120513916016 0.6
    endloop
  endfacet
  facet normal 0.956942980398922 0.2902759588137266 0
    outer loop
      vertex 61.46814727783203 17.732362747192383 0
      vertex 61.46814727783203 17.732362747192383 0.6
      vertex 61.50613784790039 17.607120513916016 0.6
    endloop
  endfacet
  facet normal 0.9738807546810154 0.2270600706023318 0
    outer loop
      vertex 61.43843078613281 17.859819412231445 0
      vertex 61.43843078613281 17.859819412231445 0.6
      vertex 61.46814727783203 17.732362747192383 0.6
    endloop
  endfacet
  facet normal 0.9866417281250248 0.162905188138575 0
    outer loop
      vertex 61.417110443115234 17.98894691467285 0
      vertex 61.417110443115234 17.98894691467285 0.6
      vertex 61.43843078613281 17.859819412231445 0.6
    endloop
  endfacet
  facet normal 0.995184275254731 0.09802172353981463 0
    outer loop
      vertex 61.40428161621094 18.11919403076172 0
      vertex 61.40428161621094 18.11919403076172 0.6
      vertex 61.417110443115234 17.98894691467285 0.6
    endloop
  endfacet
  facet normal 0.9994651005105961 0.03270340748827322 0
    outer loop
      vertex 61.400001525878906 18.25 0
      vertex 61.400001525878906 18.25 0.6
      vertex 61.40428161621094 18.11919403076172 0.6
    endloop
  endfacet
  facet normal 0.9994651005105961 -0.03270340748827322 0
    outer loop
      vertex 61.40428161621094 18.38080596923828 0
      vertex 61.40428161621094 18.38080596923828 0.6
      vertex 61.400001525878906 18.25 0.6
    endloop
  endfacet
  facet normal 0.995184275254731 -0.09802172353981463 0
    outer loop
      vertex 61.417110443115234 18.51105308532715 0
      vertex 61.417110443115234 18.51105308532715 0.6
      vertex 61.40428161621094 18.38080596923828 0.6
    endloop
  endfacet
  facet normal 0.9866417281250248 -0.162905188138575 0
    outer loop
      vertex 61.43843078613281 18.640180587768555 0
      vertex 61.43843078613281 18.640180587768555 0.6
      vertex 61.417110443115234 18.51105308532715 0.6
    endloop
  endfacet
  facet normal 0.9738807546810154 -0.2270600706023318 0
    outer loop
      vertex 61.46814727783203 18.767637252807617 0
      vertex 61.46814727783203 18.767637252807617 0.6
      vertex 61.43843078613281 18.640180587768555 0.6
    endloop
  endfacet
  facet normal 0.956942980398922 -0.2902759588137266 0
    outer loop
      vertex 61.50613784790039 18.892879486083984 0
      vertex 61.50613784790039 18.892879486083984 0.6
      vertex 61.46814727783203 18.767637252807617 0.6
    endloop
  endfacet
  facet normal 0.9358978554030184 -0.35227149224998455 0
    outer loop
      vertex 61.552242279052734 19.01536750793457 0
      vertex 61.552242279052734 19.01536750793457 0.6
      vertex 61.50613784790039 18.892879486083984 0.6
    endloop
  endfacet
  facet normal 0.9108659154419044 -0.4127024158957416 0
    outer loop
      vertex 61.60625457763672 19.13457679748535 0
      vertex 61.60625457763672 19.13457679748535 0.6
      vertex 61.552242279052734 19.01536750793457 0.6
    endloop
  endfacet
  facet normal 0.8819209092572983 -0.47139740115403733 0
    outer loop
      vertex 61.66794967651367 19.25 0
      vertex 61.66794967651367 19.25 0.6
      vertex 61.60625457763672 19.13457679748535 0.6
    endloop
  endfacet
  facet normal 0.849206197300366 -0.5280613927060487 0
    outer loop
      vertex 61.737060546875 19.361141204833984 0
      vertex 61.737060546875 19.361141204833984 0.6
      vertex 61.66794967651367 19.25 0.6
    endloop
  endfacet
  facet normal 0.8128453030587668 -0.5824796247898304 0
    outer loop
      vertex 61.81329345703125 19.4675235748291 0
      vertex 61.81329345703125 19.4675235748291 0.6
      vertex 61.737060546875 19.361141204833984 0.6
    endloop
  endfacet
  facet normal 0.7730077643042 -0.6343965607767922 0
    outer loop
      vertex 61.89632034301758 19.56869125366211 0
      vertex 61.89632034301758 19.56869125366211 0.6
      vertex 61.81329345703125 19.4675235748291 0.6
    endloop
  endfacet
  facet normal 0.7298638922145503 -0.6835924947228629 0
    outer loop
      vertex 61.98578643798828 19.664213180541992 0
      vertex 61.98578643798828 19.664213180541992 0.6
      vertex 61.89632034301758 19.56869125366211 0.6
    endloop
  endfacet
  facet normal 0.6835852235334515 -0.7298707023622205 0
    outer loop
      vertex 62.0813102722168 19.753679275512695 0
      vertex 62.0813102722168 19.753679275512695 0.6
      vertex 61.98578643798828 19.664213180541992 0.6
    endloop
  endfacet
  facet normal -0.7298784348048095 -0.6835769674344518 0
    outer loop
      vertex 64.90367889404297 19.56869125366211 0
      vertex 64.90367889404297 19.56869125366211 0.6
      vertex 64.81421661376953 19.664213180541992 0.6
    endloop
  endfacet
  facet normal -0.6835706814151501 -0.7298843220056362 0
    outer loop
      vertex 64.81421661376953 19.664213180541992 0
      vertex 64.81421661376953 19.664213180541992 0.6
      vertex 64.71868896484375 19.753679275512695 0.6
    endloop
  endfacet
  facet normal 0.6344037077157647 -0.7730018988569759 0
    outer loop
      vertex 62.18247604370117 19.836706161499023 0
      vertex 62.18247604370117 19.836706161499023 0.6
      vertex 62.0813102722168 19.753679275512695 0.6
    endloop
  endfacet
  facet normal 0.5824727247255495 -0.8128502475553504 0
    outer loop
      vertex 62.28886032104492 19.912939071655273 0
      vertex 62.28886032104492 19.912939071655273 0.6
      vertex 62.18247604370117 19.836706161499023 0.6
    endloop
  endfacet
  facet normal 0.5280613927060487 -0.849206197300366 0
    outer loop
      vertex 62.400001525878906 19.9820499420166 0
      vertex 62.400001525878906 19.9820499420166 0.6
      vertex 62.28886032104492 19.912939071655273 0.6
    endloop
  endfacet
  facet normal 0.47140345997625654 -0.8819176707167251 0
    outer loop
      vertex 62.51542282104492 20.043745040893555 0
      vertex 62.51542282104492 20.043745040893555 0.6
      vertex 62.400001525878906 19.9820499420166 0.6
    endloop
  endfacet
  facet normal 0.41271450737451276 -0.9108604368412392 0
    outer loop
      vertex 62.6346321105957 20.097759246826172 0
      vertex 62.6346321105957 20.097759246826172 0.6
      vertex 62.51542282104492 20.043745040893555 0.6
    endloop
  endfacet
  facet normal 0.35224115735776884 -0.9359092728802613 0
    outer loop
      vertex 62.75712203979492 20.14385986328125 0
      vertex 62.75712203979492 20.14385986328125 0.6
      vertex 62.6346321105957 20.097759246826172 0.6
    endloop
  endfacet
  facet normal 0.2902933527197965 -0.956937704015627 0
    outer loop
      vertex 62.882362365722656 20.181852340698242 0
      vertex 62.882362365722656 20.181852340698242 0.6
      vertex 62.75712203979492 20.14385986328125 0.6
    endloop
  endfacet
  facet normal 0.2270738929790996 -0.9738775318936751 0
    outer loop
      vertex 63.00981903076172 20.211570739746094 0
      vertex 63.00981903076172 20.211570739746094 0.6
      vertex 62.882362365722656 20.181852340698242 0.6
    endloop
  endfacet
  facet normal 0.16289100111418414 -0.9866440704509498 0
    outer loop
      vertex 63.138946533203125 20.23288917541504 0
      vertex 63.138946533203125 20.23288917541504 0.6
      vertex 63.00981903076172 20.211570739746094 0.6
    endloop
  endfacet
  facet normal 0.09802030191484404 -0.9951844152781548 0
    outer loop
      vertex 63.269195556640625 20.245718002319336 0
      vertex 63.269195556640625 20.245718002319336 0.6
      vertex 63.138946533203125 20.23288917541504 0.6
    endloop
  endfacet
  facet normal 0.03271796560209441 -0.999464624049726 0
    outer loop
      vertex 63.400001525878906 20.25 0
      vertex 63.400001525878906 20.25 0.6
      vertex 63.269195556640625 20.245718002319336 0.6
    endloop
  endfacet
  facet normal -0.03271796560209441 -0.999464624049726 0
    outer loop
      vertex 63.53080749511719 20.245718002319336 0
      vertex 63.53080749511719 20.245718002319336 0.6
      vertex 63.400001525878906 20.25 0.6
    endloop
  endfacet
  facet normal -0.09802314520582248 -0.9951841352252146 0
    outer loop
      vertex 63.66105270385742 20.23288917541504 0
      vertex 63.66105270385742 20.23288917541504 0.6
      vertex 63.53080749511719 20.245718002319336 0.6
    endloop
  endfacet
  facet normal -0.16289100111418414 -0.9866440704509498 0
    outer loop
      vertex 63.79018020629883 20.211570739746094 0
      vertex 63.79018020629883 20.211570739746094 0.6
      vertex 63.66105270385742 20.23288917541504 0.6
    endloop
  endfacet
  facet normal -0.2270738929790996 -0.9738775318936751 0
    outer loop
      vertex 63.91763687133789 20.181852340698242 0
      vertex 63.91763687133789 20.181852340698242 0.6
      vertex 63.79018020629883 20.211570739746094 0.6
    endloop
  endfacet
  facet normal -0.2902933527197965 -0.956937704015627 0
    outer loop
      vertex 64.04287719726562 20.14385986328125 0
      vertex 64.04287719726562 20.14385986328125 0.6
      vertex 63.91763687133789 20.181852340698242 0.6
    endloop
  endfacet
  facet normal -0.47139134246531333 -0.8819241476730013 0
    outer loop
      vertex 64.4000015258789 19.9820499420166 0
      vertex 64.4000015258789 19.9820499420166 0.6
      vertex 64.28457641601562 20.043745040893555 0.6
    endloop
  endfacet
  facet normal -0.35224115735776884 -0.9359092728802613 0
    outer loop
      vertex 64.16536712646484 20.097759246826172 0
      vertex 64.16536712646484 20.097759246826172 0.6
      vertex 64.04287719726562 20.14385986328125 0.6
    endloop
  endfacet
  facet normal -0.41271450737451276 -0.9108604368412392 0
    outer loop
      vertex 64.28457641601562 20.043745040893555 0
      vertex 64.28457641601562 20.043745040893555 0.6
      vertex 64.16536712646484 20.097759246826172 0.6
    endloop
  endfacet
  facet normal -0.5824727247255495 -0.8128502475553504 0
    outer loop
      vertex 64.61752319335938 19.836706161499023 0
      vertex 64.61752319335938 19.836706161499023 0.6
      vertex 64.51113891601562 19.912939071655273 0.6
    endloop
  endfacet
  facet normal -0.5280744635724446 -0.8491980693116742 0
    outer loop
      vertex 64.51113891601562 19.912939071655273 0
      vertex 64.51113891601562 19.912939071655273 0.6
      vertex 64.4000015258789 19.9820499420166 0.6
    endloop
  endfacet
  facet normal -0.6344037077157647 -0.7730018988569759 0
    outer loop
      vertex 64.71868896484375 19.753679275512695 0
      vertex 64.71868896484375 19.753679275512695 0.6
      vertex 64.61752319335938 19.836706161499023 0.6
    endloop
  endfacet
  facet normal -0.9569510765046668 0.29024926731442285 0
    outer loop
      vertex 65.29386138916016 17.607120513916016 0
      vertex 65.29386138916016 17.607120513916016 0.6
      vertex 65.33184814453125 17.732362747192383 0.6
    endloop
  endfacet
  facet normal -0.973867862482578 0.2271153592860124 0
    outer loop
      vertex 65.33184814453125 17.732362747192383 0
      vertex 65.33184814453125 17.732362747192383 0.6
      vertex 65.361572265625 17.859819412231445 0.6
    endloop
  endfacet
  facet normal -0.9866464125839977 0.16287681398875564 0
    outer loop
      vertex 65.361572265625 17.859819412231445 0
      vertex 65.361572265625 17.859819412231445 0.6
      vertex 65.38288879394531 17.98894691467285 0.6
    endloop
  endfacet
  facet normal -0.9951814315532105 0.09805059047095348 0
    outer loop
      vertex 65.38288879394531 17.98894691467285 0
      vertex 65.38288879394531 17.98894691467285 0.6
      vertex 65.39572143554688 18.11919403076172 0.6
    endloop
  endfacet
  facet normal -0.9994651005105961 0.03270340748827322 0
    outer loop
      vertex 65.39572143554688 18.11919403076172 0
      vertex 65.39572143554688 18.11919403076172 0.6
      vertex 65.4000015258789 18.25 0.6
    endloop
  endfacet
  facet normal -0.9994651005105961 -0.03270340748827322 0
    outer loop
      vertex 65.4000015258789 18.25 0
      vertex 65.4000015258789 18.25 0.6
      vertex 65.39572143554688 18.38080596923828 0.6
    endloop
  endfacet
  facet normal -0.9951814315532105 -0.09805059047095348 0
    outer loop
      vertex 65.39572143554688 18.38080596923828 0
      vertex 65.39572143554688 18.38080596923828 0.6
      vertex 65.38288879394531 18.51105308532715 0.6
    endloop
  endfacet
  facet normal -0.9866464125839977 -0.16287681398875564 0
    outer loop
      vertex 65.38288879394531 18.51105308532715 0
      vertex 65.38288879394531 18.51105308532715 0.6
      vertex 65.361572265625 18.640180587768555 0.6
    endloop
  endfacet
  facet normal -0.9569510765046668 -0.29024926731442285 0
    outer loop
      vertex 65.33184814453125 18.767637252807617 0
      vertex 65.33184814453125 18.767637252807617 0.6
      vertex 65.29386138916016 18.892879486083984 0.6
    endloop
  endfacet
  facet normal -0.9358978554030184 -0.35227149224998455 0
    outer loop
      vertex 65.29386138916016 18.892879486083984 0
      vertex 65.29386138916016 18.892879486083984 0.6
      vertex 65.24775695800781 19.01536750793457 0.6
    endloop
  endfacet
  facet normal -0.9108768723593957 -0.41267823228365835 0
    outer loop
      vertex 65.24775695800781 19.01536750793457 0
      vertex 65.24775695800781 19.01536750793457 0.6
      vertex 65.1937484741211 19.13457679748535 0.6
    endloop
  endfacet
  facet normal -0.8819087916214844 -0.47142007091418286 0
    outer loop
      vertex 65.1937484741211 19.13457679748535 0
      vertex 65.1937484741211 19.13457679748535 0.6
      vertex 65.13204956054688 19.25 0.6
    endloop
  endfacet
  facet normal -0.973867862482578 -0.2271153592860124 0
    outer loop
      vertex 65.361572265625 18.640180587768555 0
      vertex 65.361572265625 18.640180587768555 0.6
      vertex 65.33184814453125 18.767637252807617 0.6
    endloop
  endfacet
  facet normal -0.8492192678468118 -0.5280403726210002 0
    outer loop
      vertex 65.13204956054688 19.25 0
      vertex 65.13204956054688 19.25 0.6
      vertex 65.06294250488281 19.361141204833984 0.6
    endloop
  endfacet
  facet normal -0.8128453030587668 -0.5824796247898304 0
    outer loop
      vertex 65.06294250488281 19.361141204833984 0
      vertex 65.06294250488281 19.361141204833984 0.6
      vertex 64.98670959472656 19.4675235748291 0.6
    endloop
  endfacet
  facet normal -0.7729934706011566 -0.6344139771537028 0
    outer loop
      vertex 64.98670959472656 19.4675235748291 0
      vertex 64.98670959472656 19.4675235748291 0.6
      vertex 64.90367889404297 19.56869125366211 0.6
    endloop
  endfacet
  facet normal 0 0 -1
    outer loop
      vertex 62.0813102722168 41.34632110595703 0
      vertex 62.10590477448739 38.02037086855466 0
      vertex 61.79280267348419 38.115349352524476 0
    endloop
  endfacet
  facet normal 0 0 -1
    outer loop
      vertex 62.51542282104492 41.05625534057617 0
      vertex 62.42454838991936 37.94607359798385 0
      vertex 62.10590477448739 38.02037086855466 0
    endloop
  endfacet
  facet normal 0 0 -1
    outer loop
      vertex 62.75712203979492 40.956138610839844 0
      vertex 62.74736903889974 37.89277569313095 0
      vertex 62.42454838991936 37.94607359798385 0
    endloop
  endfacet
  facet normal 0 0 -1
    outer loop
      vertex 63.138946533203125 40.86711120605469 0
      vertex 63.072984353849286 37.86070538380699 0
      vertex 62.74736903889974 37.89277569313095 0
    endloop
  endfacet
  facet normal 0 0 -1
    outer loop
      vertex 63.400001525878906 40.849998474121094 0
      vertex 63.4 37.85 0
      vertex 63.072984353849286 37.86070538380699 0
    endloop
  endfacet
  facet normal 0 0 -1
    outer loop
      vertex 63.66105270385742 40.86711120605469 0
      vertex 63.72701564615071 37.86070538380699 0
      vertex 63.4 37.85 0
    endloop
  endfacet
  facet normal 0 0 -1
    outer loop
      vertex 64.04287719726562 40.956138610839844 0
      vertex 64.05263096110026 37.89277569313095 0
      vertex 63.72701564615071 37.86070538380699 0
    endloop
  endfacet
  facet normal 0 0 -1
    outer loop
      vertex 64.28457641601562 41.05625534057617 0
      vertex 64.37545161008065 37.94607359798385 0
      vertex 64.05263096110026 37.89277569313095 0
    endloop
  endfacet
  facet normal 0 0 -1
    outer loop
      vertex 64.61752319335938 41.2632942199707 0
      vertex 64.6940952255126 38.02037086855466 0
      vertex 64.37545161008065 37.94607359798385 0
    endloop
  endfacet
  facet normal 0 0 -1
    outer loop
      vertex 61.40428161621094 42.71919250488281 0
      vertex 60.3561928549564 38.88323329854383 0
      vertex 60.103270924499654 39.090800962605115 0
    endloop
  endfacet
  facet normal 0 0 -1
    outer loop
      vertex 61.40428161621094 42.71919250488281 0
      vertex 60.622148834901985 38.69265193848727 0
      vertex 60.3561928549564 38.88323329854383 0
    endloop
  endfacet
  facet normal 0 0 -1
    outer loop
      vertex 61.40428161621094 42.71919250488281 0
      vertex 61.18855654890499 38.36563629233656 0
      vertex 60.9 38.51987298107781 0
    endloop
  endfacet
  facet normal 0 0 -1
    outer loop
      vertex 61.40428161621094 42.71919250488281 0
      vertex 60.9 38.51987298107781 0
      vertex 60.622148834901985 38.69265193848727 0
    endloop
  endfacet
  facet normal 0 0 -1
    outer loop
      vertex 61.40428161621094 42.71919250488281 0
      vertex 61.48658283817455 38.23060233744357 0
      vertex 61.18855654890499 38.36563629233656 0
    endloop
  endfacet
  facet normal 0 0 -1
    outer loop
      vertex 61.40428161621094 42.71919250488281 0
      vertex 59.86446609406726 39.314466094067264 0
      vertex 59.64080096260511 39.55327092449966 0
    endloop
  endfacet
  facet normal 0 0 -1
    outer loop
      vertex 61.40428161621094 42.71919250488281 0
      vertex 60.103270924499654 39.090800962605115 0
      vertex 59.86446609406726 39.314466094067264 0
    endloop
  endfacet
  facet normal 0 0 -1
    outer loop
      vertex 61.40428161621094 42.71919250488281 0
      vertex 59.64080096260511 39.55327092449966 0
      vertex 59.433233298543826 39.8061928549564 0
    endloop
  endfacet
  facet normal 0 0 -1
    outer loop
      vertex 61.40428161621094 42.71919250488281 0
      vertex 59.433233298543826 39.8061928549564 0
      vertex 59.24265193848727 40.07214883490199 0
    endloop
  endfacet
  facet normal 0 0 -1
    outer loop
      vertex 61.40428161621094 42.71919250488281 0
      vertex 59.24265193848727 40.07214883490199 0
      vertex 59.06987298107781 40.35 0
    endloop
  endfacet
  facet normal 0 0 -1
    outer loop
      vertex 61.40428161621094 42.71919250488281 0
      vertex 59.06987298107781 40.35 0
      vertex 58.91563629233656 40.638556548904994 0
    endloop
  endfacet
  facet normal 0 0 -1
    outer loop
      vertex 61.40428161621094 42.71919250488281 0
      vertex 58.78060233744357 40.93658283817455 0
      vertex 58.66534935252447 41.24280267348419 0
    endloop
  endfacet
  facet normal 0 0 -1
    outer loop
      vertex 61.40428161621094 42.71919250488281 0
      vertex 58.66534935252447 41.24280267348419 0
      vertex 58.570370868554654 41.555904774487395 0
    endloop
  endfacet
  facet normal 0 0 -1
    outer loop
      vertex 61.40428161621094 42.71919250488281 0
      vertex 58.570370868554654 41.555904774487395 0
      vertex 58.496073597983845 41.87454838991936 0
    endloop
  endfacet
  facet normal 0 0 -1
    outer loop
      vertex 61.40428161621094 42.71919250488281 0
      vertex 58.496073597983845 41.87454838991936 0
      vertex 58.44277569313095 42.197369038899744 0
    endloop
  endfacet
  facet normal 0 0 -1
    outer loop
      vertex 61.40428161621094 42.71919250488281 0
      vertex 58.44277569313095 42.197369038899744 0
      vertex 58.410705383806985 42.52298435384929 0
    endloop
  endfacet
  facet normal 0 0 -1
    outer loop
      vertex 61.40428161621094 42.71919250488281 0
      vertex 58.410705383806985 42.52298435384929 0
      vertex 58.4 42.85 0
    endloop
  endfacet
  facet normal 0 0 -1
    outer loop
      vertex 61.40428161621094 42.71919250488281 0
      vertex 58.4 42.85 0
      vertex 58.410705383806985 43.177015646150714 0
    endloop
  endfacet
  facet normal 0 0 -1
    outer loop
      vertex 61.40428161621094 42.71919250488281 0
      vertex 58.410705383806985 43.177015646150714 0
      vertex 58.44277569313095 43.50263096110026 0
    endloop
  endfacet
  facet normal 0 0 -1
    outer loop
      vertex 61.40428161621094 42.71919250488281 0
      vertex 58.44277569313095 43.50263096110026 0
      vertex 58.496073597983845 43.82545161008064 0
    endloop
  endfacet
  facet normal 0 0 -1
    outer loop
      vertex 61.40428161621094 42.71919250488281 0
      vertex 58.91563629233656 40.638556548904994 0
      vertex 58.78060233744357 40.93658283817455 0
    endloop
  endfacet
  facet normal 0 0 -1
    outer loop
      vertex 61.40428161621094 42.71919250488281 0
      vertex 58.496073597983845 43.82545161008064 0
      vertex 61.400001525878906 42.849998474121094 0
    endloop
  endfacet
  facet normal 0 0 -1
    outer loop
      vertex 61.400001525878906 42.849998474121094 0
      vertex 58.570370868554654 44.14409522551261 0
      vertex 61.40428161621094 42.980804443359375 0
    endloop
  endfacet
  facet normal 0 0 -1
    outer loop
      vertex 61.40428161621094 42.980804443359375 0
      vertex 58.570370868554654 44.14409522551261 0
      vertex 61.417110443115234 43.111053466796875 0
    endloop
  endfacet
  facet normal 0 0 -1
    outer loop
      vertex 61.400001525878906 42.849998474121094 0
      vertex 58.496073597983845 43.82545161008064 0
      vertex 58.570370868554654 44.14409522551261 0
    endloop
  endfacet
  facet normal 0 0 -1
    outer loop
      vertex 61.417110443115234 43.111053466796875 0
      vertex 58.570370868554654 44.14409522551261 0
      vertex 58.66534935252447 44.45719732651581 0
    endloop
  endfacet
  facet normal 0 0 -1
    outer loop
      vertex 61.417110443115234 43.111053466796875 0
      vertex 58.66534935252447 44.45719732651581 0
      vertex 61.43843078613281 43.24018096923828 0
    endloop
  endfacet
  facet normal 0 0 -1
    outer loop
      vertex 61.43843078613281 43.24018096923828 0
      vertex 58.66534935252447 44.45719732651581 0
      vertex 61.46814727783203 43.367637634277344 0
    endloop
  endfacet
  facet normal 0 0 -1
    outer loop
      vertex 61.50613784790039 43.49287796020508 0
      vertex 58.66534935252447 44.45719732651581 0
      vertex 58.78060233744357 44.76341716182545 0
    endloop
  endfacet
  facet normal 0 0 -1
    outer loop
      vertex 61.60625457763672 43.73457717895508 0
      vertex 58.78060233744357 44.76341716182545 0
      vertex 58.91563629233656 45.06144345109501 0
    endloop
  endfacet
  facet normal 0 0 -1
    outer loop
      vertex 61.46814727783203 43.367637634277344 0
      vertex 58.66534935252447 44.45719732651581 0
      vertex 61.50613784790039 43.49287796020508 0
    endloop
  endfacet
  facet normal 0 0 -1
    outer loop
      vertex 61.50613784790039 43.49287796020508 0
      vertex 58.78060233744357 44.76341716182545 0
      vertex 61.552242279052734 43.6153678894043 0
    endloop
  endfacet
  facet normal 0 0 -1
    outer loop
      vertex 61.552242279052734 43.6153678894043 0
      vertex 58.78060233744357 44.76341716182545 0
      vertex 61.60625457763672 43.73457717895508 0
    endloop
  endfacet
  facet normal 0 0 -1
    outer loop
      vertex 61.60625457763672 43.73457717895508 0
      vertex 58.91563629233656 45.06144345109501 0
      vertex 61.66794967651367 43.849998474121094 0
    endloop
  endfacet
  facet normal 0 0 -1
    outer loop
      vertex 61.66794967651367 43.849998474121094 0
      vertex 58.91563629233656 45.06144345109501 0
      vertex 61.737060546875 43.96113967895508 0
    endloop
  endfacet
  facet normal 0 0 -1
    outer loop
      vertex 61.737060546875 43.96113967895508 0
      vertex 59.06987298107781 45.35 0
      vertex 61.81329345703125 44.06752395629883 0
    endloop
  endfacet
  facet normal 0 0 -1
    outer loop
      vertex 61.81329345703125 44.06752395629883 0
      vertex 59.06987298107781 45.35 0
      vertex 61.89632034301758 44.1686897277832 0
    endloop
  endfacet
  facet normal 0 0 -1
    outer loop
      vertex 61.89632034301758 44.1686897277832 0
      vertex 59.06987298107781 45.35 0
      vertex 61.98578643798828 44.26421356201172 0
    endloop
  endfacet
  facet normal 0 0 -1
    outer loop
      vertex 61.737060546875 43.96113967895508 0
      vertex 58.91563629233656 45.06144345109501 0
      vertex 59.06987298107781 45.35 0
    endloop
  endfacet
  facet normal 0 0 -1
    outer loop
      vertex 61.98578643798828 44.26421356201172 0
      vertex 59.06987298107781 45.35 0
      vertex 59.24265193848727 45.627851165098015 0
    endloop
  endfacet
  facet normal 0 0 -1
    outer loop
      vertex 62.28886032104492 44.512939453125 0
      vertex 59.24265193848727 45.627851165098015 0
      vertex 59.433233298543826 45.8938071450436 0
    endloop
  endfacet
  facet normal 0 0 -1
    outer loop
      vertex 61.98578643798828 44.26421356201172 0
      vertex 59.24265193848727 45.627851165098015 0
      vertex 62.0813102722168 44.35367965698242 0
    endloop
  endfacet
  facet normal 0 0 -1
    outer loop
      vertex 62.0813102722168 44.35367965698242 0
      vertex 59.24265193848727 45.627851165098015 0
      vertex 62.18247604370117 44.43670654296875 0
    endloop
  endfacet
  facet normal 0 0 -1
    outer loop
      vertex 62.18247604370117 44.43670654296875 0
      vertex 59.24265193848727 45.627851165098015 0
      vertex 62.28886032104492 44.512939453125 0
    endloop
  endfacet
  facet normal 0 0 -1
    outer loop
      vertex 62.28886032104492 44.512939453125 0
      vertex 59.433233298543826 45.8938071450436 0
      vertex 62.400001525878906 44.58205032348633 0
    endloop
  endfacet
  facet normal 0 0 -1
    outer loop
      vertex 62.75712203979492 44.74386215209961 0
      vertex 59.433233298543826 45.8938071450436 0
      vertex 59.64080096260511 46.146729075500346 0
    endloop
  endfacet
  facet normal 0 0 -1
    outer loop
      vertex 62.75712203979492 44.74386215209961 0
      vertex 59.64080096260511 46.146729075500346 0
      vertex 59.86446609406726 46.38553390593274 0
    endloop
  endfacet
  facet normal 0 0 -1
    outer loop
      vertex 62.75712203979492 44.74386215209961 0
      vertex 59.86446609406726 46.38553390593274 0
      vertex 60.103270924499654 46.60919903739489 0
    endloop
  endfacet
  facet normal 0 0 -1
    outer loop
      vertex 62.75712203979492 44.74386215209961 0
      vertex 60.103270924499654 46.60919903739489 0
      vertex 60.3561928549564 46.816766701456174 0
    endloop
  endfacet
  facet normal 0 0 -1
    outer loop
      vertex 62.75712203979492 44.74386215209961 0
      vertex 60.3561928549564 46.816766701456174 0
      vertex 60.622148834901985 47.00734806151273 0
    endloop
  endfacet
  facet normal 0 0 -1
    outer loop
      vertex 61.66794967651367 41.849998474121094 0
      vertex 61.79280267348419 38.115349352524476 0
      vertex 61.48658283817455 38.23060233744357 0
    endloop
  endfacet
  facet normal 0 0 -1
    outer loop
      vertex 62.28886032104492 41.18706130981445 0
      vertex 62.400001525878906 41.117950439453125 0
      vertex 62.10590477448739 38.02037086855466 0
    endloop
  endfacet
  facet normal 0 0 -1
    outer loop
      vertex 62.0813102722168 41.34632110595703 0
      vertex 62.18247604370117 41.2632942199707 0
      vertex 62.10590477448739 38.02037086855466 0
    endloop
  endfacet
  facet normal 0 0 -1
    outer loop
      vertex 62.28886032104492 41.18706130981445 0
      vertex 62.10590477448739 38.02037086855466 0
      vertex 62.18247604370117 41.2632942199707 0
    endloop
  endfacet
  facet normal 0 0 -1
    outer loop
      vertex 62.51542282104492 41.05625534057617 0
      vertex 62.6346321105957 41.00223922729492 0
      vertex 62.42454838991936 37.94607359798385 0
    endloop
  endfacet
  facet normal 0 0 -1
    outer loop
      vertex 62.6346321105957 41.00223922729492 0
      vertex 62.75712203979492 40.956138610839844 0
      vertex 62.42454838991936 37.94607359798385 0
    endloop
  endfacet
  facet normal 0 0 -1
    outer loop
      vertex 62.51542282104492 41.05625534057617 0
      vertex 62.10590477448739 38.02037086855466 0
      vertex 62.400001525878906 41.117950439453125 0
    endloop
  endfacet
  facet normal 0 0 -1
    outer loop
      vertex 62.75712203979492 40.956138610839844 0
      vertex 62.882362365722656 40.918148040771484 0
      vertex 62.74736903889974 37.89277569313095 0
    endloop
  endfacet
  facet normal 0 0 -1
    outer loop
      vertex 62.882362365722656 40.918148040771484 0
      vertex 63.00981903076172 40.888427734375 0
      vertex 62.74736903889974 37.89277569313095 0
    endloop
  endfacet
  facet normal 0 0 -1
    outer loop
      vertex 63.00981903076172 40.888427734375 0
      vertex 63.138946533203125 40.86711120605469 0
      vertex 62.74736903889974 37.89277569313095 0
    endloop
  endfacet
  facet normal 0 0 -1
    outer loop
      vertex 61.89632034301758 41.531307220458984 0
      vertex 61.79280267348419 38.115349352524476 0
      vertex 61.81329345703125 41.632476806640625 0
    endloop
  endfacet
  facet normal 0 0 -1
    outer loop
      vertex 61.737060546875 41.738861083984375 0
      vertex 61.81329345703125 41.632476806640625 0
      vertex 61.79280267348419 38.115349352524476 0
    endloop
  endfacet
  facet normal 0 0 -1
    outer loop
      vertex 61.66794967651367 41.849998474121094 0
      vertex 61.48658283817455 38.23060233744357 0
      vertex 61.60625457763672 41.965423583984375 0
    endloop
  endfacet
  facet normal 0 0 -1
    outer loop
      vertex 61.60625457763672 41.965423583984375 0
      vertex 61.48658283817455 38.23060233744357 0
      vertex 61.552242279052734 42.084632873535156 0
    endloop
  endfacet
  facet normal 0 0 -1
    outer loop
      vertex 61.737060546875 41.738861083984375 0
      vertex 61.79280267348419 38.115349352524476 0
      vertex 61.66794967651367 41.849998474121094 0
    endloop
  endfacet
  facet normal 0 0 -1
    outer loop
      vertex 61.89632034301758 41.531307220458984 0
      vertex 61.98578643798828 41.435787200927734 0
      vertex 61.79280267348419 38.115349352524476 0
    endloop
  endfacet
  facet normal 0 0 -1
    outer loop
      vertex 62.0813102722168 41.34632110595703 0
      vertex 61.79280267348419 38.115349352524476 0
      vertex 61.98578643798828 41.435787200927734 0
    endloop
  endfacet
  facet normal 0 0 -1
    outer loop
      vertex 61.50613784790039 42.207122802734375 0
      vertex 61.48658283817455 38.23060233744357 0
      vertex 61.46814727783203 42.33236312866211 0
    endloop
  endfacet
  facet normal 0 0 -1
    outer loop
      vertex 61.50613784790039 42.207122802734375 0
      vertex 61.552242279052734 42.084632873535156 0
      vertex 61.48658283817455 38.23060233744357 0
    endloop
  endfacet
  facet normal 0 0 -1
    outer loop
      vertex 61.46814727783203 42.33236312866211 0
      vertex 61.48658283817455 38.23060233744357 0
      vertex 61.43843078613281 42.45981979370117 0
    endloop
  endfacet
  facet normal 0 0 -1
    outer loop
      vertex 61.43843078613281 42.45981979370117 0
      vertex 61.48658283817455 38.23060233744357 0
      vertex 61.417110443115234 42.58894729614258 0
    endloop
  endfacet
  facet normal 0 0 -1
    outer loop
      vertex 61.417110443115234 42.58894729614258 0
      vertex 61.48658283817455 38.23060233744357 0
      vertex 61.40428161621094 42.71919250488281 0
    endloop
  endfacet
  facet normal 0 0 -1
    outer loop
      vertex 63.138946533203125 40.86711120605469 0
      vertex 63.269195556640625 40.85428237915039 0
      vertex 63.072984353849286 37.86070538380699 0
    endloop
  endfacet
  facet normal 0 0 -1
    outer loop
      vertex 63.269195556640625 40.85428237915039 0
      vertex 63.400001525878906 40.849998474121094 0
      vertex 63.072984353849286 37.86070538380699 0
    endloop
  endfacet
  facet normal 0 0 -1
    outer loop
      vertex 63.400001525878906 40.849998474121094 0
      vertex 63.53080749511719 40.85428237915039 0
      vertex 63.4 37.85 0
    endloop
  endfacet
  facet normal 0 0 -1
    outer loop
      vertex 63.53080749511719 40.85428237915039 0
      vertex 63.66105270385742 40.86711120605469 0
      vertex 63.4 37.85 0
    endloop
  endfacet
  facet normal 0 0 -1
    outer loop
      vertex 63.66105270385742 40.86711120605469 0
      vertex 63.79018020629883 40.888427734375 0
      vertex 63.72701564615071 37.86070538380699 0
    endloop
  endfacet
  facet normal 0 0 -1
    outer loop
      vertex 63.79018020629883 40.888427734375 0
      vertex 63.91763687133789 40.918148040771484 0
      vertex 63.72701564615071 37.86070538380699 0
    endloop
  endfacet
  facet normal 0 0 -1
    outer loop
      vertex 63.91763687133789 40.918148040771484 0
      vertex 64.04287719726562 40.956138610839844 0
      vertex 63.72701564615071 37.86070538380699 0
    endloop
  endfacet
  facet normal 0 0 -1
    outer loop
      vertex 64.98670959472656 41.632476806640625 0
      vertex 65.00719732651581 38.115349352524476 0
      vertex 64.6940952255126 38.02037086855466 0
    endloop
  endfacet
  facet normal 0 0 -1
    outer loop
      vertex 64.04287719726562 40.956138610839844 0
      vertex 64.16536712646484 41.00223922729492 0
      vertex 64.05263096110026 37.89277569313095 0
    endloop
  endfacet
  facet normal 0 0 -1
    outer loop
      vertex 64.16536712646484 41.00223922729492 0
      vertex 64.28457641601562 41.05625534057617 0
      vertex 64.05263096110026 37.89277569313095 0
    endloop
  endfacet
  facet normal 0 0 -1
    outer loop
      vertex 64.28457641601562 41.05625534057617 0
      vertex 64.4000015258789 41.117950439453125 0
      vertex 64.37545161008065 37.94607359798385 0
    endloop
  endfacet
  facet normal 0 0 -1
    outer loop
      vertex 64.4000015258789 41.117950439453125 0
      vertex 64.51113891601562 41.18706130981445 0
      vertex 64.37545161008065 37.94607359798385 0
    endloop
  endfacet
  facet normal 0 0 -1
    outer loop
      vertex 64.51113891601562 41.18706130981445 0
      vertex 64.61752319335938 41.2632942199707 0
      vertex 64.37545161008065 37.94607359798385 0
    endloop
  endfacet
  facet normal 0 0 -1
    outer loop
      vertex 64.61752319335938 41.2632942199707 0
      vertex 64.71868896484375 41.34632110595703 0
      vertex 64.6940952255126 38.02037086855466 0
    endloop
  endfacet
  facet normal 0 0 -1
    outer loop
      vertex 64.71868896484375 41.34632110595703 0
      vertex 64.81421661376953 41.435787200927734 0
      vertex 64.6940952255126 38.02037086855466 0
    endloop
  endfacet
  facet normal 0 0 -1
    outer loop
      vertex 64.81421661376953 41.435787200927734 0
      vertex 64.90367889404297 41.531307220458984 0
      vertex 64.6940952255126 38.02037086855466 0
    endloop
  endfacet
  facet normal 0 0 -1
    outer loop
      vertex 64.90367889404297 41.531307220458984 0
      vertex 64.98670959472656 41.632476806640625 0
      vertex 64.6940952255126 38.02037086855466 0
    endloop
  endfacet
  facet normal 0 0 -1
    outer loop
      vertex 65.06294250488281 41.738861083984375 0
      vertex 65.31341716182544 38.23060233744357 0
      vertex 65.00719732651581 38.115349352524476 0
    endloop
  endfacet
  facet normal 0 0 -1
    outer loop
      vertex 65.06294250488281 41.738861083984375 0
      vertex 65.611443451095 38.36563629233656 0
      vertex 65.31341716182544 38.23060233744357 0
    endloop
  endfacet
  facet normal 0 0 -1
    outer loop
      vertex 65.06294250488281 41.738861083984375 0
      vertex 65.9 38.51987298107781 0
      vertex 65.611443451095 38.36563629233656 0
    endloop
  endfacet
  facet normal 0 0 -1
    outer loop
      vertex 65.06294250488281 41.738861083984375 0
      vertex 66.177851165098 38.69265193848727 0
      vertex 65.9 38.51987298107781 0
    endloop
  endfacet
  facet normal 0 0 -1
    outer loop
      vertex 65.06294250488281 41.738861083984375 0
      vertex 66.4438071450436 38.88323329854383 0
      vertex 66.177851165098 38.69265193848727 0
    endloop
  endfacet
  facet normal 0 0 -1
    outer loop
      vertex 65.06294250488281 41.738861083984375 0
      vertex 66.69672907550034 39.090800962605115 0
      vertex 66.4438071450436 38.88323329854383 0
    endloop
  endfacet
  facet normal 0 0 -1
    outer loop
      vertex 65.06294250488281 41.738861083984375 0
      vertex 66.93553390593274 39.314466094067264 0
      vertex 66.69672907550034 39.090800962605115 0
    endloop
  endfacet
  facet normal 0 0 -1
    outer loop
      vertex 65.06294250488281 41.738861083984375 0
      vertex 67.15919903739488 39.55327092449966 0
      vertex 66.93553390593274 39.314466094067264 0
    endloop
  endfacet
  facet normal 0 0 -1
    outer loop
      vertex 64.98670959472656 41.632476806640625 0
      vertex 65.06294250488281 41.738861083984375 0
      vertex 65.00719732651581 38.115349352524476 0
    endloop
  endfacet
  facet normal 0 0 -1
    outer loop
      vertex 65.06294250488281 41.738861083984375 0
      vertex 67.36676670145617 39.8061928549564 0
      vertex 67.15919903739488 39.55327092449966 0
    endloop
  endfacet
  facet normal 0 0 -1
    outer loop
      vertex 65.06294250488281 41.738861083984375 0
      vertex 67.55734806151273 40.07214883490199 0
      vertex 67.36676670145617 39.8061928549564 0
    endloop
  endfacet
  facet normal 0 0 -1
    outer loop
      vertex 65.06294250488281 41.738861083984375 0
      vertex 67.73012701892219 40.35 0
      vertex 67.55734806151273 40.07214883490199 0
    endloop
  endfacet
  facet normal 0 0 -1
    outer loop
      vertex 65.06294250488281 41.738861083984375 0
      vertex 67.88436370766344 40.638556548904994 0
      vertex 67.73012701892219 40.35 0
    endloop
  endfacet
  facet normal 0 0 -1
    outer loop
      vertex 65.06294250488281 41.738861083984375 0
      vertex 68.01939766255643 40.93658283817455 0
      vertex 67.88436370766344 40.638556548904994 0
    endloop
  endfacet
  facet normal 0 0 -1
    outer loop
      vertex 65.06294250488281 41.738861083984375 0
      vertex 68.13465064747552 41.24280267348419 0
      vertex 68.01939766255643 40.93658283817455 0
    endloop
  endfacet
  facet normal 0 0 -1
    outer loop
      vertex 65.06294250488281 41.738861083984375 0
      vertex 65.13204956054688 41.849998474121094 0
      vertex 68.4 42.85 0
    endloop
  endfacet
  facet normal 0 0 -1
    outer loop
      vertex 65.13204956054688 41.849998474121094 0
      vertex 65.1937484741211 41.965423583984375 0
      vertex 68.4 42.85 0
    endloop
  endfacet
  facet normal 0 0 -1
    outer loop
      vertex 65.1937484741211 41.965423583984375 0
      vertex 65.24775695800781 42.084632873535156 0
      vertex 68.38929461619301 43.177015646150714 0
    endloop
  endfacet
  facet normal 0 0 -1
    outer loop
      vertex 65.24775695800781 42.084632873535156 0
      vertex 65.29386138916016 42.207122802734375 0
      vertex 68.38929461619301 43.177015646150714 0
    endloop
  endfacet
  facet normal 0 0 -1
    outer loop
      vertex 65.29386138916016 42.207122802734375 0
      vertex 65.33184814453125 42.33236312866211 0
      vertex 68.38929461619301 43.177015646150714 0
    endloop
  endfacet
  facet normal 0 0 -1
    outer loop
      vertex 65.33184814453125 42.33236312866211 0
      vertex 65.361572265625 42.45981979370117 0
      vertex 68.38929461619301 43.177015646150714 0
    endloop
  endfacet
  facet normal 0 0 -1
    outer loop
      vertex 65.361572265625 42.45981979370117 0
      vertex 65.38288879394531 42.58894729614258 0
      vertex 68.35722430686906 43.50263096110026 0
    endloop
  endfacet
  facet normal 0 0 -1
    outer loop
      vertex 65.38288879394531 42.58894729614258 0
      vertex 65.39572143554688 42.71919250488281 0
      vertex 68.35722430686906 43.50263096110026 0
    endloop
  endfacet
  facet normal 0 0 -1
    outer loop
      vertex 65.39572143554688 42.71919250488281 0
      vertex 65.4000015258789 42.849998474121094 0
      vertex 68.30392640201615 43.82545161008064 0
    endloop
  endfacet
  facet normal 0 0 -1
    outer loop
      vertex 65.39572143554688 42.980804443359375 0
      vertex 68.30392640201615 43.82545161008064 0
      vertex 65.4000015258789 42.849998474121094 0
    endloop
  endfacet
  facet normal 0 0 -1
    outer loop
      vertex 65.39572143554688 42.980804443359375 0
      vertex 65.38288879394531 43.111053466796875 0
      vertex 68.30392640201615 43.82545161008064 0
    endloop
  endfacet
  facet normal 0 0 -1
    outer loop
      vertex 65.38288879394531 43.111053466796875 0
      vertex 65.361572265625 43.24018096923828 0
      vertex 68.22962913144534 44.14409522551261 0
    endloop
  endfacet
  facet normal 0 0 -1
    outer loop
      vertex 65.06294250488281 41.738861083984375 0
      vertex 68.22962913144534 41.555904774487395 0
      vertex 68.13465064747552 41.24280267348419 0
    endloop
  endfacet
  facet normal 0 0 -1
    outer loop
      vertex 65.06294250488281 41.738861083984375 0
      vertex 68.30392640201615 41.87454838991936 0
      vertex 68.22962913144534 41.555904774487395 0
    endloop
  endfacet
  facet normal 0 0 -1
    outer loop
      vertex 65.06294250488281 41.738861083984375 0
      vertex 68.35722430686906 42.197369038899744 0
      vertex 68.30392640201615 41.87454838991936 0
    endloop
  endfacet
  facet normal 0 0 -1
    outer loop
      vertex 65.06294250488281 41.738861083984375 0
      vertex 68.38929461619301 42.52298435384929 0
      vertex 68.35722430686906 42.197369038899744 0
    endloop
  endfacet
  facet normal 0 0 -1
    outer loop
      vertex 65.06294250488281 41.738861083984375 0
      vertex 68.4 42.85 0
      vertex 68.38929461619301 42.52298435384929 0
    endloop
  endfacet
  facet normal 0 0 -1
    outer loop
      vertex 65.1937484741211 41.965423583984375 0
      vertex 68.38929461619301 43.177015646150714 0
      vertex 68.4 42.85 0
    endloop
  endfacet
  facet normal 0 0 -1
    outer loop
      vertex 65.361572265625 42.45981979370117 0
      vertex 68.35722430686906 43.50263096110026 0
      vertex 68.38929461619301 43.177015646150714 0
    endloop
  endfacet
  facet normal 0 0 -1
    outer loop
      vertex 65.39572143554688 42.71919250488281 0
      vertex 68.30392640201615 43.82545161008064 0
      vertex 68.35722430686906 43.50263096110026 0
    endloop
  endfacet
  facet normal 0 0 -1
    outer loop
      vertex 62.400001525878906 44.58205032348633 0
      vertex 59.433233298543826 45.8938071450436 0
      vertex 62.51542282104492 44.64374542236328 0
    endloop
  endfacet
  facet normal 0 0 -1
    outer loop
      vertex 62.51542282104492 44.64374542236328 0
      vertex 59.433233298543826 45.8938071450436 0
      vertex 62.6346321105957 44.697757720947266 0
    endloop
  endfacet
  facet normal 0 0 -1
    outer loop
      vertex 62.6346321105957 44.697757720947266 0
      vertex 59.433233298543826 45.8938071450436 0
      vertex 62.75712203979492 44.74386215209961 0
    endloop
  endfacet
  facet normal 0 0 -1
    outer loop
      vertex 62.75712203979492 44.74386215209961 0
      vertex 67.15919903739488 46.146729075500346 0
      vertex 62.882362365722656 44.78185272216797 0
    endloop
  endfacet
  facet normal 0 0 -1
    outer loop
      vertex 62.882362365722656 44.78185272216797 0
      vertex 67.15919903739488 46.146729075500346 0
      vertex 63.00981903076172 44.81156921386719 0
    endloop
  endfacet
  facet normal 0 0 -1
    outer loop
      vertex 63.00981903076172 44.81156921386719 0
      vertex 67.15919903739488 46.146729075500346 0
      vertex 63.138946533203125 44.832889556884766 0
    endloop
  endfacet
  facet normal 0 0 -1
    outer loop
      vertex 63.138946533203125 44.832889556884766 0
      vertex 67.15919903739488 46.146729075500346 0
      vertex 63.269195556640625 44.84571838378906 0
    endloop
  endfacet
  facet normal 0 0 -1
    outer loop
      vertex 63.269195556640625 44.84571838378906 0
      vertex 67.15919903739488 46.146729075500346 0
      vertex 63.400001525878906 44.849998474121094 0
    endloop
  endfacet
  facet normal 0 0 -1
    outer loop
      vertex 63.400001525878906 44.849998474121094 0
      vertex 67.15919903739488 46.146729075500346 0
      vertex 63.53080749511719 44.84571838378906 0
    endloop
  endfacet
  facet normal 0 0 -1
    outer loop
      vertex 63.53080749511719 44.84571838378906 0
      vertex 67.15919903739488 46.146729075500346 0
      vertex 63.66105270385742 44.832889556884766 0
    endloop
  endfacet
  facet normal 0 0 -1
    outer loop
      vertex 63.66105270385742 44.832889556884766 0
      vertex 67.15919903739488 46.146729075500346 0
      vertex 63.79018020629883 44.81156921386719 0
    endloop
  endfacet
  facet normal 0 0 -1
    outer loop
      vertex 62.75712203979492 44.74386215209961 0
      vertex 60.622148834901985 47.00734806151273 0
      vertex 60.9 47.18012701892219 0
    endloop
  endfacet
  facet normal 0 0 -1
    outer loop
      vertex 62.75712203979492 44.74386215209961 0
      vertex 60.9 47.18012701892219 0
      vertex 61.18855654890499 47.33436370766344 0
    endloop
  endfacet
  facet normal 0 0 -1
    outer loop
      vertex 62.75712203979492 44.74386215209961 0
      vertex 61.18855654890499 47.33436370766344 0
      vertex 61.48658283817455 47.46939766255643 0
    endloop
  endfacet
  facet normal 0 0 -1
    outer loop
      vertex 62.75712203979492 44.74386215209961 0
      vertex 61.48658283817455 47.46939766255643 0
      vertex 61.79280267348419 47.58465064747553 0
    endloop
  endfacet
  facet normal 0 0 -1
    outer loop
      vertex 62.75712203979492 44.74386215209961 0
      vertex 61.79280267348419 47.58465064747553 0
      vertex 62.10590477448739 47.679629131445346 0
    endloop
  endfacet
  facet normal 0 0 -1
    outer loop
      vertex 62.75712203979492 44.74386215209961 0
      vertex 62.10590477448739 47.679629131445346 0
      vertex 62.42454838991936 47.753926402016155 0
    endloop
  endfacet
  facet normal 0 0 -1
    outer loop
      vertex 62.75712203979492 44.74386215209961 0
      vertex 62.42454838991936 47.753926402016155 0
      vertex 62.74736903889974 47.80722430686905 0
    endloop
  endfacet
  facet normal 0 0 -1
    outer loop
      vertex 62.75712203979492 44.74386215209961 0
      vertex 62.74736903889974 47.80722430686905 0
      vertex 63.072984353849286 47.839294616193015 0
    endloop
  endfacet
  facet normal 0 0 -1
    outer loop
      vertex 62.75712203979492 44.74386215209961 0
      vertex 63.072984353849286 47.839294616193015 0
      vertex 63.4 47.85 0
    endloop
  endfacet
  facet normal 0 0 -1
    outer loop
      vertex 62.75712203979492 44.74386215209961 0
      vertex 64.05263096110026 47.80722430686905 0
      vertex 64.37545161008065 47.753926402016155 0
    endloop
  endfacet
  facet normal 0 0 -1
    outer loop
      vertex 62.75712203979492 44.74386215209961 0
      vertex 64.37545161008065 47.753926402016155 0
      vertex 64.6940952255126 47.679629131445346 0
    endloop
  endfacet
  facet normal 0 0 -1
    outer loop
      vertex 62.75712203979492 44.74386215209961 0
      vertex 64.6940952255126 47.679629131445346 0
      vertex 65.00719732651581 47.58465064747553 0
    endloop
  endfacet
  facet normal 0 0 -1
    outer loop
      vertex 62.75712203979492 44.74386215209961 0
      vertex 65.00719732651581 47.58465064747553 0
      vertex 65.31341716182544 47.46939766255643 0
    endloop
  endfacet
  facet normal 0 0 -1
    outer loop
      vertex 62.75712203979492 44.74386215209961 0
      vertex 65.611443451095 47.33436370766344 0
      vertex 65.9 47.18012701892219 0
    endloop
  endfacet
  facet normal 0 0 -1
    outer loop
      vertex 62.75712203979492 44.74386215209961 0
      vertex 65.31341716182544 47.46939766255643 0
      vertex 65.611443451095 47.33436370766344 0
    endloop
  endfacet
  facet normal 0 0 -1
    outer loop
      vertex 62.75712203979492 44.74386215209961 0
      vertex 63.4 47.85 0
      vertex 63.72701564615071 47.839294616193015 0
    endloop
  endfacet
  facet normal 0 0 -1
    outer loop
      vertex 62.75712203979492 44.74386215209961 0
      vertex 63.72701564615071 47.839294616193015 0
      vertex 64.05263096110026 47.80722430686905 0
    endloop
  endfacet
  facet normal 0 0 -1
    outer loop
      vertex 65.1937484741211 43.73457717895508 0
      vertex 68.01939766255643 44.76341716182545 0
      vertex 65.24775695800781 43.6153678894043 0
    endloop
  endfacet
  facet normal 0 0 -1
    outer loop
      vertex 65.361572265625 43.24018096923828 0
      vertex 65.33184814453125 43.367637634277344 0
      vertex 68.22962913144534 44.14409522551261 0
    endloop
  endfacet
  facet normal 0 0 -1
    outer loop
      vertex 65.33184814453125 43.367637634277344 0
      vertex 65.29386138916016 43.49287796020508 0
      vertex 68.13465064747552 44.45719732651581 0
    endloop
  endfacet
  facet normal 0 0 -1
    outer loop
      vertex 65.29386138916016 43.49287796020508 0
      vertex 65.24775695800781 43.6153678894043 0
      vertex 68.13465064747552 44.45719732651581 0
    endloop
  endfacet
  facet normal 0 0 -1
    outer loop
      vertex 65.1937484741211 43.73457717895508 0
      vertex 65.13204956054688 43.849998474121094 0
      vertex 68.01939766255643 44.76341716182545 0
    endloop
  endfacet
  facet normal 0 0 -1
    outer loop
      vertex 65.13204956054688 43.849998474121094 0
      vertex 65.06294250488281 43.96113967895508 0
      vertex 67.88436370766344 45.06144345109501 0
    endloop
  endfacet
  facet normal 0 0 -1
    outer loop
      vertex 64.98670959472656 44.06752395629883 0
      vertex 67.88436370766344 45.06144345109501 0
      vertex 65.06294250488281 43.96113967895508 0
    endloop
  endfacet
  facet normal 0 0 -1
    outer loop
      vertex 64.98670959472656 44.06752395629883 0
      vertex 64.90367889404297 44.1686897277832 0
      vertex 67.73012701892219 45.35 0
    endloop
  endfacet
  facet normal 0 0 -1
    outer loop
      vertex 64.81421661376953 44.26421356201172 0
      vertex 67.73012701892219 45.35 0
      vertex 64.90367889404297 44.1686897277832 0
    endloop
  endfacet
  facet normal 0 0 -1
    outer loop
      vertex 63.91763687133789 44.78185272216797 0
      vertex 67.36676670145617 45.8938071450436 0
      vertex 64.04287719726562 44.74386215209961 0
    endloop
  endfacet
  facet normal 0 0 -1
    outer loop
      vertex 64.04287719726562 44.74386215209961 0
      vertex 67.36676670145617 45.8938071450436 0
      vertex 64.16536712646484 44.697757720947266 0
    endloop
  endfacet
  facet normal 0 0 -1
    outer loop
      vertex 64.28457641601562 44.64374542236328 0
      vertex 64.16536712646484 44.697757720947266 0
      vertex 67.36676670145617 45.8938071450436 0
    endloop
  endfacet
  facet normal 0 0 -1
    outer loop
      vertex 64.71868896484375 44.35367965698242 0
      vertex 64.61752319335938 44.43670654296875 0
      vertex 67.55734806151273 45.627851165098015 0
    endloop
  endfacet
  facet normal 0 0 -1
    outer loop
      vertex 64.51113891601562 44.512939453125 0
      vertex 67.55734806151273 45.627851165098015 0
      vertex 64.61752319335938 44.43670654296875 0
    endloop
  endfacet
  facet normal 0 0 -1
    outer loop
      vertex 64.71868896484375 44.35367965698242 0
      vertex 67.55734806151273 45.627851165098015 0
      vertex 64.81421661376953 44.26421356201172 0
    endloop
  endfacet
  facet normal 0 0 -1
    outer loop
      vertex 64.51113891601562 44.512939453125 0
      vertex 64.4000015258789 44.58205032348633 0
      vertex 67.36676670145617 45.8938071450436 0
    endloop
  endfacet
  facet normal 0 0 -1
    outer loop
      vertex 64.28457641601562 44.64374542236328 0
      vertex 67.36676670145617 45.8938071450436 0
      vertex 64.4000015258789 44.58205032348633 0
    endloop
  endfacet
  facet normal 0 0 -1
    outer loop
      vertex 63.79018020629883 44.81156921386719 0
      vertex 67.15919903739488 46.146729075500346 0
      vertex 63.91763687133789 44.78185272216797 0
    endloop
  endfacet
  facet normal 0 0 -1
    outer loop
      vertex 63.91763687133789 44.78185272216797 0
      vertex 67.15919903739488 46.146729075500346 0
      vertex 67.36676670145617 45.8938071450436 0
    endloop
  endfacet
  facet normal 0 0 -1
    outer loop
      vertex 64.51113891601562 44.512939453125 0
      vertex 67.36676670145617 45.8938071450436 0
      vertex 67.55734806151273 45.627851165098015 0
    endloop
  endfacet
  facet normal 0 0 -1
    outer loop
      vertex 65.38288879394531 43.111053466796875 0
      vertex 68.22962913144534 44.14409522551261 0
      vertex 68.30392640201615 43.82545161008064 0
    endloop
  endfacet
  facet normal 0 0 -1
    outer loop
      vertex 65.33184814453125 43.367637634277344 0
      vertex 68.13465064747552 44.45719732651581 0
      vertex 68.22962913144534 44.14409522551261 0
    endloop
  endfacet
  facet normal 0 0 -1
    outer loop
      vertex 65.13204956054688 43.849998474121094 0
      vertex 67.88436370766344 45.06144345109501 0
      vertex 68.01939766255643 44.76341716182545 0
    endloop
  endfacet
  facet normal 0 0 -1
    outer loop
      vertex 65.24775695800781 43.6153678894043 0
      vertex 68.01939766255643 44.76341716182545 0
      vertex 68.13465064747552 44.45719732651581 0
    endloop
  endfacet
  facet normal 0 0 -1
    outer loop
      vertex 64.98670959472656 44.06752395629883 0
      vertex 67.73012701892219 45.35 0
      vertex 67.88436370766344 45.06144345109501 0
    endloop
  endfacet
  facet normal 0 0 -1
    outer loop
      vertex 64.81421661376953 44.26421356201172 0
      vertex 67.55734806151273 45.627851165098015 0
      vertex 67.73012701892219 45.35 0
    endloop
  endfacet
  facet normal 0 0 -1
    outer loop
      vertex 62.75712203979492 44.74386215209961 0
      vertex 66.4438071450436 46.816766701456174 0
      vertex 66.69672907550034 46.60919903739489 0
    endloop
  endfacet
  facet normal 0 0 -1
    outer loop
      vertex 62.75712203979492 44.74386215209961 0
      vertex 66.177851165098 47.00734806151273 0
      vertex 66.4438071450436 46.816766701456174 0
    endloop
  endfacet
  facet normal 0 0 -1
    outer loop
      vertex 62.75712203979492 44.74386215209961 0
      vertex 66.69672907550034 46.60919903739489 0
      vertex 66.93553390593274 46.38553390593274 0
    endloop
  endfacet
  facet normal 0 0 -1
    outer loop
      vertex 62.75712203979492 44.74386215209961 0
      vertex 66.93553390593274 46.38553390593274 0
      vertex 67.15919903739488 46.146729075500346 0
    endloop
  endfacet
  facet normal 0 0 -1
    outer loop
      vertex 62.75712203979492 44.74386215209961 0
      vertex 65.9 47.18012701892219 0
      vertex 66.177851165098 47.00734806151273 0
    endloop
  endfacet
  facet normal 0.5824727247255495 0.8128502475553504 0
    outer loop
      vertex 62.28886032104492 41.18706130981445 0
      vertex 62.18247604370117 41.2632942199707 0
      vertex 62.28886032104492 41.18706130981445 0.6
    endloop
  endfacet
  facet normal 0.6344037077157647 0.7730018988569759 0
    outer loop
      vertex 62.0813102722168 41.34632110595703 0
      vertex 62.18247604370117 41.2632942199707 0.6
      vertex 62.18247604370117 41.2632942199707 0
    endloop
  endfacet
  facet normal 0.47140345997625654 0.8819176707167251 0
    outer loop
      vertex 62.51542282104492 41.05625534057617 0
      vertex 62.400001525878906 41.117950439453125 0
      vertex 62.51542282104492 41.05625534057617 0.6
    endloop
  endfacet
  facet normal 0.41272659863510247 0.9108549581459713 0
    outer loop
      vertex 62.51542282104492 41.05625534057617 0
      vertex 62.6346321105957 41.00223922729492 0.6
      vertex 62.6346321105957 41.00223922729492 0
    endloop
  endfacet
  facet normal 0.5280613927060487 0.849206197300366 0
    outer loop
      vertex 62.28886032104492 41.18706130981445 0
      vertex 62.400001525878906 41.117950439453125 0.6
      vertex 62.400001525878906 41.117950439453125 0
    endloop
  endfacet
  facet normal 0.29028000707233076 0.9569417524040257 0
    outer loop
      vertex 62.75712203979492 40.956138610839844 0
      vertex 62.882362365722656 40.918148040771484 0.6
      vertex 62.882362365722656 40.918148040771484 0
    endloop
  endfacet
  facet normal 0.35224115735776884 0.9359092728802613 0
    outer loop
      vertex 62.6346321105957 41.00223922729492 0
      vertex 62.75712203979492 40.956138610839844 0.6
      vertex 62.75712203979492 40.956138610839844 0
    endloop
  endfacet
  facet normal 0.22708771521864 0.9738743089314852 0
    outer loop
      vertex 62.882362365722656 40.918148040771484 0
      vertex 63.00981903076172 40.888427734375 0.6
      vertex 63.00981903076172 40.888427734375 0
    endloop
  endfacet
  facet normal 0.16287681398875564 0.9866464125839977 0
    outer loop
      vertex 63.00981903076172 40.888427734375 0
      vertex 63.138946533203125 40.86711120605469 0.6
      vertex 63.138946533203125 40.86711120605469 0
    endloop
  endfacet
  facet normal 0.09802030191484404 0.9951844152781548 0
    outer loop
      vertex 63.138946533203125 40.86711120605469 0
      vertex 63.269195556640625 40.85428237915039 0.6
      vertex 63.269195556640625 40.85428237915039 0
    endloop
  endfacet
  facet normal 0.032732523695090734 0.9994641473772585 0
    outer loop
      vertex 63.269195556640625 40.85428237915039 0
      vertex 63.400001525878906 40.849998474121094 0.6
      vertex 63.400001525878906 40.849998474121094 0
    endloop
  endfacet
  facet normal -0.032732523695090734 0.9994641473772585 0
    outer loop
      vertex 63.400001525878906 40.849998474121094 0
      vertex 63.53080749511719 40.85428237915039 0.6
      vertex 63.53080749511719 40.85428237915039 0
    endloop
  endfacet
  facet normal -0.09802314520582248 0.9951841352252146 0
    outer loop
      vertex 63.53080749511719 40.85428237915039 0
      vertex 63.66105270385742 40.86711120605469 0.6
      vertex 63.66105270385742 40.86711120605469 0
    endloop
  endfacet
  facet normal -0.16287681398875564 0.9866464125839977 0
    outer loop
      vertex 63.66105270385742 40.86711120605469 0
      vertex 63.79018020629883 40.888427734375 0.6
      vertex 63.79018020629883 40.888427734375 0
    endloop
  endfacet
  facet normal -0.22708771521864 0.9738743089314852 0
    outer loop
      vertex 63.79018020629883 40.888427734375 0
      vertex 63.91763687133789 40.918148040771484 0.6
      vertex 63.91763687133789 40.918148040771484 0
    endloop
  endfacet
  facet normal -0.29028000707233076 0.9569417524040257 0
    outer loop
      vertex 63.91763687133789 40.918148040771484 0
      vertex 64.04287719726562 40.956138610839844 0.6
      vertex 64.04287719726562 40.956138610839844 0
    endloop
  endfacet
  facet normal -0.35224115735776884 0.9359092728802613 0
    outer loop
      vertex 64.04287719726562 40.956138610839844 0
      vertex 64.16536712646484 41.00223922729492 0.6
      vertex 64.16536712646484 41.00223922729492 0
    endloop
  endfacet
  facet normal -0.41272659863510247 0.9108549581459713 0
    outer loop
      vertex 64.16536712646484 41.00223922729492 0
      vertex 64.28457641601562 41.05625534057617 0.6
      vertex 64.28457641601562 41.05625534057617 0
    endloop
  endfacet
  facet normal -0.47139134246531333 0.8819241476730013 0
    outer loop
      vertex 64.28457641601562 41.05625534057617 0
      vertex 64.4000015258789 41.117950439453125 0.6
      vertex 64.4000015258789 41.117950439453125 0
    endloop
  endfacet
  facet normal -0.5280744635724446 0.8491980693116742 0
    outer loop
      vertex 64.4000015258789 41.117950439453125 0
      vertex 64.51113891601562 41.18706130981445 0.6
      vertex 64.51113891601562 41.18706130981445 0
    endloop
  endfacet
  facet normal -0.5824727247255495 0.8128502475553504 0
    outer loop
      vertex 64.51113891601562 41.18706130981445 0
      vertex 64.61752319335938 41.2632942199707 0.6
      vertex 64.61752319335938 41.2632942199707 0
    endloop
  endfacet
  facet normal -0.6344037077157647 0.7730018988569759 0
    outer loop
      vertex 64.61752319335938 41.2632942199707 0
      vertex 64.71868896484375 41.34632110595703 0.6
      vertex 64.71868896484375 41.34632110595703 0
    endloop
  endfacet
  facet normal 0.8128502475553504 0.5824727247255495 0
    outer loop
      vertex 61.737060546875 41.738861083984375 0
      vertex 61.81329345703125 41.632476806640625 0.6
      vertex 61.81329345703125 41.632476806640625 0
    endloop
  endfacet
  facet normal 0.8491980693116742 0.5280744635724446 0
    outer loop
      vertex 61.737060546875 41.738861083984375 0
      vertex 61.66794967651367 41.849998474121094 0
      vertex 61.737060546875 41.738861083984375 0.6
    endloop
  endfacet
  facet normal 0.8819241476730013 0.47139134246531333 0
    outer loop
      vertex 61.66794967651367 41.849998474121094 0
      vertex 61.60625457763672 41.965423583984375 0
      vertex 61.66794967651367 41.849998474121094 0.6
    endloop
  endfacet
  facet normal 0.6835852235334515 0.7298707023622205 0
    outer loop
      vertex 62.0813102722168 41.34632110595703 0
      vertex 61.98578643798828 41.435787200927734 0
      vertex 62.0813102722168 41.34632110595703 0.6
    endloop
  endfacet
  facet normal 0.7298570818495621 0.6835997659991125 0
    outer loop
      vertex 61.89632034301758 41.531307220458984 0
      vertex 61.98578643798828 41.435787200927734 0.6
      vertex 61.98578643798828 41.435787200927734 0
    endloop
  endfacet
  facet normal 0.7730136295531935 0.6343894139446197 0
    outer loop
      vertex 61.89632034301758 41.531307220458984 0
      vertex 61.81329345703125 41.632476806640625 0
      vertex 61.89632034301758 41.531307220458984 0.6
    endloop
  endfacet
  facet normal 0.9108659154419044 0.4127024158957416 0
    outer loop
      vertex 61.60625457763672 41.965423583984375 0
      vertex 61.552242279052734 42.084632873535156 0
      vertex 61.60625457763672 41.965423583984375 0.6
    endloop
  endfacet
  facet normal 0.9358996638718429 0.35226668756010876 0
    outer loop
      vertex 61.50613784790039 42.207122802734375 0
      vertex 61.552242279052734 42.084632873535156 0.6
      vertex 61.552242279052734 42.084632873535156 0
    endloop
  endfacet
  facet normal 0.9569417524040257 0.29028000707233076 0
    outer loop
      vertex 61.50613784790039 42.207122802734375 0
      vertex 61.46814727783203 42.33236312866211 0
      vertex 61.50613784790039 42.207122802734375 0.6
    endloop
  endfacet
  facet normal 0.9738807546810154 0.2270600706023318 0
    outer loop
      vertex 61.46814727783203 42.33236312866211 0
      vertex 61.43843078613281 42.45981979370117 0
      vertex 61.46814727783203 42.33236312866211 0.6
    endloop
  endfacet
  facet normal 0.9866417281250248 0.162905188138575 0
    outer loop
      vertex 61.43843078613281 42.45981979370117 0
      vertex 61.417110443115234 42.58894729614258 0
      vertex 61.43843078613281 42.45981979370117 0.6
    endloop
  endfacet
  facet normal 0.9951841352252146 0.09802314520582248 0
    outer loop
      vertex 61.417110443115234 42.58894729614258 0
      vertex 61.40428161621094 42.71919250488281 0
      vertex 61.417110443115234 42.58894729614258 0.6
    endloop
  endfacet
  facet normal 0.9994651005105961 0.03270340748827322 0
    outer loop
      vertex 61.40428161621094 42.71919250488281 0
      vertex 61.400001525878906 42.849998474121094 0
      vertex 61.40428161621094 42.71919250488281 0.6
    endloop
  endfacet
  facet normal 0.9994651005105961 -0.03270340748827322 0
    outer loop
      vertex 61.400001525878906 42.849998474121094 0
      vertex 61.40428161621094 42.980804443359375 0
      vertex 61.400001525878906 42.849998474121094 0.6
    endloop
  endfacet
  facet normal 0.9951844152781548 -0.09802030191484404 0
    outer loop
      vertex 61.40428161621094 42.980804443359375 0
      vertex 61.417110443115234 43.111053466796875 0
      vertex 61.40428161621094 42.980804443359375 0.6
    endloop
  endfacet
  facet normal 0.9866417281250248 -0.162905188138575 0
    outer loop
      vertex 61.417110443115234 43.111053466796875 0
      vertex 61.43843078613281 43.24018096923828 0
      vertex 61.417110443115234 43.111053466796875 0.6
    endloop
  endfacet
  facet normal 0.9738807546810154 -0.2270600706023318 0
    outer loop
      vertex 61.43843078613281 43.24018096923828 0
      vertex 61.46814727783203 43.367637634277344 0
      vertex 61.43843078613281 43.24018096923828 0.6
    endloop
  endfacet
  facet normal 0.9569417524040257 -0.29028000707233076 0
    outer loop
      vertex 61.46814727783203 43.367637634277344 0
      vertex 61.50613784790039 43.49287796020508 0
      vertex 61.46814727783203 43.367637634277344 0.6
    endloop
  endfacet
  facet normal -0.6835706814151501 0.7298843220056362 0
    outer loop
      vertex 64.71868896484375 41.34632110595703 0
      vertex 64.81421661376953 41.435787200927734 0.6
      vertex 64.81421661376953 41.435787200927734 0
    endloop
  endfacet
  facet normal -0.7298716246135072 0.6835842388353023 0
    outer loop
      vertex 64.81421661376953 41.435787200927734 0
      vertex 64.90367889404297 41.531307220458984 0.6
      vertex 64.90367889404297 41.531307220458984 0
    endloop
  endfacet
  facet normal -0.7729993360637403 0.6344068303896299 0
    outer loop
      vertex 64.90367889404297 41.531307220458984 0
      vertex 64.98670959472656 41.632476806640625 0.6
      vertex 64.98670959472656 41.632476806640625 0
    endloop
  endfacet
  facet normal -0.8128502475553504 0.5824727247255495 0
    outer loop
      vertex 64.98670959472656 41.632476806640625 0
      vertex 65.06294250488281 41.738861083984375 0.6
      vertex 65.06294250488281 41.738861083984375 0
    endloop
  endfacet
  facet normal -0.8492111403800936 0.5280534433694576 0
    outer loop
      vertex 65.06294250488281 41.738861083984375 0
      vertex 65.13204956054688 41.849998474121094 0.6
      vertex 65.13204956054688 41.849998474121094 0
    endloop
  endfacet
  facet normal -0.8819120303041708 0.4714140121005902 0
    outer loop
      vertex 65.13204956054688 41.849998474121094 0
      vertex 65.1937484741211 41.965423583984375 0.6
      vertex 65.1937484741211 41.965423583984375 0
    endloop
  endfacet
  facet normal -0.9108768723593957 0.41267823228365835 0
    outer loop
      vertex 65.1937484741211 41.965423583984375 0
      vertex 65.24775695800781 42.084632873535156 0.6
      vertex 65.24775695800781 42.084632873535156 0
    endloop
  endfacet
  facet normal -0.9358996638718429 0.35226668756010876 0
    outer loop
      vertex 65.24775695800781 42.084632873535156 0
      vertex 65.29386138916016 42.207122802734375 0.6
      vertex 65.29386138916016 42.207122802734375 0
    endloop
  endfacet
  facet normal -0.9569498487252057 0.290253315269276 0
    outer loop
      vertex 65.29386138916016 42.207122802734375 0
      vertex 65.33184814453125 42.33236312866211 0.6
      vertex 65.33184814453125 42.33236312866211 0
    endloop
  endfacet
  facet normal -0.973867862482578 0.2271153592860124 0
    outer loop
      vertex 65.33184814453125 42.33236312866211 0
      vertex 65.361572265625 42.45981979370117 0.6
      vertex 65.361572265625 42.45981979370117 0
    endloop
  endfacet
  facet normal -0.9866464125839977 0.16287681398875564 0
    outer loop
      vertex 65.361572265625 42.45981979370117 0
      vertex 65.38288879394531 42.58894729614258 0.6
      vertex 65.38288879394531 42.58894729614258 0
    endloop
  endfacet
  facet normal -0.9951812914416063 0.09805201254750794 0
    outer loop
      vertex 65.38288879394531 42.58894729614258 0
      vertex 65.39572143554688 42.71919250488281 0.6
      vertex 65.39572143554688 42.71919250488281 0
    endloop
  endfacet
  facet normal -0.9994651005105961 0.03270340748827322 0
    outer loop
      vertex 65.39572143554688 42.71919250488281 0
      vertex 65.4000015258789 42.849998474121094 0.6
      vertex 65.4000015258789 42.849998474121094 0
    endloop
  endfacet
  facet normal -0.9994651005105961 -0.03270340748827322 0
    outer loop
      vertex 65.39572143554688 42.980804443359375 0
      vertex 65.4000015258789 42.849998474121094 0
      vertex 65.39572143554688 42.980804443359375 0.6
    endloop
  endfacet
  facet normal -0.9569498487252057 -0.290253315269276 0
    outer loop
      vertex 65.33184814453125 43.367637634277344 0
      vertex 65.29386138916016 43.49287796020508 0.6
      vertex 65.29386138916016 43.49287796020508 0
    endloop
  endfacet
  facet normal -0.9951815716587186 -0.0980491684354478 0
    outer loop
      vertex 65.39572143554688 42.980804443359375 0
      vertex 65.38288879394531 43.111053466796875 0.6
      vertex 65.38288879394531 43.111053466796875 0
    endloop
  endfacet
  facet normal -0.9866464125839977 -0.16287681398875564 0
    outer loop
      vertex 65.38288879394531 43.111053466796875 0
      vertex 65.361572265625 43.24018096923828 0.6
      vertex 65.361572265625 43.24018096923828 0
    endloop
  endfacet
  facet normal -0.973867862482578 -0.2271153592860124 0
    outer loop
      vertex 65.361572265625 43.24018096923828 0
      vertex 65.33184814453125 43.367637634277344 0.6
      vertex 65.33184814453125 43.367637634277344 0
    endloop
  endfacet
  facet normal 0.9358996638718429 -0.35226668756010876 0
    outer loop
      vertex 61.50613784790039 43.49287796020508 0
      vertex 61.552242279052734 43.6153678894043 0
      vertex 61.50613784790039 43.49287796020508 0.6
    endloop
  endfacet
  facet normal 0.9108659154419044 -0.4127024158957416 0
    outer loop
      vertex 61.552242279052734 43.6153678894043 0
      vertex 61.60625457763672 43.73457717895508 0
      vertex 61.552242279052734 43.6153678894043 0.6
    endloop
  endfacet
  facet normal 0.8819176707167251 -0.47140345997625654 0
    outer loop
      vertex 61.60625457763672 43.73457717895508 0
      vertex 61.66794967651367 43.849998474121094 0
      vertex 61.60625457763672 43.73457717895508 0.6
    endloop
  endfacet
  facet normal 0.849206197300366 -0.5280613927060487 0
    outer loop
      vertex 61.66794967651367 43.849998474121094 0
      vertex 61.737060546875 43.96113967895508 0
      vertex 61.66794967651367 43.849998474121094 0.6
    endloop
  endfacet
  facet normal 0.8128502475553504 -0.5824727247255495 0
    outer loop
      vertex 61.737060546875 43.96113967895508 0
      vertex 61.81329345703125 44.06752395629883 0
      vertex 61.737060546875 43.96113967895508 0.6
    endloop
  endfacet
  facet normal 0.7730018988569759 -0.6344037077157647 0
    outer loop
      vertex 61.81329345703125 44.06752395629883 0
      vertex 61.89632034301758 44.1686897277832 0
      vertex 61.81329345703125 44.06752395629883 0.6
    endloop
  endfacet
  facet normal 0.7298707023622205 -0.6835852235334515 0
    outer loop
      vertex 61.89632034301758 44.1686897277832 0
      vertex 61.98578643798828 44.26421356201172 0
      vertex 61.89632034301758 44.1686897277832 0.6
    endloop
  endfacet
  facet normal 0.6835852235334515 -0.7298707023622205 0
    outer loop
      vertex 61.98578643798828 44.26421356201172 0
      vertex 62.0813102722168 44.35367965698242 0
      vertex 61.98578643798828 44.26421356201172 0.6
    endloop
  endfacet
  facet normal 0.6344037077157647 -0.7730018988569759 0
    outer loop
      vertex 62.0813102722168 44.35367965698242 0
      vertex 62.18247604370117 44.43670654296875 0
      vertex 62.0813102722168 44.35367965698242 0.6
    endloop
  endfacet
  facet normal 0.5824727247255495 -0.8128502475553504 0
    outer loop
      vertex 62.18247604370117 44.43670654296875 0
      vertex 62.28886032104492 44.512939453125 0
      vertex 62.18247604370117 44.43670654296875 0.6
    endloop
  endfacet
  facet normal 0.5280613927060487 -0.849206197300366 0
    outer loop
      vertex 62.28886032104492 44.512939453125 0
      vertex 62.400001525878906 44.58205032348633 0
      vertex 62.28886032104492 44.512939453125 0.6
    endloop
  endfacet
  facet normal 0.47140345997625654 -0.8819176707167251 0
    outer loop
      vertex 62.400001525878906 44.58205032348633 0
      vertex 62.51542282104492 44.64374542236328 0
      vertex 62.400001525878906 44.58205032348633 0.6
    endloop
  endfacet
  facet normal 0.4127024158957416 -0.9108659154419044 0
    outer loop
      vertex 62.51542282104492 44.64374542236328 0
      vertex 62.6346321105957 44.697757720947266 0
      vertex 62.51542282104492 44.64374542236328 0.6
    endloop
  endfacet
  facet normal 0.35226668756010876 -0.9358996638718429 0
    outer loop
      vertex 62.6346321105957 44.697757720947266 0
      vertex 62.75712203979492 44.74386215209961 0
      vertex 62.6346321105957 44.697757720947266 0.6
    endloop
  endfacet
  facet normal 0.29028000707233076 -0.9569417524040257 0
    outer loop
      vertex 62.75712203979492 44.74386215209961 0
      vertex 62.882362365722656 44.78185272216797 0
      vertex 62.75712203979492 44.74386215209961 0.6
    endloop
  endfacet
  facet normal 0.2270600706023318 -0.9738807546810154 0
    outer loop
      vertex 62.882362365722656 44.78185272216797 0
      vertex 63.00981903076172 44.81156921386719 0
      vertex 62.882362365722656 44.78185272216797 0.6
    endloop
  endfacet
  facet normal 0.162905188138575 -0.9866417281250248 0
    outer loop
      vertex 63.00981903076172 44.81156921386719 0
      vertex 63.138946533203125 44.832889556884766 0
      vertex 63.00981903076172 44.81156921386719 0.6
    endloop
  endfacet
  facet normal -0.5280744635724446 -0.8491980693116742 0
    outer loop
      vertex 64.51113891601562 44.512939453125 0
      vertex 64.4000015258789 44.58205032348633 0.6
      vertex 64.4000015258789 44.58205032348633 0
    endloop
  endfacet
  facet normal -0.6835706814151501 -0.7298843220056362 0
    outer loop
      vertex 64.71868896484375 44.35367965698242 0
      vertex 64.81421661376953 44.26421356201172 0
      vertex 64.71868896484375 44.35367965698242 0.6
    endloop
  endfacet
  facet normal -0.7298852447787907 -0.6835696961204504 0
    outer loop
      vertex 64.81421661376953 44.26421356201172 0
      vertex 64.90367889404297 44.1686897277832 0
      vertex 64.81421661376953 44.26421356201172 0.6
    endloop
  endfacet
  facet normal -0.6344037077157647 -0.7730018988569759 0
    outer loop
      vertex 64.71868896484375 44.35367965698242 0
      vertex 64.61752319335938 44.43670654296875 0.6
      vertex 64.61752319335938 44.43670654296875 0
    endloop
  endfacet
  facet normal -0.5824727247255495 -0.8128502475553504 0
    outer loop
      vertex 64.51113891601562 44.512939453125 0
      vertex 64.61752319335938 44.43670654296875 0
      vertex 64.51113891601562 44.512939453125 0.6
    endloop
  endfacet
  facet normal 0.09802030191484404 -0.9951844152781548 0
    outer loop
      vertex 63.138946533203125 44.832889556884766 0
      vertex 63.269195556640625 44.84571838378906 0
      vertex 63.138946533203125 44.832889556884766 0.6
    endloop
  endfacet
  facet normal 0.03270340748827322 -0.9994651005105961 0
    outer loop
      vertex 63.269195556640625 44.84571838378906 0
      vertex 63.400001525878906 44.849998474121094 0
      vertex 63.269195556640625 44.84571838378906 0.6
    endloop
  endfacet
  facet normal -0.03270340748827322 -0.9994651005105961 0
    outer loop
      vertex 63.400001525878906 44.849998474121094 0
      vertex 63.53080749511719 44.84571838378906 0
      vertex 63.400001525878906 44.849998474121094 0.6
    endloop
  endfacet
  facet normal -0.09802314520582248 -0.9951841352252146 0
    outer loop
      vertex 63.53080749511719 44.84571838378906 0
      vertex 63.66105270385742 44.832889556884766 0
      vertex 63.53080749511719 44.84571838378906 0.6
    endloop
  endfacet
  facet normal -0.162905188138575 -0.9866417281250248 0
    outer loop
      vertex 63.66105270385742 44.832889556884766 0
      vertex 63.79018020629883 44.81156921386719 0
      vertex 63.66105270385742 44.832889556884766 0.6
    endloop
  endfacet
  facet normal -0.2270600706023318 -0.9738807546810154 0
    outer loop
      vertex 63.79018020629883 44.81156921386719 0
      vertex 63.91763687133789 44.78185272216797 0
      vertex 63.79018020629883 44.81156921386719 0.6
    endloop
  endfacet
  facet normal -0.29028000707233076 -0.9569417524040257 0
    outer loop
      vertex 63.91763687133789 44.78185272216797 0
      vertex 64.04287719726562 44.74386215209961 0
      vertex 63.91763687133789 44.78185272216797 0.6
    endloop
  endfacet
  facet normal -0.35226668756010876 -0.9358996638718429 0
    outer loop
      vertex 64.04287719726562 44.74386215209961 0
      vertex 64.16536712646484 44.697757720947266 0
      vertex 64.04287719726562 44.74386215209961 0.6
    endloop
  endfacet
  facet normal -0.4127024158957416 -0.9108659154419044 0
    outer loop
      vertex 64.28457641601562 44.64374542236328 0
      vertex 64.16536712646484 44.697757720947266 0.6
      vertex 64.16536712646484 44.697757720947266 0
    endloop
  endfacet
  facet normal -0.47139134246531333 -0.8819241476730013 0
    outer loop
      vertex 64.28457641601562 44.64374542236328 0
      vertex 64.4000015258789 44.58205032348633 0
      vertex 64.28457641601562 44.64374542236328 0.6
    endloop
  endfacet
  facet normal -0.9358996638718429 -0.35226668756010876 0
    outer loop
      vertex 65.29386138916016 43.49287796020508 0
      vertex 65.24775695800781 43.6153678894043 0.6
      vertex 65.24775695800781 43.6153678894043 0
    endloop
  endfacet
  facet normal -0.9108768723593957 -0.41267823228365835 0
    outer loop
      vertex 65.1937484741211 43.73457717895508 0
      vertex 65.24775695800781 43.6153678894043 0
      vertex 65.1937484741211 43.73457717895508 0.6
    endloop
  endfacet
  facet normal -0.8492192678468118 -0.5280403726210002 0
    outer loop
      vertex 65.13204956054688 43.849998474121094 0
      vertex 65.06294250488281 43.96113967895508 0.6
      vertex 65.06294250488281 43.96113967895508 0
    endloop
  endfacet
  facet normal -0.8128502475553504 -0.5824727247255495 0
    outer loop
      vertex 64.98670959472656 44.06752395629883 0
      vertex 65.06294250488281 43.96113967895508 0
      vertex 64.98670959472656 44.06752395629883 0.6
    endloop
  endfacet
  facet normal -0.881905552813921 -0.4714261298612671 0
    outer loop
      vertex 65.1937484741211 43.73457717895508 0
      vertex 65.13204956054688 43.849998474121094 0.6
      vertex 65.13204956054688 43.849998474121094 0
    endloop
  endfacet
  facet normal -0.7729876049403421 -0.6344211240245659 0
    outer loop
      vertex 64.98670959472656 44.06752395629883 0
      vertex 64.90367889404297 44.1686897277832 0.6
      vertex 64.90367889404297 44.1686897277832 0
    endloop
  endfacet
  facet normal 0.6344037077157647 0.7730018988569759 0
    outer loop
      vertex 62.0813102722168 41.34632110595703 0
      vertex 62.0813102722168 41.34632110595703 0.6
      vertex 62.18247604370117 41.2632942199707 0.6
    endloop
  endfacet
  facet normal 0.5824727247255495 0.8128502475553504 0
    outer loop
      vertex 62.18247604370117 41.2632942199707 0
      vertex 62.18247604370117 41.2632942199707 0.6
      vertex 62.28886032104492 41.18706130981445 0.6
    endloop
  endfacet
  facet normal 0.41272659863510247 0.9108549581459713 0
    outer loop
      vertex 62.51542282104492 41.05625534057617 0
      vertex 62.51542282104492 41.05625534057617 0.6
      vertex 62.6346321105957 41.00223922729492 0.6
    endloop
  endfacet
  facet normal 0.35224115735776884 0.9359092728802613 0
    outer loop
      vertex 62.6346321105957 41.00223922729492 0
      vertex 62.6346321105957 41.00223922729492 0.6
      vertex 62.75712203979492 40.956138610839844 0.6
    endloop
  endfacet
  facet normal 0.5280613927060487 0.849206197300366 0
    outer loop
      vertex 62.28886032104492 41.18706130981445 0
      vertex 62.28886032104492 41.18706130981445 0.6
      vertex 62.400001525878906 41.117950439453125 0.6
    endloop
  endfacet
  facet normal 0.47140345997625654 0.8819176707167251 0
    outer loop
      vertex 62.400001525878906 41.117950439453125 0
      vertex 62.400001525878906 41.117950439453125 0.6
      vertex 62.51542282104492 41.05625534057617 0.6
    endloop
  endfacet
  facet normal 0.29028000707233076 0.9569417524040257 0
    outer loop
      vertex 62.75712203979492 40.956138610839844 0
      vertex 62.75712203979492 40.956138610839844 0.6
      vertex 62.882362365722656 40.918148040771484 0.6
    endloop
  endfacet
  facet normal 0.22708771521864 0.9738743089314852 0
    outer loop
      vertex 62.882362365722656 40.918148040771484 0
      vertex 62.882362365722656 40.918148040771484 0.6
      vertex 63.00981903076172 40.888427734375 0.6
    endloop
  endfacet
  facet normal 0.16287681398875564 0.9866464125839977 0
    outer loop
      vertex 63.00981903076172 40.888427734375 0
      vertex 63.00981903076172 40.888427734375 0.6
      vertex 63.138946533203125 40.86711120605469 0.6
    endloop
  endfacet
  facet normal 0.09802030191484404 0.9951844152781548 0
    outer loop
      vertex 63.138946533203125 40.86711120605469 0
      vertex 63.138946533203125 40.86711120605469 0.6
      vertex 63.269195556640625 40.85428237915039 0.6
    endloop
  endfacet
  facet normal 0.032732523695090734 0.9994641473772585 0
    outer loop
      vertex 63.269195556640625 40.85428237915039 0
      vertex 63.269195556640625 40.85428237915039 0.6
      vertex 63.400001525878906 40.849998474121094 0.6
    endloop
  endfacet
  facet normal -0.032732523695090734 0.9994641473772585 0
    outer loop
      vertex 63.400001525878906 40.849998474121094 0
      vertex 63.400001525878906 40.849998474121094 0.6
      vertex 63.53080749511719 40.85428237915039 0.6
    endloop
  endfacet
  facet normal -0.09802314520582248 0.9951841352252146 0
    outer loop
      vertex 63.53080749511719 40.85428237915039 0
      vertex 63.53080749511719 40.85428237915039 0.6
      vertex 63.66105270385742 40.86711120605469 0.6
    endloop
  endfacet
  facet normal -0.16287681398875564 0.9866464125839977 0
    outer loop
      vertex 63.66105270385742 40.86711120605469 0
      vertex 63.66105270385742 40.86711120605469 0.6
      vertex 63.79018020629883 40.888427734375 0.6
    endloop
  endfacet
  facet normal -0.22708771521864 0.9738743089314852 0
    outer loop
      vertex 63.79018020629883 40.888427734375 0
      vertex 63.79018020629883 40.888427734375 0.6
      vertex 63.91763687133789 40.918148040771484 0.6
    endloop
  endfacet
  facet normal -0.29028000707233076 0.9569417524040257 0
    outer loop
      vertex 63.91763687133789 40.918148040771484 0
      vertex 63.91763687133789 40.918148040771484 0.6
      vertex 64.04287719726562 40.956138610839844 0.6
    endloop
  endfacet
  facet normal -0.35224115735776884 0.9359092728802613 0
    outer loop
      vertex 64.04287719726562 40.956138610839844 0
      vertex 64.04287719726562 40.956138610839844 0.6
      vertex 64.16536712646484 41.00223922729492 0.6
    endloop
  endfacet
  facet normal -0.41272659863510247 0.9108549581459713 0
    outer loop
      vertex 64.16536712646484 41.00223922729492 0
      vertex 64.16536712646484 41.00223922729492 0.6
      vertex 64.28457641601562 41.05625534057617 0.6
    endloop
  endfacet
  facet normal -0.47139134246531333 0.8819241476730013 0
    outer loop
      vertex 64.28457641601562 41.05625534057617 0
      vertex 64.28457641601562 41.05625534057617 0.6
      vertex 64.4000015258789 41.117950439453125 0.6
    endloop
  endfacet
  facet normal -0.5280744635724446 0.8491980693116742 0
    outer loop
      vertex 64.4000015258789 41.117950439453125 0
      vertex 64.4000015258789 41.117950439453125 0.6
      vertex 64.51113891601562 41.18706130981445 0.6
    endloop
  endfacet
  facet normal -0.5824727247255495 0.8128502475553504 0
    outer loop
      vertex 64.51113891601562 41.18706130981445 0
      vertex 64.51113891601562 41.18706130981445 0.6
      vertex 64.61752319335938 41.2632942199707 0.6
    endloop
  endfacet
  facet normal -0.6344037077157647 0.7730018988569759 0
    outer loop
      vertex 64.61752319335938 41.2632942199707 0
      vertex 64.61752319335938 41.2632942199707 0.6
      vertex 64.71868896484375 41.34632110595703 0.6
    endloop
  endfacet
  facet normal 0.8128502475553504 0.5824727247255495 0
    outer loop
      vertex 61.737060546875 41.738861083984375 0
      vertex 61.737060546875 41.738861083984375 0.6
      vertex 61.81329345703125 41.632476806640625 0.6
    endloop
  endfacet
  facet normal 0.8491980693116742 0.5280744635724446 0
    outer loop
      vertex 61.66794967651367 41.849998474121094 0
      vertex 61.66794967651367 41.849998474121094 0.6
      vertex 61.737060546875 41.738861083984375 0.6
    endloop
  endfacet
  facet normal 0.6835852235334515 0.7298707023622205 0
    outer loop
      vertex 61.98578643798828 41.435787200927734 0
      vertex 61.98578643798828 41.435787200927734 0.6
      vertex 62.0813102722168 41.34632110595703 0.6
    endloop
  endfacet
  facet normal 0.7298570818495621 0.6835997659991125 0
    outer loop
      vertex 61.89632034301758 41.531307220458984 0
      vertex 61.89632034301758 41.531307220458984 0.6
      vertex 61.98578643798828 41.435787200927734 0.6
    endloop
  endfacet
  facet normal 0.7730136295531935 0.6343894139446197 0
    outer loop
      vertex 61.81329345703125 41.632476806640625 0
      vertex 61.81329345703125 41.632476806640625 0.6
      vertex 61.89632034301758 41.531307220458984 0.6
    endloop
  endfacet
  facet normal 0.9108659154419044 0.4127024158957416 0
    outer loop
      vertex 61.552242279052734 42.084632873535156 0
      vertex 61.552242279052734 42.084632873535156 0.6
      vertex 61.60625457763672 41.965423583984375 0.6
    endloop
  endfacet
  facet normal 0.9358996638718429 0.35226668756010876 0
    outer loop
      vertex 61.50613784790039 42.207122802734375 0
      vertex 61.50613784790039 42.207122802734375 0.6
      vertex 61.552242279052734 42.084632873535156 0.6
    endloop
  endfacet
  facet normal 0.8819241476730013 0.47139134246531333 0
    outer loop
      vertex 61.60625457763672 41.965423583984375 0
      vertex 61.60625457763672 41.965423583984375 0.6
      vertex 61.66794967651367 41.849998474121094 0.6
    endloop
  endfacet
  facet normal 0.9569417524040257 0.29028000707233076 0
    outer loop
      vertex 61.46814727783203 42.33236312866211 0
      vertex 61.46814727783203 42.33236312866211 0.6
      vertex 61.50613784790039 42.207122802734375 0.6
    endloop
  endfacet
  facet normal 0.9738807546810154 0.2270600706023318 0
    outer loop
      vertex 61.43843078613281 42.45981979370117 0
      vertex 61.43843078613281 42.45981979370117 0.6
      vertex 61.46814727783203 42.33236312866211 0.6
    endloop
  endfacet
  facet normal 0.9866417281250248 0.162905188138575 0
    outer loop
      vertex 61.417110443115234 42.58894729614258 0
      vertex 61.417110443115234 42.58894729614258 0.6
      vertex 61.43843078613281 42.45981979370117 0.6
    endloop
  endfacet
  facet normal 0.9951841352252146 0.09802314520582248 0
    outer loop
      vertex 61.40428161621094 42.71919250488281 0
      vertex 61.40428161621094 42.71919250488281 0.6
      vertex 61.417110443115234 42.58894729614258 0.6
    endloop
  endfacet
  facet normal 0.9994651005105961 0.03270340748827322 0
    outer loop
      vertex 61.400001525878906 42.849998474121094 0
      vertex 61.400001525878906 42.849998474121094 0.6
      vertex 61.40428161621094 42.71919250488281 0.6
    endloop
  endfacet
  facet normal 0.9994651005105961 -0.03270340748827322 0
    outer loop
      vertex 61.40428161621094 42.980804443359375 0
      vertex 61.40428161621094 42.980804443359375 0.6
      vertex 61.400001525878906 42.849998474121094 0.6
    endloop
  endfacet
  facet normal 0.9951844152781548 -0.09802030191484404 0
    outer loop
      vertex 61.417110443115234 43.111053466796875 0
      vertex 61.417110443115234 43.111053466796875 0.6
      vertex 61.40428161621094 42.980804443359375 0.6
    endloop
  endfacet
  facet normal 0.9866417281250248 -0.162905188138575 0
    outer loop
      vertex 61.43843078613281 43.24018096923828 0
      vertex 61.43843078613281 43.24018096923828 0.6
      vertex 61.417110443115234 43.111053466796875 0.6
    endloop
  endfacet
  facet normal 0.9738807546810154 -0.2270600706023318 0
    outer loop
      vertex 61.46814727783203 43.367637634277344 0
      vertex 61.46814727783203 43.367637634277344 0.6
      vertex 61.43843078613281 43.24018096923828 0.6
    endloop
  endfacet
  facet normal 0.9569417524040257 -0.29028000707233076 0
    outer loop
      vertex 61.50613784790039 43.49287796020508 0
      vertex 61.50613784790039 43.49287796020508 0.6
      vertex 61.46814727783203 43.367637634277344 0.6
    endloop
  endfacet
  facet normal -0.6835706814151501 0.7298843220056362 0
    outer loop
      vertex 64.71868896484375 41.34632110595703 0
      vertex 64.71868896484375 41.34632110595703 0.6
      vertex 64.81421661376953 41.435787200927734 0.6
    endloop
  endfacet
  facet normal -0.7298716246135072 0.6835842388353023 0
    outer loop
      vertex 64.81421661376953 41.435787200927734 0
      vertex 64.81421661376953 41.435787200927734 0.6
      vertex 64.90367889404297 41.531307220458984 0.6
    endloop
  endfacet
  facet normal -0.7729993360637403 0.6344068303896299 0
    outer loop
      vertex 64.90367889404297 41.531307220458984 0
      vertex 64.90367889404297 41.531307220458984 0.6
      vertex 64.98670959472656 41.632476806640625 0.6
    endloop
  endfacet
  facet normal -0.8128502475553504 0.5824727247255495 0
    outer loop
      vertex 64.98670959472656 41.632476806640625 0
      vertex 64.98670959472656 41.632476806640625 0.6
      vertex 65.06294250488281 41.738861083984375 0.6
    endloop
  endfacet
  facet normal -0.8492111403800936 0.5280534433694576 0
    outer loop
      vertex 65.06294250488281 41.738861083984375 0
      vertex 65.06294250488281 41.738861083984375 0.6
      vertex 65.13204956054688 41.849998474121094 0.6
    endloop
  endfacet
  facet normal -0.8819120303041708 0.4714140121005902 0
    outer loop
      vertex 65.13204956054688 41.849998474121094 0
      vertex 65.13204956054688 41.849998474121094 0.6
      vertex 65.1937484741211 41.965423583984375 0.6
    endloop
  endfacet
  facet normal -0.9108768723593957 0.41267823228365835 0
    outer loop
      vertex 65.1937484741211 41.965423583984375 0
      vertex 65.1937484741211 41.965423583984375 0.6
      vertex 65.24775695800781 42.084632873535156 0.6
    endloop
  endfacet
  facet normal -0.9358996638718429 0.35226668756010876 0
    outer loop
      vertex 65.24775695800781 42.084632873535156 0
      vertex 65.24775695800781 42.084632873535156 0.6
      vertex 65.29386138916016 42.207122802734375 0.6
    endloop
  endfacet
  facet normal -0.9569498487252057 0.290253315269276 0
    outer loop
      vertex 65.29386138916016 42.207122802734375 0
      vertex 65.29386138916016 42.207122802734375 0.6
      vertex 65.33184814453125 42.33236312866211 0.6
    endloop
  endfacet
  facet normal -0.973867862482578 0.2271153592860124 0
    outer loop
      vertex 65.33184814453125 42.33236312866211 0
      vertex 65.33184814453125 42.33236312866211 0.6
      vertex 65.361572265625 42.45981979370117 0.6
    endloop
  endfacet
  facet normal -0.9866464125839977 0.16287681398875564 0
    outer loop
      vertex 65.361572265625 42.45981979370117 0
      vertex 65.361572265625 42.45981979370117 0.6
      vertex 65.38288879394531 42.58894729614258 0.6
    endloop
  endfacet
  facet normal -0.9951812914416063 0.09805201254750794 0
    outer loop
      vertex 65.38288879394531 42.58894729614258 0
      vertex 65.38288879394531 42.58894729614258 0.6
      vertex 65.39572143554688 42.71919250488281 0.6
    endloop
  endfacet
  facet normal -0.9994651005105961 0.03270340748827322 0
    outer loop
      vertex 65.39572143554688 42.71919250488281 0
      vertex 65.39572143554688 42.71919250488281 0.6
      vertex 65.4000015258789 42.849998474121094 0.6
    endloop
  endfacet
  facet normal -0.9994651005105961 -0.03270340748827322 0
    outer loop
      vertex 65.4000015258789 42.849998474121094 0
      vertex 65.4000015258789 42.849998474121094 0.6
      vertex 65.39572143554688 42.980804443359375 0.6
    endloop
  endfacet
  facet normal -0.9569498487252057 -0.290253315269276 0
    outer loop
      vertex 65.33184814453125 43.367637634277344 0
      vertex 65.33184814453125 43.367637634277344 0.6
      vertex 65.29386138916016 43.49287796020508 0.6
    endloop
  endfacet
  facet normal -0.9951815716587186 -0.0980491684354478 0
    outer loop
      vertex 65.39572143554688 42.980804443359375 0
      vertex 65.39572143554688 42.980804443359375 0.6
      vertex 65.38288879394531 43.111053466796875 0.6
    endloop
  endfacet
  facet normal -0.9866464125839977 -0.16287681398875564 0
    outer loop
      vertex 65.38288879394531 43.111053466796875 0
      vertex 65.38288879394531 43.111053466796875 0.6
      vertex 65.361572265625 43.24018096923828 0.6
    endloop
  endfacet
  facet normal -0.973867862482578 -0.2271153592860124 0
    outer loop
      vertex 65.361572265625 43.24018096923828 0
      vertex 65.361572265625 43.24018096923828 0.6
      vertex 65.33184814453125 43.367637634277344 0.6
    endloop
  endfacet
  facet normal 0.9358996638718429 -0.35226668756010876 0
    outer loop
      vertex 61.552242279052734 43.6153678894043 0
      vertex 61.552242279052734 43.6153678894043 0.6
      vertex 61.50613784790039 43.49287796020508 0.6
    endloop
  endfacet
  facet normal 0.9108659154419044 -0.4127024158957416 0
    outer loop
      vertex 61.60625457763672 43.73457717895508 0
      vertex 61.60625457763672 43.73457717895508 0.6
      vertex 61.552242279052734 43.6153678894043 0.6
    endloop
  endfacet
  facet normal 0.8819176707167251 -0.47140345997625654 0
    outer loop
      vertex 61.66794967651367 43.849998474121094 0
      vertex 61.66794967651367 43.849998474121094 0.6
      vertex 61.60625457763672 43.73457717895508 0.6
    endloop
  endfacet
  facet normal 0.849206197300366 -0.5280613927060487 0
    outer loop
      vertex 61.737060546875 43.96113967895508 0
      vertex 61.737060546875 43.96113967895508 0.6
      vertex 61.66794967651367 43.849998474121094 0.6
    endloop
  endfacet
  facet normal 0.8128502475553504 -0.5824727247255495 0
    outer loop
      vertex 61.81329345703125 44.06752395629883 0
      vertex 61.81329345703125 44.06752395629883 0.6
      vertex 61.737060546875 43.96113967895508 0.6
    endloop
  endfacet
  facet normal 0.7730018988569759 -0.6344037077157647 0
    outer loop
      vertex 61.89632034301758 44.1686897277832 0
      vertex 61.89632034301758 44.1686897277832 0.6
      vertex 61.81329345703125 44.06752395629883 0.6
    endloop
  endfacet
  facet normal 0.7298707023622205 -0.6835852235334515 0
    outer loop
      vertex 61.98578643798828 44.26421356201172 0
      vertex 61.98578643798828 44.26421356201172 0.6
      vertex 61.89632034301758 44.1686897277832 0.6
    endloop
  endfacet
  facet normal 0.6835852235334515 -0.7298707023622205 0
    outer loop
      vertex 62.0813102722168 44.35367965698242 0
      vertex 62.0813102722168 44.35367965698242 0.6
      vertex 61.98578643798828 44.26421356201172 0.6
    endloop
  endfacet
  facet normal 0.6344037077157647 -0.7730018988569759 0
    outer loop
      vertex 62.18247604370117 44.43670654296875 0
      vertex 62.18247604370117 44.43670654296875 0.6
      vertex 62.0813102722168 44.35367965698242 0.6
    endloop
  endfacet
  facet normal 0.5824727247255495 -0.8128502475553504 0
    outer loop
      vertex 62.28886032104492 44.512939453125 0
      vertex 62.28886032104492 44.512939453125 0.6
      vertex 62.18247604370117 44.43670654296875 0.6
    endloop
  endfacet
  facet normal 0.5280613927060487 -0.849206197300366 0
    outer loop
      vertex 62.400001525878906 44.58205032348633 0
      vertex 62.400001525878906 44.58205032348633 0.6
      vertex 62.28886032104492 44.512939453125 0.6
    endloop
  endfacet
  facet normal 0.47140345997625654 -0.8819176707167251 0
    outer loop
      vertex 62.51542282104492 44.64374542236328 0
      vertex 62.51542282104492 44.64374542236328 0.6
      vertex 62.400001525878906 44.58205032348633 0.6
    endloop
  endfacet
  facet normal 0.4127024158957416 -0.9108659154419044 0
    outer loop
      vertex 62.6346321105957 44.697757720947266 0
      vertex 62.6346321105957 44.697757720947266 0.6
      vertex 62.51542282104492 44.64374542236328 0.6
    endloop
  endfacet
  facet normal 0.35226668756010876 -0.9358996638718429 0
    outer loop
      vertex 62.75712203979492 44.74386215209961 0
      vertex 62.75712203979492 44.74386215209961 0.6
      vertex 62.6346321105957 44.697757720947266 0.6
    endloop
  endfacet
  facet normal 0.29028000707233076 -0.9569417524040257 0
    outer loop
      vertex 62.882362365722656 44.78185272216797 0
      vertex 62.882362365722656 44.78185272216797 0.6
      vertex 62.75712203979492 44.74386215209961 0.6
    endloop
  endfacet
  facet normal 0.2270600706023318 -0.9738807546810154 0
    outer loop
      vertex 63.00981903076172 44.81156921386719 0
      vertex 63.00981903076172 44.81156921386719 0.6
      vertex 62.882362365722656 44.78185272216797 0.6
    endloop
  endfacet
  facet normal 0.162905188138575 -0.9866417281250248 0
    outer loop
      vertex 63.138946533203125 44.832889556884766 0
      vertex 63.138946533203125 44.832889556884766 0.6
      vertex 63.00981903076172 44.81156921386719 0.6
    endloop
  endfacet
  facet normal -0.47139134246531333 -0.8819241476730013 0
    outer loop
      vertex 64.4000015258789 44.58205032348633 0
      vertex 64.4000015258789 44.58205032348633 0.6
      vertex 64.28457641601562 44.64374542236328 0.6
    endloop
  endfacet
  facet normal -0.7298852447787907 -0.6835696961204504 0
    outer loop
      vertex 64.90367889404297 44.1686897277832 0
      vertex 64.90367889404297 44.1686897277832 0.6
      vertex 64.81421661376953 44.26421356201172 0.6
    endloop
  endfacet
  facet normal -0.6835706814151501 -0.7298843220056362 0
    outer loop
      vertex 64.81421661376953 44.26421356201172 0
      vertex 64.81421661376953 44.26421356201172 0.6
      vertex 64.71868896484375 44.35367965698242 0.6
    endloop
  endfacet
  facet normal -0.5824727247255495 -0.8128502475553504 0
    outer loop
      vertex 64.61752319335938 44.43670654296875 0
      vertex 64.61752319335938 44.43670654296875 0.6
      vertex 64.51113891601562 44.512939453125 0.6
    endloop
  endfacet
  facet normal -0.5280744635724446 -0.8491980693116742 0
    outer loop
      vertex 64.51113891601562 44.512939453125 0
      vertex 64.51113891601562 44.512939453125 0.6
      vertex 64.4000015258789 44.58205032348633 0.6
    endloop
  endfacet
  facet normal -0.6344037077157647 -0.7730018988569759 0
    outer loop
      vertex 64.71868896484375 44.35367965698242 0
      vertex 64.71868896484375 44.35367965698242 0.6
      vertex 64.61752319335938 44.43670654296875 0.6
    endloop
  endfacet
  facet normal 0.09802030191484404 -0.9951844152781548 0
    outer loop
      vertex 63.269195556640625 44.84571838378906 0
      vertex 63.269195556640625 44.84571838378906 0.6
      vertex 63.138946533203125 44.832889556884766 0.6
    endloop
  endfacet
  facet normal 0.03270340748827322 -0.9994651005105961 0
    outer loop
      vertex 63.400001525878906 44.849998474121094 0
      vertex 63.400001525878906 44.849998474121094 0.6
      vertex 63.269195556640625 44.84571838378906 0.6
    endloop
  endfacet
  facet normal -0.03270340748827322 -0.9994651005105961 0
    outer loop
      vertex 63.53080749511719 44.84571838378906 0
      vertex 63.53080749511719 44.84571838378906 0.6
      vertex 63.400001525878906 44.849998474121094 0.6
    endloop
  endfacet
  facet normal -0.09802314520582248 -0.9951841352252146 0
    outer loop
      vertex 63.66105270385742 44.832889556884766 0
      vertex 63.66105270385742 44.832889556884766 0.6
      vertex 63.53080749511719 44.84571838378906 0.6
    endloop
  endfacet
  facet normal -0.162905188138575 -0.9866417281250248 0
    outer loop
      vertex 63.79018020629883 44.81156921386719 0
      vertex 63.79018020629883 44.81156921386719 0.6
      vertex 63.66105270385742 44.832889556884766 0.6
    endloop
  endfacet
  facet normal -0.2270600706023318 -0.9738807546810154 0
    outer loop
      vertex 63.91763687133789 44.78185272216797 0
      vertex 63.91763687133789 44.78185272216797 0.6
      vertex 63.79018020629883 44.81156921386719 0.6
    endloop
  endfacet
  facet normal -0.29028000707233076 -0.9569417524040257 0
    outer loop
      vertex 64.04287719726562 44.74386215209961 0
      vertex 64.04287719726562 44.74386215209961 0.6
      vertex 63.91763687133789 44.78185272216797 0.6
    endloop
  endfacet
  facet normal -0.35226668756010876 -0.9358996638718429 0
    outer loop
      vertex 64.16536712646484 44.697757720947266 0
      vertex 64.16536712646484 44.697757720947266 0.6
      vertex 64.04287719726562 44.74386215209961 0.6
    endloop
  endfacet
  facet normal -0.4127024158957416 -0.9108659154419044 0
    outer loop
      vertex 64.28457641601562 44.64374542236328 0
      vertex 64.28457641601562 44.64374542236328 0.6
      vertex 64.16536712646484 44.697757720947266 0.6
    endloop
  endfacet
  facet normal -0.9358996638718429 -0.35226668756010876 0
    outer loop
      vertex 65.29386138916016 43.49287796020508 0
      vertex 65.29386138916016 43.49287796020508 0.6
      vertex 65.24775695800781 43.6153678894043 0.6
    endloop
  endfacet
  facet normal -0.9108768723593957 -0.41267823228365835 0
    outer loop
      vertex 65.24775695800781 43.6153678894043 0
      vertex 65.24775695800781 43.6153678894043 0.6
      vertex 65.1937484741211 43.73457717895508 0.6
    endloop
  endfacet
  facet normal -0.881905552813921 -0.4714261298612671 0
    outer loop
      vertex 65.1937484741211 43.73457717895508 0
      vertex 65.1937484741211 43.73457717895508 0.6
      vertex 65.13204956054688 43.849998474121094 0.6
    endloop
  endfacet
  facet normal -0.8492192678468118 -0.5280403726210002 0
    outer loop
      vertex 65.13204956054688 43.849998474121094 0
      vertex 65.13204956054688 43.849998474121094 0.6
      vertex 65.06294250488281 43.96113967895508 0.6
    endloop
  endfacet
  facet normal -0.8128502475553504 -0.5824727247255495 0
    outer loop
      vertex 65.06294250488281 43.96113967895508 0
      vertex 65.06294250488281 43.96113967895508 0.6
      vertex 64.98670959472656 44.06752395629883 0.6
    endloop
  endfacet
  facet normal -0.7729876049403421 -0.6344211240245659 0
    outer loop
      vertex 64.98670959472656 44.06752395629883 0
      vertex 64.98670959472656 44.06752395629883 0.6
      vertex 64.90367889404297 44.1686897277832 0.6
    endloop
  endfacet
endsolid OpenSCAD_Model
