solid OpenSCAD_Model
  facet normal -0.582468 -0.812854 0
    outer loop
      vertex 60.1783 60.1503 3
      vertex 62.0719 58.7934 6
      vertex 60.1783 60.1503 6
    endloop
  endfacet
  facet normal -0.582468 -0.812854 -0
    outer loop
      vertex 62.0719 58.7934 6
      vertex 60.1783 60.1503 3
      vertex 62.0719 58.7934 3
    endloop
  endfacet
  facet normal 0.352247 -0.935907 0
    outer loop
      vertex 26.7765 63.4401 3
      vertex 28.9568 64.2607 6
      vertex 26.7765 63.4401 6
    endloop
  endfacet
  facet normal 0.352247 -0.935907 0
    outer loop
      vertex 28.9568 64.2607 6
      vertex 26.7765 63.4401 3
      vertex 28.9568 64.2607 3
    endloop
  endfacet
  facet normal 0.910868 -0.412698 0
    outer loop
      vertex 7.50989 44.1735 6
      vertex 8.47133 46.2955 3
      vertex 8.47133 46.2955 6
    endloop
  endfacet
  facet normal 0.910868 -0.412698 0
    outer loop
      vertex 8.47133 46.2955 3
      vertex 7.50989 44.1735 6
      vertex 7.50989 44.1735 3
    endloop
  endfacet
  facet normal 0.910868 0.412698 0
    outer loop
      vertex 8.47133 14.8045 6
      vertex 7.50989 16.9265 3
      vertex 7.50989 16.9265 6
    endloop
  endfacet
  facet normal 0.910868 0.412698 0
    outer loop
      vertex 7.50989 16.9265 3
      vertex 8.47133 14.8045 6
      vertex 8.47133 14.8045 3
    endloop
  endfacet
  facet normal -0.956931 -0.290316 0
    outer loop
      vertex 74.787 39.764 3
      vertex 74.1107 41.9932 6
      vertex 74.1107 41.9932 3
    endloop
  endfacet
  facet normal -0.956931 -0.290316 0
    outer loop
      vertex 74.1107 41.9932 6
      vertex 74.787 39.764 3
      vertex 74.787 39.764 6
    endloop
  endfacet
  facet normal -0.812854 -0.582468 0
    outer loop
      vertex 70.0003 50.3283 3
      vertex 68.6434 52.2219 6
      vertex 68.6434 52.2219 3
    endloop
  endfacet
  facet normal -0.812854 -0.582468 0
    outer loop
      vertex 68.6434 52.2219 6
      vertex 70.0003 50.3283 3
      vertex 70.0003 50.3283 6
    endloop
  endfacet
  facet normal -0.528072 -0.849199 0
    outer loop
      vertex 58.2 61.3805 3
      vertex 60.1783 60.1503 6
      vertex 58.2 61.3805 6
    endloop
  endfacet
  facet normal -0.528072 -0.849199 -0
    outer loop
      vertex 60.1783 60.1503 6
      vertex 58.2 61.3805 3
      vertex 60.1783 60.1503 3
    endloop
  endfacet
  facet normal -0.0980458 -0.995182 0
    outer loop
      vertex 42.7284 66.0738 3
      vertex 45.0467 65.8454 6
      vertex 42.7284 66.0738 6
    endloop
  endfacet
  facet normal -0.0980458 -0.995182 -0
    outer loop
      vertex 45.0467 65.8454 6
      vertex 42.7284 66.0738 3
      vertex 45.0467 65.8454 3
    endloop
  endfacet
  facet normal 0.995185 -0.0980161 0
    outer loop
      vertex 4.87622 32.8783 6
      vertex 5.10456 35.1967 3
      vertex 5.10456 35.1967 6
    endloop
  endfacet
  facet normal 0.995185 -0.0980161 0
    outer loop
      vertex 5.10456 35.1967 3
      vertex 4.87622 32.8783 6
      vertex 4.87622 32.8783 3
    endloop
  endfacet
  facet normal 0.582468 -0.812854 0
    outer loop
      vertex 18.7281 58.7934 3
      vertex 20.6217 60.1503 6
      vertex 18.7281 58.7934 6
    endloop
  endfacet
  facet normal 0.582468 -0.812854 0
    outer loop
      vertex 20.6217 60.1503 6
      vertex 18.7281 58.7934 3
      vertex 20.6217 60.1503 3
    endloop
  endfacet
  facet normal -0.227072 0.973878 0
    outer loop
      vertex 49.614 -3.83696 3
      vertex 47.3452 -4.36596 6
      vertex 49.614 -3.83696 6
    endloop
  endfacet
  facet normal -0.227072 0.973878 0
    outer loop
      vertex 47.3452 -4.36596 6
      vertex 49.614 -3.83696 3
      vertex 47.3452 -4.36596 3
    endloop
  endfacet
  facet normal -0.634394 0.77301 0
    outer loop
      vertex 63.8727 3.7845 3
      vertex 62.0719 2.30662 6
      vertex 63.8727 3.7845 6
    endloop
  endfacet
  facet normal -0.634394 0.77301 0
    outer loop
      vertex 62.0719 2.30662 6
      vertex 63.8727 3.7845 3
      vertex 62.0719 2.30662 3
    endloop
  endfacet
  facet normal 0.0980203 0.995184 -0
    outer loop
      vertex 38.0716 -4.97378 3
      vertex 35.7533 -4.74544 6
      vertex 38.0716 -4.97378 6
    endloop
  endfacet
  facet normal 0.0980203 0.995184 0
    outer loop
      vertex 35.7533 -4.74544 6
      vertex 38.0716 -4.97378 3
      vertex 35.7533 -4.74544 3
    endloop
  endfacet
  facet normal -0.995182 -0.0980416 0
    outer loop
      vertex 75.9238 32.8783 3
      vertex 75.6954 35.1967 6
      vertex 75.6954 35.1967 3
    endloop
  endfacet
  facet normal -0.995182 -0.0980416 0
    outer loop
      vertex 75.6954 35.1967 6
      vertex 75.9238 32.8783 3
      vertex 75.9238 32.8783 6
    endloop
  endfacet
  facet normal -0.935907 -0.352247 0
    outer loop
      vertex 74.1107 41.9932 3
      vertex 73.2901 44.1735 6
      vertex 73.2901 44.1735 3
    endloop
  endfacet
  facet normal -0.935907 -0.352247 0
    outer loop
      vertex 73.2901 44.1735 6
      vertex 74.1107 41.9932 3
      vertex 74.1107 41.9932 6
    endloop
  endfacet
  facet normal -0.910874 -0.412684 0
    outer loop
      vertex 73.2901 44.1735 3
      vertex 72.3287 46.2955 6
      vertex 72.3287 46.2955 3
    endloop
  endfacet
  facet normal -0.910874 -0.412684 0
    outer loop
      vertex 72.3287 46.2955 6
      vertex 73.2901 44.1735 3
      vertex 73.2901 44.1735 6
    endloop
  endfacet
  facet normal -0.227072 -0.973878 0
    outer loop
      vertex 47.3452 65.466 3
      vertex 49.614 64.937 6
      vertex 47.3452 65.466 6
    endloop
  endfacet
  facet normal -0.227072 -0.973878 -0
    outer loop
      vertex 49.614 64.937 6
      vertex 47.3452 65.466 3
      vertex 49.614 64.937 3
    endloop
  endfacet
  facet normal -0.412684 -0.910874 0
    outer loop
      vertex 54.0235 63.4401 3
      vertex 56.1455 62.4787 6
      vertex 54.0235 63.4401 6
    endloop
  endfacet
  facet normal -0.412684 -0.910874 -0
    outer loop
      vertex 56.1455 62.4787 6
      vertex 54.0235 63.4401 3
      vertex 56.1455 62.4787 3
    endloop
  endfacet
  facet normal -0.352247 -0.935907 0
    outer loop
      vertex 51.8432 64.2607 3
      vertex 54.0235 63.4401 6
      vertex 51.8432 64.2607 6
    endloop
  endfacet
  facet normal -0.352247 -0.935907 -0
    outer loop
      vertex 54.0235 63.4401 6
      vertex 51.8432 64.2607 3
      vertex 54.0235 63.4401 3
    endloop
  endfacet
  facet normal 0.973878 -0.227072 0
    outer loop
      vertex 5.48404 37.4952 6
      vertex 6.01304 39.764 3
      vertex 6.01304 39.764 6
    endloop
  endfacet
  facet normal 0.973878 -0.227072 0
    outer loop
      vertex 6.01304 39.764 3
      vertex 5.48404 37.4952 6
      vertex 5.48404 37.4952 3
    endloop
  endfacet
  facet normal 0.935907 -0.352247 0
    outer loop
      vertex 6.68929 41.9932 6
      vertex 7.50989 44.1735 3
      vertex 7.50989 44.1735 6
    endloop
  endfacet
  facet normal 0.935907 -0.352247 0
    outer loop
      vertex 7.50989 44.1735 3
      vertex 6.68929 41.9932 6
      vertex 6.68929 41.9932 3
    endloop
  endfacet
  facet normal 0.773006 -0.634399 0
    outer loop
      vertex 12.1566 52.2219 6
      vertex 13.6345 54.0227 3
      vertex 13.6345 54.0227 6
    endloop
  endfacet
  facet normal 0.773006 -0.634399 0
    outer loop
      vertex 13.6345 54.0227 3
      vertex 12.1566 52.2219 6
      vertex 12.1566 52.2219 3
    endloop
  endfacet
  facet normal 0.881918 -0.471402 0
    outer loop
      vertex 8.47133 46.2955 6
      vertex 9.5695 48.35 3
      vertex 9.5695 48.35 6
    endloop
  endfacet
  facet normal 0.881918 -0.471402 0
    outer loop
      vertex 9.5695 48.35 3
      vertex 8.47133 46.2955 6
      vertex 8.47133 46.2955 3
    endloop
  endfacet
  facet normal 0.812854 -0.582468 0
    outer loop
      vertex 10.7997 50.3283 6
      vertex 12.1566 52.2219 3
      vertex 12.1566 52.2219 6
    endloop
  endfacet
  facet normal 0.812854 -0.582468 0
    outer loop
      vertex 12.1566 52.2219 3
      vertex 10.7997 50.3283 6
      vertex 10.7997 50.3283 3
    endloop
  endfacet
  facet normal 0.0980458 -0.995182 0
    outer loop
      vertex 35.7533 65.8454 3
      vertex 38.0716 66.0738 6
      vertex 35.7533 65.8454 6
    endloop
  endfacet
  facet normal 0.0980458 -0.995182 0
    outer loop
      vertex 38.0716 66.0738 6
      vertex 35.7533 65.8454 3
      vertex 38.0716 66.0738 3
    endloop
  endfacet
  facet normal 0.290316 -0.956931 0
    outer loop
      vertex 28.9568 64.2607 3
      vertex 31.186 64.937 6
      vertex 28.9568 64.2607 6
    endloop
  endfacet
  facet normal 0.290316 -0.956931 0
    outer loop
      vertex 31.186 64.937 6
      vertex 28.9568 64.2607 3
      vertex 31.186 64.937 3
    endloop
  endfacet
  facet normal 0.16286 -0.986649 0
    outer loop
      vertex 33.4548 65.466 3
      vertex 35.7533 65.8454 6
      vertex 33.4548 65.466 6
    endloop
  endfacet
  facet normal 0.16286 -0.986649 0
    outer loop
      vertex 35.7533 65.8454 6
      vertex 33.4548 65.466 3
      vertex 35.7533 65.8454 3
    endloop
  endfacet
  facet normal 0.412684 -0.910874 0
    outer loop
      vertex 24.6545 62.4787 3
      vertex 26.7765 63.4401 6
      vertex 24.6545 62.4787 6
    endloop
  endfacet
  facet normal 0.412684 -0.910874 0
    outer loop
      vertex 26.7765 63.4401 6
      vertex 24.6545 62.4787 3
      vertex 26.7765 63.4401 3
    endloop
  endfacet
  facet normal -0.999465 -0.0327102 0
    outer loop
      vertex 76 30.55 3
      vertex 75.9238 32.8783 6
      vertex 75.9238 32.8783 3
    endloop
  endfacet
  facet normal -0.999465 -0.0327102 0
    outer loop
      vertex 75.9238 32.8783 6
      vertex 76 30.55 3
      vertex 76 30.55 6
    endloop
  endfacet
  facet normal -0.162894 0.986644 0
    outer loop
      vertex 47.3452 -4.36596 3
      vertex 45.0467 -4.74544 6
      vertex 47.3452 -4.36596 6
    endloop
  endfacet
  facet normal -0.162894 0.986644 0
    outer loop
      vertex 45.0467 -4.74544 6
      vertex 47.3452 -4.36596 3
      vertex 45.0467 -4.74544 3
    endloop
  endfacet
  facet normal -0.412698 0.910868 0
    outer loop
      vertex 56.1455 -1.37867 3
      vertex 54.0235 -2.34011 6
      vertex 56.1455 -1.37867 6
    endloop
  endfacet
  facet normal -0.412698 0.910868 0
    outer loop
      vertex 54.0235 -2.34011 6
      vertex 56.1455 -1.37867 3
      vertex 54.0235 -2.34011 3
    endloop
  endfacet
  facet normal -0.582479 0.812846 0
    outer loop
      vertex 62.0719 2.30662 3
      vertex 60.1783 0.949682 6
      vertex 62.0719 2.30662 6
    endloop
  endfacet
  facet normal -0.582479 0.812846 0
    outer loop
      vertex 60.1783 0.949682 6
      vertex 62.0719 2.30662 3
      vertex 60.1783 0.949682 3
    endloop
  endfacet
  facet normal 0.227072 0.973878 -0
    outer loop
      vertex 33.4548 -4.36596 3
      vertex 31.186 -3.83696 6
      vertex 33.4548 -4.36596 6
    endloop
  endfacet
  facet normal 0.227072 0.973878 0
    outer loop
      vertex 31.186 -3.83696 6
      vertex 33.4548 -4.36596 3
      vertex 31.186 -3.83696 3
    endloop
  endfacet
  facet normal 0.352247 0.935907 -0
    outer loop
      vertex 28.9568 -3.16071 3
      vertex 26.7765 -2.34011 6
      vertex 28.9568 -3.16071 6
    endloop
  endfacet
  facet normal 0.352247 0.935907 0
    outer loop
      vertex 26.7765 -2.34011 6
      vertex 28.9568 -3.16071 3
      vertex 26.7765 -2.34011 3
    endloop
  endfacet
  facet normal 0.162894 0.986644 -0
    outer loop
      vertex 35.7533 -4.74544 3
      vertex 33.4548 -4.36596 6
      vertex 35.7533 -4.74544 6
    endloop
  endfacet
  facet normal 0.162894 0.986644 0
    outer loop
      vertex 33.4548 -4.36596 6
      vertex 35.7533 -4.74544 3
      vertex 33.4548 -4.36596 3
    endloop
  endfacet
  facet normal 0.412698 0.910868 -0
    outer loop
      vertex 26.7765 -2.34011 3
      vertex 24.6545 -1.37867 6
      vertex 26.7765 -2.34011 6
    endloop
  endfacet
  facet normal 0.412698 0.910868 0
    outer loop
      vertex 24.6545 -1.37867 6
      vertex 26.7765 -2.34011 3
      vertex 24.6545 -1.37867 3
    endloop
  endfacet
  facet normal 0.995184 0.0980203 0
    outer loop
      vertex 5.10456 25.9033 6
      vertex 4.87622 28.2216 3
      vertex 4.87622 28.2216 6
    endloop
  endfacet
  facet normal 0.995184 0.0980203 0
    outer loop
      vertex 4.87622 28.2216 3
      vertex 5.10456 25.9033 6
      vertex 5.10456 25.9033 3
    endloop
  endfacet
  facet normal 0 0 1
    outer loop
      vertex 72.8 30.55 3
      vertex 76 30.55 3
      vertex 75.9238 32.8783 3
    endloop
  endfacet
  facet normal 0 0 1
    outer loop
      vertex 72.7306 32.6691 3
      vertex 75.9238 32.8783 3
      vertex 75.6954 35.1967 3
    endloop
  endfacet
  facet normal 0 0 1
    outer loop
      vertex 76 30.55 3
      vertex 72.8 30.55 3
      vertex 75.9238 28.2216 3
    endloop
  endfacet
  facet normal 0 0 1
    outer loop
      vertex 72.5228 34.779 3
      vertex 75.6954 35.1967 3
      vertex 75.316 37.4952 3
    endloop
  endfacet
  facet normal -0 0 1
    outer loop
      vertex 72.7306 28.4309 3
      vertex 75.9238 28.2216 3
      vertex 72.8 30.55 3
    endloop
  endfacet
  facet normal 0 0 1
    outer loop
      vertex 72.1774 36.8709 3
      vertex 75.316 37.4952 3
      vertex 74.787 39.764 3
    endloop
  endfacet
  facet normal 0 0 1
    outer loop
      vertex 75.9238 28.2216 3
      vertex 72.7306 28.4309 3
      vertex 75.6954 25.9033 3
    endloop
  endfacet
  facet normal 0 0 1
    outer loop
      vertex 71.696 38.9357 3
      vertex 74.787 39.764 3
      vertex 74.1107 41.9932 3
    endloop
  endfacet
  facet normal -0 0 1
    outer loop
      vertex 72.5228 26.321 3
      vertex 75.6954 25.9033 3
      vertex 72.7306 28.4309 3
    endloop
  endfacet
  facet normal 0 0 1
    outer loop
      vertex 71.0805 40.9646 3
      vertex 74.1107 41.9932 3
      vertex 73.2901 44.1735 3
    endloop
  endfacet
  facet normal 0 0 1
    outer loop
      vertex 75.6954 25.9033 3
      vertex 72.5228 26.321 3
      vertex 75.316 23.6048 3
    endloop
  endfacet
  facet normal -0 0 1
    outer loop
      vertex 72.1774 24.2291 3
      vertex 75.316 23.6048 3
      vertex 72.5228 26.321 3
    endloop
  endfacet
  facet normal 0 0 1
    outer loop
      vertex 75.9238 32.8783 3
      vertex 72.7306 32.6691 3
      vertex 72.8 30.55 3
    endloop
  endfacet
  facet normal 0 0 1
    outer loop
      vertex 75.6954 35.1967 3
      vertex 72.5228 34.779 3
      vertex 72.7306 32.6691 3
    endloop
  endfacet
  facet normal 0 0 1
    outer loop
      vertex 70.3337 42.9489 3
      vertex 73.2901 44.1735 3
      vertex 72.3287 46.2955 3
    endloop
  endfacet
  facet normal 0 0 1
    outer loop
      vertex 75.316 37.4952 3
      vertex 72.1774 36.8709 3
      vertex 72.5228 34.779 3
    endloop
  endfacet
  facet normal 0 0 1
    outer loop
      vertex 74.787 39.764 3
      vertex 71.696 38.9357 3
      vertex 72.1774 36.8709 3
    endloop
  endfacet
  facet normal 0 0 1
    outer loop
      vertex 69.4587 44.8802 3
      vertex 72.3287 46.2955 3
      vertex 71.2305 48.35 3
    endloop
  endfacet
  facet normal 0 0 1
    outer loop
      vertex 74.1107 41.9932 3
      vertex 71.0805 40.9646 3
      vertex 71.696 38.9357 3
    endloop
  endfacet
  facet normal 0 0 1
    outer loop
      vertex 73.2901 44.1735 3
      vertex 70.3337 42.9489 3
      vertex 71.0805 40.9646 3
    endloop
  endfacet
  facet normal 0 0 1
    outer loop
      vertex 68.4592 46.75 3
      vertex 71.2305 48.35 3
      vertex 70.0003 50.3283 3
    endloop
  endfacet
  facet normal 0 0 1
    outer loop
      vertex 72.3287 46.2955 3
      vertex 69.4587 44.8802 3
      vertex 70.3337 42.9489 3
    endloop
  endfacet
  facet normal 0 0 1
    outer loop
      vertex 67.3396 48.5505 3
      vertex 70.0003 50.3283 3
      vertex 68.6434 52.2219 3
    endloop
  endfacet
  facet normal 0 0 1
    outer loop
      vertex 71.2305 48.35 3
      vertex 68.4592 46.75 3
      vertex 69.4587 44.8802 3
    endloop
  endfacet
  facet normal 0 0 1
    outer loop
      vertex 70.0003 50.3283 3
      vertex 67.3396 48.5505 3
      vertex 68.4592 46.75 3
    endloop
  endfacet
  facet normal 0 0 1
    outer loop
      vertex 66.1046 50.2739 3
      vertex 68.6434 52.2219 3
      vertex 67.1655 54.0227 3
    endloop
  endfacet
  facet normal 0 0 1
    outer loop
      vertex 68.6434 52.2219 3
      vertex 66.1046 50.2739 3
      vertex 67.3396 48.5505 3
    endloop
  endfacet
  facet normal 0 0 1
    outer loop
      vertex 64.7596 51.9128 3
      vertex 67.1655 54.0227 3
      vertex 65.573 55.723 3
    endloop
  endfacet
  facet normal 0 0 1
    outer loop
      vertex 67.1655 54.0227 3
      vertex 64.7596 51.9128 3
      vertex 66.1046 50.2739 3
    endloop
  endfacet
  facet normal 0 0 1
    outer loop
      vertex 63.3103 53.4603 3
      vertex 65.573 55.723 3
      vertex 63.8727 57.3155 3
    endloop
  endfacet
  facet normal 0 0 1
    outer loop
      vertex 65.573 55.723 3
      vertex 63.3103 53.4603 3
      vertex 64.7596 51.9128 3
    endloop
  endfacet
  facet normal 0 0 1
    outer loop
      vertex 61.7628 54.9096 3
      vertex 63.8727 57.3155 3
      vertex 62.0719 58.7934 3
    endloop
  endfacet
  facet normal 0 0 1
    outer loop
      vertex 63.8727 57.3155 3
      vertex 61.7628 54.9096 3
      vertex 63.3103 53.4603 3
    endloop
  endfacet
  facet normal 0 0 1
    outer loop
      vertex 60.1239 56.2546 3
      vertex 62.0719 58.7934 3
      vertex 60.1783 60.1503 3
    endloop
  endfacet
  facet normal 0 0 1
    outer loop
      vertex 62.0719 58.7934 3
      vertex 60.1239 56.2546 3
      vertex 61.7628 54.9096 3
    endloop
  endfacet
  facet normal 0 0 1
    outer loop
      vertex 60.1783 60.1503 3
      vertex 58.4005 57.4896 3
      vertex 60.1239 56.2546 3
    endloop
  endfacet
  facet normal 0 0 1
    outer loop
      vertex 58.2 61.3805 3
      vertex 58.4005 57.4896 3
      vertex 60.1783 60.1503 3
    endloop
  endfacet
  facet normal 0 0 1
    outer loop
      vertex 58.2 61.3805 3
      vertex 56.6 58.6092 3
      vertex 58.4005 57.4896 3
    endloop
  endfacet
  facet normal 0 0 1
    outer loop
      vertex 56.1455 62.4787 3
      vertex 56.6 58.6092 3
      vertex 58.2 61.3805 3
    endloop
  endfacet
  facet normal 0 0 1
    outer loop
      vertex 56.1455 62.4787 3
      vertex 54.7302 59.6087 3
      vertex 56.6 58.6092 3
    endloop
  endfacet
  facet normal 0 0 1
    outer loop
      vertex 54.0235 63.4401 3
      vertex 54.7302 59.6087 3
      vertex 56.1455 62.4787 3
    endloop
  endfacet
  facet normal 0 0 1
    outer loop
      vertex 54.0235 63.4401 3
      vertex 52.7989 60.4837 3
      vertex 54.7302 59.6087 3
    endloop
  endfacet
  facet normal 0 0 1
    outer loop
      vertex 51.8432 64.2607 3
      vertex 52.7989 60.4837 3
      vertex 54.0235 63.4401 3
    endloop
  endfacet
  facet normal 0 0 1
    outer loop
      vertex 51.8432 64.2607 3
      vertex 50.8146 61.2305 3
      vertex 52.7989 60.4837 3
    endloop
  endfacet
  facet normal 0 0 1
    outer loop
      vertex 49.614 64.937 3
      vertex 50.8146 61.2305 3
      vertex 51.8432 64.2607 3
    endloop
  endfacet
  facet normal 0 0 1
    outer loop
      vertex 49.614 64.937 3
      vertex 48.7857 61.846 3
      vertex 50.8146 61.2305 3
    endloop
  endfacet
  facet normal 0 0 1
    outer loop
      vertex 47.3452 65.466 3
      vertex 48.7857 61.846 3
      vertex 49.614 64.937 3
    endloop
  endfacet
  facet normal 0 0 1
    outer loop
      vertex 47.3452 65.466 3
      vertex 46.7209 62.3274 3
      vertex 48.7857 61.846 3
    endloop
  endfacet
  facet normal 0 0 1
    outer loop
      vertex 45.0467 65.8454 3
      vertex 46.7209 62.3274 3
      vertex 47.3452 65.466 3
    endloop
  endfacet
  facet normal 0 0 1
    outer loop
      vertex 45.0467 65.8454 3
      vertex 44.629 62.6728 3
      vertex 46.7209 62.3274 3
    endloop
  endfacet
  facet normal 0 0 1
    outer loop
      vertex 42.7284 66.0738 3
      vertex 44.629 62.6728 3
      vertex 45.0467 65.8454 3
    endloop
  endfacet
  facet normal 0 0 1
    outer loop
      vertex 42.7284 66.0738 3
      vertex 42.5191 62.8806 3
      vertex 44.629 62.6728 3
    endloop
  endfacet
  facet normal 0 0 1
    outer loop
      vertex 40.4 66.15 3
      vertex 42.5191 62.8806 3
      vertex 42.7284 66.0738 3
    endloop
  endfacet
  facet normal 0 0 1
    outer loop
      vertex 40.4 66.15 3
      vertex 40.4 62.95 3
      vertex 42.5191 62.8806 3
    endloop
  endfacet
  facet normal 0 0 1
    outer loop
      vertex 40.4 66.15 3
      vertex 38.2809 62.8806 3
      vertex 40.4 62.95 3
    endloop
  endfacet
  facet normal -0 0 1
    outer loop
      vertex 38.0716 66.0738 3
      vertex 38.2809 62.8806 3
      vertex 40.4 66.15 3
    endloop
  endfacet
  facet normal 0 0 1
    outer loop
      vertex 38.0716 66.0738 3
      vertex 36.171 62.6728 3
      vertex 38.2809 62.8806 3
    endloop
  endfacet
  facet normal -0 0 1
    outer loop
      vertex 35.7533 65.8454 3
      vertex 36.171 62.6728 3
      vertex 38.0716 66.0738 3
    endloop
  endfacet
  facet normal 0 0 1
    outer loop
      vertex 35.7533 65.8454 3
      vertex 34.0791 62.3274 3
      vertex 36.171 62.6728 3
    endloop
  endfacet
  facet normal -0 0 1
    outer loop
      vertex 33.4548 65.466 3
      vertex 34.0791 62.3274 3
      vertex 35.7533 65.8454 3
    endloop
  endfacet
  facet normal 0 0 1
    outer loop
      vertex 33.4548 65.466 3
      vertex 32.0143 61.846 3
      vertex 34.0791 62.3274 3
    endloop
  endfacet
  facet normal -0 0 1
    outer loop
      vertex 31.186 64.937 3
      vertex 32.0143 61.846 3
      vertex 33.4548 65.466 3
    endloop
  endfacet
  facet normal 0 0 1
    outer loop
      vertex 31.186 64.937 3
      vertex 29.9854 61.2305 3
      vertex 32.0143 61.846 3
    endloop
  endfacet
  facet normal -0 0 1
    outer loop
      vertex 28.9568 64.2607 3
      vertex 29.9854 61.2305 3
      vertex 31.186 64.937 3
    endloop
  endfacet
  facet normal 0 0 1
    outer loop
      vertex 28.9568 64.2607 3
      vertex 28.0011 60.4837 3
      vertex 29.9854 61.2305 3
    endloop
  endfacet
  facet normal -0 0 1
    outer loop
      vertex 26.7765 63.4401 3
      vertex 28.0011 60.4837 3
      vertex 28.9568 64.2607 3
    endloop
  endfacet
  facet normal 0 0 1
    outer loop
      vertex 26.7765 63.4401 3
      vertex 26.0698 59.6087 3
      vertex 28.0011 60.4837 3
    endloop
  endfacet
  facet normal -0 0 1
    outer loop
      vertex 24.6545 62.4787 3
      vertex 26.0698 59.6087 3
      vertex 26.7765 63.4401 3
    endloop
  endfacet
  facet normal 0 0 1
    outer loop
      vertex 24.6545 62.4787 3
      vertex 24.2 58.6092 3
      vertex 26.0698 59.6087 3
    endloop
  endfacet
  facet normal -0 0 1
    outer loop
      vertex 22.6 61.3805 3
      vertex 24.2 58.6092 3
      vertex 24.6545 62.4787 3
    endloop
  endfacet
  facet normal 0 0 1
    outer loop
      vertex 22.6 61.3805 3
      vertex 22.3995 57.4896 3
      vertex 24.2 58.6092 3
    endloop
  endfacet
  facet normal -0 0 1
    outer loop
      vertex 20.6217 60.1503 3
      vertex 22.3995 57.4896 3
      vertex 22.6 61.3805 3
    endloop
  endfacet
  facet normal 0 0 1
    outer loop
      vertex 22.3995 57.4896 3
      vertex 20.6217 60.1503 3
      vertex 20.6761 56.2546 3
    endloop
  endfacet
  facet normal -0 0 1
    outer loop
      vertex 18.7281 58.7934 3
      vertex 20.6761 56.2546 3
      vertex 20.6217 60.1503 3
    endloop
  endfacet
  facet normal 0 0 1
    outer loop
      vertex 20.6761 56.2546 3
      vertex 18.7281 58.7934 3
      vertex 19.0372 54.9096 3
    endloop
  endfacet
  facet normal -0 0 1
    outer loop
      vertex 16.9273 57.3155 3
      vertex 19.0372 54.9096 3
      vertex 18.7281 58.7934 3
    endloop
  endfacet
  facet normal 0 0 1
    outer loop
      vertex 19.0372 54.9096 3
      vertex 16.9273 57.3155 3
      vertex 17.4897 53.4603 3
    endloop
  endfacet
  facet normal -0 0 1
    outer loop
      vertex 15.227 55.723 3
      vertex 17.4897 53.4603 3
      vertex 16.9273 57.3155 3
    endloop
  endfacet
  facet normal 0 0 1
    outer loop
      vertex 17.4897 53.4603 3
      vertex 15.227 55.723 3
      vertex 16.0404 51.9128 3
    endloop
  endfacet
  facet normal -0 0 1
    outer loop
      vertex 13.6345 54.0227 3
      vertex 16.0404 51.9128 3
      vertex 15.227 55.723 3
    endloop
  endfacet
  facet normal 0 0 1
    outer loop
      vertex 16.0404 51.9128 3
      vertex 13.6345 54.0227 3
      vertex 14.6954 50.2739 3
    endloop
  endfacet
  facet normal -0 0 1
    outer loop
      vertex 12.1566 52.2219 3
      vertex 14.6954 50.2739 3
      vertex 13.6345 54.0227 3
    endloop
  endfacet
  facet normal 0 0 1
    outer loop
      vertex 14.6954 50.2739 3
      vertex 12.1566 52.2219 3
      vertex 13.4604 48.5505 3
    endloop
  endfacet
  facet normal -0 0 1
    outer loop
      vertex 10.7997 50.3283 3
      vertex 13.4604 48.5505 3
      vertex 12.1566 52.2219 3
    endloop
  endfacet
  facet normal 0 0 1
    outer loop
      vertex 13.4604 48.5505 3
      vertex 10.7997 50.3283 3
      vertex 12.3408 46.75 3
    endloop
  endfacet
  facet normal -0 0 1
    outer loop
      vertex 9.5695 48.35 3
      vertex 12.3408 46.75 3
      vertex 10.7997 50.3283 3
    endloop
  endfacet
  facet normal 0 0 1
    outer loop
      vertex 12.3408 46.75 3
      vertex 9.5695 48.35 3
      vertex 11.3413 44.8802 3
    endloop
  endfacet
  facet normal -0 0 1
    outer loop
      vertex 8.47133 46.2955 3
      vertex 11.3413 44.8802 3
      vertex 9.5695 48.35 3
    endloop
  endfacet
  facet normal 0 0 1
    outer loop
      vertex 11.3413 44.8802 3
      vertex 8.47133 46.2955 3
      vertex 10.4663 42.9489 3
    endloop
  endfacet
  facet normal -0 0 1
    outer loop
      vertex 7.50989 44.1735 3
      vertex 10.4663 42.9489 3
      vertex 8.47133 46.2955 3
    endloop
  endfacet
  facet normal 0 0 1
    outer loop
      vertex 10.4663 42.9489 3
      vertex 7.50989 44.1735 3
      vertex 9.71946 40.9646 3
    endloop
  endfacet
  facet normal -0 0 1
    outer loop
      vertex 6.68929 41.9932 3
      vertex 9.71946 40.9646 3
      vertex 7.50989 44.1735 3
    endloop
  endfacet
  facet normal 0 0 1
    outer loop
      vertex 9.71946 40.9646 3
      vertex 6.68929 41.9932 3
      vertex 9.104 38.9357 3
    endloop
  endfacet
  facet normal -0 0 1
    outer loop
      vertex 6.01304 39.764 3
      vertex 9.104 38.9357 3
      vertex 6.68929 41.9932 3
    endloop
  endfacet
  facet normal 0 0 1
    outer loop
      vertex 9.104 38.9357 3
      vertex 6.01304 39.764 3
      vertex 8.62256 36.8709 3
    endloop
  endfacet
  facet normal -0 0 1
    outer loop
      vertex 5.48404 37.4952 3
      vertex 8.62256 36.8709 3
      vertex 6.01304 39.764 3
    endloop
  endfacet
  facet normal 0 0 1
    outer loop
      vertex 75.316 23.6048 3
      vertex 72.1774 24.2291 3
      vertex 74.787 21.336 3
    endloop
  endfacet
  facet normal -0 0 1
    outer loop
      vertex 71.696 22.1643 3
      vertex 74.787 21.336 3
      vertex 72.1774 24.2291 3
    endloop
  endfacet
  facet normal 0 0 1
    outer loop
      vertex 74.787 21.336 3
      vertex 71.696 22.1643 3
      vertex 74.1107 19.1068 3
    endloop
  endfacet
  facet normal -0 0 1
    outer loop
      vertex 71.0805 20.1354 3
      vertex 74.1107 19.1068 3
      vertex 71.696 22.1643 3
    endloop
  endfacet
  facet normal 0 0 1
    outer loop
      vertex 74.1107 19.1068 3
      vertex 71.0805 20.1354 3
      vertex 73.2901 16.9265 3
    endloop
  endfacet
  facet normal -0 0 1
    outer loop
      vertex 70.3337 18.1511 3
      vertex 73.2901 16.9265 3
      vertex 71.0805 20.1354 3
    endloop
  endfacet
  facet normal 0 0 1
    outer loop
      vertex 73.2901 16.9265 3
      vertex 70.3337 18.1511 3
      vertex 72.3287 14.8045 3
    endloop
  endfacet
  facet normal -0 0 1
    outer loop
      vertex 69.4587 16.2198 3
      vertex 72.3287 14.8045 3
      vertex 70.3337 18.1511 3
    endloop
  endfacet
  facet normal 0 0 1
    outer loop
      vertex 72.3287 14.8045 3
      vertex 69.4587 16.2198 3
      vertex 71.2305 12.75 3
    endloop
  endfacet
  facet normal -0 0 1
    outer loop
      vertex 68.4592 14.35 3
      vertex 71.2305 12.75 3
      vertex 69.4587 16.2198 3
    endloop
  endfacet
  facet normal 0 0 1
    outer loop
      vertex 71.2305 12.75 3
      vertex 68.4592 14.35 3
      vertex 70.0003 10.7717 3
    endloop
  endfacet
  facet normal -0 0 1
    outer loop
      vertex 67.3396 12.5495 3
      vertex 70.0003 10.7717 3
      vertex 68.4592 14.35 3
    endloop
  endfacet
  facet normal 0 0 1
    outer loop
      vertex 70.0003 10.7717 3
      vertex 67.3396 12.5495 3
      vertex 68.6434 8.87809 3
    endloop
  endfacet
  facet normal -0 0 1
    outer loop
      vertex 66.1046 10.8261 3
      vertex 68.6434 8.87809 3
      vertex 67.3396 12.5495 3
    endloop
  endfacet
  facet normal 0 0 1
    outer loop
      vertex 68.6434 8.87809 3
      vertex 66.1046 10.8261 3
      vertex 67.1655 7.07729 3
    endloop
  endfacet
  facet normal -0 0 1
    outer loop
      vertex 64.7596 9.1872 3
      vertex 67.1655 7.07729 3
      vertex 66.1046 10.8261 3
    endloop
  endfacet
  facet normal 0 0 1
    outer loop
      vertex 67.1655 7.07729 3
      vertex 64.7596 9.1872 3
      vertex 65.573 5.377 3
    endloop
  endfacet
  facet normal -0 0 1
    outer loop
      vertex 63.3103 7.63974 3
      vertex 65.573 5.377 3
      vertex 64.7596 9.1872 3
    endloop
  endfacet
  facet normal 0 0 1
    outer loop
      vertex 65.573 5.377 3
      vertex 63.3103 7.63974 3
      vertex 63.8727 3.7845 3
    endloop
  endfacet
  facet normal -0 0 1
    outer loop
      vertex 61.7628 6.19039 3
      vertex 63.8727 3.7845 3
      vertex 63.3103 7.63974 3
    endloop
  endfacet
  facet normal 0 0 1
    outer loop
      vertex 63.8727 3.7845 3
      vertex 61.7628 6.19039 3
      vertex 62.0719 2.30662 3
    endloop
  endfacet
  facet normal -0 0 1
    outer loop
      vertex 60.1239 4.84535 3
      vertex 62.0719 2.30662 3
      vertex 61.7628 6.19039 3
    endloop
  endfacet
  facet normal 0 0 1
    outer loop
      vertex 62.0719 2.30662 3
      vertex 60.1239 4.84535 3
      vertex 60.1783 0.949682 3
    endloop
  endfacet
  facet normal -0 0 1
    outer loop
      vertex 58.4005 3.61038 3
      vertex 60.1783 0.949682 3
      vertex 60.1239 4.84535 3
    endloop
  endfacet
  facet normal 0 0 1
    outer loop
      vertex 58.4005 3.61038 3
      vertex 58.2 -0.280503 3
      vertex 60.1783 0.949682 3
    endloop
  endfacet
  facet normal -0 0 1
    outer loop
      vertex 56.6 2.49078 3
      vertex 58.2 -0.280503 3
      vertex 58.4005 3.61038 3
    endloop
  endfacet
  facet normal 0 0 1
    outer loop
      vertex 56.6 2.49078 3
      vertex 56.1455 -1.37867 3
      vertex 58.2 -0.280503 3
    endloop
  endfacet
  facet normal -0 0 1
    outer loop
      vertex 54.7302 1.49132 3
      vertex 56.1455 -1.37867 3
      vertex 56.6 2.49078 3
    endloop
  endfacet
  facet normal 0 0 1
    outer loop
      vertex 54.7302 1.49132 3
      vertex 54.0235 -2.34011 3
      vertex 56.1455 -1.37867 3
    endloop
  endfacet
  facet normal -0 0 1
    outer loop
      vertex 52.7989 0.616303 3
      vertex 54.0235 -2.34011 3
      vertex 54.7302 1.49132 3
    endloop
  endfacet
  facet normal 0 0 1
    outer loop
      vertex 52.7989 0.616303 3
      vertex 51.8432 -3.16071 3
      vertex 54.0235 -2.34011 3
    endloop
  endfacet
  facet normal -0 0 1
    outer loop
      vertex 50.8146 -0.130535 3
      vertex 51.8432 -3.16071 3
      vertex 52.7989 0.616303 3
    endloop
  endfacet
  facet normal 0 0 1
    outer loop
      vertex 50.8146 -0.130535 3
      vertex 49.614 -3.83696 3
      vertex 51.8432 -3.16071 3
    endloop
  endfacet
  facet normal -0 0 1
    outer loop
      vertex 48.7857 -0.745997 3
      vertex 49.614 -3.83696 3
      vertex 50.8146 -0.130535 3
    endloop
  endfacet
  facet normal 0 0 1
    outer loop
      vertex 48.7857 -0.745997 3
      vertex 47.3452 -4.36596 3
      vertex 49.614 -3.83696 3
    endloop
  endfacet
  facet normal -0 0 1
    outer loop
      vertex 46.7209 -1.22744 3
      vertex 47.3452 -4.36596 3
      vertex 48.7857 -0.745997 3
    endloop
  endfacet
  facet normal 0 0 1
    outer loop
      vertex 46.7209 -1.22744 3
      vertex 45.0467 -4.74544 3
      vertex 47.3452 -4.36596 3
    endloop
  endfacet
  facet normal -0 0 1
    outer loop
      vertex 44.629 -1.57281 3
      vertex 45.0467 -4.74544 3
      vertex 46.7209 -1.22744 3
    endloop
  endfacet
  facet normal 0 0 1
    outer loop
      vertex 44.629 -1.57281 3
      vertex 42.7284 -4.97378 3
      vertex 45.0467 -4.74544 3
    endloop
  endfacet
  facet normal -0 0 1
    outer loop
      vertex 42.5191 -1.78063 3
      vertex 42.7284 -4.97378 3
      vertex 44.629 -1.57281 3
    endloop
  endfacet
  facet normal -0 0 1
    outer loop
      vertex 40.4 -1.85 3
      vertex 42.7284 -4.97378 3
      vertex 42.5191 -1.78063 3
    endloop
  endfacet
  facet normal 0 0 1
    outer loop
      vertex 40.4 -1.85 3
      vertex 40.4 -5.05 3
      vertex 42.7284 -4.97378 3
    endloop
  endfacet
  facet normal 0 0 1
    outer loop
      vertex 38.2809 -1.78063 3
      vertex 40.4 -5.05 3
      vertex 40.4 -1.85 3
    endloop
  endfacet
  facet normal 0 0 1
    outer loop
      vertex 38.2809 -1.78063 3
      vertex 38.0716 -4.97378 3
      vertex 40.4 -5.05 3
    endloop
  endfacet
  facet normal 0 0 1
    outer loop
      vertex 36.171 -1.57281 3
      vertex 38.0716 -4.97378 3
      vertex 38.2809 -1.78063 3
    endloop
  endfacet
  facet normal 0 0 1
    outer loop
      vertex 36.171 -1.57281 3
      vertex 35.7533 -4.74544 3
      vertex 38.0716 -4.97378 3
    endloop
  endfacet
  facet normal 0 0 1
    outer loop
      vertex 34.0791 -1.22744 3
      vertex 35.7533 -4.74544 3
      vertex 36.171 -1.57281 3
    endloop
  endfacet
  facet normal 0 0 1
    outer loop
      vertex 34.0791 -1.22744 3
      vertex 33.4548 -4.36596 3
      vertex 35.7533 -4.74544 3
    endloop
  endfacet
  facet normal 0 0 1
    outer loop
      vertex 32.0143 -0.745997 3
      vertex 33.4548 -4.36596 3
      vertex 34.0791 -1.22744 3
    endloop
  endfacet
  facet normal 0 0 1
    outer loop
      vertex 32.0143 -0.745997 3
      vertex 31.186 -3.83696 3
      vertex 33.4548 -4.36596 3
    endloop
  endfacet
  facet normal 0 0 1
    outer loop
      vertex 29.9854 -0.130535 3
      vertex 31.186 -3.83696 3
      vertex 32.0143 -0.745997 3
    endloop
  endfacet
  facet normal 0 0 1
    outer loop
      vertex 29.9854 -0.130535 3
      vertex 28.9568 -3.16071 3
      vertex 31.186 -3.83696 3
    endloop
  endfacet
  facet normal 0 0 1
    outer loop
      vertex 28.0011 0.616303 3
      vertex 28.9568 -3.16071 3
      vertex 29.9854 -0.130535 3
    endloop
  endfacet
  facet normal 0 0 1
    outer loop
      vertex 28.0011 0.616303 3
      vertex 26.7765 -2.34011 3
      vertex 28.9568 -3.16071 3
    endloop
  endfacet
  facet normal 0 0 1
    outer loop
      vertex 26.0698 1.49132 3
      vertex 26.7765 -2.34011 3
      vertex 28.0011 0.616303 3
    endloop
  endfacet
  facet normal 0 0 1
    outer loop
      vertex 26.0698 1.49132 3
      vertex 24.6545 -1.37867 3
      vertex 26.7765 -2.34011 3
    endloop
  endfacet
  facet normal 0 0 1
    outer loop
      vertex 24.2 2.49078 3
      vertex 24.6545 -1.37867 3
      vertex 26.0698 1.49132 3
    endloop
  endfacet
  facet normal 0 0 1
    outer loop
      vertex 24.2 2.49078 3
      vertex 22.6 -0.280503 3
      vertex 24.6545 -1.37867 3
    endloop
  endfacet
  facet normal 0 0 1
    outer loop
      vertex 22.3995 3.61038 3
      vertex 22.6 -0.280503 3
      vertex 24.2 2.49078 3
    endloop
  endfacet
  facet normal 0 0 1
    outer loop
      vertex 20.6217 0.949682 3
      vertex 22.3995 3.61038 3
      vertex 20.6761 4.84535 3
    endloop
  endfacet
  facet normal 0 0 1
    outer loop
      vertex 22.3995 3.61038 3
      vertex 20.6217 0.949682 3
      vertex 22.6 -0.280503 3
    endloop
  endfacet
  facet normal 0 0 1
    outer loop
      vertex 18.7281 2.30662 3
      vertex 20.6761 4.84535 3
      vertex 19.0372 6.19039 3
    endloop
  endfacet
  facet normal 0 0 1
    outer loop
      vertex 20.6761 4.84535 3
      vertex 18.7281 2.30662 3
      vertex 20.6217 0.949682 3
    endloop
  endfacet
  facet normal 0 0 1
    outer loop
      vertex 16.9273 3.7845 3
      vertex 19.0372 6.19039 3
      vertex 17.4897 7.63974 3
    endloop
  endfacet
  facet normal 0 0 1
    outer loop
      vertex 19.0372 6.19039 3
      vertex 16.9273 3.7845 3
      vertex 18.7281 2.30662 3
    endloop
  endfacet
  facet normal 0 0 1
    outer loop
      vertex 15.227 5.377 3
      vertex 17.4897 7.63974 3
      vertex 16.0404 9.1872 3
    endloop
  endfacet
  facet normal 0 0 1
    outer loop
      vertex 17.4897 7.63974 3
      vertex 15.227 5.377 3
      vertex 16.9273 3.7845 3
    endloop
  endfacet
  facet normal 0 0 1
    outer loop
      vertex 13.6345 7.07729 3
      vertex 16.0404 9.1872 3
      vertex 14.6954 10.8261 3
    endloop
  endfacet
  facet normal 0 0 1
    outer loop
      vertex 16.0404 9.1872 3
      vertex 13.6345 7.07729 3
      vertex 15.227 5.377 3
    endloop
  endfacet
  facet normal 0 0 1
    outer loop
      vertex 12.1566 8.87809 3
      vertex 14.6954 10.8261 3
      vertex 13.4604 12.5495 3
    endloop
  endfacet
  facet normal 0 0 1
    outer loop
      vertex 10.7997 10.7717 3
      vertex 13.4604 12.5495 3
      vertex 12.3408 14.35 3
    endloop
  endfacet
  facet normal 0 0 1
    outer loop
      vertex 14.6954 10.8261 3
      vertex 12.1566 8.87809 3
      vertex 13.6345 7.07729 3
    endloop
  endfacet
  facet normal 0 0 1
    outer loop
      vertex 9.5695 12.75 3
      vertex 12.3408 14.35 3
      vertex 11.3413 16.2198 3
    endloop
  endfacet
  facet normal 0 0 1
    outer loop
      vertex 13.4604 12.5495 3
      vertex 10.7997 10.7717 3
      vertex 12.1566 8.87809 3
    endloop
  endfacet
  facet normal 0 0 1
    outer loop
      vertex 8.47133 14.8045 3
      vertex 11.3413 16.2198 3
      vertex 10.4663 18.1511 3
    endloop
  endfacet
  facet normal 0 0 1
    outer loop
      vertex 7.50989 16.9265 3
      vertex 10.4663 18.1511 3
      vertex 9.71946 20.1354 3
    endloop
  endfacet
  facet normal 0 0 1
    outer loop
      vertex 12.3408 14.35 3
      vertex 9.5695 12.75 3
      vertex 10.7997 10.7717 3
    endloop
  endfacet
  facet normal 0 0 1
    outer loop
      vertex 6.68929 19.1068 3
      vertex 9.71946 20.1354 3
      vertex 9.104 22.1643 3
    endloop
  endfacet
  facet normal 0 0 1
    outer loop
      vertex 6.01304 21.336 3
      vertex 9.104 22.1643 3
      vertex 8.62256 24.2291 3
    endloop
  endfacet
  facet normal 0 0 1
    outer loop
      vertex 11.3413 16.2198 3
      vertex 8.47133 14.8045 3
      vertex 9.5695 12.75 3
    endloop
  endfacet
  facet normal 0 0 1
    outer loop
      vertex 5.48404 23.6048 3
      vertex 8.62256 24.2291 3
      vertex 8.27719 26.321 3
    endloop
  endfacet
  facet normal 0 0 1
    outer loop
      vertex 5.10456 25.9033 3
      vertex 8.27719 26.321 3
      vertex 8.06937 28.4309 3
    endloop
  endfacet
  facet normal 0 0 1
    outer loop
      vertex 4.87622 28.2216 3
      vertex 8.06937 28.4309 3
      vertex 8 30.55 3
    endloop
  endfacet
  facet normal 0 0 1
    outer loop
      vertex 8.62256 36.8709 3
      vertex 5.48404 37.4952 3
      vertex 8.27719 34.779 3
    endloop
  endfacet
  facet normal 0 0 1
    outer loop
      vertex 10.4663 18.1511 3
      vertex 7.50989 16.9265 3
      vertex 8.47133 14.8045 3
    endloop
  endfacet
  facet normal -0 0 1
    outer loop
      vertex 5.10456 35.1967 3
      vertex 8.27719 34.779 3
      vertex 5.48404 37.4952 3
    endloop
  endfacet
  facet normal 0 0 1
    outer loop
      vertex 9.71946 20.1354 3
      vertex 6.68929 19.1068 3
      vertex 7.50989 16.9265 3
    endloop
  endfacet
  facet normal 0 0 1
    outer loop
      vertex 8.27719 34.779 3
      vertex 5.10456 35.1967 3
      vertex 8.06937 32.6691 3
    endloop
  endfacet
  facet normal 0 0 1
    outer loop
      vertex 9.104 22.1643 3
      vertex 6.01304 21.336 3
      vertex 6.68929 19.1068 3
    endloop
  endfacet
  facet normal -0 0 1
    outer loop
      vertex 4.87622 32.8783 3
      vertex 8.06937 32.6691 3
      vertex 5.10456 35.1967 3
    endloop
  endfacet
  facet normal 0 0 1
    outer loop
      vertex 8.62256 24.2291 3
      vertex 5.48404 23.6048 3
      vertex 6.01304 21.336 3
    endloop
  endfacet
  facet normal 0 0 1
    outer loop
      vertex 8.06937 32.6691 3
      vertex 4.87622 32.8783 3
      vertex 8 30.55 3
    endloop
  endfacet
  facet normal 0 0 1
    outer loop
      vertex 8.27719 26.321 3
      vertex 5.10456 25.9033 3
      vertex 5.48404 23.6048 3
    endloop
  endfacet
  facet normal 0 0 1
    outer loop
      vertex 4.8 30.55 3
      vertex 8 30.55 3
      vertex 4.87622 32.8783 3
    endloop
  endfacet
  facet normal 0 0 1
    outer loop
      vertex 8.06937 28.4309 3
      vertex 4.87622 28.2216 3
      vertex 5.10456 25.9033 3
    endloop
  endfacet
  facet normal 0 0 1
    outer loop
      vertex 8 30.55 3
      vertex 4.8 30.55 3
      vertex 4.87622 28.2216 3
    endloop
  endfacet
  facet normal 0.812855 0.582466 0
    outer loop
      vertex 12.1566 8.87809 6
      vertex 10.7997 10.7717 3
      vertex 10.7997 10.7717 6
    endloop
  endfacet
  facet normal 0.812855 0.582466 0
    outer loop
      vertex 10.7997 10.7717 3
      vertex 12.1566 8.87809 6
      vertex 12.1566 8.87809 3
    endloop
  endfacet
  facet normal -0.881913 -0.471412 0
    outer loop
      vertex 72.3287 46.2955 3
      vertex 71.2305 48.35 6
      vertex 71.2305 48.35 3
    endloop
  endfacet
  facet normal -0.881913 -0.471412 0
    outer loop
      vertex 71.2305 48.35 6
      vertex 72.3287 46.2955 3
      vertex 72.3287 46.2955 6
    endloop
  endfacet
  facet normal -0.849199 -0.528072 0
    outer loop
      vertex 71.2305 48.35 3
      vertex 70.0003 50.3283 6
      vertex 70.0003 50.3283 3
    endloop
  endfacet
  facet normal -0.849199 -0.528072 0
    outer loop
      vertex 70.0003 50.3283 6
      vertex 71.2305 48.35 3
      vertex 71.2305 48.35 6
    endloop
  endfacet
  facet normal -0.729865 -0.683591 0
    outer loop
      vertex 67.1655 54.0227 3
      vertex 65.573 55.723 6
      vertex 65.573 55.723 3
    endloop
  endfacet
  facet normal -0.729865 -0.683591 0
    outer loop
      vertex 65.573 55.723 6
      vertex 67.1655 54.0227 3
      vertex 67.1655 54.0227 6
    endloop
  endfacet
  facet normal -0.773006 -0.634399 0
    outer loop
      vertex 68.6434 52.2219 3
      vertex 67.1655 54.0227 6
      vertex 67.1655 54.0227 3
    endloop
  endfacet
  facet normal -0.773006 -0.634399 0
    outer loop
      vertex 67.1655 54.0227 6
      vertex 68.6434 52.2219 3
      vertex 68.6434 52.2219 6
    endloop
  endfacet
  facet normal -0.683591 -0.729865 0
    outer loop
      vertex 63.8727 57.3155 3
      vertex 65.573 55.723 6
      vertex 63.8727 57.3155 6
    endloop
  endfacet
  facet normal -0.683591 -0.729865 -0
    outer loop
      vertex 65.573 55.723 6
      vertex 63.8727 57.3155 3
      vertex 65.573 55.723 3
    endloop
  endfacet
  facet normal -0.0327088 -0.999465 0
    outer loop
      vertex 40.4 66.15 3
      vertex 42.7284 66.0738 6
      vertex 40.4 66.15 6
    endloop
  endfacet
  facet normal -0.0327088 -0.999465 -0
    outer loop
      vertex 42.7284 66.0738 6
      vertex 40.4 66.15 3
      vertex 42.7284 66.0738 3
    endloop
  endfacet
  facet normal -0.634399 -0.773006 0
    outer loop
      vertex 62.0719 58.7934 3
      vertex 63.8727 57.3155 6
      vertex 62.0719 58.7934 6
    endloop
  endfacet
  facet normal -0.634399 -0.773006 -0
    outer loop
      vertex 63.8727 57.3155 6
      vertex 62.0719 58.7934 3
      vertex 63.8727 57.3155 3
    endloop
  endfacet
  facet normal -0.471412 -0.881913 0
    outer loop
      vertex 56.1455 62.4787 3
      vertex 58.2 61.3805 6
      vertex 56.1455 62.4787 6
    endloop
  endfacet
  facet normal -0.471412 -0.881913 -0
    outer loop
      vertex 58.2 61.3805 6
      vertex 56.1455 62.4787 3
      vertex 58.2 61.3805 3
    endloop
  endfacet
  facet normal -0.16286 -0.986649 0
    outer loop
      vertex 45.0467 65.8454 3
      vertex 47.3452 65.466 6
      vertex 45.0467 65.8454 6
    endloop
  endfacet
  facet normal -0.16286 -0.986649 -0
    outer loop
      vertex 47.3452 65.466 6
      vertex 45.0467 65.8454 3
      vertex 47.3452 65.466 3
    endloop
  endfacet
  facet normal -0.290316 -0.956931 0
    outer loop
      vertex 49.614 64.937 3
      vertex 51.8432 64.2607 6
      vertex 49.614 64.937 6
    endloop
  endfacet
  facet normal -0.290316 -0.956931 -0
    outer loop
      vertex 51.8432 64.2607 6
      vertex 49.614 64.937 3
      vertex 51.8432 64.2607 3
    endloop
  endfacet
  facet normal 0.999465 -0.0327188 0
    outer loop
      vertex 4.8 30.55 6
      vertex 4.87622 32.8783 3
      vertex 4.87622 32.8783 6
    endloop
  endfacet
  facet normal 0.999465 -0.0327188 0
    outer loop
      vertex 4.87622 32.8783 3
      vertex 4.8 30.55 6
      vertex 4.8 30.55 3
    endloop
  endfacet
  facet normal 0.986644 -0.162894 0
    outer loop
      vertex 5.10456 35.1967 6
      vertex 5.48404 37.4952 3
      vertex 5.48404 37.4952 6
    endloop
  endfacet
  facet normal 0.986644 -0.162894 0
    outer loop
      vertex 5.48404 37.4952 3
      vertex 5.10456 35.1967 6
      vertex 5.10456 35.1967 3
    endloop
  endfacet
  facet normal 0.956937 -0.290296 0
    outer loop
      vertex 6.01304 39.764 6
      vertex 6.68929 41.9932 3
      vertex 6.68929 41.9932 6
    endloop
  endfacet
  facet normal 0.956937 -0.290296 0
    outer loop
      vertex 6.68929 41.9932 3
      vertex 6.01304 39.764 6
      vertex 6.01304 39.764 3
    endloop
  endfacet
  facet normal 0.849199 -0.528072 0
    outer loop
      vertex 9.5695 48.35 6
      vertex 10.7997 50.3283 3
      vertex 10.7997 50.3283 6
    endloop
  endfacet
  facet normal 0.849199 -0.528072 0
    outer loop
      vertex 10.7997 50.3283 3
      vertex 9.5695 48.35 6
      vertex 9.5695 48.35 3
    endloop
  endfacet
  facet normal 0.729865 -0.683591 0
    outer loop
      vertex 13.6345 54.0227 6
      vertex 15.227 55.723 3
      vertex 15.227 55.723 6
    endloop
  endfacet
  facet normal 0.729865 -0.683591 0
    outer loop
      vertex 15.227 55.723 3
      vertex 13.6345 54.0227 6
      vertex 13.6345 54.0227 3
    endloop
  endfacet
  facet normal 0.227072 -0.973878 0
    outer loop
      vertex 31.186 64.937 3
      vertex 33.4548 65.466 6
      vertex 31.186 64.937 6
    endloop
  endfacet
  facet normal 0.227072 -0.973878 0
    outer loop
      vertex 33.4548 65.466 6
      vertex 31.186 64.937 3
      vertex 33.4548 65.466 3
    endloop
  endfacet
  facet normal 0.0327088 -0.999465 0
    outer loop
      vertex 38.0716 66.0738 3
      vertex 40.4 66.15 6
      vertex 38.0716 66.0738 6
    endloop
  endfacet
  facet normal 0.0327088 -0.999465 0
    outer loop
      vertex 40.4 66.15 6
      vertex 38.0716 66.0738 3
      vertex 40.4 66.15 3
    endloop
  endfacet
  facet normal 0.471412 -0.881913 0
    outer loop
      vertex 22.6 61.3805 3
      vertex 24.6545 62.4787 6
      vertex 22.6 61.3805 6
    endloop
  endfacet
  facet normal 0.471412 -0.881913 0
    outer loop
      vertex 24.6545 62.4787 6
      vertex 22.6 61.3805 3
      vertex 24.6545 62.4787 3
    endloop
  endfacet
  facet normal 0.528072 -0.849199 0
    outer loop
      vertex 20.6217 60.1503 3
      vertex 22.6 61.3805 6
      vertex 20.6217 60.1503 6
    endloop
  endfacet
  facet normal 0.528072 -0.849199 0
    outer loop
      vertex 22.6 61.3805 6
      vertex 20.6217 60.1503 3
      vertex 22.6 61.3805 3
    endloop
  endfacet
  facet normal 0.683591 -0.729865 0
    outer loop
      vertex 15.227 55.723 3
      vertex 16.9273 57.3155 6
      vertex 15.227 55.723 6
    endloop
  endfacet
  facet normal 0.683591 -0.729865 0
    outer loop
      vertex 16.9273 57.3155 6
      vertex 15.227 55.723 3
      vertex 16.9273 57.3155 3
    endloop
  endfacet
  facet normal 0.634399 -0.773006 0
    outer loop
      vertex 16.9273 57.3155 3
      vertex 18.7281 58.7934 6
      vertex 16.9273 57.3155 6
    endloop
  endfacet
  facet normal 0.634399 -0.773006 0
    outer loop
      vertex 18.7281 58.7934 6
      vertex 16.9273 57.3155 3
      vertex 18.7281 58.7934 3
    endloop
  endfacet
  facet normal -0.995182 0.0980458 0
    outer loop
      vertex 75.6954 25.9033 3
      vertex 75.9238 28.2216 6
      vertex 75.9238 28.2216 3
    endloop
  endfacet
  facet normal -0.995182 0.0980458 0
    outer loop
      vertex 75.9238 28.2216 6
      vertex 75.6954 25.9033 3
      vertex 75.6954 25.9033 6
    endloop
  endfacet
  facet normal -0.0327174 0.999465 0
    outer loop
      vertex 42.7284 -4.97378 3
      vertex 40.4 -5.05 6
      vertex 42.7284 -4.97378 6
    endloop
  endfacet
  facet normal -0.0327174 0.999465 0
    outer loop
      vertex 40.4 -5.05 6
      vertex 42.7284 -4.97378 3
      vertex 40.4 -5.05 3
    endloop
  endfacet
  facet normal -0.973878 0.227072 0
    outer loop
      vertex 74.787 21.336 3
      vertex 75.316 23.6048 6
      vertex 75.316 23.6048 3
    endloop
  endfacet
  facet normal -0.973878 0.227072 0
    outer loop
      vertex 75.316 23.6048 6
      vertex 74.787 21.336 3
      vertex 74.787 21.336 6
    endloop
  endfacet
  facet normal -0.999465 0.0327088 0
    outer loop
      vertex 75.9238 28.2216 3
      vertex 76 30.55 6
      vertex 76 30.55 3
    endloop
  endfacet
  facet normal -0.999465 0.0327088 0
    outer loop
      vertex 76 30.55 6
      vertex 75.9238 28.2216 3
      vertex 75.9238 28.2216 6
    endloop
  endfacet
  facet normal -0.956931 0.290316 0
    outer loop
      vertex 74.1107 19.1068 3
      vertex 74.787 21.336 6
      vertex 74.787 21.336 3
    endloop
  endfacet
  facet normal -0.956931 0.290316 0
    outer loop
      vertex 74.787 21.336 6
      vertex 74.1107 19.1068 3
      vertex 74.1107 19.1068 6
    endloop
  endfacet
  facet normal -0.935907 0.352247 0
    outer loop
      vertex 73.2901 16.9265 3
      vertex 74.1107 19.1068 6
      vertex 74.1107 19.1068 3
    endloop
  endfacet
  facet normal -0.935907 0.352247 0
    outer loop
      vertex 74.1107 19.1068 6
      vertex 73.2901 16.9265 3
      vertex 73.2901 16.9265 6
    endloop
  endfacet
  facet normal -0.729863 0.683593 0
    outer loop
      vertex 65.573 5.377 3
      vertex 67.1655 7.07729 6
      vertex 67.1655 7.07729 3
    endloop
  endfacet
  facet normal -0.729863 0.683593 0
    outer loop
      vertex 67.1655 7.07729 6
      vertex 65.573 5.377 3
      vertex 65.573 5.377 6
    endloop
  endfacet
  facet normal -0.0980203 0.995184 0
    outer loop
      vertex 45.0467 -4.74544 3
      vertex 42.7284 -4.97378 6
      vertex 45.0467 -4.74544 6
    endloop
  endfacet
  facet normal -0.0980203 0.995184 0
    outer loop
      vertex 42.7284 -4.97378 6
      vertex 45.0467 -4.74544 3
      vertex 42.7284 -4.97378 3
    endloop
  endfacet
  facet normal -0.352247 0.935907 0
    outer loop
      vertex 54.0235 -2.34011 3
      vertex 51.8432 -3.16071 6
      vertex 54.0235 -2.34011 6
    endloop
  endfacet
  facet normal -0.352247 0.935907 0
    outer loop
      vertex 51.8432 -3.16071 6
      vertex 54.0235 -2.34011 3
      vertex 51.8432 -3.16071 3
    endloop
  endfacet
  facet normal -0.683591 0.729865 0
    outer loop
      vertex 65.573 5.377 3
      vertex 63.8727 3.7845 6
      vertex 65.573 5.377 6
    endloop
  endfacet
  facet normal -0.683591 0.729865 0
    outer loop
      vertex 63.8727 3.7845 6
      vertex 65.573 5.377 3
      vertex 63.8727 3.7845 3
    endloop
  endfacet
  facet normal -0.471401 0.881919 0
    outer loop
      vertex 58.2 -0.280503 3
      vertex 56.1455 -1.37867 6
      vertex 58.2 -0.280503 6
    endloop
  endfacet
  facet normal -0.471401 0.881919 0
    outer loop
      vertex 56.1455 -1.37867 6
      vertex 58.2 -0.280503 3
      vertex 56.1455 -1.37867 3
    endloop
  endfacet
  facet normal 0.0327174 0.999465 -0
    outer loop
      vertex 40.4 -5.05 3
      vertex 38.0716 -4.97378 6
      vertex 40.4 -5.05 6
    endloop
  endfacet
  facet normal 0.0327174 0.999465 0
    outer loop
      vertex 38.0716 -4.97378 6
      vertex 40.4 -5.05 3
      vertex 38.0716 -4.97378 3
    endloop
  endfacet
  facet normal 0.290296 0.956937 -0
    outer loop
      vertex 31.186 -3.83696 3
      vertex 28.9568 -3.16071 6
      vertex 31.186 -3.83696 6
    endloop
  endfacet
  facet normal 0.290296 0.956937 0
    outer loop
      vertex 28.9568 -3.16071 6
      vertex 31.186 -3.83696 3
      vertex 28.9568 -3.16071 3
    endloop
  endfacet
  facet normal 0.528068 0.849202 -0
    outer loop
      vertex 22.6 -0.280503 3
      vertex 20.6217 0.949682 6
      vertex 22.6 -0.280503 6
    endloop
  endfacet
  facet normal 0.528068 0.849202 0
    outer loop
      vertex 20.6217 0.949682 6
      vertex 22.6 -0.280503 3
      vertex 20.6217 0.949682 3
    endloop
  endfacet
  facet normal 0.582479 0.812846 -0
    outer loop
      vertex 20.6217 0.949682 3
      vertex 18.7281 2.30662 6
      vertex 20.6217 0.949682 6
    endloop
  endfacet
  facet normal 0.582479 0.812846 0
    outer loop
      vertex 18.7281 2.30662 6
      vertex 20.6217 0.949682 3
      vertex 18.7281 2.30662 3
    endloop
  endfacet
  facet normal 0.683591 0.729865 -0
    outer loop
      vertex 16.9273 3.7845 3
      vertex 15.227 5.377 6
      vertex 16.9273 3.7845 6
    endloop
  endfacet
  facet normal 0.683591 0.729865 0
    outer loop
      vertex 15.227 5.377 6
      vertex 16.9273 3.7845 3
      vertex 15.227 5.377 3
    endloop
  endfacet
  facet normal 0.986644 0.162894 0
    outer loop
      vertex 5.48404 23.6048 6
      vertex 5.10456 25.9033 3
      vertex 5.10456 25.9033 6
    endloop
  endfacet
  facet normal 0.986644 0.162894 0
    outer loop
      vertex 5.10456 25.9033 3
      vertex 5.48404 23.6048 6
      vertex 5.48404 23.6048 3
    endloop
  endfacet
  facet normal 0.999465 0.0327174 0
    outer loop
      vertex 4.87622 28.2216 6
      vertex 4.8 30.55 3
      vertex 4.8 30.55 6
    endloop
  endfacet
  facet normal 0.999465 0.0327174 0
    outer loop
      vertex 4.8 30.55 3
      vertex 4.87622 28.2216 6
      vertex 4.87622 28.2216 3
    endloop
  endfacet
  facet normal 0.935907 0.352247 0
    outer loop
      vertex 7.50989 16.9265 6
      vertex 6.68929 19.1068 3
      vertex 6.68929 19.1068 6
    endloop
  endfacet
  facet normal 0.935907 0.352247 0
    outer loop
      vertex 6.68929 19.1068 3
      vertex 7.50989 16.9265 6
      vertex 7.50989 16.9265 3
    endloop
  endfacet
  facet normal 0.973878 0.227072 0
    outer loop
      vertex 6.01304 21.336 6
      vertex 5.48404 23.6048 3
      vertex 5.48404 23.6048 6
    endloop
  endfacet
  facet normal 0.973878 0.227072 0
    outer loop
      vertex 5.48404 23.6048 3
      vertex 6.01304 21.336 6
      vertex 6.01304 21.336 3
    endloop
  endfacet
  facet normal 0.729863 0.683593 0
    outer loop
      vertex 15.227 5.377 6
      vertex 13.6345 7.07729 3
      vertex 13.6345 7.07729 6
    endloop
  endfacet
  facet normal 0.729863 0.683593 0
    outer loop
      vertex 13.6345 7.07729 3
      vertex 15.227 5.377 6
      vertex 15.227 5.377 3
    endloop
  endfacet
  facet normal 0.881918 0.471402 0
    outer loop
      vertex 9.5695 12.75 6
      vertex 8.47133 14.8045 3
      vertex 8.47133 14.8045 6
    endloop
  endfacet
  facet normal 0.881918 0.471402 0
    outer loop
      vertex 8.47133 14.8045 3
      vertex 9.5695 12.75 6
      vertex 9.5695 12.75 3
    endloop
  endfacet
  facet normal 0.773006 0.634399 0
    outer loop
      vertex 13.6345 7.07729 6
      vertex 12.1566 8.87809 3
      vertex 12.1566 8.87809 6
    endloop
  endfacet
  facet normal 0.773006 0.634399 0
    outer loop
      vertex 12.1566 8.87809 3
      vertex 13.6345 7.07729 6
      vertex 13.6345 7.07729 3
    endloop
  endfacet
  facet normal -0.973878 -0.227072 0
    outer loop
      vertex 75.316 37.4952 3
      vertex 74.787 39.764 6
      vertex 74.787 39.764 3
    endloop
  endfacet
  facet normal -0.973878 -0.227072 0
    outer loop
      vertex 74.787 39.764 6
      vertex 75.316 37.4952 3
      vertex 75.316 37.4952 6
    endloop
  endfacet
  facet normal -0.986649 -0.16286 0
    outer loop
      vertex 75.6954 35.1967 3
      vertex 75.316 37.4952 6
      vertex 75.316 37.4952 3
    endloop
  endfacet
  facet normal -0.986649 -0.16286 0
    outer loop
      vertex 75.316 37.4952 6
      vertex 75.6954 35.1967 3
      vertex 75.6954 35.1967 6
    endloop
  endfacet
  facet normal -0.849199 0.528072 0
    outer loop
      vertex 70.0003 10.7717 3
      vertex 71.2305 12.75 6
      vertex 71.2305 12.75 3
    endloop
  endfacet
  facet normal -0.849199 0.528072 0
    outer loop
      vertex 71.2305 12.75 6
      vertex 70.0003 10.7717 3
      vertex 70.0003 10.7717 6
    endloop
  endfacet
  facet normal -0.910874 0.412684 0
    outer loop
      vertex 72.3287 14.8045 3
      vertex 73.2901 16.9265 6
      vertex 73.2901 16.9265 3
    endloop
  endfacet
  facet normal -0.910874 0.412684 0
    outer loop
      vertex 73.2901 16.9265 6
      vertex 72.3287 14.8045 3
      vertex 72.3287 14.8045 6
    endloop
  endfacet
  facet normal -0.290296 0.956937 0
    outer loop
      vertex 51.8432 -3.16071 3
      vertex 49.614 -3.83696 6
      vertex 51.8432 -3.16071 6
    endloop
  endfacet
  facet normal -0.290296 0.956937 0
    outer loop
      vertex 49.614 -3.83696 6
      vertex 51.8432 -3.16071 3
      vertex 49.614 -3.83696 3
    endloop
  endfacet
  facet normal -0.528068 0.849202 0
    outer loop
      vertex 60.1783 0.949682 3
      vertex 58.2 -0.280503 6
      vertex 60.1783 0.949682 6
    endloop
  endfacet
  facet normal -0.528068 0.849202 0
    outer loop
      vertex 58.2 -0.280503 6
      vertex 60.1783 0.949682 3
      vertex 58.2 -0.280503 3
    endloop
  endfacet
  facet normal 0.471401 0.881919 -0
    outer loop
      vertex 24.6545 -1.37867 3
      vertex 22.6 -0.280503 6
      vertex 24.6545 -1.37867 6
    endloop
  endfacet
  facet normal 0.471401 0.881919 0
    outer loop
      vertex 22.6 -0.280503 6
      vertex 24.6545 -1.37867 3
      vertex 22.6 -0.280503 3
    endloop
  endfacet
  facet normal 0.634394 0.77301 -0
    outer loop
      vertex 18.7281 2.30662 3
      vertex 16.9273 3.7845 6
      vertex 18.7281 2.30662 6
    endloop
  endfacet
  facet normal 0.634394 0.77301 0
    outer loop
      vertex 16.9273 3.7845 6
      vertex 18.7281 2.30662 3
      vertex 16.9273 3.7845 3
    endloop
  endfacet
  facet normal 0.956937 0.290296 0
    outer loop
      vertex 6.68929 19.1068 6
      vertex 6.01304 21.336 3
      vertex 6.01304 21.336 6
    endloop
  endfacet
  facet normal 0.956937 0.290296 0
    outer loop
      vertex 6.01304 21.336 3
      vertex 6.68929 19.1068 6
      vertex 6.68929 19.1068 3
    endloop
  endfacet
  facet normal 0.849199 0.528072 0
    outer loop
      vertex 10.7997 10.7717 6
      vertex 9.5695 12.75 3
      vertex 9.5695 12.75 6
    endloop
  endfacet
  facet normal 0.849199 0.528072 0
    outer loop
      vertex 9.5695 12.75 3
      vertex 10.7997 10.7717 6
      vertex 10.7997 10.7717 3
    endloop
  endfacet
  facet normal -0.986649 0.16286 0
    outer loop
      vertex 75.316 23.6048 3
      vertex 75.6954 25.9033 6
      vertex 75.6954 25.9033 3
    endloop
  endfacet
  facet normal -0.986649 0.16286 0
    outer loop
      vertex 75.6954 25.9033 6
      vertex 75.316 23.6048 3
      vertex 75.316 23.6048 6
    endloop
  endfacet
  facet normal -0.812855 0.582466 0
    outer loop
      vertex 68.6434 8.87809 3
      vertex 70.0003 10.7717 6
      vertex 70.0003 10.7717 3
    endloop
  endfacet
  facet normal -0.812855 0.582466 0
    outer loop
      vertex 70.0003 10.7717 6
      vertex 68.6434 8.87809 3
      vertex 68.6434 8.87809 6
    endloop
  endfacet
  facet normal -0.773006 0.634399 0
    outer loop
      vertex 67.1655 7.07729 3
      vertex 68.6434 8.87809 6
      vertex 68.6434 8.87809 3
    endloop
  endfacet
  facet normal -0.773006 0.634399 0
    outer loop
      vertex 68.6434 8.87809 6
      vertex 67.1655 7.07729 3
      vertex 67.1655 7.07729 6
    endloop
  endfacet
  facet normal -0.881913 0.471412 0
    outer loop
      vertex 71.2305 12.75 3
      vertex 72.3287 14.8045 6
      vertex 72.3287 14.8045 3
    endloop
  endfacet
  facet normal -0.881913 0.471412 0
    outer loop
      vertex 72.3287 14.8045 6
      vertex 71.2305 12.75 3
      vertex 71.2305 12.75 6
    endloop
  endfacet
  facet normal 0.999464 0.0327322 0
    outer loop
      vertex 72.8 30.55 6
      vertex 72.7306 32.6691 3
      vertex 72.7306 32.6691 6
    endloop
  endfacet
  facet normal 0.999464 0.0327322 0
    outer loop
      vertex 72.7306 32.6691 3
      vertex 72.8 30.55 6
      vertex 72.8 30.55 3
    endloop
  endfacet
  facet normal -0.999465 0.0327181 0
    outer loop
      vertex 8 30.55 3
      vertex 8.06937 32.6691 6
      vertex 8.06937 32.6691 3
    endloop
  endfacet
  facet normal -0.999465 0.0327181 0
    outer loop
      vertex 8.06937 32.6691 6
      vertex 8 30.55 3
      vertex 8 30.55 6
    endloop
  endfacet
  facet normal 0.0327322 0.999464 -0
    outer loop
      vertex 42.5191 62.8806 3
      vertex 40.4 62.95 6
      vertex 42.5191 62.8806 6
    endloop
  endfacet
  facet normal 0.0327322 0.999464 0
    outer loop
      vertex 40.4 62.95 6
      vertex 42.5191 62.8806 3
      vertex 40.4 62.95 3
    endloop
  endfacet
  facet normal -0.0327181 -0.999465 0
    outer loop
      vertex 38.2809 -1.78063 3
      vertex 40.4 -1.85 6
      vertex 38.2809 -1.78063 6
    endloop
  endfacet
  facet normal -0.0327181 -0.999465 -0
    outer loop
      vertex 40.4 -1.85 6
      vertex 38.2809 -1.78063 3
      vertex 40.4 -1.85 3
    endloop
  endfacet
  facet normal 0.729886 0.683569 0
    outer loop
      vertex 64.7596 51.9128 6
      vertex 63.3103 53.4603 3
      vertex 63.3103 53.4603 6
    endloop
  endfacet
  facet normal 0.729886 0.683569 0
    outer loop
      vertex 63.3103 53.4603 3
      vertex 64.7596 51.9128 6
      vertex 64.7596 51.9128 3
    endloop
  endfacet
  facet normal -0.683569 0.729886 0
    outer loop
      vertex 19.0372 54.9096 3
      vertex 17.4897 53.4603 6
      vertex 19.0372 54.9096 6
    endloop
  endfacet
  facet normal -0.683569 0.729886 0
    outer loop
      vertex 17.4897 53.4603 6
      vertex 19.0372 54.9096 3
      vertex 17.4897 53.4603 3
    endloop
  endfacet
  facet normal -0.973877 -0.227075 0
    outer loop
      vertex 9.104 22.1643 3
      vertex 8.62256 24.2291 6
      vertex 8.62256 24.2291 3
    endloop
  endfacet
  facet normal -0.973877 -0.227075 0
    outer loop
      vertex 8.62256 24.2291 6
      vertex 9.104 22.1643 3
      vertex 9.104 22.1643 6
    endloop
  endfacet
  facet normal 0.910875 0.412683 0
    outer loop
      vertex 70.3337 42.9489 6
      vertex 69.4587 44.8802 3
      vertex 69.4587 44.8802 6
    endloop
  endfacet
  facet normal 0.910875 0.412683 0
    outer loop
      vertex 69.4587 44.8802 3
      vertex 70.3337 42.9489 6
      vertex 70.3337 42.9489 3
    endloop
  endfacet
  facet normal 0.412683 0.910875 -0
    outer loop
      vertex 54.7302 59.6087 3
      vertex 52.7989 60.4837 6
      vertex 54.7302 59.6087 6
    endloop
  endfacet
  facet normal 0.412683 0.910875 0
    outer loop
      vertex 52.7989 60.4837 6
      vertex 54.7302 59.6087 3
      vertex 52.7989 60.4837 3
    endloop
  endfacet
  facet normal -0.849207 0.52806 0
    outer loop
      vertex 12.3408 46.75 3
      vertex 13.4604 48.5505 6
      vertex 13.4604 48.5505 3
    endloop
  endfacet
  facet normal -0.849207 0.52806 0
    outer loop
      vertex 13.4604 48.5505 6
      vertex 12.3408 46.75 3
      vertex 12.3408 46.75 6
    endloop
  endfacet
  facet normal -0.81284 0.582487 0
    outer loop
      vertex 13.4604 48.5505 3
      vertex 14.6954 50.2739 6
      vertex 14.6954 50.2739 3
    endloop
  endfacet
  facet normal -0.81284 0.582487 0
    outer loop
      vertex 14.6954 50.2739 6
      vertex 13.4604 48.5505 3
      vertex 13.4604 48.5505 6
    endloop
  endfacet
  facet normal -0.162907 0.986641 0
    outer loop
      vertex 36.171 62.6728 3
      vertex 34.0791 62.3274 6
      vertex 36.171 62.6728 6
    endloop
  endfacet
  facet normal -0.162907 0.986641 0
    outer loop
      vertex 34.0791 62.3274 6
      vertex 36.171 62.6728 3
      vertex 34.0791 62.3274 3
    endloop
  endfacet
  facet normal 0.849207 -0.52806 0
    outer loop
      vertex 67.3396 12.5495 6
      vertex 68.4592 14.35 3
      vertex 68.4592 14.35 6
    endloop
  endfacet
  facet normal 0.849207 -0.52806 0
    outer loop
      vertex 68.4592 14.35 3
      vertex 67.3396 12.5495 6
      vertex 67.3396 12.5495 3
    endloop
  endfacet
  facet normal 0.227076 -0.973877 0
    outer loop
      vertex 46.7209 -1.22744 3
      vertex 48.7857 -0.745997 6
      vertex 46.7209 -1.22744 6
    endloop
  endfacet
  facet normal 0.227076 -0.973877 0
    outer loop
      vertex 48.7857 -0.745997 6
      vertex 46.7209 -1.22744 3
      vertex 48.7857 -0.745997 3
    endloop
  endfacet
  facet normal 0.634402 -0.773004 0
    outer loop
      vertex 60.1239 4.84535 3
      vertex 61.7628 6.19039 6
      vertex 60.1239 4.84535 6
    endloop
  endfacet
  facet normal 0.634402 -0.773004 0
    outer loop
      vertex 61.7628 6.19039 6
      vertex 60.1239 4.84535 3
      vertex 61.7628 6.19039 3
    endloop
  endfacet
  facet normal -0.35225 -0.935906 0
    outer loop
      vertex 28.0011 0.616303 3
      vertex 29.9854 -0.130535 6
      vertex 28.0011 0.616303 6
    endloop
  endfacet
  facet normal -0.35225 -0.935906 -0
    outer loop
      vertex 29.9854 -0.130535 6
      vertex 28.0011 0.616303 3
      vertex 29.9854 -0.130535 3
    endloop
  endfacet
  facet normal -0.773013 -0.63439 0
    outer loop
      vertex 16.0404 9.1872 3
      vertex 14.6954 10.8261 6
      vertex 14.6954 10.8261 3
    endloop
  endfacet
  facet normal -0.773013 -0.63439 0
    outer loop
      vertex 14.6954 10.8261 6
      vertex 16.0404 9.1872 3
      vertex 16.0404 9.1872 6
    endloop
  endfacet
  facet normal -0.81284 -0.582487 0
    outer loop
      vertex 14.6954 10.8261 3
      vertex 13.4604 12.5495 6
      vertex 13.4604 12.5495 3
    endloop
  endfacet
  facet normal -0.81284 -0.582487 0
    outer loop
      vertex 13.4604 12.5495 6
      vertex 14.6954 10.8261 3
      vertex 14.6954 10.8261 6
    endloop
  endfacet
  facet normal 0.995185 0.0980139 0
    outer loop
      vertex 72.7306 32.6691 6
      vertex 72.5228 34.779 3
      vertex 72.5228 34.779 6
    endloop
  endfacet
  facet normal 0.995185 0.0980139 0
    outer loop
      vertex 72.5228 34.779 3
      vertex 72.7306 32.6691 6
      vertex 72.7306 32.6691 3
    endloop
  endfacet
  facet normal 0.956935 0.290302 0
    outer loop
      vertex 71.696 38.9357 6
      vertex 71.0805 40.9646 3
      vertex 71.0805 40.9646 6
    endloop
  endfacet
  facet normal 0.956935 0.290302 0
    outer loop
      vertex 71.0805 40.9646 3
      vertex 71.696 38.9357 6
      vertex 71.696 38.9357 3
    endloop
  endfacet
  facet normal 0.81284 0.582487 0
    outer loop
      vertex 67.3396 48.5505 6
      vertex 66.1046 50.2739 3
      vertex 66.1046 50.2739 6
    endloop
  endfacet
  facet normal 0.81284 0.582487 0
    outer loop
      vertex 66.1046 50.2739 3
      vertex 67.3396 48.5505 6
      vertex 67.3396 48.5505 3
    endloop
  endfacet
  facet normal 0.773013 0.63439 0
    outer loop
      vertex 66.1046 50.2739 6
      vertex 64.7596 51.9128 3
      vertex 64.7596 51.9128 6
    endloop
  endfacet
  facet normal 0.773013 0.63439 0
    outer loop
      vertex 64.7596 51.9128 3
      vertex 66.1046 50.2739 6
      vertex 66.1046 50.2739 3
    endloop
  endfacet
  facet normal 0.227057 0.973882 -0
    outer loop
      vertex 48.7857 61.846 3
      vertex 46.7209 62.3274 6
      vertex 48.7857 61.846 6
    endloop
  endfacet
  facet normal 0.227057 0.973882 0
    outer loop
      vertex 46.7209 62.3274 6
      vertex 48.7857 61.846 3
      vertex 46.7209 62.3274 3
    endloop
  endfacet
  facet normal 0.162907 0.986641 -0
    outer loop
      vertex 46.7209 62.3274 3
      vertex 44.629 62.6728 6
      vertex 46.7209 62.3274 6
    endloop
  endfacet
  facet normal 0.162907 0.986641 0
    outer loop
      vertex 44.629 62.6728 6
      vertex 46.7209 62.3274 3
      vertex 44.629 62.6728 3
    endloop
  endfacet
  facet normal 0.582487 0.81284 -0
    outer loop
      vertex 60.1239 56.2546 3
      vertex 58.4005 57.4896 6
      vertex 60.1239 56.2546 6
    endloop
  endfacet
  facet normal 0.582487 0.81284 0
    outer loop
      vertex 58.4005 57.4896 6
      vertex 60.1239 56.2546 3
      vertex 58.4005 57.4896 3
    endloop
  endfacet
  facet normal 0.471423 0.881907 -0
    outer loop
      vertex 56.6 58.6092 3
      vertex 54.7302 59.6087 6
      vertex 56.6 58.6092 6
    endloop
  endfacet
  facet normal 0.471423 0.881907 0
    outer loop
      vertex 54.7302 59.6087 6
      vertex 56.6 58.6092 3
      vertex 54.7302 59.6087 3
    endloop
  endfacet
  facet normal -0.973877 0.227075 0
    outer loop
      vertex 8.62256 36.8709 3
      vertex 9.104 38.9357 6
      vertex 9.104 38.9357 3
    endloop
  endfacet
  facet normal -0.973877 0.227075 0
    outer loop
      vertex 9.104 38.9357 6
      vertex 8.62256 36.8709 3
      vertex 8.62256 36.8709 6
    endloop
  endfacet
  facet normal -0.910875 0.412683 0
    outer loop
      vertex 10.4663 42.9489 3
      vertex 11.3413 44.8802 6
      vertex 11.3413 44.8802 3
    endloop
  endfacet
  facet normal -0.910875 0.412683 0
    outer loop
      vertex 11.3413 44.8802 6
      vertex 10.4663 42.9489 3
      vertex 10.4663 42.9489 6
    endloop
  endfacet
  facet normal -0.986644 0.162894 0
    outer loop
      vertex 8.27719 34.779 3
      vertex 8.62256 36.8709 6
      vertex 8.62256 36.8709 3
    endloop
  endfacet
  facet normal -0.986644 0.162894 0
    outer loop
      vertex 8.62256 36.8709 6
      vertex 8.27719 34.779 3
      vertex 8.27719 34.779 6
    endloop
  endfacet
  facet normal -0.52806 0.849207 0
    outer loop
      vertex 24.2 58.6092 3
      vertex 22.3995 57.4896 6
      vertex 24.2 58.6092 6
    endloop
  endfacet
  facet normal -0.52806 0.849207 0
    outer loop
      vertex 22.3995 57.4896 6
      vertex 24.2 58.6092 3
      vertex 22.3995 57.4896 3
    endloop
  endfacet
  facet normal -0.412683 0.910875 0
    outer loop
      vertex 28.0011 60.4837 3
      vertex 26.0698 59.6087 6
      vertex 28.0011 60.4837 6
    endloop
  endfacet
  facet normal -0.412683 0.910875 0
    outer loop
      vertex 26.0698 59.6087 6
      vertex 28.0011 60.4837 3
      vertex 26.0698 59.6087 3
    endloop
  endfacet
  facet normal -0.582487 0.81284 0
    outer loop
      vertex 22.3995 57.4896 3
      vertex 20.6761 56.2546 6
      vertex 22.3995 57.4896 6
    endloop
  endfacet
  facet normal -0.582487 0.81284 0
    outer loop
      vertex 20.6761 56.2546 6
      vertex 22.3995 57.4896 3
      vertex 20.6761 56.2546 3
    endloop
  endfacet
  facet normal -0.227057 0.973882 0
    outer loop
      vertex 34.0791 62.3274 3
      vertex 32.0143 61.846 6
      vertex 34.0791 62.3274 6
    endloop
  endfacet
  facet normal -0.227057 0.973882 0
    outer loop
      vertex 32.0143 61.846 6
      vertex 34.0791 62.3274 3
      vertex 32.0143 61.846 3
    endloop
  endfacet
  facet normal -0.0980139 0.995185 0
    outer loop
      vertex 38.2809 62.8806 3
      vertex 36.171 62.6728 6
      vertex 38.2809 62.8806 6
    endloop
  endfacet
  facet normal -0.0980139 0.995185 0
    outer loop
      vertex 36.171 62.6728 6
      vertex 38.2809 62.8806 3
      vertex 36.171 62.6728 3
    endloop
  endfacet
  facet normal 0.41269 -0.910872 0
    outer loop
      vertex 52.7989 0.616303 3
      vertex 54.7302 1.49132 6
      vertex 52.7989 0.616303 6
    endloop
  endfacet
  facet normal 0.41269 -0.910872 0
    outer loop
      vertex 54.7302 1.49132 6
      vertex 52.7989 0.616303 3
      vertex 54.7302 1.49132 3
    endloop
  endfacet
  facet normal 0.582477 -0.812847 0
    outer loop
      vertex 58.4005 3.61038 3
      vertex 60.1239 4.84535 6
      vertex 58.4005 3.61038 6
    endloop
  endfacet
  facet normal 0.582477 -0.812847 0
    outer loop
      vertex 60.1239 4.84535 6
      vertex 58.4005 3.61038 3
      vertex 60.1239 4.84535 3
    endloop
  endfacet
  facet normal 0.81284 -0.582487 0
    outer loop
      vertex 66.1046 10.8261 6
      vertex 67.3396 12.5495 3
      vertex 67.3396 12.5495 6
    endloop
  endfacet
  facet normal 0.81284 -0.582487 0
    outer loop
      vertex 67.3396 12.5495 3
      vertex 66.1046 10.8261 6
      vertex 66.1046 10.8261 3
    endloop
  endfacet
  facet normal 0.973882 -0.227057 0
    outer loop
      vertex 71.696 22.1643 6
      vertex 72.1774 24.2291 3
      vertex 72.1774 24.2291 6
    endloop
  endfacet
  facet normal 0.973882 -0.227057 0
    outer loop
      vertex 72.1774 24.2291 3
      vertex 71.696 22.1643 6
      vertex 71.696 22.1643 3
    endloop
  endfacet
  facet normal 0.986641 -0.162907 0
    outer loop
      vertex 72.1774 24.2291 6
      vertex 72.5228 26.321 3
      vertex 72.5228 26.321 6
    endloop
  endfacet
  facet normal 0.986641 -0.162907 0
    outer loop
      vertex 72.5228 26.321 3
      vertex 72.1774 24.2291 6
      vertex 72.1774 24.2291 3
    endloop
  endfacet
  facet normal -0.582477 -0.812847 0
    outer loop
      vertex 20.6761 4.84535 3
      vertex 22.3995 3.61038 6
      vertex 20.6761 4.84535 6
    endloop
  endfacet
  facet normal -0.582477 -0.812847 -0
    outer loop
      vertex 22.3995 3.61038 6
      vertex 20.6761 4.84535 3
      vertex 22.3995 3.61038 3
    endloop
  endfacet
  facet normal -0.162894 -0.986644 0
    outer loop
      vertex 34.0791 -1.22744 3
      vertex 36.171 -1.57281 6
      vertex 34.0791 -1.22744 6
    endloop
  endfacet
  facet normal -0.162894 -0.986644 -0
    outer loop
      vertex 36.171 -1.57281 6
      vertex 34.0791 -1.22744 3
      vertex 36.171 -1.57281 3
    endloop
  endfacet
  facet normal -0.910875 -0.412683 0
    outer loop
      vertex 11.3413 16.2198 3
      vertex 10.4663 18.1511 6
      vertex 10.4663 18.1511 3
    endloop
  endfacet
  facet normal -0.910875 -0.412683 0
    outer loop
      vertex 10.4663 18.1511 6
      vertex 11.3413 16.2198 3
      vertex 11.3413 16.2198 6
    endloop
  endfacet
  facet normal -0.849207 -0.52806 0
    outer loop
      vertex 13.4604 12.5495 3
      vertex 12.3408 14.35 6
      vertex 12.3408 14.35 3
    endloop
  endfacet
  facet normal -0.849207 -0.52806 0
    outer loop
      vertex 12.3408 14.35 6
      vertex 13.4604 12.5495 3
      vertex 13.4604 12.5495 6
    endloop
  endfacet
  facet normal 0.973882 0.227057 0
    outer loop
      vertex 72.1774 36.8709 6
      vertex 71.696 38.9357 3
      vertex 71.696 38.9357 6
    endloop
  endfacet
  facet normal 0.973882 0.227057 0
    outer loop
      vertex 71.696 38.9357 3
      vertex 72.1774 36.8709 6
      vertex 72.1774 36.8709 3
    endloop
  endfacet
  facet normal 0.986641 0.162907 0
    outer loop
      vertex 72.5228 34.779 6
      vertex 72.1774 36.8709 3
      vertex 72.1774 36.8709 6
    endloop
  endfacet
  facet normal 0.986641 0.162907 0
    outer loop
      vertex 72.1774 36.8709 3
      vertex 72.5228 34.779 6
      vertex 72.5228 34.779 3
    endloop
  endfacet
  facet normal 0.935912 0.352234 0
    outer loop
      vertex 71.0805 40.9646 6
      vertex 70.3337 42.9489 3
      vertex 70.3337 42.9489 6
    endloop
  endfacet
  facet normal 0.935912 0.352234 0
    outer loop
      vertex 70.3337 42.9489 3
      vertex 71.0805 40.9646 6
      vertex 71.0805 40.9646 3
    endloop
  endfacet
  facet normal 0.849207 0.52806 0
    outer loop
      vertex 68.4592 46.75 6
      vertex 67.3396 48.5505 3
      vertex 67.3396 48.5505 6
    endloop
  endfacet
  facet normal 0.849207 0.52806 0
    outer loop
      vertex 67.3396 48.5505 3
      vertex 68.4592 46.75 6
      vertex 68.4592 46.75 3
    endloop
  endfacet
  facet normal 0.881907 0.471423 0
    outer loop
      vertex 69.4587 44.8802 6
      vertex 68.4592 46.75 3
      vertex 68.4592 46.75 6
    endloop
  endfacet
  facet normal 0.881907 0.471423 0
    outer loop
      vertex 68.4592 46.75 3
      vertex 69.4587 44.8802 6
      vertex 69.4587 44.8802 3
    endloop
  endfacet
  facet normal 0.290302 0.956935 -0
    outer loop
      vertex 50.8146 61.2305 3
      vertex 48.7857 61.846 6
      vertex 50.8146 61.2305 6
    endloop
  endfacet
  facet normal 0.290302 0.956935 0
    outer loop
      vertex 48.7857 61.846 6
      vertex 50.8146 61.2305 3
      vertex 48.7857 61.846 3
    endloop
  endfacet
  facet normal 0.0980139 0.995185 -0
    outer loop
      vertex 44.629 62.6728 3
      vertex 42.5191 62.8806 6
      vertex 44.629 62.6728 6
    endloop
  endfacet
  facet normal 0.0980139 0.995185 0
    outer loop
      vertex 42.5191 62.8806 6
      vertex 44.629 62.6728 3
      vertex 42.5191 62.8806 3
    endloop
  endfacet
  facet normal 0.52806 0.849207 -0
    outer loop
      vertex 58.4005 57.4896 3
      vertex 56.6 58.6092 6
      vertex 58.4005 57.4896 6
    endloop
  endfacet
  facet normal 0.52806 0.849207 0
    outer loop
      vertex 56.6 58.6092 6
      vertex 58.4005 57.4896 3
      vertex 56.6 58.6092 3
    endloop
  endfacet
  facet normal 0.63439 0.773013 -0
    outer loop
      vertex 61.7628 54.9096 3
      vertex 60.1239 56.2546 6
      vertex 61.7628 54.9096 6
    endloop
  endfacet
  facet normal 0.63439 0.773013 0
    outer loop
      vertex 60.1239 56.2546 6
      vertex 61.7628 54.9096 3
      vertex 60.1239 56.2546 3
    endloop
  endfacet
  facet normal 0.683569 0.729886 -0
    outer loop
      vertex 63.3103 53.4603 3
      vertex 61.7628 54.9096 6
      vertex 63.3103 53.4603 6
    endloop
  endfacet
  facet normal 0.683569 0.729886 0
    outer loop
      vertex 61.7628 54.9096 6
      vertex 63.3103 53.4603 3
      vertex 61.7628 54.9096 3
    endloop
  endfacet
  facet normal -0.773013 0.63439 0
    outer loop
      vertex 14.6954 50.2739 3
      vertex 16.0404 51.9128 6
      vertex 16.0404 51.9128 3
    endloop
  endfacet
  facet normal -0.773013 0.63439 0
    outer loop
      vertex 16.0404 51.9128 6
      vertex 14.6954 50.2739 3
      vertex 14.6954 50.2739 6
    endloop
  endfacet
  facet normal -0.881907 0.471423 0
    outer loop
      vertex 11.3413 44.8802 3
      vertex 12.3408 46.75 6
      vertex 12.3408 46.75 3
    endloop
  endfacet
  facet normal -0.881907 0.471423 0
    outer loop
      vertex 12.3408 46.75 6
      vertex 11.3413 44.8802 3
      vertex 11.3413 44.8802 6
    endloop
  endfacet
  facet normal -0.95694 0.290285 0
    outer loop
      vertex 9.104 38.9357 3
      vertex 9.71946 40.9646 6
      vertex 9.71946 40.9646 3
    endloop
  endfacet
  facet normal -0.95694 0.290285 0
    outer loop
      vertex 9.71946 40.9646 6
      vertex 9.104 38.9357 3
      vertex 9.104 38.9357 6
    endloop
  endfacet
  facet normal -0.995184 0.0980232 0
    outer loop
      vertex 8.06937 32.6691 3
      vertex 8.27719 34.779 6
      vertex 8.27719 34.779 3
    endloop
  endfacet
  facet normal -0.995184 0.0980232 0
    outer loop
      vertex 8.27719 34.779 6
      vertex 8.06937 32.6691 3
      vertex 8.06937 32.6691 6
    endloop
  endfacet
  facet normal -0.471423 0.881907 0
    outer loop
      vertex 26.0698 59.6087 3
      vertex 24.2 58.6092 6
      vertex 26.0698 59.6087 6
    endloop
  endfacet
  facet normal -0.471423 0.881907 0
    outer loop
      vertex 24.2 58.6092 6
      vertex 26.0698 59.6087 3
      vertex 24.2 58.6092 3
    endloop
  endfacet
  facet normal -0.352234 0.935912 0
    outer loop
      vertex 29.9854 61.2305 3
      vertex 28.0011 60.4837 6
      vertex 29.9854 61.2305 6
    endloop
  endfacet
  facet normal -0.352234 0.935912 0
    outer loop
      vertex 28.0011 60.4837 6
      vertex 29.9854 61.2305 3
      vertex 28.0011 60.4837 3
    endloop
  endfacet
  facet normal -0.0327322 0.999464 0
    outer loop
      vertex 40.4 62.95 3
      vertex 38.2809 62.8806 6
      vertex 40.4 62.95 6
    endloop
  endfacet
  facet normal -0.0327322 0.999464 0
    outer loop
      vertex 38.2809 62.8806 6
      vertex 40.4 62.95 3
      vertex 38.2809 62.8806 3
    endloop
  endfacet
  facet normal 0.999464 -0.0327322 0
    outer loop
      vertex 72.7306 28.4309 6
      vertex 72.8 30.55 3
      vertex 72.8 30.55 6
    endloop
  endfacet
  facet normal 0.999464 -0.0327322 0
    outer loop
      vertex 72.8 30.55 3
      vertex 72.7306 28.4309 6
      vertex 72.7306 28.4309 3
    endloop
  endfacet
  facet normal 0.0327181 -0.999465 0
    outer loop
      vertex 40.4 -1.85 3
      vertex 42.5191 -1.78063 6
      vertex 40.4 -1.85 6
    endloop
  endfacet
  facet normal 0.0327181 -0.999465 0
    outer loop
      vertex 42.5191 -1.78063 6
      vertex 40.4 -1.85 3
      vertex 42.5191 -1.78063 3
    endloop
  endfacet
  facet normal 0.162894 -0.986644 0
    outer loop
      vertex 44.629 -1.57281 3
      vertex 46.7209 -1.22744 6
      vertex 44.629 -1.57281 6
    endloop
  endfacet
  facet normal 0.162894 -0.986644 0
    outer loop
      vertex 46.7209 -1.22744 6
      vertex 44.629 -1.57281 3
      vertex 46.7209 -1.22744 3
    endloop
  endfacet
  facet normal 0.290286 -0.95694 0
    outer loop
      vertex 48.7857 -0.745997 3
      vertex 50.8146 -0.130535 6
      vertex 48.7857 -0.745997 6
    endloop
  endfacet
  facet normal 0.290286 -0.95694 0
    outer loop
      vertex 50.8146 -0.130535 6
      vertex 48.7857 -0.745997 3
      vertex 50.8146 -0.130535 3
    endloop
  endfacet
  facet normal 0.35225 -0.935906 0
    outer loop
      vertex 50.8146 -0.130535 3
      vertex 52.7989 0.616303 6
      vertex 50.8146 -0.130535 6
    endloop
  endfacet
  facet normal 0.35225 -0.935906 0
    outer loop
      vertex 52.7989 0.616303 6
      vertex 50.8146 -0.130535 3
      vertex 52.7989 0.616303 3
    endloop
  endfacet
  facet normal 0.683582 -0.729874 0
    outer loop
      vertex 61.7628 6.19039 3
      vertex 63.3103 7.63974 6
      vertex 61.7628 6.19039 6
    endloop
  endfacet
  facet normal 0.683582 -0.729874 0
    outer loop
      vertex 63.3103 7.63974 6
      vertex 61.7628 6.19039 3
      vertex 63.3103 7.63974 3
    endloop
  endfacet
  facet normal 0.471408 -0.881915 0
    outer loop
      vertex 54.7302 1.49132 3
      vertex 56.6 2.49078 6
      vertex 54.7302 1.49132 6
    endloop
  endfacet
  facet normal 0.471408 -0.881915 0
    outer loop
      vertex 56.6 2.49078 6
      vertex 54.7302 1.49132 3
      vertex 56.6 2.49078 3
    endloop
  endfacet
  facet normal 0.52806 -0.849207 0
    outer loop
      vertex 56.6 2.49078 3
      vertex 58.4005 3.61038 6
      vertex 56.6 2.49078 6
    endloop
  endfacet
  facet normal 0.52806 -0.849207 0
    outer loop
      vertex 58.4005 3.61038 6
      vertex 56.6 2.49078 3
      vertex 58.4005 3.61038 3
    endloop
  endfacet
  facet normal 0.729877 -0.683579 0
    outer loop
      vertex 63.3103 7.63974 6
      vertex 64.7596 9.1872 3
      vertex 64.7596 9.1872 6
    endloop
  endfacet
  facet normal 0.729877 -0.683579 0
    outer loop
      vertex 64.7596 9.1872 3
      vertex 63.3103 7.63974 6
      vertex 63.3103 7.63974 3
    endloop
  endfacet
  facet normal 0.773013 -0.63439 0
    outer loop
      vertex 64.7596 9.1872 6
      vertex 66.1046 10.8261 3
      vertex 66.1046 10.8261 6
    endloop
  endfacet
  facet normal 0.773013 -0.63439 0
    outer loop
      vertex 66.1046 10.8261 3
      vertex 64.7596 9.1872 6
      vertex 64.7596 9.1872 3
    endloop
  endfacet
  facet normal 0.910875 -0.412683 0
    outer loop
      vertex 69.4587 16.2198 6
      vertex 70.3337 18.1511 3
      vertex 70.3337 18.1511 6
    endloop
  endfacet
  facet normal 0.910875 -0.412683 0
    outer loop
      vertex 70.3337 18.1511 3
      vertex 69.4587 16.2198 6
      vertex 69.4587 16.2198 3
    endloop
  endfacet
  facet normal 0.935912 -0.352234 0
    outer loop
      vertex 70.3337 18.1511 6
      vertex 71.0805 20.1354 3
      vertex 71.0805 20.1354 6
    endloop
  endfacet
  facet normal 0.935912 -0.352234 0
    outer loop
      vertex 71.0805 20.1354 3
      vertex 70.3337 18.1511 6
      vertex 70.3337 18.1511 3
    endloop
  endfacet
  facet normal 0.956935 -0.290302 0
    outer loop
      vertex 71.0805 20.1354 6
      vertex 71.696 22.1643 3
      vertex 71.696 22.1643 6
    endloop
  endfacet
  facet normal 0.956935 -0.290302 0
    outer loop
      vertex 71.696 22.1643 3
      vertex 71.0805 20.1354 6
      vertex 71.0805 20.1354 3
    endloop
  endfacet
  facet normal 0.995185 -0.0980139 0
    outer loop
      vertex 72.5228 26.321 6
      vertex 72.7306 28.4309 3
      vertex 72.7306 28.4309 6
    endloop
  endfacet
  facet normal 0.995185 -0.0980139 0
    outer loop
      vertex 72.7306 28.4309 3
      vertex 72.5228 26.321 6
      vertex 72.5228 26.321 3
    endloop
  endfacet
  facet normal -0.683582 -0.729874 0
    outer loop
      vertex 17.4897 7.63974 3
      vertex 19.0372 6.19039 6
      vertex 17.4897 7.63974 6
    endloop
  endfacet
  facet normal -0.683582 -0.729874 -0
    outer loop
      vertex 19.0372 6.19039 6
      vertex 17.4897 7.63974 3
      vertex 19.0372 6.19039 3
    endloop
  endfacet
  facet normal -0.634402 -0.773004 0
    outer loop
      vertex 19.0372 6.19039 3
      vertex 20.6761 4.84535 6
      vertex 19.0372 6.19039 6
    endloop
  endfacet
  facet normal -0.634402 -0.773004 -0
    outer loop
      vertex 20.6761 4.84535 6
      vertex 19.0372 6.19039 3
      vertex 20.6761 4.84535 3
    endloop
  endfacet
  facet normal -0.41269 -0.910872 0
    outer loop
      vertex 26.0698 1.49132 3
      vertex 28.0011 0.616303 6
      vertex 26.0698 1.49132 6
    endloop
  endfacet
  facet normal -0.41269 -0.910872 -0
    outer loop
      vertex 28.0011 0.616303 6
      vertex 26.0698 1.49132 3
      vertex 28.0011 0.616303 3
    endloop
  endfacet
  facet normal -0.52806 -0.849207 0
    outer loop
      vertex 22.3995 3.61038 3
      vertex 24.2 2.49078 6
      vertex 22.3995 3.61038 6
    endloop
  endfacet
  facet normal -0.52806 -0.849207 -0
    outer loop
      vertex 24.2 2.49078 6
      vertex 22.3995 3.61038 3
      vertex 24.2 2.49078 3
    endloop
  endfacet
  facet normal -0.227076 -0.973877 0
    outer loop
      vertex 32.0143 -0.745997 3
      vertex 34.0791 -1.22744 6
      vertex 32.0143 -0.745997 6
    endloop
  endfacet
  facet normal -0.227076 -0.973877 -0
    outer loop
      vertex 34.0791 -1.22744 6
      vertex 32.0143 -0.745997 3
      vertex 34.0791 -1.22744 3
    endloop
  endfacet
  facet normal -0.0980232 -0.995184 0
    outer loop
      vertex 36.171 -1.57281 3
      vertex 38.2809 -1.78063 6
      vertex 36.171 -1.57281 6
    endloop
  endfacet
  facet normal -0.0980232 -0.995184 -0
    outer loop
      vertex 38.2809 -1.78063 6
      vertex 36.171 -1.57281 3
      vertex 38.2809 -1.78063 3
    endloop
  endfacet
  facet normal -0.729877 -0.683579 0
    outer loop
      vertex 17.4897 7.63974 3
      vertex 16.0404 9.1872 6
      vertex 16.0404 9.1872 3
    endloop
  endfacet
  facet normal -0.729877 -0.683579 0
    outer loop
      vertex 16.0404 9.1872 6
      vertex 17.4897 7.63974 3
      vertex 17.4897 7.63974 6
    endloop
  endfacet
  facet normal -0.881907 -0.471423 0
    outer loop
      vertex 12.3408 14.35 3
      vertex 11.3413 16.2198 6
      vertex 11.3413 16.2198 3
    endloop
  endfacet
  facet normal -0.881907 -0.471423 0
    outer loop
      vertex 11.3413 16.2198 6
      vertex 12.3408 14.35 3
      vertex 12.3408 14.35 6
    endloop
  endfacet
  facet normal -0.935906 -0.352251 0
    outer loop
      vertex 10.4663 18.1511 3
      vertex 9.71946 20.1354 6
      vertex 9.71946 20.1354 3
    endloop
  endfacet
  facet normal -0.935906 -0.352251 0
    outer loop
      vertex 9.71946 20.1354 6
      vertex 10.4663 18.1511 3
      vertex 10.4663 18.1511 6
    endloop
  endfacet
  facet normal -0.95694 -0.290285 0
    outer loop
      vertex 9.71946 20.1354 3
      vertex 9.104 22.1643 6
      vertex 9.104 22.1643 3
    endloop
  endfacet
  facet normal -0.95694 -0.290285 0
    outer loop
      vertex 9.104 22.1643 6
      vertex 9.71946 20.1354 3
      vertex 9.71946 20.1354 6
    endloop
  endfacet
  facet normal -0.986644 -0.162894 0
    outer loop
      vertex 8.62256 24.2291 3
      vertex 8.27719 26.321 6
      vertex 8.27719 26.321 3
    endloop
  endfacet
  facet normal -0.986644 -0.162894 0
    outer loop
      vertex 8.27719 26.321 6
      vertex 8.62256 24.2291 3
      vertex 8.62256 24.2291 6
    endloop
  endfacet
  facet normal -0.999465 -0.0327181 0
    outer loop
      vertex 8.06937 28.4309 3
      vertex 8 30.55 6
      vertex 8 30.55 3
    endloop
  endfacet
  facet normal -0.999465 -0.0327181 0
    outer loop
      vertex 8 30.55 6
      vertex 8.06937 28.4309 3
      vertex 8.06937 28.4309 6
    endloop
  endfacet
  facet normal 0.352234 0.935912 -0
    outer loop
      vertex 52.7989 60.4837 3
      vertex 50.8146 61.2305 6
      vertex 52.7989 60.4837 6
    endloop
  endfacet
  facet normal 0.352234 0.935912 0
    outer loop
      vertex 50.8146 61.2305 6
      vertex 52.7989 60.4837 3
      vertex 50.8146 61.2305 3
    endloop
  endfacet
  facet normal -0.729886 0.683569 0
    outer loop
      vertex 16.0404 51.9128 3
      vertex 17.4897 53.4603 6
      vertex 17.4897 53.4603 3
    endloop
  endfacet
  facet normal -0.729886 0.683569 0
    outer loop
      vertex 17.4897 53.4603 6
      vertex 16.0404 51.9128 3
      vertex 16.0404 51.9128 6
    endloop
  endfacet
  facet normal -0.935906 0.352251 0
    outer loop
      vertex 9.71946 40.9646 3
      vertex 10.4663 42.9489 6
      vertex 10.4663 42.9489 3
    endloop
  endfacet
  facet normal -0.935906 0.352251 0
    outer loop
      vertex 10.4663 42.9489 6
      vertex 9.71946 40.9646 3
      vertex 9.71946 40.9646 6
    endloop
  endfacet
  facet normal -0.63439 0.773013 0
    outer loop
      vertex 20.6761 56.2546 3
      vertex 19.0372 54.9096 6
      vertex 20.6761 56.2546 6
    endloop
  endfacet
  facet normal -0.63439 0.773013 0
    outer loop
      vertex 19.0372 54.9096 6
      vertex 20.6761 56.2546 3
      vertex 19.0372 54.9096 3
    endloop
  endfacet
  facet normal -0.290302 0.956935 0
    outer loop
      vertex 32.0143 61.846 3
      vertex 29.9854 61.2305 6
      vertex 32.0143 61.846 6
    endloop
  endfacet
  facet normal -0.290302 0.956935 0
    outer loop
      vertex 29.9854 61.2305 6
      vertex 32.0143 61.846 3
      vertex 29.9854 61.2305 3
    endloop
  endfacet
  facet normal 0.0980232 -0.995184 0
    outer loop
      vertex 42.5191 -1.78063 3
      vertex 44.629 -1.57281 6
      vertex 42.5191 -1.78063 6
    endloop
  endfacet
  facet normal 0.0980232 -0.995184 0
    outer loop
      vertex 44.629 -1.57281 6
      vertex 42.5191 -1.78063 3
      vertex 44.629 -1.57281 3
    endloop
  endfacet
  facet normal 0.881907 -0.471423 0
    outer loop
      vertex 68.4592 14.35 6
      vertex 69.4587 16.2198 3
      vertex 69.4587 16.2198 6
    endloop
  endfacet
  facet normal 0.881907 -0.471423 0
    outer loop
      vertex 69.4587 16.2198 3
      vertex 68.4592 14.35 6
      vertex 68.4592 14.35 3
    endloop
  endfacet
  facet normal -0.471408 -0.881915 0
    outer loop
      vertex 24.2 2.49078 3
      vertex 26.0698 1.49132 6
      vertex 24.2 2.49078 6
    endloop
  endfacet
  facet normal -0.471408 -0.881915 -0
    outer loop
      vertex 26.0698 1.49132 6
      vertex 24.2 2.49078 3
      vertex 26.0698 1.49132 3
    endloop
  endfacet
  facet normal -0.290286 -0.95694 0
    outer loop
      vertex 29.9854 -0.130535 3
      vertex 32.0143 -0.745997 6
      vertex 29.9854 -0.130535 6
    endloop
  endfacet
  facet normal -0.290286 -0.95694 -0
    outer loop
      vertex 32.0143 -0.745997 6
      vertex 29.9854 -0.130535 3
      vertex 32.0143 -0.745997 3
    endloop
  endfacet
  facet normal -0.995184 -0.0980232 0
    outer loop
      vertex 8.27719 26.321 3
      vertex 8.06937 28.4309 6
      vertex 8.06937 28.4309 3
    endloop
  endfacet
  facet normal -0.995184 -0.0980232 0
    outer loop
      vertex 8.06937 28.4309 6
      vertex 8.27719 26.321 3
      vertex 8.27719 26.321 6
    endloop
  endfacet
  facet normal -0.881925 -0.471391 -0
    outer loop
      vertex 3.34468 -2.69811 4.06842
      vertex 3.29224 -2.6 0
      vertex 3.34468 -2.69811 0
    endloop
  endfacet
  facet normal -0.881925 -0.471391 0
    outer loop
      vertex 3.29224 -2.6 0
      vertex 3.34468 -2.69811 4.06842
      vertex 3.29224 -2.6 4.07306
    endloop
  endfacet
  facet normal -0.352217 -0.935918 0
    outer loop
      vertex 2.47056 -1.8794 0
      vertex 2.36645 -1.84022 4.03983
      vertex 2.36645 -1.84022 0
    endloop
  endfacet
  facet normal -0.352217 -0.935918 0
    outer loop
      vertex 2.36645 -1.84022 4.03983
      vertex 2.47056 -1.8794 0
      vertex 2.47056 -1.8794 4.04879
    endloop
  endfacet
  facet normal 0.412766 -0.910837 0
    outer loop
      vertex 1.16944 -1.8794 0
      vertex 1.06811 -1.92532 3.86344
      vertex 1.06811 -1.92532 0
    endloop
  endfacet
  facet normal 0.412766 -0.910837 0
    outer loop
      vertex 1.06811 -1.92532 3.86344
      vertex 1.16944 -1.8794 0
      vertex 1.16944 -1.8794 3.88123
    endloop
  endfacet
  facet normal 0.935901 -0.352264 0
    outer loop
      vertex 0.210218 -2.90355 3.65689
      vertex 0.249404 -2.79944 0
      vertex 0.249404 -2.79944 3.67197
    endloop
  endfacet
  facet normal 0.935901 -0.352264 0
    outer loop
      vertex 0.249404 -2.79944 0
      vertex 0.210218 -2.90355 3.65689
      vertex 0.210218 -2.90355 0
    endloop
  endfacet
  facet normal -0.995186 0.0980003 0
    outer loop
      vertex 3.51636 -3.56118 0
      vertex 3.50926 -3.63328 3.98203
      vertex 3.51636 -3.56118 3.99139
    endloop
  endfacet
  facet normal -0.995188 0.0979817 0
    outer loop
      vertex 3.50546 -3.67189 3.97702
      vertex 3.51636 -3.56118 0
      vertex 3.50546 -3.67189 0
    endloop
  endfacet
  facet normal -0.995192 0.097947 -9.75125e-07
    outer loop
      vertex 3.51636 -3.56118 0
      vertex 3.50546 -3.67189 3.97702
      vertex 3.50926 -3.63328 3.98203
    endloop
  endfacet
  facet normal -0.0980106 -0.995185 -8.08911e-07
    outer loop
      vertex 2.04189 -1.76454 0
      vertex 1.97474 -1.75793 3.99946
      vertex 1.93118 -1.75364 3.9941
    endloop
  endfacet
  facet normal -0.0979817 -0.995188 0
    outer loop
      vertex 2.04189 -1.76454 0
      vertex 1.93118 -1.75364 3.9941
      vertex 1.93118 -1.75364 0
    endloop
  endfacet
  facet normal -0.0979629 -0.99519 0
    outer loop
      vertex 1.97474 -1.75793 3.99946
      vertex 2.04189 -1.76454 0
      vertex 2.04189 -1.76454 4.00715
    endloop
  endfacet
  facet normal -0.528034 -0.849223 0
    outer loop
      vertex 2.76447 -2.0365 0
      vertex 2.67 -1.97776 4.06357
      vertex 2.67 -1.97776 0
    endloop
  endfacet
  facet normal -0.528034 -0.849223 0
    outer loop
      vertex 2.67 -1.97776 4.06357
      vertex 2.76447 -2.0365 0
      vertex 2.76447 -2.0365 4.06933
    endloop
  endfacet
  facet normal 0.995185 -0.0980173 0
    outer loop
      vertex 0.123639 -3.33881 3.60409
      vertex 0.134543 -3.2281 0
      vertex 0.134543 -3.2281 3.61605
    endloop
  endfacet
  facet normal 0.995185 -0.0980173 0
    outer loop
      vertex 0.134543 -3.2281 0
      vertex 0.123639 -3.33881 3.60409
      vertex 0.123639 -3.33881 0
    endloop
  endfacet
  facet normal 0.772998 -0.634408 0
    outer loop
      vertex 0.471299 -2.4151 3.73786
      vertex 0.541872 -2.32911 0
      vertex 0.541872 -2.32911 3.75538
    endloop
  endfacet
  facet normal 0.772998 -0.634408 0
    outer loop
      vertex 0.541872 -2.32911 0
      vertex 0.471299 -2.4151 3.73786
      vertex 0.471299 -2.4151 0
    endloop
  endfacet
  facet normal 0.22715 -0.97386 0
    outer loop
      vertex 1.48835 -1.78266 0
      vertex 1.38001 -1.80793 3.91591
      vertex 1.38001 -1.80793 0
    endloop
  endfacet
  facet normal 0.22715 -0.97386 0
    outer loop
      vertex 1.38001 -1.80793 3.91591
      vertex 1.48835 -1.78266 0
      vertex 1.48835 -1.78266 3.93267
    endloop
  endfacet
  facet normal -0.471391 0.881925 0
    outer loop
      vertex 2.67 -4.92224 0
      vertex 2.57189 -4.97468 3.71816
      vertex 2.67 -4.92224 3.73532
    endloop
  endfacet
  facet normal -0.471391 0.881925 0
    outer loop
      vertex 2.57189 -4.97468 3.71816
      vertex 2.67 -4.92224 0
      vertex 2.57189 -4.97468 0
    endloop
  endfacet
  facet normal -0.935889 0.352295 0
    outer loop
      vertex 3.39059 -4.10056 3.91326
      vertex 3.42978 -3.99645 0
      vertex 3.39059 -4.10056 0
    endloop
  endfacet
  facet normal -0.935889 0.352295 0
    outer loop
      vertex 3.42978 -3.99645 0
      vertex 3.39059 -4.10056 3.91326
      vertex 3.42978 -3.99645 3.93
    endloop
  endfacet
  facet normal -0.995191 -0.0979559 0
    outer loop
      vertex 3.50546 -3.2281 0
      vertex 3.51392 -3.31405 4.0205
      vertex 3.50546 -3.2281 4.02897
    endloop
  endfacet
  facet normal -0.995188 -0.0979817 -0
    outer loop
      vertex 3.51636 -3.33881 4.01783
      vertex 3.50546 -3.2281 0
      vertex 3.51636 -3.33881 0
    endloop
  endfacet
  facet normal -0.995179 -0.0980707 -2.47755e-06
    outer loop
      vertex 3.50546 -3.2281 0
      vertex 3.51636 -3.33881 4.01783
      vertex 3.51392 -3.31405 4.0205
    endloop
  endfacet
  facet normal -0.812852 -0.58247 -0
    outer loop
      vertex 3.2335 -2.50553 4.07656
      vertex 3.1687 -2.4151 0
      vertex 3.2335 -2.50553 0
    endloop
  endfacet
  facet normal -0.812852 -0.58247 0
    outer loop
      vertex 3.1687 -2.4151 0
      vertex 3.2335 -2.50553 4.07656
      vertex 3.1687 -2.4151 4.07889
    endloop
  endfacet
  facet normal -0.683627 -0.729831 0
    outer loop
      vertex 3.02208 -2.24792 0
      vertex 2.94089 -2.17187 4.07747
      vertex 2.94089 -2.17187 0
    endloop
  endfacet
  facet normal -0.683627 -0.729831 0
    outer loop
      vertex 2.94089 -2.17187 4.07747
      vertex 3.02208 -2.24792 0
      vertex 3.02208 -2.24792 4.0798
    endloop
  endfacet
  facet normal 0.0327192 -0.999465 0
    outer loop
      vertex 1.82 -1.75 0
      vertex 1.70881 -1.75364 3.96464
      vertex 1.70881 -1.75364 0
    endloop
  endfacet
  facet normal 0.0327192 -0.999465 0
    outer loop
      vertex 1.70881 -1.75364 3.96464
      vertex 1.82 -1.75 0
      vertex 1.82 -1.75 3.97971
    endloop
  endfacet
  facet normal -0.290249 -0.956951 0
    outer loop
      vertex 2.36645 -1.84022 0
      vertex 2.25999 -1.80793 4.02987
      vertex 2.25999 -1.80793 0
    endloop
  endfacet
  facet normal -0.289563 -0.957159 1.98107e-05
    outer loop
      vertex 2.25999 -1.80793 4.02987
      vertex 2.36645 -1.84022 0
      vertex 2.2707 -1.81117 4.03087
    endloop
  endfacet
  facet normal -0.290326 -0.956928 0
    outer loop
      vertex 2.2707 -1.81117 4.03087
      vertex 2.36645 -1.84022 0
      vertex 2.36645 -1.84022 4.03983
    endloop
  endfacet
  facet normal -0.162883 -0.986645 0
    outer loop
      vertex 2.15165 -1.78266 0
      vertex 2.04189 -1.76454 4.00715
      vertex 2.04189 -1.76454 0
    endloop
  endfacet
  facet normal -0.162883 -0.986645 0
    outer loop
      vertex 2.04189 -1.76454 4.00715
      vertex 2.15165 -1.78266 0
      vertex 2.15165 -1.78266 4.01896
    endloop
  endfacet
  facet normal -0.582513 -0.812821 0
    outer loop
      vertex 2.85489 -2.1013 0
      vertex 2.76447 -2.0365 4.06933
      vertex 2.76447 -2.0365 0
    endloop
  endfacet
  facet normal -0.582513 -0.812821 0
    outer loop
      vertex 2.76447 -2.0365 4.06933
      vertex 2.85489 -2.1013 0
      vertex 2.85489 -2.1013 4.07397
    endloop
  endfacet
  facet normal 0.999465 0.0327132 0
    outer loop
      vertex 0.123639 -3.56118 3.58298
      vertex 0.12 -3.45 0
      vertex 0.12 -3.45 3.59305
    endloop
  endfacet
  facet normal 0.999465 0.0327132 0
    outer loop
      vertex 0.12 -3.45 0
      vertex 0.123639 -3.56118 3.58298
      vertex 0.123639 -3.56118 0
    endloop
  endfacet
  facet normal 0.986642 -0.162906 0
    outer loop
      vertex 0.134543 -3.2281 3.61605
      vertex 0.152664 -3.11835 0
      vertex 0.152664 -3.11835 3.62887
    endloop
  endfacet
  facet normal 0.986642 -0.162906 0
    outer loop
      vertex 0.152664 -3.11835 0
      vertex 0.134543 -3.2281 3.61605
      vertex 0.134543 -3.2281 0
    endloop
  endfacet
  facet normal 0.849203 -0.528066 0
    outer loop
      vertex 0.347756 -2.6 3.70394
      vertex 0.406501 -2.50553 0
      vertex 0.406501 -2.50553 3.72069
    endloop
  endfacet
  facet normal 0.849203 -0.528066 0
    outer loop
      vertex 0.406501 -2.50553 0
      vertex 0.347756 -2.6 3.70394
      vertex 0.347756 -2.6 0
    endloop
  endfacet
  facet normal 0.162883 -0.986645 0
    outer loop
      vertex 1.59811 -1.76454 0
      vertex 1.48835 -1.78266 3.93267
      vertex 1.48835 -1.78266 0
    endloop
  endfacet
  facet normal 0.162883 -0.986645 0
    outer loop
      vertex 1.48835 -1.78266 3.93267
      vertex 1.59811 -1.76454 0
      vertex 1.59811 -1.76454 3.94893
    endloop
  endfacet
  facet normal 0.582492 -0.812837 0
    outer loop
      vertex 0.87553 -2.0365 0
      vertex 0.785105 -2.1013 3.80924
      vertex 0.785105 -2.1013 0
    endloop
  endfacet
  facet normal 0.582492 -0.812837 0
    outer loop
      vertex 0.785105 -2.1013 3.80924
      vertex 0.87553 -2.0365 0
      vertex 0.87553 -2.0365 3.82737
    endloop
  endfacet
  facet normal 0.528038 -0.849221 0
    outer loop
      vertex 0.969999 -1.97776 0
      vertex 0.87553 -2.0365 3.82737
      vertex 0.87553 -2.0365 0
    endloop
  endfacet
  facet normal 0.528038 -0.849221 0
    outer loop
      vertex 0.87553 -2.0365 3.82737
      vertex 0.969999 -1.97776 0
      vertex 0.969999 -1.97776 3.84546
    endloop
  endfacet
  facet normal 0.729849 -0.683608 0
    outer loop
      vertex 0.541872 -2.32911 3.75538
      vertex 0.617918 -2.24792 0
      vertex 0.617918 -2.24792 3.77316
    endloop
  endfacet
  facet normal 0.729849 -0.683608 0
    outer loop
      vertex 0.617918 -2.24792 0
      vertex 0.541872 -2.32911 3.75538
      vertex 0.541872 -2.32911 0
    endloop
  endfacet
  facet normal -0.999465 -0.0327192 -0
    outer loop
      vertex 3.52 -3.45 4.00502
      vertex 3.51636 -3.33881 0
      vertex 3.52 -3.45 0
    endloop
  endfacet
  facet normal -0.999465 -0.0327192 0
    outer loop
      vertex 3.51636 -3.33881 0
      vertex 3.52 -3.45 4.00502
      vertex 3.51636 -3.33881 4.01783
    endloop
  endfacet
  facet normal -0.956951 0.290249 0
    outer loop
      vertex 3.42978 -3.99645 3.93
      vertex 3.46207 -3.88999 0
      vertex 3.42978 -3.99645 0
    endloop
  endfacet
  facet normal -0.956951 0.290249 0
    outer loop
      vertex 3.46207 -3.88999 0
      vertex 3.42978 -3.99645 3.93
      vertex 3.46207 -3.88999 3.94625
    endloop
  endfacet
  facet normal -0.0327222 0.999464 0
    outer loop
      vertex 1.93118 -5.14636 0
      vertex 1.82 -5.15 3.61359
      vertex 1.93118 -5.14636 3.6264
    endloop
  endfacet
  facet normal -0.0327222 0.999464 0
    outer loop
      vertex 1.82 -5.15 3.61359
      vertex 1.93118 -5.14636 0
      vertex 1.82 -5.15 0
    endloop
  endfacet
  facet normal -0.956951 -0.290249 -0
    outer loop
      vertex 3.46207 -3.01001 4.04788
      vertex 3.42978 -2.90355 0
      vertex 3.46207 -3.01001 0
    endloop
  endfacet
  facet normal -0.956951 -0.290249 0
    outer loop
      vertex 3.42978 -2.90355 0
      vertex 3.46207 -3.01001 4.04788
      vertex 3.42978 -2.90355 4.05581
    endloop
  endfacet
  facet normal -0.910871 -0.412692 -0
    outer loop
      vertex 3.39059 -2.79944 4.06266
      vertex 3.34468 -2.69811 0
      vertex 3.39059 -2.79944 0
    endloop
  endfacet
  facet normal -0.910871 -0.412692 0
    outer loop
      vertex 3.34468 -2.69811 0
      vertex 3.39059 -2.79944 4.06266
      vertex 3.34468 -2.69811 4.06842
    endloop
  endfacet
  facet normal -0.973814 -0.227345 0
    outer loop
      vertex 3.46207 -3.01001 0
      vertex 3.46828 -3.03661 4.04568
      vertex 3.46207 -3.01001 4.04788
    endloop
  endfacet
  facet normal -0.97388 -0.227065 -0
    outer loop
      vertex 3.48733 -3.11835 4.03893
      vertex 3.46207 -3.01001 0
      vertex 3.48733 -3.11835 0
    endloop
  endfacet
  facet normal -0.973901 -0.226974 2.57667e-06
    outer loop
      vertex 3.46207 -3.01001 0
      vertex 3.48733 -3.11835 4.03893
      vertex 3.46828 -3.03661 4.04568
    endloop
  endfacet
  facet normal -0.849223 -0.528034 -0
    outer loop
      vertex 3.29224 -2.6 4.07306
      vertex 3.2335 -2.50553 0
      vertex 3.29224 -2.6 0
    endloop
  endfacet
  facet normal -0.849223 -0.528034 0
    outer loop
      vertex 3.2335 -2.50553 0
      vertex 3.29224 -2.6 4.07306
      vertex 3.2335 -2.50553 4.07656
    endloop
  endfacet
  facet normal -0.773011 -0.634392 -0
    outer loop
      vertex 3.1687 -2.4151 4.07889
      vertex 3.09813 -2.32911 0
      vertex 3.1687 -2.4151 0
    endloop
  endfacet
  facet normal -0.773011 -0.634392 0
    outer loop
      vertex 3.09813 -2.32911 0
      vertex 3.1687 -2.4151 4.07889
      vertex 3.09813 -2.32911 4.08007
    endloop
  endfacet
  facet normal -0.729751 -0.683713 0
    outer loop
      vertex 3.02208 -2.24792 0
      vertex 3.03901 -2.26599 4.08007
      vertex 3.02208 -2.24792 4.0798
    endloop
  endfacet
  facet normal -0.729831 -0.683627 7.12072e-07
    outer loop
      vertex 3.09813 -2.32911 0
      vertex 3.03901 -2.26599 4.08007
      vertex 3.02208 -2.24792 0
    endloop
  endfacet
  facet normal -0.729854 -0.683603 0
    outer loop
      vertex 3.03901 -2.26599 4.08007
      vertex 3.09813 -2.32911 0
      vertex 3.09813 -2.32911 4.08007
    endloop
  endfacet
  facet normal -0.0327222 -0.999464 0
    outer loop
      vertex 1.93118 -1.75364 0
      vertex 1.82 -1.75 3.97971
      vertex 1.82 -1.75 0
    endloop
  endfacet
  facet normal -0.0327222 -0.999464 0
    outer loop
      vertex 1.82 -1.75 3.97971
      vertex 1.93118 -1.75364 0
      vertex 1.93118 -1.75364 3.9941
    endloop
  endfacet
  facet normal -0.22715 -0.97386 0
    outer loop
      vertex 2.25999 -1.80793 0
      vertex 2.15165 -1.78266 4.01896
      vertex 2.15165 -1.78266 0
    endloop
  endfacet
  facet normal -0.22715 -0.97386 0
    outer loop
      vertex 2.15165 -1.78266 4.01896
      vertex 2.25999 -1.80793 0
      vertex 2.25999 -1.80793 4.02987
    endloop
  endfacet
  facet normal -0.471391 -0.881925 0
    outer loop
      vertex 2.67 -1.97776 0
      vertex 2.57189 -1.92532 4.05671
      vertex 2.57189 -1.92532 0
    endloop
  endfacet
  facet normal -0.471391 -0.881925 0
    outer loop
      vertex 2.57189 -1.92532 4.05671
      vertex 2.67 -1.97776 0
      vertex 2.67 -1.97776 4.06357
    endloop
  endfacet
  facet normal -0.412766 -0.910837 0
    outer loop
      vertex 2.57189 -1.92532 0
      vertex 2.47056 -1.8794 4.04879
      vertex 2.47056 -1.8794 0
    endloop
  endfacet
  facet normal -0.412766 -0.910837 0
    outer loop
      vertex 2.47056 -1.8794 4.04879
      vertex 2.57189 -1.92532 0
      vertex 2.57189 -1.92532 4.05671
    endloop
  endfacet
  facet normal -0.634348 -0.773047 0
    outer loop
      vertex 2.94089 -2.17187 0
      vertex 2.85489 -2.1013 4.07397
      vertex 2.85489 -2.1013 0
    endloop
  endfacet
  facet normal -0.634348 -0.773047 0
    outer loop
      vertex 2.85489 -2.1013 4.07397
      vertex 2.94089 -2.17187 0
      vertex 2.94089 -2.17187 4.07747
    endloop
  endfacet
  facet normal 0.973876 -0.227082 0
    outer loop
      vertex 0.152664 -3.11835 3.62887
      vertex 0.177926 -3.01001 0
      vertex 0.177926 -3.01001 3.6425
    endloop
  endfacet
  facet normal 0.973876 -0.227082 0
    outer loop
      vertex 0.177926 -3.01001 0
      vertex 0.152664 -3.11835 3.62887
      vertex 0.152664 -3.11835 0
    endloop
  endfacet
  facet normal 0.956946 -0.290266 0
    outer loop
      vertex 0.177926 -3.01001 3.6425
      vertex 0.210218 -2.90355 0
      vertex 0.210218 -2.90355 3.65689
    endloop
  endfacet
  facet normal 0.956946 -0.290266 0
    outer loop
      vertex 0.210218 -2.90355 0
      vertex 0.177926 -3.01001 3.6425
      vertex 0.177926 -3.01001 0
    endloop
  endfacet
  facet normal 0.999468 -0.0326215 0
    outer loop
      vertex 0.123545 -3.34169 3.60381
      vertex 0.123639 -3.33881 0
      vertex 0.123639 -3.33881 3.60409
    endloop
  endfacet
  facet normal 0.999465 -0.0327126 -7.28681e-08
    outer loop
      vertex 0.12 -3.45 3.59305
      vertex 0.123639 -3.33881 0
      vertex 0.123545 -3.34169 3.60381
    endloop
  endfacet
  facet normal 0.999465 -0.0327102 0
    outer loop
      vertex 0.123639 -3.33881 0
      vertex 0.12 -3.45 3.59305
      vertex 0.12 -3.45 0
    endloop
  endfacet
  facet normal 0.910864 -0.412707 0
    outer loop
      vertex 0.249404 -2.79944 3.67197
      vertex 0.295316 -2.69811 0
      vertex 0.295316 -2.69811 3.68767
    endloop
  endfacet
  facet normal 0.910864 -0.412707 0
    outer loop
      vertex 0.295316 -2.69811 0
      vertex 0.249404 -2.79944 3.67197
      vertex 0.249404 -2.79944 0
    endloop
  endfacet
  facet normal 0.81286 -0.582459 0
    outer loop
      vertex 0.406501 -2.50553 3.72069
      vertex 0.471299 -2.4151 0
      vertex 0.471299 -2.4151 3.73786
    endloop
  endfacet
  facet normal 0.81286 -0.582459 0
    outer loop
      vertex 0.471299 -2.4151 0
      vertex 0.406501 -2.50553 3.72069
      vertex 0.406501 -2.50553 0
    endloop
  endfacet
  facet normal 0.352217 -0.935918 0
    outer loop
      vertex 1.27355 -1.84022 0
      vertex 1.16944 -1.8794 3.88123
      vertex 1.16944 -1.8794 0
    endloop
  endfacet
  facet normal 0.352217 -0.935918 0
    outer loop
      vertex 1.16944 -1.8794 3.88123
      vertex 1.27355 -1.84022 0
      vertex 1.27355 -1.84022 3.89874
    endloop
  endfacet
  facet normal 0.0981078 -0.995176 3.32221e-06
    outer loop
      vertex 1.70881 -1.75364 0
      vertex 1.61647 -1.76273 3.95154
      vertex 1.59811 -1.76454 3.94893
    endloop
  endfacet
  facet normal 0.0979904 -0.995187 0
    outer loop
      vertex 1.70881 -1.75364 0
      vertex 1.59811 -1.76454 3.94893
      vertex 1.59811 -1.76454 0
    endloop
  endfacet
  facet normal 0.097967 -0.99519 0
    outer loop
      vertex 1.61647 -1.76273 3.95154
      vertex 1.70881 -1.75364 0
      vertex 1.70881 -1.75364 3.96464
    endloop
  endfacet
  facet normal 0.471387 -0.881927 0
    outer loop
      vertex 1.06811 -1.92532 0
      vertex 0.969999 -1.97776 3.84546
      vertex 0.969999 -1.97776 0
    endloop
  endfacet
  facet normal 0.471387 -0.881927 0
    outer loop
      vertex 0.969999 -1.97776 3.84546
      vertex 1.06811 -1.92532 0
      vertex 1.06811 -1.92532 3.86344
    endloop
  endfacet
  facet normal 0.683609 -0.729848 0
    outer loop
      vertex 0.699112 -2.17187 0
      vertex 0.617918 -2.24792 3.77316
      vertex 0.617918 -2.24792 0
    endloop
  endfacet
  facet normal 0.683609 -0.729848 0
    outer loop
      vertex 0.617918 -2.24792 3.77316
      vertex 0.699112 -2.17187 0
      vertex 0.699112 -2.17187 3.79114
    endloop
  endfacet
  facet normal 0.634379 -0.773022 0
    outer loop
      vertex 0.785105 -2.1013 0
      vertex 0.699112 -2.17187 3.79114
      vertex 0.699112 -2.17187 0
    endloop
  endfacet
  facet normal 0.634379 -0.773022 0
    outer loop
      vertex 0.699112 -2.17187 3.79114
      vertex 0.785105 -2.1013 0
      vertex 0.785105 -2.1013 3.80924
    endloop
  endfacet
  facet normal -0.999464 0.0327222 0
    outer loop
      vertex 3.51636 -3.56118 3.99139
      vertex 3.52 -3.45 0
      vertex 3.51636 -3.56118 0
    endloop
  endfacet
  facet normal -0.999464 0.0327222 0
    outer loop
      vertex 3.52 -3.45 0
      vertex 3.51636 -3.56118 3.99139
      vertex 3.52 -3.45 4.00502
    endloop
  endfacet
  facet normal -0.986631 0.16297 0
    outer loop
      vertex 3.48733 -3.78165 3.96195
      vertex 3.50546 -3.67189 0
      vertex 3.48733 -3.78165 0
    endloop
  endfacet
  facet normal -0.986631 0.16297 0
    outer loop
      vertex 3.50546 -3.67189 0
      vertex 3.48733 -3.78165 3.96195
      vertex 3.50546 -3.67189 3.97702
    endloop
  endfacet
  facet normal -0.97388 0.227065 0
    outer loop
      vertex 3.46207 -3.88999 3.94625
      vertex 3.48733 -3.78165 0
      vertex 3.46207 -3.88999 0
    endloop
  endfacet
  facet normal -0.97388 0.227065 0
    outer loop
      vertex 3.48733 -3.78165 0
      vertex 3.46207 -3.88999 3.94625
      vertex 3.48733 -3.78165 3.96195
    endloop
  endfacet
  facet normal -0.729831 0.683627 0
    outer loop
      vertex 3.02208 -4.65208 3.80665
      vertex 3.09813 -4.57089 0
      vertex 3.02208 -4.65208 0
    endloop
  endfacet
  facet normal -0.729831 0.683627 0
    outer loop
      vertex 3.09813 -4.57089 0
      vertex 3.02208 -4.65208 3.80665
      vertex 3.09813 -4.57089 3.82477
    endloop
  endfacet
  facet normal -0.881925 0.471391 0
    outer loop
      vertex 3.29224 -4.3 3.87859
      vertex 3.34468 -4.20189 0
      vertex 3.29224 -4.3 0
    endloop
  endfacet
  facet normal -0.881925 0.471391 0
    outer loop
      vertex 3.34468 -4.20189 0
      vertex 3.29224 -4.3 3.87859
      vertex 3.34468 -4.20189 3.8961
    endloop
  endfacet
  facet normal -0.352295 0.935889 0
    outer loop
      vertex 2.47056 -5.02059 0
      vertex 2.36645 -5.05978 3.68516
      vertex 2.47056 -5.02059 3.70142
    endloop
  endfacet
  facet normal -0.352295 0.935889 0
    outer loop
      vertex 2.36645 -5.05978 3.68516
      vertex 2.47056 -5.02059 0
      vertex 2.36645 -5.05978 0
    endloop
  endfacet
  facet normal -0.412692 0.910871 0
    outer loop
      vertex 2.57189 -4.97468 0
      vertex 2.47056 -5.02059 3.70142
      vertex 2.57189 -4.97468 3.71816
    endloop
  endfacet
  facet normal -0.412692 0.910871 0
    outer loop
      vertex 2.47056 -5.02059 3.70142
      vertex 2.57189 -4.97468 0
      vertex 2.47056 -5.02059 0
    endloop
  endfacet
  facet normal -0.935889 -0.352295 -0
    outer loop
      vertex 3.42978 -2.90355 4.05581
      vertex 3.39059 -2.79944 0
      vertex 3.42978 -2.90355 0
    endloop
  endfacet
  facet normal -0.935889 -0.352295 0
    outer loop
      vertex 3.39059 -2.79944 0
      vertex 3.42978 -2.90355 4.05581
      vertex 3.39059 -2.79944 4.06266
    endloop
  endfacet
  facet normal -0.986629 -0.162985 -0
    outer loop
      vertex 3.50546 -3.2281 4.02897
      vertex 3.48733 -3.11835 0
      vertex 3.50546 -3.2281 0
    endloop
  endfacet
  facet normal -0.986629 -0.162985 0
    outer loop
      vertex 3.48733 -3.11835 0
      vertex 3.50546 -3.2281 4.02897
      vertex 3.48733 -3.11835 4.03893
    endloop
  endfacet
  facet normal 0.881925 -0.471391 0
    outer loop
      vertex 0.295316 -2.69811 3.68767
      vertex 0.347756 -2.6 0
      vertex 0.347756 -2.6 3.70394
    endloop
  endfacet
  facet normal 0.881925 -0.471391 0
    outer loop
      vertex 0.347756 -2.6 0
      vertex 0.295316 -2.69811 3.68767
      vertex 0.295316 -2.69811 0
    endloop
  endfacet
  facet normal 0.290249 -0.956951 0
    outer loop
      vertex 1.38001 -1.80793 0
      vertex 1.27355 -1.84022 3.89874
      vertex 1.27355 -1.84022 0
    endloop
  endfacet
  facet normal 0.290249 -0.956951 0
    outer loop
      vertex 1.27355 -1.84022 3.89874
      vertex 1.38001 -1.80793 0
      vertex 1.38001 -1.80793 3.91591
    endloop
  endfacet
  facet normal -0.582513 0.812821 0
    outer loop
      vertex 2.85489 -4.7987 0
      vertex 2.76447 -4.8635 3.75282
      vertex 2.85489 -4.7987 3.7706
    endloop
  endfacet
  facet normal -0.582513 0.812821 0
    outer loop
      vertex 2.76447 -4.8635 3.75282
      vertex 2.85489 -4.7987 0
      vertex 2.76447 -4.8635 0
    endloop
  endfacet
  facet normal -0.849223 0.528034 0
    outer loop
      vertex 3.2335 -4.39447 3.86082
      vertex 3.29224 -4.3 0
      vertex 3.2335 -4.39447 0
    endloop
  endfacet
  facet normal -0.849223 0.528034 0
    outer loop
      vertex 3.29224 -4.3 0
      vertex 3.2335 -4.39447 3.86082
      vertex 3.29224 -4.3 3.87859
    endloop
  endfacet
  facet normal -0.910871 0.412692 0
    outer loop
      vertex 3.34468 -4.20189 3.8961
      vertex 3.39059 -4.10056 0
      vertex 3.34468 -4.20189 0
    endloop
  endfacet
  facet normal -0.910871 0.412692 0
    outer loop
      vertex 3.39059 -4.10056 0
      vertex 3.34468 -4.20189 3.8961
      vertex 3.39059 -4.10056 3.91326
    endloop
  endfacet
  facet normal 0.0979904 0.995187 -0
    outer loop
      vertex 1.70881 -5.14636 0
      vertex 1.59811 -5.13546 3.5906
      vertex 1.70881 -5.14636 3.60164
    endloop
  endfacet
  facet normal 0.0979904 0.995187 0
    outer loop
      vertex 1.59811 -5.13546 3.5906
      vertex 1.70881 -5.14636 0
      vertex 1.59811 -5.13546 0
    endloop
  endfacet
  facet normal 0.986646 0.162881 0
    outer loop
      vertex 0.150449 -3.76824 3.56687
      vertex 0.134543 -3.67189 0
      vertex 0.134543 -3.67189 3.57391
    endloop
  endfacet
  facet normal 0.986632 0.162967 2.38318e-06
    outer loop
      vertex 0.152664 -3.78165 3.56578
      vertex 0.134543 -3.67189 0
      vertex 0.150449 -3.76824 3.56687
    endloop
  endfacet
  facet normal 0.986644 0.162892 0
    outer loop
      vertex 0.134543 -3.67189 0
      vertex 0.152664 -3.78165 3.56578
      vertex 0.152664 -3.78165 0
    endloop
  endfacet
  facet normal 0.995185 0.0980173 0
    outer loop
      vertex 0.134543 -3.67189 3.57391
      vertex 0.123639 -3.56118 0
      vertex 0.123639 -3.56118 3.58298
    endloop
  endfacet
  facet normal 0.995185 0.0980173 0
    outer loop
      vertex 0.123639 -3.56118 0
      vertex 0.134543 -3.67189 3.57391
      vertex 0.134543 -3.67189 0
    endloop
  endfacet
  facet normal 0.935901 0.352264 0
    outer loop
      vertex 0.249404 -4.10056 3.54523
      vertex 0.210218 -3.99645 0
      vertex 0.210218 -3.99645 3.55099
    endloop
  endfacet
  facet normal 0.935901 0.352264 0
    outer loop
      vertex 0.210218 -3.99645 0
      vertex 0.249404 -4.10056 3.54523
      vertex 0.249404 -4.10056 0
    endloop
  endfacet
  facet normal 0.910881 0.412669 0
    outer loop
      vertex 0.259004 -4.12175 3.54426
      vertex 0.249404 -4.10056 0
      vertex 0.249404 -4.10056 3.54523
    endloop
  endfacet
  facet normal 0.910859 0.412717 3.43935e-07
    outer loop
      vertex 0.295316 -4.20189 3.54059
      vertex 0.249404 -4.10056 0
      vertex 0.259004 -4.12175 3.54426
    endloop
  endfacet
  facet normal 0.910864 0.412707 0
    outer loop
      vertex 0.249404 -4.10056 0
      vertex 0.295316 -4.20189 3.54059
      vertex 0.295316 -4.20189 0
    endloop
  endfacet
  facet normal -0.227065 0.97388 0
    outer loop
      vertex 2.25999 -5.09207 0
      vertex 2.15165 -5.11733 3.6544
      vertex 2.25999 -5.09207 3.66947
    endloop
  endfacet
  facet normal -0.227065 0.97388 0
    outer loop
      vertex 2.15165 -5.11733 3.6544
      vertex 2.25999 -5.09207 0
      vertex 2.15165 -5.11733 0
    endloop
  endfacet
  facet normal -0.16297 0.986631 0
    outer loop
      vertex 2.15165 -5.11733 0
      vertex 2.04189 -5.13546 3.64002
      vertex 2.15165 -5.11733 3.6544
    endloop
  endfacet
  facet normal -0.16297 0.986631 0
    outer loop
      vertex 2.04189 -5.13546 3.64002
      vertex 2.15165 -5.11733 0
      vertex 2.04189 -5.13546 0
    endloop
  endfacet
  facet normal -0.0979817 0.995188 0
    outer loop
      vertex 2.04189 -5.13546 0
      vertex 1.93118 -5.14636 3.6264
      vertex 2.04189 -5.13546 3.64002
    endloop
  endfacet
  facet normal -0.0979817 0.995188 0
    outer loop
      vertex 1.93118 -5.14636 3.6264
      vertex 2.04189 -5.13546 0
      vertex 1.93118 -5.14636 0
    endloop
  endfacet
  facet normal -0.290249 0.956951 0
    outer loop
      vertex 2.36645 -5.05978 0
      vertex 2.25999 -5.09207 3.66947
      vertex 2.36645 -5.05978 3.68516
    endloop
  endfacet
  facet normal -0.290249 0.956951 0
    outer loop
      vertex 2.25999 -5.09207 3.66947
      vertex 2.36645 -5.05978 0
      vertex 2.25999 -5.09207 0
    endloop
  endfacet
  facet normal -0.683627 0.729831 0
    outer loop
      vertex 3.02208 -4.65208 0
      vertex 2.94089 -4.72813 3.78856
      vertex 3.02208 -4.65208 3.80665
    endloop
  endfacet
  facet normal -0.683627 0.729831 0
    outer loop
      vertex 2.94089 -4.72813 3.78856
      vertex 3.02208 -4.65208 0
      vertex 2.94089 -4.72813 0
    endloop
  endfacet
  facet normal -0.812821 0.582513 0
    outer loop
      vertex 3.1687 -4.48489 3.84285
      vertex 3.2335 -4.39447 0
      vertex 3.1687 -4.48489 0
    endloop
  endfacet
  facet normal -0.812821 0.582513 0
    outer loop
      vertex 3.2335 -4.39447 0
      vertex 3.1687 -4.48489 3.84285
      vertex 3.2335 -4.39447 3.86082
    endloop
  endfacet
  facet normal -0.773047 0.634348 0
    outer loop
      vertex 3.09813 -4.57089 3.82477
      vertex 3.1687 -4.48489 0
      vertex 3.09813 -4.57089 0
    endloop
  endfacet
  facet normal -0.773047 0.634348 0
    outer loop
      vertex 3.1687 -4.48489 0
      vertex 3.09813 -4.57089 3.82477
      vertex 3.1687 -4.48489 3.84285
    endloop
  endfacet
  facet normal 0.352295 0.935889 -0
    outer loop
      vertex 1.27355 -5.05978 0
      vertex 1.16944 -5.02059 3.55652
      vertex 1.27355 -5.05978 3.56346
    endloop
  endfacet
  facet normal 0.352295 0.935889 0
    outer loop
      vertex 1.16944 -5.02059 3.55652
      vertex 1.27355 -5.05978 0
      vertex 1.16944 -5.02059 0
    endloop
  endfacet
  facet normal 0.528038 0.849221 -0
    outer loop
      vertex 0.969999 -4.92224 0
      vertex 0.87553 -4.8635 3.5398
      vertex 0.969999 -4.92224 3.54443
    endloop
  endfacet
  facet normal 0.528038 0.849221 0
    outer loop
      vertex 0.87553 -4.8635 3.5398
      vertex 0.969999 -4.92224 0
      vertex 0.87553 -4.8635 0
    endloop
  endfacet
  facet normal 0.16297 0.986631 -0
    outer loop
      vertex 1.59811 -5.13546 0
      vertex 1.48835 -5.11733 3.58054
      vertex 1.59811 -5.13546 3.5906
    endloop
  endfacet
  facet normal 0.16297 0.986631 0
    outer loop
      vertex 1.48835 -5.11733 3.58054
      vertex 1.59811 -5.13546 0
      vertex 1.48835 -5.11733 0
    endloop
  endfacet
  facet normal 0.881925 0.471391 0
    outer loop
      vertex 0.347756 -4.3 3.5371
      vertex 0.295316 -4.20189 0
      vertex 0.295316 -4.20189 3.54059
    endloop
  endfacet
  facet normal 0.881925 0.471391 0
    outer loop
      vertex 0.295316 -4.20189 0
      vertex 0.347756 -4.3 3.5371
      vertex 0.347756 -4.3 0
    endloop
  endfacet
  facet normal 0.81283 0.582501 0
    outer loop
      vertex 0.471299 -4.48489 3.53359
      vertex 0.406501 -4.39447 0
      vertex 0.406501 -4.39447 3.53476
    endloop
  endfacet
  facet normal 0.81283 0.582501 0
    outer loop
      vertex 0.406501 -4.39447 0
      vertex 0.471299 -4.48489 3.53359
      vertex 0.471299 -4.48489 0
    endloop
  endfacet
  facet normal 0.683609 0.729848 -0
    outer loop
      vertex 0.699112 -4.72813 0
      vertex 0.617918 -4.65208 3.53279
      vertex 0.699112 -4.72813 3.53396
    endloop
  endfacet
  facet normal 0.683609 0.729848 0
    outer loop
      vertex 0.617918 -4.65208 3.53279
      vertex 0.699112 -4.72813 0
      vertex 0.617918 -4.65208 0
    endloop
  endfacet
  facet normal -0.634348 0.773047 0
    outer loop
      vertex 2.94089 -4.72813 0
      vertex 2.85489 -4.7987 3.7706
      vertex 2.94089 -4.72813 3.78856
    endloop
  endfacet
  facet normal -0.634348 0.773047 0
    outer loop
      vertex 2.85489 -4.7987 3.7706
      vertex 2.94089 -4.72813 0
      vertex 2.85489 -4.7987 0
    endloop
  endfacet
  facet normal -0.528034 0.849223 0
    outer loop
      vertex 2.76447 -4.8635 0
      vertex 2.67 -4.92224 3.73532
      vertex 2.76447 -4.8635 3.75282
    endloop
  endfacet
  facet normal -0.528034 0.849223 0
    outer loop
      vertex 2.67 -4.92224 3.73532
      vertex 2.76447 -4.8635 0
      vertex 2.67 -4.92224 0
    endloop
  endfacet
  facet normal 0.471387 0.881927 -0
    outer loop
      vertex 1.06811 -4.97468 0
      vertex 0.969999 -4.92224 3.54443
      vertex 1.06811 -4.97468 3.55019
    endloop
  endfacet
  facet normal 0.471387 0.881927 0
    outer loop
      vertex 0.969999 -4.92224 3.54443
      vertex 1.06811 -4.97468 0
      vertex 0.969999 -4.92224 0
    endloop
  endfacet
  facet normal 0.412618 0.910904 -0
    outer loop
      vertex 1.16944 -5.02059 0
      vertex 1.11787 -4.99723 3.55356
      vertex 1.16944 -5.02059 3.55652
    endloop
  endfacet
  facet normal 0.412768 0.910836 2.62394e-06
    outer loop
      vertex 1.11787 -4.99723 3.55356
      vertex 1.16944 -5.02059 0
      vertex 1.06811 -4.97468 3.55019
    endloop
  endfacet
  facet normal 0.412692 0.910871 0
    outer loop
      vertex 1.06811 -4.97468 3.55019
      vertex 1.16944 -5.02059 0
      vertex 1.06811 -4.97468 0
    endloop
  endfacet
  facet normal 0.582519 0.812817 -0
    outer loop
      vertex 0.87553 -4.8635 0
      vertex 0.814916 -4.82006 3.53746
      vertex 0.87553 -4.8635 3.5398
    endloop
  endfacet
  facet normal 0.582437 0.812876 -2.11682e-06
    outer loop
      vertex 0.814916 -4.82006 3.53746
      vertex 0.87553 -4.8635 0
      vertex 0.785105 -4.7987 3.5363
    endloop
  endfacet
  facet normal 0.582492 0.812837 0
    outer loop
      vertex 0.785105 -4.7987 3.5363
      vertex 0.87553 -4.8635 0
      vertex 0.785105 -4.7987 0
    endloop
  endfacet
  facet normal 0.634379 0.773022 -0
    outer loop
      vertex 0.785105 -4.7987 0
      vertex 0.699112 -4.72813 3.53396
      vertex 0.785105 -4.7987 3.5363
    endloop
  endfacet
  facet normal 0.634379 0.773022 0
    outer loop
      vertex 0.699112 -4.72813 3.53396
      vertex 0.785105 -4.7987 0
      vertex 0.699112 -4.72813 0
    endloop
  endfacet
  facet normal 0.221363 0.975192 -0
    outer loop
      vertex 1.48835 -5.11733 0
      vertex 1.48672 -5.11696 3.5804
      vertex 1.48835 -5.11733 3.58054
    endloop
  endfacet
  facet normal 0.227151 0.973859 2.77314e-06
    outer loop
      vertex 1.48835 -5.11733 0
      vertex 1.38001 -5.09207 3.57148
      vertex 1.48672 -5.11696 3.5804
    endloop
  endfacet
  facet normal 0.227065 0.97388 0
    outer loop
      vertex 1.38001 -5.09207 3.57148
      vertex 1.48835 -5.11733 0
      vertex 1.38001 -5.09207 0
    endloop
  endfacet
  facet normal 0.0327192 0.999465 -0
    outer loop
      vertex 1.82 -5.15 0
      vertex 1.70881 -5.14636 3.60164
      vertex 1.82 -5.15 3.61359
    endloop
  endfacet
  facet normal 0.0327192 0.999465 0
    outer loop
      vertex 1.70881 -5.14636 3.60164
      vertex 1.82 -5.15 0
      vertex 1.70881 -5.14636 0
    endloop
  endfacet
  facet normal 0.7731 0.634284 0
    outer loop
      vertex 0.493976 -4.51253 3.53359
      vertex 0.471299 -4.48489 0
      vertex 0.471299 -4.48489 3.53359
    endloop
  endfacet
  facet normal 0.773003 0.634403 1.55813e-06
    outer loop
      vertex 0.541872 -4.57089 3.53279
      vertex 0.471299 -4.48489 0
      vertex 0.493976 -4.51253 3.53359
    endloop
  endfacet
  facet normal 0.773034 0.634364 0
    outer loop
      vertex 0.471299 -4.48489 0
      vertex 0.541872 -4.57089 3.53279
      vertex 0.541872 -4.57089 0
    endloop
  endfacet
  facet normal 0.849203 0.528066 0
    outer loop
      vertex 0.406501 -4.39447 3.53476
      vertex 0.347756 -4.3 0
      vertex 0.347756 -4.3 3.5371
    endloop
  endfacet
  facet normal 0.849203 0.528066 0
    outer loop
      vertex 0.347756 -4.3 0
      vertex 0.406501 -4.39447 3.53476
      vertex 0.406501 -4.39447 0
    endloop
  endfacet
  facet normal 0.729849 0.683608 0
    outer loop
      vertex 0.617918 -4.65208 3.53279
      vertex 0.541872 -4.57089 0
      vertex 0.541872 -4.57089 3.53279
    endloop
  endfacet
  facet normal 0.729849 0.683608 0
    outer loop
      vertex 0.541872 -4.57089 0
      vertex 0.617918 -4.65208 3.53279
      vertex 0.617918 -4.65208 0
    endloop
  endfacet
  facet normal 0.956946 0.290266 0
    outer loop
      vertex 0.210218 -3.99645 3.55099
      vertex 0.177926 -3.88999 0
      vertex 0.177926 -3.88999 3.55785
    endloop
  endfacet
  facet normal 0.956946 0.290266 0
    outer loop
      vertex 0.177926 -3.88999 0
      vertex 0.210218 -3.99645 3.55099
      vertex 0.210218 -3.99645 0
    endloop
  endfacet
  facet normal 0.973876 0.227082 0
    outer loop
      vertex 0.177926 -3.88999 3.55785
      vertex 0.152664 -3.78165 0
      vertex 0.152664 -3.78165 3.56578
    endloop
  endfacet
  facet normal 0.973876 0.227082 0
    outer loop
      vertex 0.152664 -3.78165 0
      vertex 0.177926 -3.88999 3.55785
      vertex 0.177926 -3.88999 0
    endloop
  endfacet
  facet normal 0.290249 0.956951 -0
    outer loop
      vertex 1.38001 -5.09207 0
      vertex 1.27355 -5.05978 3.56346
      vertex 1.38001 -5.09207 3.57148
    endloop
  endfacet
  facet normal 0.290249 0.956951 0
    outer loop
      vertex 1.27355 -5.05978 3.56346
      vertex 1.38001 -5.09207 0
      vertex 1.27355 -5.05978 0
    endloop
  endfacet
  facet normal -0.527913 -0.849298 0
    outer loop
      vertex 96.1 -1.97776 0
      vertex 96.1945 -2.0365 3.45967
      vertex 96.1 -1.97776 3.47025
    endloop
  endfacet
  facet normal -0.527913 -0.849298 -0
    outer loop
      vertex 96.1945 -2.0365 3.45967
      vertex 96.1 -1.97776 0
      vertex 96.1945 -2.0365 0
    endloop
  endfacet
  facet normal 0.412868 -0.910791 0
    outer loop
      vertex 94.4981 -1.92532 0
      vertex 94.5994 -1.8794 3.60279
      vertex 94.4981 -1.92532 3.60921
    endloop
  endfacet
  facet normal 0.412868 -0.910791 0
    outer loop
      vertex 94.5994 -1.8794 3.60279
      vertex 94.4981 -1.92532 0
      vertex 94.5994 -1.8794 0
    endloop
  endfacet
  facet normal 0.910719 -0.413027 0
    outer loop
      vertex 93.6872 -2.78212 3.63353
      vertex 93.7253 -2.69811 0
      vertex 93.7253 -2.69811 3.63467
    endloop
  endfacet
  facet normal 0.911803 -0.410628 6.68188e-05
    outer loop
      vertex 93.6794 -2.79944 3.63318
      vertex 93.7253 -2.69811 0
      vertex 93.6872 -2.78212 3.63353
    endloop
  endfacet
  facet normal 0.910904 -0.412617 0
    outer loop
      vertex 93.7253 -2.69811 0
      vertex 93.6794 -2.79944 3.63318
      vertex 93.6794 -2.79944 0
    endloop
  endfacet
  facet normal 0.910904 0.412617 0
    outer loop
      vertex 93.7253 -4.20189 3.54933
      vertex 93.6794 -4.10056 0
      vertex 93.6794 -4.10056 3.55892
    endloop
  endfacet
  facet normal 0.910904 0.412617 0
    outer loop
      vertex 93.6794 -4.10056 0
      vertex 93.7253 -4.20189 3.54933
      vertex 93.7253 -4.20189 0
    endloop
  endfacet
  facet normal -0.973999 -0.226553 -0
    outer loop
      vertex 96.9173 -3.11835 3.35371
      vertex 96.8921 -3.01001 0
      vertex 96.9173 -3.11835 0
    endloop
  endfacet
  facet normal -0.973999 -0.226553 0
    outer loop
      vertex 96.8921 -3.01001 0
      vertex 96.9173 -3.11835 3.35371
      vertex 96.8921 -3.01001 3.36021
    endloop
  endfacet
  facet normal -0.956926 -0.290332 -0
    outer loop
      vertex 96.8921 -3.01001 3.36021
      vertex 96.8598 -2.90355 0
      vertex 96.8921 -3.01001 0
    endloop
  endfacet
  facet normal -0.956926 -0.290332 0
    outer loop
      vertex 96.8598 -2.90355 0
      vertex 96.8921 -3.01001 3.36021
      vertex 96.8598 -2.90355 3.36724
    endloop
  endfacet
  facet normal -0.772879 -0.634553 -0
    outer loop
      vertex 96.5987 -2.4151 3.40938
      vertex 96.5281 -2.32911 0
      vertex 96.5987 -2.4151 0
    endloop
  endfacet
  facet normal -0.772879 -0.634553 0
    outer loop
      vertex 96.5281 -2.32911 0
      vertex 96.5987 -2.4151 3.40938
      vertex 96.5281 -2.32911 3.41895
    endloop
  endfacet
  facet normal -0.471428 -0.881905 0
    outer loop
      vertex 96.0019 -1.92532 0
      vertex 96.1 -1.97776 3.47025
      vertex 96.0019 -1.92532 3.48089
    endloop
  endfacet
  facet normal -0.471428 -0.881905 -0
    outer loop
      vertex 96.1 -1.97776 3.47025
      vertex 96.0019 -1.92532 0
      vertex 96.1 -1.97776 0
    endloop
  endfacet
  facet normal -0.0327163 -0.999465 0
    outer loop
      vertex 95.25 -1.75 0
      vertex 95.3612 -1.75364 3.54365
      vertex 95.25 -1.75 3.55351
    endloop
  endfacet
  facet normal -0.0327163 -0.999465 -0
    outer loop
      vertex 95.3612 -1.75364 3.54365
      vertex 95.25 -1.75 0
      vertex 95.3612 -1.75364 0
    endloop
  endfacet
  facet normal 0.634036 -0.773303 0
    outer loop
      vertex 94.1291 -2.17187 0
      vertex 94.1934 -2.11915 3.62601
      vertex 94.1291 -2.17187 3.62853
    endloop
  endfacet
  facet normal 0.63527 -0.772291 -3.65894e-05
    outer loop
      vertex 94.1934 -2.11915 3.62601
      vertex 94.1291 -2.17187 0
      vertex 94.2151 -2.1013 3.62499
    endloop
  endfacet
  facet normal 0.634348 -0.773047 0
    outer loop
      vertex 94.2151 -2.1013 3.62499
      vertex 94.1291 -2.17187 0
      vertex 94.2151 -2.1013 0
    endloop
  endfacet
  facet normal -0.226946 0.973907 0
    outer loop
      vertex 95.5816 -5.11733 0
      vertex 95.69 -5.09207 3.34901
      vertex 95.69 -5.09207 0
    endloop
  endfacet
  facet normal -0.226946 0.973907 0
    outer loop
      vertex 95.69 -5.09207 3.34901
      vertex 95.5816 -5.11733 0
      vertex 95.5816 -5.11733 3.35552
    endloop
  endfacet
  facet normal -0.683418 0.730028 -7.56863e-06
    outer loop
      vertex 96.3709 -4.72813 0
      vertex 96.3918 -4.70853 3.31859
      vertex 96.4521 -4.65208 3.31706
    endloop
  endfacet
  facet normal -0.683582 0.729873 0
    outer loop
      vertex 96.3709 -4.72813 0
      vertex 96.4521 -4.65208 3.31706
      vertex 96.4521 -4.65208 0
    endloop
  endfacet
  facet normal -0.684057 0.729428 0
    outer loop
      vertex 96.3918 -4.70853 3.31859
      vertex 96.3709 -4.72813 0
      vertex 96.3709 -4.72813 3.31912
    endloop
  endfacet
  facet normal 0.0979904 0.995187 0
    outer loop
      vertex 95.0281 -5.13546 0
      vertex 95.1388 -5.14636 3.38641
      vertex 95.1388 -5.14636 0
    endloop
  endfacet
  facet normal 0.0979904 0.995187 0
    outer loop
      vertex 95.1388 -5.14636 3.38641
      vertex 95.0281 -5.13546 0
      vertex 95.0281 -5.13546 3.39509
    endloop
  endfacet
  facet normal 0.527913 0.849298 0
    outer loop
      vertex 94.3055 -4.8635 0
      vertex 94.4 -4.92224 3.45452
      vertex 94.4 -4.92224 0
    endloop
  endfacet
  facet normal 0.527913 0.849298 0
    outer loop
      vertex 94.4 -4.92224 3.45452
      vertex 94.3055 -4.8635 0
      vertex 94.3055 -4.8635 3.46525
    endloop
  endfacet
  facet normal -0.910904 -0.412617 -0
    outer loop
      vertex 96.8206 -2.79944 3.37478
      vertex 96.7747 -2.69811 0
      vertex 96.8206 -2.79944 0
    endloop
  endfacet
  facet normal -0.910904 -0.412617 0
    outer loop
      vertex 96.7747 -2.69811 0
      vertex 96.8206 -2.79944 3.37478
      vertex 96.7747 -2.69811 3.3828
    endloop
  endfacet
  facet normal -0.849029 -0.528346 0
    outer loop
      vertex 96.6635 -2.50553 0
      vertex 96.698 -2.56097 3.39493
      vertex 96.6635 -2.50553 3.40014
    endloop
  endfacet
  facet normal -0.849384 -0.527775 -0
    outer loop
      vertex 96.7222 -2.6 3.39127
      vertex 96.6635 -2.50553 0
      vertex 96.7222 -2.6 0
    endloop
  endfacet
  facet normal -0.849888 -0.526964 3.12975e-05
    outer loop
      vertex 96.6635 -2.50553 0
      vertex 96.7222 -2.6 3.39127
      vertex 96.698 -2.56097 3.39493
    endloop
  endfacet
  facet normal -0.812852 -0.58247 -0
    outer loop
      vertex 96.6635 -2.50553 3.40014
      vertex 96.5987 -2.4151 0
      vertex 96.6635 -2.50553 0
    endloop
  endfacet
  facet normal -0.812852 -0.58247 0
    outer loop
      vertex 96.5987 -2.4151 0
      vertex 96.6635 -2.50553 3.40014
      vertex 96.5987 -2.4151 3.40938
    endloop
  endfacet
  facet normal -0.16297 -0.986631 0
    outer loop
      vertex 95.4719 -1.76454 0
      vertex 95.5816 -1.78266 3.52325
      vertex 95.4719 -1.76454 3.53355
    endloop
  endfacet
  facet normal -0.16297 -0.986631 -0
    outer loop
      vertex 95.5816 -1.78266 3.52325
      vertex 95.4719 -1.76454 0
      vertex 95.5816 -1.78266 0
    endloop
  endfacet
  facet normal -0.35195 -0.936019 0
    outer loop
      vertex 95.7964 -1.84022 0
      vertex 95.9006 -1.8794 3.49156
      vertex 95.7964 -1.84022 3.50221
    endloop
  endfacet
  facet normal -0.35195 -0.936019 -0
    outer loop
      vertex 95.9006 -1.8794 3.49156
      vertex 95.7964 -1.84022 0
      vertex 95.9006 -1.8794 0
    endloop
  endfacet
  facet normal -0.290399 -0.956906 0
    outer loop
      vertex 95.69 -1.80793 0
      vertex 95.7964 -1.84022 3.50221
      vertex 95.69 -1.80793 3.51278
    endloop
  endfacet
  facet normal -0.290399 -0.956906 -0
    outer loop
      vertex 95.7964 -1.84022 3.50221
      vertex 95.69 -1.80793 0
      vertex 95.7964 -1.84022 0
    endloop
  endfacet
  facet normal 0.999476 -0.0323601 0
    outer loop
      vertex 93.55 -3.45 3.60721
      vertex 93.5536 -3.33881 0
      vertex 93.5536 -3.33881 3.61308
    endloop
  endfacet
  facet normal 0.999476 -0.0323601 0
    outer loop
      vertex 93.5536 -3.33881 0
      vertex 93.55 -3.45 3.60721
      vertex 93.55 -3.45 0
    endloop
  endfacet
  facet normal 0.974015 -0.226484 0
    outer loop
      vertex 93.591 -3.08269 3.62435
      vertex 93.6079 -3.01001 0
      vertex 93.6079 -3.01001 3.62706
    endloop
  endfacet
  facet normal 0.973966 -0.226694 -4.44283e-06
    outer loop
      vertex 93.5827 -3.11835 3.62302
      vertex 93.6079 -3.01001 0
      vertex 93.591 -3.08269 3.62435
    endloop
  endfacet
  facet normal 0.973999 -0.226553 0
    outer loop
      vertex 93.6079 -3.01001 0
      vertex 93.5827 -3.11835 3.62302
      vertex 93.5827 -3.11835 0
    endloop
  endfacet
  facet normal 0.995188 -0.0979817 0
    outer loop
      vertex 93.5536 -3.33881 3.61308
      vertex 93.5645 -3.2281 0
      vertex 93.5645 -3.2281 3.61835
    endloop
  endfacet
  facet normal 0.995188 -0.0979817 0
    outer loop
      vertex 93.5645 -3.2281 0
      vertex 93.5536 -3.33881 3.61308
      vertex 93.5536 -3.33881 0
    endloop
  endfacet
  facet normal 0.772879 -0.634553 0
    outer loop
      vertex 93.9013 -2.4151 0
      vertex 93.9719 -2.32911 3.6333
      vertex 93.9013 -2.4151 3.63467
    endloop
  endfacet
  facet normal 0.772879 -0.634553 0
    outer loop
      vertex 93.9719 -2.32911 3.6333
      vertex 93.9013 -2.4151 0
      vertex 93.9719 -2.32911 0
    endloop
  endfacet
  facet normal 0.8817 -0.47181 0
    outer loop
      vertex 93.7253 -2.69811 3.63467
      vertex 93.7778 -2.6 0
      vertex 93.7778 -2.6 3.63535
    endloop
  endfacet
  facet normal 0.8817 -0.47181 0
    outer loop
      vertex 93.7778 -2.6 0
      vertex 93.7253 -2.69811 3.63467
      vertex 93.7253 -2.69811 0
    endloop
  endfacet
  facet normal 0.812852 -0.58247 0
    outer loop
      vertex 93.8365 -2.50553 3.63535
      vertex 93.9013 -2.4151 0
      vertex 93.9013 -2.4151 3.63467
    endloop
  endfacet
  facet normal 0.812852 -0.58247 0
    outer loop
      vertex 93.9013 -2.4151 0
      vertex 93.8365 -2.50553 3.63535
      vertex 93.8365 -2.50553 0
    endloop
  endfacet
  facet normal 0.16297 -0.986631 0
    outer loop
      vertex 94.9184 -1.78266 0
      vertex 95.0281 -1.76454 3.57211
      vertex 94.9184 -1.78266 3.58047
    endloop
  endfacet
  facet normal 0.16297 -0.986631 0
    outer loop
      vertex 95.0281 -1.76454 3.57211
      vertex 94.9184 -1.78266 0
      vertex 95.0281 -1.76454 0
    endloop
  endfacet
  facet normal 0.351852 -0.936056 0
    outer loop
      vertex 94.5994 -1.8794 0
      vertex 94.6782 -1.84978 3.59754
      vertex 94.5994 -1.8794 3.60279
    endloop
  endfacet
  facet normal 0.352253 -0.935905 -1.00226e-05
    outer loop
      vertex 94.5994 -1.8794 0
      vertex 94.7036 -1.84022 3.59584
      vertex 94.6782 -1.84978 3.59754
    endloop
  endfacet
  facet normal 0.35195 -0.936019 0
    outer loop
      vertex 94.7036 -1.84022 3.59584
      vertex 94.5994 -1.8794 0
      vertex 94.7036 -1.84022 0
    endloop
  endfacet
  facet normal 0.227031 -0.973888 0
    outer loop
      vertex 94.81 -1.80793 0
      vertex 94.9184 -1.78266 3.58047
      vertex 94.81 -1.80793 3.58839
    endloop
  endfacet
  facet normal 0.227031 -0.973888 0
    outer loop
      vertex 94.9184 -1.78266 3.58047
      vertex 94.81 -1.80793 0
      vertex 94.9184 -1.78266 0
    endloop
  endfacet
  facet normal 0.527913 -0.849298 0
    outer loop
      vertex 94.3055 -2.0365 0
      vertex 94.4 -1.97776 3.61506
      vertex 94.3055 -2.0365 3.62033
    endloop
  endfacet
  facet normal 0.527913 -0.849298 0
    outer loop
      vertex 94.4 -1.97776 3.61506
      vertex 94.3055 -2.0365 0
      vertex 94.4 -1.97776 0
    endloop
  endfacet
  facet normal 0.582598 -0.81276 0
    outer loop
      vertex 94.2151 -2.1013 0
      vertex 94.3055 -2.0365 3.62033
      vertex 94.2151 -2.1013 3.62499
    endloop
  endfacet
  facet normal 0.582598 -0.81276 0
    outer loop
      vertex 94.3055 -2.0365 3.62033
      vertex 94.2151 -2.1013 0
      vertex 94.3055 -2.0365 0
    endloop
  endfacet
  facet normal -0.999476 -0.0323601 -0
    outer loop
      vertex 96.95 -3.45 3.33629
      vertex 96.9464 -3.33881 0
      vertex 96.95 -3.45 0
    endloop
  endfacet
  facet normal -0.999476 -0.0323601 0
    outer loop
      vertex 96.9464 -3.33881 0
      vertex 96.95 -3.45 3.33629
      vertex 96.9464 -3.33881 3.34156
    endloop
  endfacet
  facet normal -0.163057 0.986617 0
    outer loop
      vertex 95.4719 -5.13546 0
      vertex 95.5816 -5.11733 3.35552
      vertex 95.5816 -5.11733 0
    endloop
  endfacet
  facet normal -0.163057 0.986617 0
    outer loop
      vertex 95.5816 -5.11733 3.35552
      vertex 95.4719 -5.13546 0
      vertex 95.4719 -5.13546 3.36257
    endloop
  endfacet
  facet normal -0.634348 0.773047 0
    outer loop
      vertex 96.2849 -4.7987 0
      vertex 96.3709 -4.72813 3.31912
      vertex 96.3709 -4.72813 0
    endloop
  endfacet
  facet normal -0.634348 0.773047 0
    outer loop
      vertex 96.3709 -4.72813 3.31912
      vertex 96.2849 -4.7987 0
      vertex 96.2849 -4.7987 3.32185
    endloop
  endfacet
  facet normal 0.352029 0.935989 0
    outer loop
      vertex 94.5994 -5.02059 0
      vertex 94.7036 -5.05978 3.42348
      vertex 94.7036 -5.05978 0
    endloop
  endfacet
  facet normal 0.352029 0.935989 0
    outer loop
      vertex 94.7036 -5.05978 3.42348
      vertex 94.5994 -5.02059 0
      vertex 94.5994 -5.02059 3.43359
    endloop
  endfacet
  facet normal 0.163057 0.986617 0
    outer loop
      vertex 94.9184 -5.11733 0
      vertex 95.0281 -5.13546 3.39509
      vertex 95.0281 -5.13546 0
    endloop
  endfacet
  facet normal 0.163057 0.986617 0
    outer loop
      vertex 95.0281 -5.13546 3.39509
      vertex 94.9184 -5.11733 0
      vertex 94.9184 -5.11733 3.40419
    endloop
  endfacet
  facet normal 0.471428 0.881905 0
    outer loop
      vertex 94.4 -4.92224 0
      vertex 94.4981 -4.97468 3.44395
      vertex 94.4981 -4.97468 0
    endloop
  endfacet
  facet normal 0.471428 0.881905 0
    outer loop
      vertex 94.4981 -4.97468 3.44395
      vertex 94.4 -4.92224 0
      vertex 94.4 -4.92224 3.45452
    endloop
  endfacet
  facet normal 0.68341 0.730034 7.51135e-06
    outer loop
      vertex 94.0479 -4.65208 0
      vertex 94.066 -4.66906 3.49551
      vertex 94.1291 -4.72813 3.48701
    endloop
  endfacet
  facet normal 0.683582 0.729873 0
    outer loop
      vertex 94.0479 -4.65208 0
      vertex 94.1291 -4.72813 3.48701
      vertex 94.1291 -4.72813 0
    endloop
  endfacet
  facet normal 0.684182 0.729311 0
    outer loop
      vertex 94.066 -4.66906 3.49551
      vertex 94.0479 -4.65208 0
      vertex 94.0479 -4.65208 3.49789
    endloop
  endfacet
  facet normal 0.973999 0.226553 0
    outer loop
      vertex 93.6079 -3.88999 3.57708
      vertex 93.5827 -3.78165 0
      vertex 93.5827 -3.78165 3.58557
    endloop
  endfacet
  facet normal 0.973999 0.226553 0
    outer loop
      vertex 93.5827 -3.78165 0
      vertex 93.6079 -3.88999 3.57708
      vertex 93.6079 -3.88999 0
    endloop
  endfacet
  facet normal 0.999476 0.032363 0
    outer loop
      vertex 93.5536 -3.56118 3.60079
      vertex 93.55 -3.45 0
      vertex 93.55 -3.45 3.60721
    endloop
  endfacet
  facet normal 0.999476 0.032363 0
    outer loop
      vertex 93.55 -3.45 0
      vertex 93.5536 -3.56118 3.60079
      vertex 93.5536 -3.56118 0
    endloop
  endfacet
  facet normal -0.995188 -0.0979817 -0
    outer loop
      vertex 96.9464 -3.33881 3.34156
      vertex 96.9355 -3.2281 0
      vertex 96.9464 -3.33881 0
    endloop
  endfacet
  facet normal -0.995188 -0.0979817 0
    outer loop
      vertex 96.9355 -3.2281 0
      vertex 96.9464 -3.33881 3.34156
      vertex 96.9355 -3.2281 3.34742
    endloop
  endfacet
  facet normal -0.986702 -0.162542 0
    outer loop
      vertex 96.9173 -3.11835 0
      vertex 96.9217 -3.14506 3.35227
      vertex 96.9173 -3.11835 3.35371
    endloop
  endfacet
  facet normal -0.986527 -0.163597 -0
    outer loop
      vertex 96.9355 -3.2281 3.34742
      vertex 96.9173 -3.11835 0
      vertex 96.9355 -3.2281 0
    endloop
  endfacet
  facet normal -0.986471 -0.163936 -1.14125e-05
    outer loop
      vertex 96.9173 -3.11835 0
      vertex 96.9355 -3.2281 3.34742
      vertex 96.9217 -3.14506 3.35227
    endloop
  endfacet
  facet normal -0.935859 -0.352374 -0
    outer loop
      vertex 96.8598 -2.90355 3.36724
      vertex 96.8206 -2.79944 0
      vertex 96.8598 -2.90355 0
    endloop
  endfacet
  facet normal -0.935859 -0.352374 0
    outer loop
      vertex 96.8206 -2.79944 0
      vertex 96.8598 -2.90355 3.36724
      vertex 96.8206 -2.79944 3.37478
    endloop
  endfacet
  facet normal -0.8817 -0.47181 -0
    outer loop
      vertex 96.7747 -2.69811 3.3828
      vertex 96.7222 -2.6 0
      vertex 96.7747 -2.69811 0
    endloop
  endfacet
  facet normal -0.8817 -0.47181 0
    outer loop
      vertex 96.7222 -2.6 0
      vertex 96.7747 -2.69811 3.3828
      vertex 96.7222 -2.6 3.39127
    endloop
  endfacet
  facet normal -0.683582 -0.729873 0
    outer loop
      vertex 96.3709 -2.17187 0
      vertex 96.4521 -2.24792 3.4288
      vertex 96.3709 -2.17187 3.4389
    endloop
  endfacet
  facet normal -0.683582 -0.729873 -0
    outer loop
      vertex 96.4521 -2.24792 3.4288
      vertex 96.3709 -2.17187 0
      vertex 96.4521 -2.24792 0
    endloop
  endfacet
  facet normal -0.730056 -0.683388 -0
    outer loop
      vertex 96.5281 -2.32911 3.41895
      vertex 96.4521 -2.24792 0
      vertex 96.5281 -2.32911 0
    endloop
  endfacet
  facet normal -0.730056 -0.683388 0
    outer loop
      vertex 96.4521 -2.24792 0
      vertex 96.5281 -2.32911 3.41895
      vertex 96.4521 -2.24792 3.4288
    endloop
  endfacet
  facet normal -0.634348 -0.773047 0
    outer loop
      vertex 96.2849 -2.1013 0
      vertex 96.3709 -2.17187 3.4389
      vertex 96.2849 -2.1013 3.44921
    endloop
  endfacet
  facet normal -0.634348 -0.773047 -0
    outer loop
      vertex 96.3709 -2.17187 3.4389
      vertex 96.2849 -2.1013 0
      vertex 96.3709 -2.17187 0
    endloop
  endfacet
  facet normal 0.0327163 -0.999465 0
    outer loop
      vertex 95.1388 -1.75364 0
      vertex 95.25 -1.75 3.55351
      vertex 95.1388 -1.75364 3.56308
    endloop
  endfacet
  facet normal 0.0327163 -0.999465 0
    outer loop
      vertex 95.25 -1.75 3.55351
      vertex 95.1388 -1.75364 0
      vertex 95.25 -1.75 0
    endloop
  endfacet
  facet normal -0.582598 -0.81276 0
    outer loop
      vertex 96.1945 -2.0365 0
      vertex 96.2849 -2.1013 3.44921
      vertex 96.1945 -2.0365 3.45967
    endloop
  endfacet
  facet normal -0.582598 -0.81276 -0
    outer loop
      vertex 96.2849 -2.1013 3.44921
      vertex 96.1945 -2.0365 0
      vertex 96.2849 -2.1013 0
    endloop
  endfacet
  facet normal -0.412868 -0.910791 0
    outer loop
      vertex 95.9006 -1.8794 0
      vertex 96.0019 -1.92532 3.48089
      vertex 95.9006 -1.8794 3.49156
    endloop
  endfacet
  facet normal -0.412868 -0.910791 -0
    outer loop
      vertex 96.0019 -1.92532 3.48089
      vertex 95.9006 -1.8794 0
      vertex 96.0019 -1.92532 0
    endloop
  endfacet
  facet normal -0.0979904 -0.995187 0
    outer loop
      vertex 95.3612 -1.75364 0
      vertex 95.4719 -1.76454 3.53355
      vertex 95.3612 -1.75364 3.54365
    endloop
  endfacet
  facet normal -0.0979904 -0.995187 -0
    outer loop
      vertex 95.4719 -1.76454 3.53355
      vertex 95.3612 -1.75364 0
      vertex 95.4719 -1.76454 0
    endloop
  endfacet
  facet normal -0.226953 -0.973906 0
    outer loop
      vertex 95.5816 -1.78266 0
      vertex 95.6594 -1.80079 3.51574
      vertex 95.5816 -1.78266 3.52325
    endloop
  endfacet
  facet normal -0.227229 -0.973841 6.4494e-06
    outer loop
      vertex 95.5816 -1.78266 0
      vertex 95.69 -1.80793 3.51278
      vertex 95.6594 -1.80079 3.51574
    endloop
  endfacet
  facet normal -0.227031 -0.973888 -0
    outer loop
      vertex 95.69 -1.80793 3.51278
      vertex 95.5816 -1.78266 0
      vertex 95.69 -1.80793 0
    endloop
  endfacet
  facet normal 0.935859 -0.352374 0
    outer loop
      vertex 93.6402 -2.90355 3.63045
      vertex 93.6794 -2.79944 0
      vertex 93.6794 -2.79944 3.63318
    endloop
  endfacet
  facet normal 0.935859 -0.352374 0
    outer loop
      vertex 93.6794 -2.79944 0
      vertex 93.6402 -2.90355 3.63045
      vertex 93.6402 -2.90355 0
    endloop
  endfacet
  facet normal 0.956926 -0.290332 0
    outer loop
      vertex 93.6079 -3.01001 3.62706
      vertex 93.6402 -2.90355 0
      vertex 93.6402 -2.90355 3.63045
    endloop
  endfacet
  facet normal 0.956926 -0.290332 0
    outer loop
      vertex 93.6402 -2.90355 0
      vertex 93.6079 -3.01001 3.62706
      vertex 93.6079 -3.01001 0
    endloop
  endfacet
  facet normal 0.986527 -0.163597 0
    outer loop
      vertex 93.5645 -3.2281 3.61835
      vertex 93.5827 -3.11835 0
      vertex 93.5827 -3.11835 3.62302
    endloop
  endfacet
  facet normal 0.986527 -0.163597 0
    outer loop
      vertex 93.5827 -3.11835 0
      vertex 93.5645 -3.2281 3.61835
      vertex 93.5645 -3.2281 0
    endloop
  endfacet
  facet normal 0.845771 -0.533547 0
    outer loop
      vertex 93.8338 -2.50981 3.63535
      vertex 93.8365 -2.50553 0
      vertex 93.8365 -2.50553 3.63535
    endloop
  endfacet
  facet normal 0.849556 -0.527499 9.93176e-06
    outer loop
      vertex 93.7778 -2.6 3.63535
      vertex 93.8365 -2.50553 0
      vertex 93.8338 -2.50981 3.63535
    endloop
  endfacet
  facet normal 0.849384 -0.527775 0
    outer loop
      vertex 93.8365 -2.50553 0
      vertex 93.7778 -2.6 3.63535
      vertex 93.7778 -2.6 0
    endloop
  endfacet
  facet normal 0.290399 -0.956906 0
    outer loop
      vertex 94.7036 -1.84022 0
      vertex 94.81 -1.80793 3.58839
      vertex 94.7036 -1.84022 3.59584
    endloop
  endfacet
  facet normal 0.290399 -0.956906 0
    outer loop
      vertex 94.81 -1.80793 3.58839
      vertex 94.7036 -1.84022 0
      vertex 94.81 -1.80793 0
    endloop
  endfacet
  facet normal 0.0980637 -0.99518 0
    outer loop
      vertex 95.0281 -1.76454 0
      vertex 95.076 -1.75982 3.56832
      vertex 95.0281 -1.76454 3.57211
    endloop
  endfacet
  facet normal 0.0979347 -0.995193 1.74781e-06
    outer loop
      vertex 95.076 -1.75982 3.56832
      vertex 95.0281 -1.76454 0
      vertex 95.1388 -1.75364 3.56308
    endloop
  endfacet
  facet normal 0.0979904 -0.995187 0
    outer loop
      vertex 95.1388 -1.75364 3.56308
      vertex 95.0281 -1.76454 0
      vertex 95.1388 -1.75364 0
    endloop
  endfacet
  facet normal 0.471428 -0.881905 0
    outer loop
      vertex 94.4 -1.97776 0
      vertex 94.4981 -1.92532 3.60921
      vertex 94.4 -1.97776 3.61506
    endloop
  endfacet
  facet normal 0.471428 -0.881905 0
    outer loop
      vertex 94.4981 -1.92532 3.60921
      vertex 94.4 -1.97776 0
      vertex 94.4981 -1.92532 0
    endloop
  endfacet
  facet normal 0.730056 -0.683388 0
    outer loop
      vertex 93.9719 -2.32911 0
      vertex 94.0479 -2.24792 3.63125
      vertex 93.9719 -2.32911 3.6333
    endloop
  endfacet
  facet normal 0.730056 -0.683388 0
    outer loop
      vertex 94.0479 -2.24792 3.63125
      vertex 93.9719 -2.32911 0
      vertex 94.0479 -2.24792 0
    endloop
  endfacet
  facet normal 0.683582 -0.729873 0
    outer loop
      vertex 94.0479 -2.24792 0
      vertex 94.1291 -2.17187 3.62853
      vertex 94.0479 -2.24792 3.63125
    endloop
  endfacet
  facet normal 0.683582 -0.729873 0
    outer loop
      vertex 94.1291 -2.17187 3.62853
      vertex 94.0479 -2.24792 0
      vertex 94.1291 -2.17187 0
    endloop
  endfacet
  facet normal -0.994962 0.100248 0
    outer loop
      vertex 96.9464 -3.56118 0
      vertex 96.9432 -3.59294 3.33048
      vertex 96.9464 -3.56118 3.33163
    endloop
  endfacet
  facet normal -0.995188 0.0979817 0
    outer loop
      vertex 96.9355 -3.67189 3.3276
      vertex 96.9464 -3.56118 0
      vertex 96.9355 -3.67189 0
    endloop
  endfacet
  facet normal -0.995277 0.0970706 -3.06038e-05
    outer loop
      vertex 96.9464 -3.56118 0
      vertex 96.9355 -3.67189 3.3276
      vertex 96.9432 -3.59294 3.33048
    endloop
  endfacet
  facet normal -0.0327163 0.999465 0
    outer loop
      vertex 95.25 -5.15 0
      vertex 95.3612 -5.14636 3.37013
      vertex 95.3612 -5.14636 0
    endloop
  endfacet
  facet normal -0.0327163 0.999465 0
    outer loop
      vertex 95.3612 -5.14636 3.37013
      vertex 95.25 -5.15 0
      vertex 95.25 -5.15 3.37818
    endloop
  endfacet
  facet normal -0.973887 0.227035 0
    outer loop
      vertex 96.9173 -3.78165 0
      vertex 96.8933 -3.8846 3.32162
      vertex 96.9173 -3.78165 3.32421
    endloop
  endfacet
  facet normal -0.973999 0.226553 -1.57523e-05
    outer loop
      vertex 96.8921 -3.88999 0
      vertex 96.8933 -3.8846 3.32162
      vertex 96.9173 -3.78165 0
    endloop
  endfacet
  facet normal -0.976102 0.217314 0
    outer loop
      vertex 96.8933 -3.8846 3.32162
      vertex 96.8921 -3.88999 0
      vertex 96.8921 -3.88999 3.32145
    endloop
  endfacet
  facet normal -0.956926 0.290332 0
    outer loop
      vertex 96.8598 -3.99645 3.31873
      vertex 96.8921 -3.88999 0
      vertex 96.8598 -3.99645 0
    endloop
  endfacet
  facet normal -0.956926 0.290332 0
    outer loop
      vertex 96.8921 -3.88999 0
      vertex 96.8598 -3.99645 3.31873
      vertex 96.8921 -3.88999 3.32145
    endloop
  endfacet
  facet normal -0.935859 0.352374 0
    outer loop
      vertex 96.8206 -4.10056 3.31669
      vertex 96.8598 -3.99645 0
      vertex 96.8206 -4.10056 0
    endloop
  endfacet
  facet normal -0.935859 0.352374 0
    outer loop
      vertex 96.8598 -3.99645 0
      vertex 96.8206 -4.10056 3.31669
      vertex 96.8598 -3.99645 3.31873
    endloop
  endfacet
  facet normal -0.772915 0.634509 0
    outer loop
      vertex 96.5281 -4.57089 0
      vertex 96.5987 -4.48489 3.31499
      vertex 96.5987 -4.48489 0
    endloop
  endfacet
  facet normal -0.772915 0.634509 0
    outer loop
      vertex 96.5987 -4.48489 3.31499
      vertex 96.5281 -4.57089 0
      vertex 96.5281 -4.57089 3.31568
    endloop
  endfacet
  facet normal -0.812635 0.582773 0
    outer loop
      vertex 96.6635 -4.39447 0
      vertex 96.6294 -4.44202 3.31499
      vertex 96.6635 -4.39447 3.31463
    endloop
  endfacet
  facet normal -0.812821 0.582513 -5.64585e-06
    outer loop
      vertex 96.5987 -4.48489 0
      vertex 96.6294 -4.44202 3.31499
      vertex 96.6635 -4.39447 0
    endloop
  endfacet
  facet normal -0.813028 0.582224 0
    outer loop
      vertex 96.6294 -4.44202 3.31499
      vertex 96.5987 -4.48489 0
      vertex 96.5987 -4.48489 3.31499
    endloop
  endfacet
  facet normal -0.352029 0.935989 0
    outer loop
      vertex 95.7964 -5.05978 0
      vertex 95.9006 -5.02059 3.33772
      vertex 95.9006 -5.02059 0
    endloop
  endfacet
  facet normal -0.352029 0.935989 0
    outer loop
      vertex 95.9006 -5.02059 3.33772
      vertex 95.7964 -5.05978 0
      vertex 95.7964 -5.05978 3.34306
    endloop
  endfacet
  facet normal -0.730056 0.683388 0
    outer loop
      vertex 96.4521 -4.65208 0
      vertex 96.5281 -4.57089 3.31568
      vertex 96.5281 -4.57089 0
    endloop
  endfacet
  facet normal -0.730056 0.683388 0
    outer loop
      vertex 96.5281 -4.57089 3.31568
      vertex 96.4521 -4.65208 0
      vertex 96.4521 -4.65208 3.31706
    endloop
  endfacet
  facet normal -0.527777 0.849383 -5.3599e-06
    outer loop
      vertex 96.1 -4.92224 0
      vertex 96.1608 -4.88444 3.32668
      vertex 96.1945 -4.8635 3.32524
    endloop
  endfacet
  facet normal -0.527913 0.849298 0
    outer loop
      vertex 96.1 -4.92224 0
      vertex 96.1945 -4.8635 3.32524
      vertex 96.1945 -4.8635 0
    endloop
  endfacet
  facet normal -0.527989 0.849251 0
    outer loop
      vertex 96.1608 -4.88444 3.32668
      vertex 96.1 -4.92224 0
      vertex 96.1 -4.92224 3.32889
    endloop
  endfacet
  facet normal -0.412793 0.910825 0
    outer loop
      vertex 95.9006 -5.02059 0
      vertex 96.0019 -4.97468 3.33298
      vertex 96.0019 -4.97468 0
    endloop
  endfacet
  facet normal -0.412793 0.910825 0
    outer loop
      vertex 96.0019 -4.97468 3.33298
      vertex 95.9006 -5.02059 0
      vertex 95.9006 -5.02059 3.33772
    endloop
  endfacet
  facet normal -0.582598 0.81276 0
    outer loop
      vertex 96.1945 -4.8635 0
      vertex 96.2849 -4.7987 3.32185
      vertex 96.2849 -4.7987 0
    endloop
  endfacet
  facet normal -0.582598 0.81276 0
    outer loop
      vertex 96.2849 -4.7987 3.32185
      vertex 96.1945 -4.8635 0
      vertex 96.1945 -4.8635 3.32524
    endloop
  endfacet
  facet normal 0.290399 0.956906 0
    outer loop
      vertex 94.7036 -5.05978 0
      vertex 94.81 -5.09207 3.41367
      vertex 94.81 -5.09207 0
    endloop
  endfacet
  facet normal 0.290399 0.956906 0
    outer loop
      vertex 94.81 -5.09207 3.41367
      vertex 94.7036 -5.05978 0
      vertex 94.7036 -5.05978 3.42348
    endloop
  endfacet
  facet normal 0.634348 0.773047 0
    outer loop
      vertex 94.1291 -4.72813 0
      vertex 94.2151 -4.7987 3.47609
      vertex 94.2151 -4.7987 0
    endloop
  endfacet
  facet normal 0.634348 0.773047 0
    outer loop
      vertex 94.2151 -4.7987 3.47609
      vertex 94.1291 -4.72813 0
      vertex 94.1291 -4.72813 3.48701
    endloop
  endfacet
  facet normal 0.995151 0.0983604 0
    outer loop
      vertex 93.5605 -3.63099 3.5964
      vertex 93.5536 -3.56118 0
      vertex 93.5536 -3.56118 3.60079
    endloop
  endfacet
  facet normal 0.995252 0.0973365 -2.00689e-05
    outer loop
      vertex 93.5645 -3.67189 3.59361
      vertex 93.5536 -3.56118 0
      vertex 93.5605 -3.63099 3.5964
    endloop
  endfacet
  facet normal 0.995188 0.0979817 0
    outer loop
      vertex 93.5536 -3.56118 0
      vertex 93.5645 -3.67189 3.59361
      vertex 93.5645 -3.67189 0
    endloop
  endfacet
  facet normal 0.956926 0.290332 0
    outer loop
      vertex 93.6402 -3.99645 3.56819
      vertex 93.6079 -3.88999 0
      vertex 93.6079 -3.88999 3.57708
    endloop
  endfacet
  facet normal 0.956926 0.290332 0
    outer loop
      vertex 93.6079 -3.88999 0
      vertex 93.6402 -3.99645 3.56819
      vertex 93.6402 -3.99645 0
    endloop
  endfacet
  facet normal 0.849384 0.527775 0
    outer loop
      vertex 93.8365 -4.39447 3.52932
      vertex 93.7778 -4.3 0
      vertex 93.7778 -4.3 3.53945
    endloop
  endfacet
  facet normal 0.849384 0.527775 0
    outer loop
      vertex 93.7778 -4.3 0
      vertex 93.8365 -4.39447 3.52932
      vertex 93.8365 -4.39447 0
    endloop
  endfacet
  facet normal 0.8817 0.47181 0
    outer loop
      vertex 93.7778 -4.3 3.53945
      vertex 93.7253 -4.20189 0
      vertex 93.7253 -4.20189 3.54933
    endloop
  endfacet
  facet normal 0.8817 0.47181 0
    outer loop
      vertex 93.7253 -4.20189 0
      vertex 93.7778 -4.3 3.53945
      vertex 93.7778 -4.3 0
    endloop
  endfacet
  facet normal 0.772915 0.634509 0
    outer loop
      vertex 93.9719 -4.57089 3.5085
      vertex 93.9013 -4.48489 0
      vertex 93.9013 -4.48489 3.51899
    endloop
  endfacet
  facet normal 0.772915 0.634509 0
    outer loop
      vertex 93.9013 -4.48489 0
      vertex 93.9719 -4.57089 3.5085
      vertex 93.9719 -4.57089 0
    endloop
  endfacet
  facet normal 0.812821 0.582513 0
    outer loop
      vertex 93.9013 -4.48489 3.51899
      vertex 93.8365 -4.39447 0
      vertex 93.8365 -4.39447 3.52932
    endloop
  endfacet
  facet normal 0.812821 0.582513 0
    outer loop
      vertex 93.8365 -4.39447 0
      vertex 93.9013 -4.48489 3.51899
      vertex 93.9013 -4.48489 0
    endloop
  endfacet
  facet normal 0.730056 0.683388 0
    outer loop
      vertex 94.0479 -4.65208 3.49789
      vertex 93.9719 -4.57089 0
      vertex 93.9719 -4.57089 3.5085
    endloop
  endfacet
  facet normal 0.730056 0.683388 0
    outer loop
      vertex 93.9719 -4.57089 0
      vertex 94.0479 -4.65208 3.49789
      vertex 94.0479 -4.65208 0
    endloop
  endfacet
  facet normal -0.999476 0.032363 0
    outer loop
      vertex 96.9464 -3.56118 3.33163
      vertex 96.95 -3.45 0
      vertex 96.9464 -3.56118 0
    endloop
  endfacet
  facet normal -0.999476 0.032363 0
    outer loop
      vertex 96.95 -3.45 0
      vertex 96.9464 -3.56118 3.33163
      vertex 96.95 -3.45 3.33629
    endloop
  endfacet
  facet normal -0.849384 0.527775 0
    outer loop
      vertex 96.6635 -4.39447 0
      vertex 96.7222 -4.3 3.31463
      vertex 96.7222 -4.3 0
    endloop
  endfacet
  facet normal -0.849384 0.527775 0
    outer loop
      vertex 96.7222 -4.3 3.31463
      vertex 96.6635 -4.39447 0
      vertex 96.6635 -4.39447 3.31463
    endloop
  endfacet
  facet normal -0.911251 0.411851 0
    outer loop
      vertex 96.8206 -4.10056 0
      vertex 96.8039 -4.13751 3.31619
      vertex 96.8206 -4.10056 3.31669
    endloop
  endfacet
  facet normal -0.910904 0.412617 1.02847e-05
    outer loop
      vertex 96.7747 -4.20189 0
      vertex 96.8039 -4.13751 3.31619
      vertex 96.8206 -4.10056 0
    endloop
  endfacet
  facet normal -0.910705 0.413057 0
    outer loop
      vertex 96.8039 -4.13751 3.31619
      vertex 96.7747 -4.20189 0
      vertex 96.7747 -4.20189 3.31532
    endloop
  endfacet
  facet normal -0.0979904 0.995187 0
    outer loop
      vertex 95.3612 -5.14636 0
      vertex 95.4719 -5.13546 3.36257
      vertex 95.4719 -5.13546 0
    endloop
  endfacet
  facet normal -0.0979904 0.995187 0
    outer loop
      vertex 95.4719 -5.13546 3.36257
      vertex 95.3612 -5.14636 0
      vertex 95.3612 -5.14636 3.37013
    endloop
  endfacet
  facet normal -0.291098 0.956693 2.42815e-05
    outer loop
      vertex 95.69 -5.09207 0
      vertex 95.766 -5.06903 3.34476
      vertex 95.7964 -5.05978 3.34306
    endloop
  endfacet
  facet normal -0.290399 0.956906 0
    outer loop
      vertex 95.69 -5.09207 0
      vertex 95.7964 -5.05978 3.34306
      vertex 95.7964 -5.05978 0
    endloop
  endfacet
  facet normal -0.290119 0.956991 0
    outer loop
      vertex 95.766 -5.06903 3.34476
      vertex 95.69 -5.09207 0
      vertex 95.69 -5.09207 3.34901
    endloop
  endfacet
  facet normal -0.471428 0.881905 0
    outer loop
      vertex 96.0019 -4.97468 0
      vertex 96.1 -4.92224 3.32889
      vertex 96.1 -4.92224 0
    endloop
  endfacet
  facet normal -0.471428 0.881905 0
    outer loop
      vertex 96.1 -4.92224 3.32889
      vertex 96.0019 -4.97468 0
      vertex 96.0019 -4.97468 3.33298
    endloop
  endfacet
  facet normal 0.0339772 0.999423 -4.15512e-05
    outer loop
      vertex 95.1388 -5.14636 0
      vertex 95.245 -5.14983 3.37856
      vertex 95.25 -5.15 3.37818
    endloop
  endfacet
  facet normal 0.0327163 0.999465 0
    outer loop
      vertex 95.1388 -5.14636 0
      vertex 95.25 -5.15 3.37818
      vertex 95.25 -5.15 0
    endloop
  endfacet
  facet normal 0.0326568 0.999467 0
    outer loop
      vertex 95.245 -5.14983 3.37856
      vertex 95.1388 -5.14636 0
      vertex 95.1388 -5.14636 3.38641
    endloop
  endfacet
  facet normal 0.226946 0.973907 0
    outer loop
      vertex 94.81 -5.09207 0
      vertex 94.9184 -5.11733 3.40419
      vertex 94.9184 -5.11733 0
    endloop
  endfacet
  facet normal 0.226946 0.973907 0
    outer loop
      vertex 94.9184 -5.11733 3.40419
      vertex 94.81 -5.09207 0
      vertex 94.81 -5.09207 3.41367
    endloop
  endfacet
  facet normal 0.412793 0.910825 0
    outer loop
      vertex 94.4981 -4.97468 0
      vertex 94.5994 -5.02059 3.43359
      vertex 94.5994 -5.02059 0
    endloop
  endfacet
  facet normal 0.412793 0.910825 0
    outer loop
      vertex 94.5994 -5.02059 3.43359
      vertex 94.4981 -4.97468 0
      vertex 94.4981 -4.97468 3.44395
    endloop
  endfacet
  facet normal 0.582598 0.81276 0
    outer loop
      vertex 94.2151 -4.7987 0
      vertex 94.3055 -4.8635 3.46525
      vertex 94.3055 -4.8635 0
    endloop
  endfacet
  facet normal 0.582598 0.81276 0
    outer loop
      vertex 94.3055 -4.8635 3.46525
      vertex 94.2151 -4.7987 0
      vertex 94.2151 -4.7987 3.47609
    endloop
  endfacet
  facet normal 0.98653 0.163583 0
    outer loop
      vertex 93.5827 -3.78165 3.58557
      vertex 93.5645 -3.67189 0
      vertex 93.5645 -3.67189 3.59361
    endloop
  endfacet
  facet normal 0.98653 0.163583 0
    outer loop
      vertex 93.5645 -3.67189 0
      vertex 93.5827 -3.78165 3.58557
      vertex 93.5827 -3.78165 0
    endloop
  endfacet
  facet normal 0.936234 0.351377 0
    outer loop
      vertex 93.6478 -4.0167 3.56639
      vertex 93.6402 -3.99645 0
      vertex 93.6402 -3.99645 3.56819
    endloop
  endfacet
  facet normal 0.935769 0.352614 8.01832e-06
    outer loop
      vertex 93.6794 -4.10056 3.55892
      vertex 93.6402 -3.99645 0
      vertex 93.6478 -4.0167 3.56639
    endloop
  endfacet
  facet normal 0.935859 0.352374 0
    outer loop
      vertex 93.6402 -3.99645 0
      vertex 93.6794 -4.10056 3.55892
      vertex 93.6794 -4.10056 0
    endloop
  endfacet
  facet normal -0.98653 0.163583 0
    outer loop
      vertex 96.9173 -3.78165 3.32421
      vertex 96.9355 -3.67189 0
      vertex 96.9173 -3.78165 0
    endloop
  endfacet
  facet normal -0.98653 0.163583 0
    outer loop
      vertex 96.9355 -3.67189 0
      vertex 96.9173 -3.78165 3.32421
      vertex 96.9355 -3.67189 3.3276
    endloop
  endfacet
  facet normal -0.8817 0.47181 0
    outer loop
      vertex 96.7222 -4.3 0
      vertex 96.7747 -4.20189 3.31532
      vertex 96.7747 -4.20189 0
    endloop
  endfacet
  facet normal -0.8817 0.47181 0
    outer loop
      vertex 96.7747 -4.20189 3.31532
      vertex 96.7222 -4.3 0
      vertex 96.7222 -4.3 3.31463
    endloop
  endfacet
  facet normal -0.881905 -0.471428 0
    outer loop
      vertex 3.34468 65.3019 0
      vertex 3.29224 65.4 3.87859
      vertex 3.29224 65.4 0
    endloop
  endfacet
  facet normal -0.881905 -0.471428 0
    outer loop
      vertex 3.29224 65.4 3.87859
      vertex 3.34468 65.3019 0
      vertex 3.34468 65.3019 3.8961
    endloop
  endfacet
  facet normal -0.352374 -0.935859 0
    outer loop
      vertex 2.47056 66.1206 0
      vertex 2.36645 66.1598 3.68516
      vertex 2.36645 66.1598 0
    endloop
  endfacet
  facet normal -0.352374 -0.935859 0
    outer loop
      vertex 2.36645 66.1598 3.68516
      vertex 2.47056 66.1206 0
      vertex 2.47056 66.1206 3.70142
    endloop
  endfacet
  facet normal 0.411941 -0.91121 -2.32545e-05
    outer loop
      vertex 1.16944 66.1206 0
      vertex 1.11788 66.0972 3.55356
      vertex 1.06811 66.0747 3.55019
    endloop
  endfacet
  facet normal 0.412617 -0.910904 0
    outer loop
      vertex 1.16944 66.1206 0
      vertex 1.06811 66.0747 3.55019
      vertex 1.06811 66.0747 0
    endloop
  endfacet
  facet normal 0.413271 -0.910608 0
    outer loop
      vertex 1.11788 66.0972 3.55356
      vertex 1.16944 66.1206 0
      vertex 1.16944 66.1206 3.55652
    endloop
  endfacet
  facet normal 0.93589 -0.352294 0
    outer loop
      vertex 0.210218 65.0965 0
      vertex 0.249404 65.2006 3.54523
      vertex 0.210218 65.0965 3.55099
    endloop
  endfacet
  facet normal 0.93589 -0.352294 0
    outer loop
      vertex 0.249404 65.2006 3.54523
      vertex 0.210218 65.0965 0
      vertex 0.249404 65.2006 0
    endloop
  endfacet
  facet normal 0.999465 -0.0327073 0
    outer loop
      vertex 0.12 64.55 0
      vertex 0.123639 64.6612 3.58298
      vertex 0.12 64.55 3.59305
    endloop
  endfacet
  facet normal 0.999465 -0.0327073 0
    outer loop
      vertex 0.123639 64.6612 3.58298
      vertex 0.12 64.55 0
      vertex 0.123639 64.6612 0
    endloop
  endfacet
  facet normal 0.635311 -0.772256 0
    outer loop
      vertex 0.699112 65.8281 0
      vertex 0.718804 65.8443 3.5345
      vertex 0.699112 65.8281 3.53396
    endloop
  endfacet
  facet normal 0.63454 -0.77289 7.19992e-06
    outer loop
      vertex 0.785105 65.8987 0
      vertex 0.718804 65.8443 3.5345
      vertex 0.699112 65.8281 0
    endloop
  endfacet
  facet normal 0.634311 -0.773078 0
    outer loop
      vertex 0.718804 65.8443 3.5345
      vertex 0.785105 65.8987 0
      vertex 0.785105 65.8987 3.5363
    endloop
  endfacet
  facet normal -0.935989 0.352029 0
    outer loop
      vertex 3.39059 63.8994 0
      vertex 3.42978 64.0036 4.05581
      vertex 3.42978 64.0036 0
    endloop
  endfacet
  facet normal -0.935989 0.352029 0
    outer loop
      vertex 3.42978 64.0036 4.05581
      vertex 3.39059 63.8994 0
      vertex 3.39059 63.8994 4.06266
    endloop
  endfacet
  facet normal -0.47181 0.8817 0
    outer loop
      vertex 2.67 63.0778 0
      vertex 2.57189 63.0253 4.05671
      vertex 2.67 63.0778 4.06357
    endloop
  endfacet
  facet normal -0.47181 0.8817 0
    outer loop
      vertex 2.57189 63.0253 4.05671
      vertex 2.67 63.0778 0
      vertex 2.57189 63.0253 0
    endloop
  endfacet
  facet normal -0.995187 -0.0979904 0
    outer loop
      vertex 3.51636 64.6612 0
      vertex 3.50546 64.7719 3.97702
      vertex 3.50546 64.7719 0
    endloop
  endfacet
  facet normal -0.995189 -0.0979721 -5.16755e-07
    outer loop
      vertex 3.50546 64.7719 3.97702
      vertex 3.51636 64.6612 0
      vertex 3.50926 64.7333 3.98203
    endloop
  endfacet
  facet normal -0.995186 -0.0980003 0
    outer loop
      vertex 3.50926 64.7333 3.98203
      vertex 3.51636 64.6612 0
      vertex 3.51636 64.6612 3.99139
    endloop
  endfacet
  facet normal -0.973861 -0.227144 0
    outer loop
      vertex 3.48733 64.8817 0
      vertex 3.46207 64.99 3.94626
      vertex 3.46207 64.99 0
    endloop
  endfacet
  facet normal -0.973861 -0.227144 0
    outer loop
      vertex 3.46207 64.99 3.94626
      vertex 3.48733 64.8817 0
      vertex 3.48733 64.8817 3.96195
    endloop
  endfacet
  facet normal -0.849298 -0.527913 0
    outer loop
      vertex 3.29224 65.4 0
      vertex 3.2335 65.4945 3.86082
      vertex 3.2335 65.4945 0
    endloop
  endfacet
  facet normal -0.849298 -0.527913 0
    outer loop
      vertex 3.2335 65.4945 3.86082
      vertex 3.29224 65.4 0
      vertex 3.29224 65.4 3.87859
    endloop
  endfacet
  facet normal -0.683388 -0.730056 0
    outer loop
      vertex 3.02208 65.7521 0
      vertex 2.94089 65.8281 3.78857
      vertex 2.94089 65.8281 0
    endloop
  endfacet
  facet normal -0.683388 -0.730056 0
    outer loop
      vertex 2.94089 65.8281 3.78857
      vertex 3.02208 65.7521 0
      vertex 3.02208 65.7521 3.80665
    endloop
  endfacet
  facet normal -0.729873 -0.683582 0
    outer loop
      vertex 3.09813 65.6709 0
      vertex 3.02208 65.7521 3.80665
      vertex 3.02208 65.7521 0
    endloop
  endfacet
  facet normal -0.729873 -0.683582 0
    outer loop
      vertex 3.02208 65.7521 3.80665
      vertex 3.09813 65.6709 0
      vertex 3.09813 65.6709 3.82477
    endloop
  endfacet
  facet normal 0.0323601 -0.999476 0
    outer loop
      vertex 1.82 66.25 0
      vertex 1.70881 66.2464 3.60164
      vertex 1.70881 66.2464 0
    endloop
  endfacet
  facet normal 0.0323601 -0.999476 0
    outer loop
      vertex 1.70881 66.2464 3.60164
      vertex 1.82 66.25 0
      vertex 1.82 66.25 3.61359
    endloop
  endfacet
  facet normal -0.163583 -0.98653 0
    outer loop
      vertex 2.15165 66.2173 0
      vertex 2.04189 66.2355 3.64002
      vertex 2.04189 66.2355 0
    endloop
  endfacet
  facet normal -0.163583 -0.98653 0
    outer loop
      vertex 2.04189 66.2355 3.64002
      vertex 2.15165 66.2173 0
      vertex 2.15165 66.2173 3.6544
    endloop
  endfacet
  facet normal -0.290332 -0.956926 0
    outer loop
      vertex 2.36645 66.1598 0
      vertex 2.25999 66.1921 3.66947
      vertex 2.25999 66.1921 0
    endloop
  endfacet
  facet normal -0.290332 -0.956926 0
    outer loop
      vertex 2.25999 66.1921 3.66947
      vertex 2.36645 66.1598 0
      vertex 2.36645 66.1598 3.68516
    endloop
  endfacet
  facet normal -0.032363 -0.999476 0
    outer loop
      vertex 1.93118 66.2464 0
      vertex 1.82 66.25 3.61359
      vertex 1.82 66.25 0
    endloop
  endfacet
  facet normal -0.032363 -0.999476 0
    outer loop
      vertex 1.82 66.25 3.61359
      vertex 1.93118 66.2464 0
      vertex 1.93118 66.2464 3.6264
    endloop
  endfacet
  facet normal -0.582513 -0.812821 0
    outer loop
      vertex 2.85489 65.8987 0
      vertex 2.76447 65.9635 3.75282
      vertex 2.76447 65.9635 0
    endloop
  endfacet
  facet normal -0.582513 -0.812821 0
    outer loop
      vertex 2.76447 65.9635 3.75282
      vertex 2.85489 65.8987 0
      vertex 2.85489 65.8987 3.7706
    endloop
  endfacet
  facet normal -0.412617 -0.910904 0
    outer loop
      vertex 2.57189 66.0747 0
      vertex 2.47056 66.1206 3.70142
      vertex 2.47056 66.1206 0
    endloop
  endfacet
  facet normal -0.412617 -0.910904 0
    outer loop
      vertex 2.47056 66.1206 3.70142
      vertex 2.57189 66.0747 0
      vertex 2.57189 66.0747 3.71816
    endloop
  endfacet
  facet normal -0.527775 -0.849384 0
    outer loop
      vertex 2.76447 65.9635 0
      vertex 2.67 66.0222 3.73532
      vertex 2.67 66.0222 0
    endloop
  endfacet
  facet normal -0.527775 -0.849384 0
    outer loop
      vertex 2.67 66.0222 3.73532
      vertex 2.76447 65.9635 0
      vertex 2.76447 65.9635 3.75282
    endloop
  endfacet
  facet normal 0.986817 -0.161841 -3.14156e-05
    outer loop
      vertex 0.134543 64.7719 0
      vertex 0.152664 64.8817 3.56578
      vertex 0.15045 64.8682 3.56687
    endloop
  endfacet
  facet normal 0.98663 -0.162973 0
    outer loop
      vertex 0.134543 64.7719 0
      vertex 0.15045 64.8682 3.56687
      vertex 0.134543 64.7719 3.57391
    endloop
  endfacet
  facet normal 0.986654 -0.162834 0
    outer loop
      vertex 0.152664 64.8817 3.56578
      vertex 0.134543 64.7719 0
      vertex 0.152664 64.8817 0
    endloop
  endfacet
  facet normal 0.812769 -0.582586 0
    outer loop
      vertex 0.406501 65.4945 0
      vertex 0.471299 65.5849 3.53359
      vertex 0.406501 65.4945 3.53476
    endloop
  endfacet
  facet normal 0.812769 -0.582586 0
    outer loop
      vertex 0.471299 65.5849 3.53359
      vertex 0.406501 65.4945 0
      vertex 0.471299 65.5849 0
    endloop
  endfacet
  facet normal 0.910818 -0.412808 0
    outer loop
      vertex 0.249404 65.2006 0
      vertex 0.295316 65.3019 3.5406
      vertex 0.249404 65.2006 3.54523
    endloop
  endfacet
  facet normal 0.910818 -0.412808 0
    outer loop
      vertex 0.295316 65.3019 3.5406
      vertex 0.249404 65.2006 0
      vertex 0.295316 65.3019 0
    endloop
  endfacet
  facet normal 0.849278 -0.527946 0
    outer loop
      vertex 0.347756 65.4 0
      vertex 0.406501 65.4945 3.53476
      vertex 0.347756 65.4 3.5371
    endloop
  endfacet
  facet normal 0.849278 -0.527946 0
    outer loop
      vertex 0.406501 65.4945 3.53476
      vertex 0.347756 65.4 0
      vertex 0.406501 65.4945 0
    endloop
  endfacet
  facet normal 0.163583 -0.98653 0
    outer loop
      vertex 1.59811 66.2355 0
      vertex 1.48835 66.2173 3.58054
      vertex 1.48835 66.2173 0
    endloop
  endfacet
  facet normal 0.163583 -0.98653 0
    outer loop
      vertex 1.48835 66.2173 3.58054
      vertex 1.59811 66.2355 0
      vertex 1.59811 66.2355 3.59061
    endloop
  endfacet
  facet normal 0.352374 -0.935859 0
    outer loop
      vertex 1.27355 66.1598 0
      vertex 1.16944 66.1206 3.55652
      vertex 1.16944 66.1206 0
    endloop
  endfacet
  facet normal 0.352374 -0.935859 0
    outer loop
      vertex 1.16944 66.1206 3.55652
      vertex 1.27355 66.1598 0
      vertex 1.27355 66.1598 3.56346
    endloop
  endfacet
  facet normal 0.227216 -0.973844 2.12092e-05
    outer loop
      vertex 1.48835 66.2173 0
      vertex 1.48673 66.217 3.5804
      vertex 1.38001 66.1921 3.57148
    endloop
  endfacet
  facet normal 0.226553 -0.973999 0
    outer loop
      vertex 1.48835 66.2173 0
      vertex 1.38001 66.1921 3.57148
      vertex 1.38001 66.1921 0
    endloop
  endfacet
  facet normal 0.182089 -0.983282 0
    outer loop
      vertex 1.48673 66.217 3.5804
      vertex 1.48835 66.2173 0
      vertex 1.48835 66.2173 3.58054
    endloop
  endfacet
  facet normal 0.527779 -0.849382 0
    outer loop
      vertex 0.969999 66.0222 0
      vertex 0.87553 65.9635 3.5398
      vertex 0.87553 65.9635 0
    endloop
  endfacet
  facet normal 0.527779 -0.849382 0
    outer loop
      vertex 0.87553 65.9635 3.5398
      vertex 0.969999 66.0222 0
      vertex 0.969999 66.0222 3.54443
    endloop
  endfacet
  facet normal 0.582492 -0.812837 0
    outer loop
      vertex 0.87553 65.9635 0
      vertex 0.785105 65.8987 3.5363
      vertex 0.785105 65.8987 0
    endloop
  endfacet
  facet normal 0.582492 -0.812837 0
    outer loop
      vertex 0.785105 65.8987 3.5363
      vertex 0.87553 65.9635 0
      vertex 0.87553 65.9635 3.5398
    endloop
  endfacet
  facet normal 0.729891 -0.683563 0
    outer loop
      vertex 0.541872 65.6709 3.53279
      vertex 0.617918 65.7521 0
      vertex 0.617918 65.7521 3.53279
    endloop
  endfacet
  facet normal 0.729891 -0.683563 0
    outer loop
      vertex 0.617918 65.7521 0
      vertex 0.541872 65.6709 3.53279
      vertex 0.541872 65.6709 0
    endloop
  endfacet
  facet normal -0.999465 -0.0327163 0
    outer loop
      vertex 3.52 64.55 0
      vertex 3.51636 64.6612 3.99139
      vertex 3.51636 64.6612 0
    endloop
  endfacet
  facet normal -0.999465 -0.0327163 0
    outer loop
      vertex 3.51636 64.6612 3.99139
      vertex 3.52 64.55 0
      vertex 3.52 64.55 4.00502
    endloop
  endfacet
  facet normal -0.849298 0.527913 0
    outer loop
      vertex 3.2335 63.6055 0
      vertex 3.29224 63.7 4.07306
      vertex 3.29224 63.7 0
    endloop
  endfacet
  facet normal -0.849298 0.527913 0
    outer loop
      vertex 3.29224 63.7 4.07306
      vertex 3.2335 63.6055 0
      vertex 3.2335 63.6055 4.07655
    endloop
  endfacet
  facet normal -0.352374 0.935859 0
    outer loop
      vertex 2.47056 62.9794 0
      vertex 2.36645 62.9402 4.03983
      vertex 2.47056 62.9794 4.04879
    endloop
  endfacet
  facet normal -0.352374 0.935859 0
    outer loop
      vertex 2.36645 62.9402 4.03983
      vertex 2.47056 62.9794 0
      vertex 2.36645 62.9402 0
    endloop
  endfacet
  facet normal -0.956981 -0.29015 0
    outer loop
      vertex 3.46207 64.99 0
      vertex 3.42978 65.0965 3.93
      vertex 3.42978 65.0965 0
    endloop
  endfacet
  facet normal -0.956981 -0.29015 0
    outer loop
      vertex 3.42978 65.0965 3.93
      vertex 3.46207 64.99 0
      vertex 3.46207 64.99 3.94626
    endloop
  endfacet
  facet normal -0.986641 -0.162913 0
    outer loop
      vertex 3.50546 64.7719 0
      vertex 3.48733 64.8817 3.96195
      vertex 3.48733 64.8817 0
    endloop
  endfacet
  facet normal -0.986641 -0.162913 0
    outer loop
      vertex 3.48733 64.8817 3.96195
      vertex 3.50546 64.7719 0
      vertex 3.50546 64.7719 3.97702
    endloop
  endfacet
  facet normal -0.81276 -0.582598 0
    outer loop
      vertex 3.2335 65.4945 0
      vertex 3.1687 65.5849 3.84285
      vertex 3.1687 65.5849 0
    endloop
  endfacet
  facet normal -0.81276 -0.582598 0
    outer loop
      vertex 3.1687 65.5849 3.84285
      vertex 3.2335 65.4945 0
      vertex 3.2335 65.4945 3.86082
    endloop
  endfacet
  facet normal -0.226553 -0.973999 0
    outer loop
      vertex 2.25999 66.1921 0
      vertex 2.15165 66.2173 3.6544
      vertex 2.15165 66.2173 0
    endloop
  endfacet
  facet normal -0.226553 -0.973999 0
    outer loop
      vertex 2.15165 66.2173 3.6544
      vertex 2.25999 66.1921 0
      vertex 2.25999 66.1921 3.66947
    endloop
  endfacet
  facet normal -0.0979817 -0.995188 0
    outer loop
      vertex 2.04189 66.2355 0
      vertex 1.93118 66.2464 3.6264
      vertex 1.93118 66.2464 0
    endloop
  endfacet
  facet normal -0.0979817 -0.995188 0
    outer loop
      vertex 1.93118 66.2464 3.6264
      vertex 2.04189 66.2355 0
      vertex 2.04189 66.2355 3.64002
    endloop
  endfacet
  facet normal -0.47181 -0.8817 0
    outer loop
      vertex 2.67 66.0222 0
      vertex 2.57189 66.0747 3.71816
      vertex 2.57189 66.0747 0
    endloop
  endfacet
  facet normal -0.47181 -0.8817 0
    outer loop
      vertex 2.57189 66.0747 3.71816
      vertex 2.67 66.0222 0
      vertex 2.67 66.0222 3.73532
    endloop
  endfacet
  facet normal -0.634509 -0.772915 0
    outer loop
      vertex 2.94089 65.8281 0
      vertex 2.85489 65.8987 3.7706
      vertex 2.85489 65.8987 0
    endloop
  endfacet
  facet normal -0.634509 -0.772915 0
    outer loop
      vertex 2.85489 65.8987 3.7706
      vertex 2.94089 65.8281 0
      vertex 2.94089 65.8281 3.78857
    endloop
  endfacet
  facet normal 0.999465 0.0327073 -0
    outer loop
      vertex 0.123639 64.4388 0
      vertex 0.12 64.55 3.59305
      vertex 0.123639 64.4388 3.60409
    endloop
  endfacet
  facet normal 0.999465 0.0327073 0
    outer loop
      vertex 0.12 64.55 3.59305
      vertex 0.123639 64.4388 0
      vertex 0.12 64.55 0
    endloop
  endfacet
  facet normal 0.956976 -0.290166 0
    outer loop
      vertex 0.177926 64.99 0
      vertex 0.210218 65.0965 3.55099
      vertex 0.177926 64.99 3.55785
    endloop
  endfacet
  facet normal 0.956976 -0.290166 0
    outer loop
      vertex 0.210218 65.0965 3.55099
      vertex 0.177926 64.99 0
      vertex 0.210218 65.0965 0
    endloop
  endfacet
  facet normal 0.995184 -0.0980261 0
    outer loop
      vertex 0.123639 64.6612 0
      vertex 0.134543 64.7719 3.57391
      vertex 0.123639 64.6612 3.58298
    endloop
  endfacet
  facet normal 0.995184 -0.0980261 0
    outer loop
      vertex 0.134543 64.7719 3.57391
      vertex 0.123639 64.6612 0
      vertex 0.134543 64.7719 0
    endloop
  endfacet
  facet normal 0.973857 -0.227161 0
    outer loop
      vertex 0.152664 64.8817 0
      vertex 0.177926 64.99 3.55785
      vertex 0.152664 64.8817 3.56578
    endloop
  endfacet
  facet normal 0.973857 -0.227161 0
    outer loop
      vertex 0.177926 64.99 3.55785
      vertex 0.152664 64.8817 0
      vertex 0.177926 64.99 0
    endloop
  endfacet
  facet normal 0.881951 -0.471341 -3.10452e-06
    outer loop
      vertex 0.295316 65.3019 0
      vertex 0.347756 65.4 3.5371
      vertex 0.315904 65.3404 3.53922
    endloop
  endfacet
  facet normal 0.881832 -0.471563 0
    outer loop
      vertex 0.295316 65.3019 0
      vertex 0.315904 65.3404 3.53922
      vertex 0.295316 65.3019 3.5406
    endloop
  endfacet
  facet normal 0.881905 -0.471428 0
    outer loop
      vertex 0.347756 65.4 3.5371
      vertex 0.295316 65.3019 0
      vertex 0.347756 65.4 0
    endloop
  endfacet
  facet normal 0.773196 -0.634167 0
    outer loop
      vertex 0.493973 65.6125 3.53359
      vertex 0.541872 65.6709 0
      vertex 0.541872 65.6709 3.53279
    endloop
  endfacet
  facet normal 0.772691 -0.634782 0
    outer loop
      vertex 0.471299 65.5849 0
      vertex 0.493973 65.6125 3.53359
      vertex 0.471299 65.5849 3.53359
    endloop
  endfacet
  facet normal 0.773034 -0.634364 -5.46715e-06
    outer loop
      vertex 0.493973 65.6125 3.53359
      vertex 0.471299 65.5849 0
      vertex 0.541872 65.6709 0
    endloop
  endfacet
  facet normal 0.290332 -0.956926 0
    outer loop
      vertex 1.38001 66.1921 0
      vertex 1.27355 66.1598 3.56346
      vertex 1.27355 66.1598 0
    endloop
  endfacet
  facet normal 0.290332 -0.956926 0
    outer loop
      vertex 1.27355 66.1598 3.56346
      vertex 1.38001 66.1921 0
      vertex 1.38001 66.1921 3.57148
    endloop
  endfacet
  facet normal 0.0979904 -0.995187 0
    outer loop
      vertex 1.70881 66.2464 0
      vertex 1.59811 66.2355 3.59061
      vertex 1.59811 66.2355 0
    endloop
  endfacet
  facet normal 0.0979904 -0.995187 0
    outer loop
      vertex 1.59811 66.2355 3.59061
      vertex 1.70881 66.2464 0
      vertex 1.70881 66.2464 3.60164
    endloop
  endfacet
  facet normal 0.471806 -0.881702 0
    outer loop
      vertex 1.06811 66.0747 0
      vertex 0.969999 66.0222 3.54443
      vertex 0.969999 66.0222 0
    endloop
  endfacet
  facet normal 0.471806 -0.881702 0
    outer loop
      vertex 0.969999 66.0222 3.54443
      vertex 1.06811 66.0747 0
      vertex 1.06811 66.0747 3.55019
    endloop
  endfacet
  facet normal 0.68337 -0.730073 0
    outer loop
      vertex 0.699112 65.8281 0
      vertex 0.617918 65.7521 3.53279
      vertex 0.617918 65.7521 0
    endloop
  endfacet
  facet normal 0.68337 -0.730073 0
    outer loop
      vertex 0.617918 65.7521 3.53279
      vertex 0.699112 65.8281 0
      vertex 0.699112 65.8281 3.53396
    endloop
  endfacet
  facet normal -0.995187 0.0979904 0
    outer loop
      vertex 3.50546 64.3281 0
      vertex 3.51636 64.4388 4.01783
      vertex 3.51636 64.4388 0
    endloop
  endfacet
  facet normal -0.995156 0.098306 -8.77821e-06
    outer loop
      vertex 3.51636 64.4388 4.01783
      vertex 3.50546 64.3281 0
      vertex 3.51392 64.4141 4.0205
    endloop
  endfacet
  facet normal -0.995196 0.0978995 0
    outer loop
      vertex 3.51392 64.4141 4.0205
      vertex 3.50546 64.3281 0
      vertex 3.50546 64.3281 4.02897
    endloop
  endfacet
  facet normal -0.973861 0.227144 0
    outer loop
      vertex 3.46207 64.11 0
      vertex 3.48733 64.2183 4.03893
      vertex 3.48733 64.2183 0
    endloop
  endfacet
  facet normal -0.973861 0.227144 0
    outer loop
      vertex 3.48733 64.2183 4.03893
      vertex 3.46207 64.11 0
      vertex 3.46207 64.11 4.04788
    endloop
  endfacet
  facet normal -0.999465 0.0327163 0
    outer loop
      vertex 3.51636 64.4388 0
      vertex 3.52 64.55 4.00502
      vertex 3.52 64.55 0
    endloop
  endfacet
  facet normal -0.999465 0.0327163 0
    outer loop
      vertex 3.52 64.55 4.00502
      vertex 3.51636 64.4388 0
      vertex 3.51636 64.4388 4.01783
    endloop
  endfacet
  facet normal -0.956906 0.290399 0
    outer loop
      vertex 3.42978 64.0036 0
      vertex 3.46207 64.11 4.04788
      vertex 3.46207 64.11 0
    endloop
  endfacet
  facet normal -0.956906 0.290399 0
    outer loop
      vertex 3.46207 64.11 4.04788
      vertex 3.42978 64.0036 0
      vertex 3.42978 64.0036 4.05581
    endloop
  endfacet
  facet normal -0.881905 0.471428 0
    outer loop
      vertex 3.29224 63.7 0
      vertex 3.34468 63.7981 4.06842
      vertex 3.34468 63.7981 0
    endloop
  endfacet
  facet normal -0.881905 0.471428 0
    outer loop
      vertex 3.34468 63.7981 4.06842
      vertex 3.29224 63.7 0
      vertex 3.29224 63.7 4.07306
    endloop
  endfacet
  facet normal 0.995184 0.0980261 -0
    outer loop
      vertex 0.134543 64.3281 0
      vertex 0.123639 64.4388 3.60409
      vertex 0.134543 64.3281 3.61605
    endloop
  endfacet
  facet normal 0.995184 0.0980261 0
    outer loop
      vertex 0.123639 64.4388 3.60409
      vertex 0.134543 64.3281 0
      vertex 0.123639 64.4388 0
    endloop
  endfacet
  facet normal 0.986654 0.162834 -0
    outer loop
      vertex 0.152664 64.2183 0
      vertex 0.134543 64.3281 3.61605
      vertex 0.152664 64.2183 3.62887
    endloop
  endfacet
  facet normal 0.986654 0.162834 0
    outer loop
      vertex 0.134543 64.3281 3.61605
      vertex 0.152664 64.2183 0
      vertex 0.134543 64.3281 0
    endloop
  endfacet
  facet normal 0.910818 0.412808 -0
    outer loop
      vertex 0.295316 63.7981 0
      vertex 0.249404 63.8994 3.67197
      vertex 0.295316 63.7981 3.68767
    endloop
  endfacet
  facet normal 0.910818 0.412808 0
    outer loop
      vertex 0.249404 63.8994 3.67197
      vertex 0.295316 63.7981 0
      vertex 0.249404 63.8994 0
    endloop
  endfacet
  facet normal -0.0978161 0.995205 0
    outer loop
      vertex 2.04189 62.8645 0
      vertex 1.97474 62.8579 3.99946
      vertex 2.04189 62.8645 4.00715
    endloop
  endfacet
  facet normal -0.0982361 0.995163 -7.11986e-06
    outer loop
      vertex 1.97474 62.8579 3.99946
      vertex 2.04189 62.8645 0
      vertex 1.93118 62.8536 3.9941
    endloop
  endfacet
  facet normal -0.0979817 0.995188 0
    outer loop
      vertex 1.93118 62.8536 3.9941
      vertex 2.04189 62.8645 0
      vertex 1.93118 62.8536 0
    endloop
  endfacet
  facet normal -0.290332 0.956926 0
    outer loop
      vertex 2.36645 62.9402 0
      vertex 2.25999 62.9079 4.02987
      vertex 2.36645 62.9402 4.03983
    endloop
  endfacet
  facet normal -0.290332 0.956926 0
    outer loop
      vertex 2.25999 62.9079 4.02987
      vertex 2.36645 62.9402 0
      vertex 2.25999 62.9079 0
    endloop
  endfacet
  facet normal -0.412617 0.910904 0
    outer loop
      vertex 2.57189 63.0253 0
      vertex 2.47056 62.9794 4.04879
      vertex 2.57189 63.0253 4.05671
    endloop
  endfacet
  facet normal -0.412617 0.910904 0
    outer loop
      vertex 2.47056 62.9794 4.04879
      vertex 2.57189 63.0253 0
      vertex 2.47056 62.9794 0
    endloop
  endfacet
  facet normal -0.910825 -0.412793 0
    outer loop
      vertex 3.39059 65.2006 0
      vertex 3.34468 65.3019 3.8961
      vertex 3.34468 65.3019 0
    endloop
  endfacet
  facet normal -0.910825 -0.412793 0
    outer loop
      vertex 3.34468 65.3019 3.8961
      vertex 3.39059 65.2006 0
      vertex 3.39059 65.2006 3.91326
    endloop
  endfacet
  facet normal -0.935878 -0.352325 0
    outer loop
      vertex 3.42978 65.0965 0
      vertex 3.39059 65.2006 3.91326
      vertex 3.39059 65.2006 0
    endloop
  endfacet
  facet normal -0.935878 -0.352325 0
    outer loop
      vertex 3.39059 65.2006 3.91326
      vertex 3.42978 65.0965 0
      vertex 3.42978 65.0965 3.93
    endloop
  endfacet
  facet normal -0.773047 -0.634348 0
    outer loop
      vertex 3.1687 65.5849 0
      vertex 3.09813 65.6709 3.82477
      vertex 3.09813 65.6709 0
    endloop
  endfacet
  facet normal -0.773047 -0.634348 0
    outer loop
      vertex 3.09813 65.6709 3.82477
      vertex 3.1687 65.5849 0
      vertex 3.1687 65.5849 3.84285
    endloop
  endfacet
  facet normal -0.986641 0.162913 0
    outer loop
      vertex 3.48733 64.2183 0
      vertex 3.50546 64.3281 4.02897
      vertex 3.50546 64.3281 0
    endloop
  endfacet
  facet normal -0.986641 0.162913 0
    outer loop
      vertex 3.50546 64.3281 4.02897
      vertex 3.48733 64.2183 0
      vertex 3.48733 64.2183 4.03893
    endloop
  endfacet
  facet normal -0.586079 0.810254 0
    outer loop
      vertex 2.85489 63.2013 0
      vertex 2.84936 63.1973 4.07369
      vertex 2.85489 63.2013 4.07397
    endloop
  endfacet
  facet normal -0.58228 0.812988 7.84216e-06
    outer loop
      vertex 2.85489 63.2013 0
      vertex 2.76447 63.1365 4.06933
      vertex 2.84936 63.1973 4.07369
    endloop
  endfacet
  facet normal -0.582513 0.812821 0
    outer loop
      vertex 2.76447 63.1365 4.06933
      vertex 2.85489 63.2013 0
      vertex 2.76447 63.1365 0
    endloop
  endfacet
  facet normal -0.773047 0.634348 0
    outer loop
      vertex 3.09813 63.4291 0
      vertex 3.1687 63.5151 4.07889
      vertex 3.1687 63.5151 0
    endloop
  endfacet
  facet normal -0.773047 0.634348 0
    outer loop
      vertex 3.1687 63.5151 4.07889
      vertex 3.09813 63.4291 0
      vertex 3.09813 63.4291 4.08006
    endloop
  endfacet
  facet normal -0.910825 0.412793 0
    outer loop
      vertex 3.34468 63.7981 0
      vertex 3.39059 63.8994 4.06266
      vertex 3.39059 63.8994 0
    endloop
  endfacet
  facet normal -0.910825 0.412793 0
    outer loop
      vertex 3.39059 63.8994 4.06266
      vertex 3.34468 63.7981 0
      vertex 3.34468 63.7981 4.06842
    endloop
  endfacet
  facet normal 0.290332 0.956926 -0
    outer loop
      vertex 1.38001 62.9079 0
      vertex 1.27355 62.9402 3.89874
      vertex 1.38001 62.9079 3.91591
    endloop
  endfacet
  facet normal 0.290332 0.956926 0
    outer loop
      vertex 1.27355 62.9402 3.89874
      vertex 1.38001 62.9079 0
      vertex 1.27355 62.9402 0
    endloop
  endfacet
  facet normal -0.032363 0.999476 0
    outer loop
      vertex 1.93118 62.8536 0
      vertex 1.82 62.85 3.97971
      vertex 1.93118 62.8536 3.9941
    endloop
  endfacet
  facet normal -0.032363 0.999476 0
    outer loop
      vertex 1.82 62.85 3.97971
      vertex 1.93118 62.8536 0
      vertex 1.82 62.85 0
    endloop
  endfacet
  facet normal 0.0979904 0.995187 -0
    outer loop
      vertex 1.70881 62.8536 0
      vertex 1.59811 62.8645 3.94893
      vertex 1.70881 62.8536 3.96464
    endloop
  endfacet
  facet normal 0.0979904 0.995187 0
    outer loop
      vertex 1.59811 62.8645 3.94893
      vertex 1.70881 62.8536 0
      vertex 1.59811 62.8645 0
    endloop
  endfacet
  facet normal 0.68337 0.730073 -0
    outer loop
      vertex 0.699112 63.2719 0
      vertex 0.617918 63.3479 3.77316
      vertex 0.699112 63.2719 3.79114
    endloop
  endfacet
  facet normal 0.68337 0.730073 0
    outer loop
      vertex 0.617918 63.3479 3.77316
      vertex 0.699112 63.2719 0
      vertex 0.617918 63.3479 0
    endloop
  endfacet
  facet normal -0.163583 0.98653 0
    outer loop
      vertex 2.15165 62.8827 0
      vertex 2.04189 62.8645 4.00715
      vertex 2.15165 62.8827 4.01896
    endloop
  endfacet
  facet normal -0.163583 0.98653 0
    outer loop
      vertex 2.04189 62.8645 4.00715
      vertex 2.15165 62.8827 0
      vertex 2.04189 62.8645 0
    endloop
  endfacet
  facet normal -0.226553 0.973999 0
    outer loop
      vertex 2.25999 62.9079 0
      vertex 2.15165 62.8827 4.01896
      vertex 2.25999 62.9079 4.02987
    endloop
  endfacet
  facet normal -0.226553 0.973999 0
    outer loop
      vertex 2.15165 62.8827 4.01896
      vertex 2.25999 62.9079 0
      vertex 2.15165 62.8827 0
    endloop
  endfacet
  facet normal -0.527775 0.849384 0
    outer loop
      vertex 2.76447 63.1365 0
      vertex 2.67 63.0778 4.06357
      vertex 2.76447 63.1365 4.06933
    endloop
  endfacet
  facet normal -0.527775 0.849384 0
    outer loop
      vertex 2.67 63.0778 4.06357
      vertex 2.76447 63.1365 0
      vertex 2.67 63.0778 0
    endloop
  endfacet
  facet normal -0.729746 0.683718 0
    outer loop
      vertex 3.09813 63.4291 0
      vertex 3.03901 63.366 4.08006
      vertex 3.09813 63.4291 4.08006
    endloop
  endfacet
  facet normal -0.729873 0.683582 -3.94126e-06
    outer loop
      vertex 3.02208 63.3479 0
      vertex 3.03901 63.366 4.08006
      vertex 3.09813 63.4291 0
    endloop
  endfacet
  facet normal -0.730317 0.683109 0
    outer loop
      vertex 3.03901 63.366 4.08006
      vertex 3.02208 63.3479 0
      vertex 3.02208 63.3479 4.0798
    endloop
  endfacet
  facet normal -0.81276 0.582598 0
    outer loop
      vertex 3.1687 63.5151 0
      vertex 3.2335 63.6055 4.07655
      vertex 3.2335 63.6055 0
    endloop
  endfacet
  facet normal -0.812679 0.582712 -3.81303e-06
    outer loop
      vertex 3.2335 63.6055 4.07655
      vertex 3.1687 63.5151 0
      vertex 3.20023 63.5591 4.07776
    endloop
  endfacet
  facet normal -0.812846 0.582478 0
    outer loop
      vertex 3.20023 63.5591 4.07776
      vertex 3.1687 63.5151 0
      vertex 3.1687 63.5151 4.07889
    endloop
  endfacet
  facet normal 0.163583 0.98653 -0
    outer loop
      vertex 1.59811 62.8645 0
      vertex 1.48835 62.8827 3.93267
      vertex 1.59811 62.8645 3.94893
    endloop
  endfacet
  facet normal 0.163583 0.98653 0
    outer loop
      vertex 1.48835 62.8827 3.93267
      vertex 1.59811 62.8645 0
      vertex 1.48835 62.8827 0
    endloop
  endfacet
  facet normal 0.352374 0.935859 -0
    outer loop
      vertex 1.27355 62.9402 0
      vertex 1.16944 62.9794 3.88123
      vertex 1.27355 62.9402 3.89874
    endloop
  endfacet
  facet normal 0.352374 0.935859 0
    outer loop
      vertex 1.16944 62.9794 3.88123
      vertex 1.27355 62.9402 0
      vertex 1.16944 62.9794 0
    endloop
  endfacet
  facet normal 0.63406 0.773284 -0
    outer loop
      vertex 0.785105 63.2013 0
      vertex 0.779373 63.206 3.80803
      vertex 0.785105 63.2013 3.80923
    endloop
  endfacet
  facet normal 0.634574 0.772862 1.29454e-06
    outer loop
      vertex 0.785105 63.2013 0
      vertex 0.699112 63.2719 3.79114
      vertex 0.779373 63.206 3.80803
    endloop
  endfacet
  facet normal 0.63454 0.77289 0
    outer loop
      vertex 0.699112 63.2719 3.79114
      vertex 0.785105 63.2013 0
      vertex 0.699112 63.2719 0
    endloop
  endfacet
  facet normal 0.527779 0.849382 -0
    outer loop
      vertex 0.969999 63.0778 0
      vertex 0.87553 63.1365 3.82737
      vertex 0.969999 63.0778 3.84546
    endloop
  endfacet
  facet normal 0.527779 0.849382 0
    outer loop
      vertex 0.87553 63.1365 3.82737
      vertex 0.969999 63.0778 0
      vertex 0.87553 63.1365 0
    endloop
  endfacet
  facet normal 0.582492 0.812837 -0
    outer loop
      vertex 0.87553 63.1365 0
      vertex 0.785105 63.2013 3.80923
      vertex 0.87553 63.1365 3.82737
    endloop
  endfacet
  facet normal 0.582492 0.812837 0
    outer loop
      vertex 0.785105 63.2013 3.80923
      vertex 0.87553 63.1365 0
      vertex 0.785105 63.2013 0
    endloop
  endfacet
  facet normal 0.973857 0.227161 -0
    outer loop
      vertex 0.177926 64.11 0
      vertex 0.152664 64.2183 3.62887
      vertex 0.177926 64.11 3.6425
    endloop
  endfacet
  facet normal 0.973857 0.227161 0
    outer loop
      vertex 0.152664 64.2183 3.62887
      vertex 0.177926 64.11 0
      vertex 0.152664 64.2183 0
    endloop
  endfacet
  facet normal 0.936001 0.351997 -0
    outer loop
      vertex 0.249404 63.8994 0
      vertex 0.210218 64.0036 3.65689
      vertex 0.249404 63.8994 3.67197
    endloop
  endfacet
  facet normal 0.936001 0.351997 0
    outer loop
      vertex 0.210218 64.0036 3.65689
      vertex 0.249404 63.8994 0
      vertex 0.210218 64.0036 0
    endloop
  endfacet
  facet normal 0.956971 0.290184 7.38165e-06
    outer loop
      vertex 0.210218 64.0036 0
      vertex 0.177926 64.11 3.6425
      vertex 0.20364 64.0252 3.65396
    endloop
  endfacet
  facet normal 0.956623 0.291327 -0
    outer loop
      vertex 0.210218 64.0036 0
      vertex 0.20364 64.0252 3.65396
      vertex 0.210218 64.0036 3.65689
    endloop
  endfacet
  facet normal 0.956901 0.290416 0
    outer loop
      vertex 0.177926 64.11 3.6425
      vertex 0.210218 64.0036 0
      vertex 0.177926 64.11 0
    endloop
  endfacet
  facet normal 0.812769 0.582586 -0
    outer loop
      vertex 0.471299 63.5151 0
      vertex 0.406501 63.6055 3.72069
      vertex 0.471299 63.5151 3.73786
    endloop
  endfacet
  facet normal 0.812769 0.582586 0
    outer loop
      vertex 0.406501 63.6055 3.72069
      vertex 0.471299 63.5151 0
      vertex 0.406501 63.6055 0
    endloop
  endfacet
  facet normal -0.634509 0.772915 0
    outer loop
      vertex 2.94089 63.2719 0
      vertex 2.85489 63.2013 4.07397
      vertex 2.94089 63.2719 4.07747
    endloop
  endfacet
  facet normal -0.634509 0.772915 0
    outer loop
      vertex 2.85489 63.2013 4.07397
      vertex 2.94089 63.2719 0
      vertex 2.85489 63.2013 0
    endloop
  endfacet
  facet normal -0.683388 0.730056 0
    outer loop
      vertex 3.02208 63.3479 0
      vertex 2.94089 63.2719 4.07747
      vertex 3.02208 63.3479 4.0798
    endloop
  endfacet
  facet normal -0.683388 0.730056 0
    outer loop
      vertex 2.94089 63.2719 4.07747
      vertex 3.02208 63.3479 0
      vertex 2.94089 63.2719 0
    endloop
  endfacet
  facet normal 0.226553 0.973999 -0
    outer loop
      vertex 1.48835 62.8827 0
      vertex 1.38001 62.9079 3.91591
      vertex 1.48835 62.8827 3.93267
    endloop
  endfacet
  facet normal 0.226553 0.973999 0
    outer loop
      vertex 1.38001 62.9079 3.91591
      vertex 1.48835 62.8827 0
      vertex 1.38001 62.9079 0
    endloop
  endfacet
  facet normal 0.471806 0.881702 -0
    outer loop
      vertex 1.06811 63.0253 0
      vertex 0.969999 63.0778 3.84546
      vertex 1.06811 63.0253 3.86344
    endloop
  endfacet
  facet normal 0.471806 0.881702 0
    outer loop
      vertex 0.969999 63.0778 3.84546
      vertex 1.06811 63.0253 0
      vertex 0.969999 63.0778 0
    endloop
  endfacet
  facet normal 0.0323601 0.999476 -0
    outer loop
      vertex 1.82 62.85 0
      vertex 1.70881 62.8536 3.96464
      vertex 1.82 62.85 3.97971
    endloop
  endfacet
  facet normal 0.0323601 0.999476 0
    outer loop
      vertex 1.70881 62.8536 3.96464
      vertex 1.82 62.85 0
      vertex 1.70881 62.8536 0
    endloop
  endfacet
  facet normal 0.729891 0.683563 -0
    outer loop
      vertex 0.617918 63.3479 0
      vertex 0.541872 63.4291 3.75538
      vertex 0.617918 63.3479 3.77316
    endloop
  endfacet
  facet normal 0.729891 0.683563 0
    outer loop
      vertex 0.541872 63.4291 3.75538
      vertex 0.617918 63.3479 0
      vertex 0.541872 63.4291 0
    endloop
  endfacet
  facet normal 0.881905 0.471428 -0
    outer loop
      vertex 0.347756 63.7 0
      vertex 0.295316 63.7981 3.68767
      vertex 0.347756 63.7 3.70394
    endloop
  endfacet
  facet normal 0.881905 0.471428 0
    outer loop
      vertex 0.295316 63.7981 3.68767
      vertex 0.347756 63.7 0
      vertex 0.295316 63.7981 0
    endloop
  endfacet
  facet normal 0.412617 0.910904 -0
    outer loop
      vertex 1.16944 62.9794 0
      vertex 1.06811 63.0253 3.86344
      vertex 1.16944 62.9794 3.88123
    endloop
  endfacet
  facet normal 0.412617 0.910904 0
    outer loop
      vertex 1.06811 63.0253 3.86344
      vertex 1.16944 62.9794 0
      vertex 1.06811 63.0253 0
    endloop
  endfacet
  facet normal 0.773034 0.634364 -0
    outer loop
      vertex 0.541872 63.4291 0
      vertex 0.471299 63.5151 3.73786
      vertex 0.541872 63.4291 3.75538
    endloop
  endfacet
  facet normal 0.773034 0.634364 0
    outer loop
      vertex 0.471299 63.5151 3.73786
      vertex 0.541872 63.4291 0
      vertex 0.471299 63.5151 0
    endloop
  endfacet
  facet normal 0.849278 0.527946 -0
    outer loop
      vertex 0.406501 63.6055 0
      vertex 0.347756 63.7 3.70394
      vertex 0.406501 63.6055 3.72069
    endloop
  endfacet
  facet normal 0.849278 0.527946 0
    outer loop
      vertex 0.347756 63.7 3.70394
      vertex 0.406501 63.6055 0
      vertex 0.347756 63.7 0
    endloop
  endfacet
  facet normal -0.999476 -0.0323571 0
    outer loop
      vertex 96.95 64.55 0
      vertex 96.9464 64.6612 3.33163
      vertex 96.9464 64.6612 0
    endloop
  endfacet
  facet normal -0.999484 -0.0321266 -7.70346e-06
    outer loop
      vertex 96.9464 64.6612 3.33163
      vertex 96.95 64.55 0
      vertex 96.9482 64.6052 3.33398
    endloop
  endfacet
  facet normal -0.999469 -0.0325914 0
    outer loop
      vertex 96.9482 64.6052 3.33398
      vertex 96.95 64.55 0
      vertex 96.95 64.55 3.33629
    endloop
  endfacet
  facet normal 0.999476 -0.0323571 0
    outer loop
      vertex 93.55 64.55 0
      vertex 93.5536 64.6612 3.60079
      vertex 93.55 64.55 3.60721
    endloop
  endfacet
  facet normal 0.999476 -0.0323571 0
    outer loop
      vertex 93.5536 64.6612 3.60079
      vertex 93.55 64.55 0
      vertex 93.5536 64.6612 0
    endloop
  endfacet
  facet normal -0.0323571 -0.999476 0
    outer loop
      vertex 95.25 66.25 0
      vertex 95.3612 66.2464 3.37013
      vertex 95.25 66.25 3.37818
    endloop
  endfacet
  facet normal -0.0323571 -0.999476 -0
    outer loop
      vertex 95.3612 66.2464 3.37013
      vertex 95.25 66.25 0
      vertex 95.3612 66.2464 0
    endloop
  endfacet
  facet normal 0.0323571 0.999476 0
    outer loop
      vertex 95.1388 62.8536 0
      vertex 95.25 62.85 3.55351
      vertex 95.25 62.85 0
    endloop
  endfacet
  facet normal 0.0323571 0.999476 0
    outer loop
      vertex 95.25 62.85 3.55351
      vertex 95.1388 62.8536 0
      vertex 95.1388 62.8536 3.56308
    endloop
  endfacet
  facet normal -0.684057 -0.729428 0
    outer loop
      vertex 96.3709 65.8281 0
      vertex 96.3918 65.8085 3.31859
      vertex 96.3709 65.8281 3.31912
    endloop
  endfacet
  facet normal -0.683095 -0.73033 -1.1385e-05
    outer loop
      vertex 96.3709 65.8281 0
      vertex 96.4521 65.7521 3.31706
      vertex 96.3918 65.8085 3.31859
    endloop
  endfacet
  facet normal -0.683343 -0.730098 -0
    outer loop
      vertex 96.4521 65.7521 3.31706
      vertex 96.3709 65.8281 0
      vertex 96.4521 65.7521 0
    endloop
  endfacet
  facet normal 0.684611 -0.728909 0
    outer loop
      vertex 94.0479 65.7521 0
      vertex 94.066 65.7691 3.49551
      vertex 94.0479 65.7521 3.49789
    endloop
  endfacet
  facet normal 0.682979 -0.730438 1.58848e-05
    outer loop
      vertex 94.066 65.7691 3.49551
      vertex 94.0479 65.7521 0
      vertex 94.1291 65.8281 3.48701
    endloop
  endfacet
  facet normal 0.683343 -0.730098 0
    outer loop
      vertex 94.1291 65.8281 3.48701
      vertex 94.0479 65.7521 0
      vertex 94.1291 65.8281 0
    endloop
  endfacet
  facet normal 0.352108 -0.93596 0
    outer loop
      vertex 94.5994 66.1206 0
      vertex 94.7036 66.1598 3.42348
      vertex 94.5994 66.1206 3.43359
    endloop
  endfacet
  facet normal 0.352108 -0.93596 0
    outer loop
      vertex 94.7036 66.1598 3.42348
      vertex 94.5994 66.1206 0
      vertex 94.7036 66.1598 0
    endloop
  endfacet
  facet normal -0.910754 -0.41295 0
    outer loop
      vertex 96.7747 65.3019 0
      vertex 96.8039 65.2375 3.31619
      vertex 96.7747 65.3019 3.31532
    endloop
  endfacet
  facet normal -0.910859 -0.412719 5.42291e-06
    outer loop
      vertex 96.8206 65.2006 0
      vertex 96.8039 65.2375 3.31619
      vertex 96.7747 65.3019 0
    endloop
  endfacet
  facet normal -0.911042 -0.412314 0
    outer loop
      vertex 96.8039 65.2375 3.31619
      vertex 96.8206 65.2006 0
      vertex 96.8206 65.2006 3.31669
    endloop
  endfacet
  facet normal -0.412719 -0.910859 0
    outer loop
      vertex 95.9006 66.1206 0
      vertex 96.0019 66.0747 3.33298
      vertex 95.9006 66.1206 3.33772
    endloop
  endfacet
  facet normal -0.412719 -0.910859 -0
    outer loop
      vertex 96.0019 66.0747 3.33298
      vertex 95.9006 66.1206 0
      vertex 96.0019 66.0747 0
    endloop
  endfacet
  facet normal -0.582598 -0.81276 0
    outer loop
      vertex 96.1945 65.9635 0
      vertex 96.2849 65.8987 3.32185
      vertex 96.1945 65.9635 3.32524
    endloop
  endfacet
  facet normal -0.582598 -0.81276 -0
    outer loop
      vertex 96.2849 65.8987 3.32185
      vertex 96.1945 65.9635 0
      vertex 96.2849 65.8987 0
    endloop
  endfacet
  facet normal 0.910368 -0.4138 3.72079e-05
    outer loop
      vertex 93.6794 65.2006 0
      vertex 93.7253 65.3019 3.54933
      vertex 93.7238 65.2986 3.54964
    endloop
  endfacet
  facet normal 0.910875 -0.412682 0
    outer loop
      vertex 93.6794 65.2006 0
      vertex 93.7238 65.2986 3.54964
      vertex 93.6794 65.2006 3.55893
    endloop
  endfacet
  facet normal 0.910859 -0.412719 0
    outer loop
      vertex 93.7253 65.3019 3.54933
      vertex 93.6794 65.2006 0
      vertex 93.7253 65.3019 0
    endloop
  endfacet
  facet normal 0.16367 -0.986515 0
    outer loop
      vertex 94.9184 66.2173 0
      vertex 95.0281 66.2355 3.39509
      vertex 94.9184 66.2173 3.40419
    endloop
  endfacet
  facet normal 0.16367 -0.986515 0
    outer loop
      vertex 95.0281 66.2355 3.39509
      vertex 94.9184 66.2173 0
      vertex 95.0281 66.2355 0
    endloop
  endfacet
  facet normal -0.976187 -0.21693 0
    outer loop
      vertex 96.8921 64.99 0
      vertex 96.8933 64.9846 3.32162
      vertex 96.8921 64.99 3.32145
    endloop
  endfacet
  facet normal -0.97398 -0.226633 -1.657e-05
    outer loop
      vertex 96.9173 64.8817 0
      vertex 96.8933 64.9846 3.32162
      vertex 96.8921 64.99 0
    endloop
  endfacet
  facet normal -0.973862 -0.22714 0
    outer loop
      vertex 96.8933 64.9846 3.32162
      vertex 96.9173 64.8817 0
      vertex 96.9173 64.8817 3.32421
    endloop
  endfacet
  facet normal -0.813221 -0.581955 0
    outer loop
      vertex 96.5987 65.5849 0
      vertex 96.6294 65.542 3.31499
      vertex 96.5987 65.5849 3.31499
    endloop
  endfacet
  facet normal -0.81276 -0.582598 -1.25843e-05
    outer loop
      vertex 96.6635 65.4945 0
      vertex 96.6294 65.542 3.31499
      vertex 96.5987 65.5849 0
    endloop
  endfacet
  facet normal -0.812345 -0.583178 0
    outer loop
      vertex 96.6294 65.542 3.31499
      vertex 96.6635 65.4945 0
      vertex 96.6635 65.4945 3.31463
    endloop
  endfacet
  facet normal -0.772915 -0.634509 0
    outer loop
      vertex 96.5987 65.5849 0
      vertex 96.5281 65.6709 3.31568
      vertex 96.5281 65.6709 0
    endloop
  endfacet
  facet normal -0.772915 -0.634509 0
    outer loop
      vertex 96.5281 65.6709 3.31568
      vertex 96.5987 65.5849 0
      vertex 96.5987 65.5849 3.31499
    endloop
  endfacet
  facet normal -0.84946 -0.527654 0
    outer loop
      vertex 96.7222 65.4 0
      vertex 96.6635 65.4945 3.31463
      vertex 96.6635 65.4945 0
    endloop
  endfacet
  facet normal -0.84946 -0.527654 0
    outer loop
      vertex 96.6635 65.4945 3.31463
      vertex 96.7222 65.4 0
      vertex 96.7222 65.4 3.31463
    endloop
  endfacet
  facet normal -0.226434 -0.974026 0
    outer loop
      vertex 95.5816 66.2173 0
      vertex 95.69 66.1921 3.34901
      vertex 95.5816 66.2173 3.35552
    endloop
  endfacet
  facet normal -0.226434 -0.974026 -0
    outer loop
      vertex 95.69 66.1921 3.34901
      vertex 95.5816 66.2173 0
      vertex 95.69 66.1921 0
    endloop
  endfacet
  facet normal -0.634509 -0.772915 0
    outer loop
      vertex 96.2849 65.8987 0
      vertex 96.3709 65.8281 3.31912
      vertex 96.2849 65.8987 3.32185
    endloop
  endfacet
  facet normal -0.634509 -0.772915 -0
    outer loop
      vertex 96.3709 65.8281 3.31912
      vertex 96.2849 65.8987 0
      vertex 96.3709 65.8281 0
    endloop
  endfacet
  facet normal 0.97398 -0.226633 0
    outer loop
      vertex 93.5827 64.8817 0
      vertex 93.6079 64.99 3.57708
      vertex 93.5827 64.8817 3.58557
    endloop
  endfacet
  facet normal 0.97398 -0.226633 0
    outer loop
      vertex 93.6079 64.99 3.57708
      vertex 93.5827 64.8817 0
      vertex 93.6079 64.99 0
    endloop
  endfacet
  facet normal 0.81276 -0.582598 0
    outer loop
      vertex 93.8365 65.4945 0
      vertex 93.9013 65.5849 3.51899
      vertex 93.8365 65.4945 3.52932
    endloop
  endfacet
  facet normal 0.81276 -0.582598 0
    outer loop
      vertex 93.9013 65.5849 3.51899
      vertex 93.8365 65.4945 0
      vertex 93.9013 65.5849 0
    endloop
  endfacet
  facet normal 0.527654 -0.84946 0
    outer loop
      vertex 94.3055 65.9635 0
      vertex 94.4 66.0222 3.45452
      vertex 94.3055 65.9635 3.46525
    endloop
  endfacet
  facet normal 0.527654 -0.84946 0
    outer loop
      vertex 94.4 66.0222 3.45452
      vertex 94.3055 65.9635 0
      vertex 94.4 66.0222 0
    endloop
  endfacet
  facet normal 0.412719 -0.910859 0
    outer loop
      vertex 94.4981 66.0747 0
      vertex 94.5994 66.1206 3.43359
      vertex 94.4981 66.0747 3.44395
    endloop
  endfacet
  facet normal 0.412719 -0.910859 0
    outer loop
      vertex 94.5994 66.1206 3.43359
      vertex 94.4981 66.0747 0
      vertex 94.5994 66.1206 0
    endloop
  endfacet
  facet normal 0.226434 -0.974026 0
    outer loop
      vertex 94.81 66.1921 0
      vertex 94.9184 66.2173 3.40419
      vertex 94.81 66.1921 3.41367
    endloop
  endfacet
  facet normal 0.226434 -0.974026 0
    outer loop
      vertex 94.9184 66.2173 3.40419
      vertex 94.81 66.1921 0
      vertex 94.9184 66.2173 0
    endloop
  endfacet
  facet normal 0.0319987 -0.999488 0
    outer loop
      vertex 95.1388 66.2464 0
      vertex 95.245 66.2498 3.37856
      vertex 95.1388 66.2464 3.38641
    endloop
  endfacet
  facet normal 0.0399491 -0.999202 -0.000250196
    outer loop
      vertex 95.245 66.2498 3.37856
      vertex 95.1388 66.2464 0
      vertex 95.25 66.25 3.37818
    endloop
  endfacet
  facet normal 0.0323571 -0.999476 0
    outer loop
      vertex 95.25 66.25 3.37818
      vertex 95.1388 66.2464 0
      vertex 95.25 66.25 0
    endloop
  endfacet
  facet normal -0.634509 0.772915 0
    outer loop
      vertex 96.2849 63.2013 0
      vertex 96.3709 63.2719 3.4389
      vertex 96.3709 63.2719 0
    endloop
  endfacet
  facet normal -0.634509 0.772915 0
    outer loop
      vertex 96.3709 63.2719 3.4389
      vertex 96.2849 63.2013 0
      vertex 96.2849 63.2013 3.44921
    endloop
  endfacet
  facet normal -0.956881 0.290482 0
    outer loop
      vertex 96.8598 64.0036 0
      vertex 96.8921 64.11 3.36021
      vertex 96.8921 64.11 0
    endloop
  endfacet
  facet normal -0.956881 0.290482 0
    outer loop
      vertex 96.8921 64.11 3.36021
      vertex 96.8598 64.0036 0
      vertex 96.8598 64.0036 3.36724
    endloop
  endfacet
  facet normal -0.995187 0.0979904 0
    outer loop
      vertex 96.9355 64.3281 0
      vertex 96.9464 64.4388 3.34156
      vertex 96.9464 64.4388 0
    endloop
  endfacet
  facet normal -0.995187 0.0979904 0
    outer loop
      vertex 96.9464 64.4388 3.34156
      vertex 96.9355 64.3281 0
      vertex 96.9355 64.3281 3.34742
    endloop
  endfacet
  facet normal 0.226434 0.974026 0
    outer loop
      vertex 94.81 62.9079 0
      vertex 94.9184 62.8827 3.58047
      vertex 94.9184 62.8827 0
    endloop
  endfacet
  facet normal 0.226434 0.974026 0
    outer loop
      vertex 94.9184 62.8827 3.58047
      vertex 94.81 62.9079 0
      vertex 94.81 62.9079 3.58839
    endloop
  endfacet
  facet normal 0.634208 0.773163 1.19779e-05
    outer loop
      vertex 94.1291 63.2719 0
      vertex 94.1934 63.2191 3.62601
      vertex 94.2151 63.2013 3.62499
    endloop
  endfacet
  facet normal 0.634509 0.772915 0
    outer loop
      vertex 94.1291 63.2719 0
      vertex 94.2151 63.2013 3.62499
      vertex 94.2151 63.2013 0
    endloop
  endfacet
  facet normal 0.634611 0.772832 0
    outer loop
      vertex 94.1934 63.2191 3.62601
      vertex 94.1291 63.2719 0
      vertex 94.1291 63.2719 3.62853
    endloop
  endfacet
  facet normal 0.683343 0.730098 0
    outer loop
      vertex 94.0479 63.3479 0
      vertex 94.1291 63.2719 3.62853
      vertex 94.1291 63.2719 0
    endloop
  endfacet
  facet normal 0.683343 0.730098 0
    outer loop
      vertex 94.1291 63.2719 3.62853
      vertex 94.0479 63.3479 0
      vertex 94.0479 63.3479 3.63125
    endloop
  endfacet
  facet normal 0.412719 0.910859 0
    outer loop
      vertex 94.4981 63.0253 0
      vertex 94.5994 62.9794 3.60279
      vertex 94.5994 62.9794 0
    endloop
  endfacet
  facet normal 0.412719 0.910859 0
    outer loop
      vertex 94.5994 62.9794 3.60279
      vertex 94.4981 63.0253 0
      vertex 94.4981 63.0253 3.60921
    endloop
  endfacet
  facet normal 0.527654 0.84946 0
    outer loop
      vertex 94.3055 63.1365 0
      vertex 94.4 63.0778 3.61506
      vertex 94.4 63.0778 0
    endloop
  endfacet
  facet normal 0.527654 0.84946 0
    outer loop
      vertex 94.4 63.0778 3.61506
      vertex 94.3055 63.1365 0
      vertex 94.3055 63.1365 3.62033
    endloop
  endfacet
  facet normal 0.352108 0.93596 0
    outer loop
      vertex 94.5994 62.9794 0
      vertex 94.7036 62.9402 3.59584
      vertex 94.7036 62.9402 0
    endloop
  endfacet
  facet normal 0.352108 0.93596 0
    outer loop
      vertex 94.7036 62.9402 3.59584
      vertex 94.5994 62.9794 0
      vertex 94.5994 62.9794 3.60279
    endloop
  endfacet
  facet normal 0.16367 0.986515 0
    outer loop
      vertex 94.9184 62.8827 0
      vertex 95.0281 62.8645 3.57211
      vertex 95.0281 62.8645 0
    endloop
  endfacet
  facet normal 0.16367 0.986515 0
    outer loop
      vertex 95.0281 62.8645 3.57211
      vertex 94.9184 62.8827 0
      vertex 94.9184 62.8827 3.58047
    endloop
  endfacet
  facet normal 0.88168 0.471847 0
    outer loop
      vertex 93.7778 63.7 3.63535
      vertex 93.7253 63.7981 0
      vertex 93.7253 63.7981 3.63467
    endloop
  endfacet
  facet normal 0.88168 0.471847 0
    outer loop
      vertex 93.7253 63.7981 0
      vertex 93.7778 63.7 3.63535
      vertex 93.7778 63.7 0
    endloop
  endfacet
  facet normal 0.909645 0.415387 0
    outer loop
      vertex 93.6873 63.8821 3.63353
      vertex 93.6794 63.8994 0
      vertex 93.6794 63.8994 3.63318
    endloop
  endfacet
  facet normal 0.911108 0.412168 -0
    outer loop
      vertex 93.7253 63.7981 0
      vertex 93.6873 63.8821 3.63353
      vertex 93.7253 63.7981 3.63467
    endloop
  endfacet
  facet normal 0.910859 0.412719 -1.53428e-05
    outer loop
      vertex 93.6873 63.8821 3.63353
      vertex 93.7253 63.7981 0
      vertex 93.6794 63.8994 0
    endloop
  endfacet
  facet normal 0.730098 0.683343 0
    outer loop
      vertex 94.0479 63.3479 3.63125
      vertex 93.9719 63.4291 0
      vertex 93.9719 63.4291 3.6333
    endloop
  endfacet
  facet normal 0.730098 0.683343 0
    outer loop
      vertex 93.9719 63.4291 0
      vertex 94.0479 63.3479 3.63125
      vertex 94.0479 63.3479 0
    endloop
  endfacet
  facet normal 0.973882 0.227056 -1.33498e-05
    outer loop
      vertex 93.6079 64.11 0
      vertex 93.5827 64.2183 3.62302
      vertex 93.591 64.1827 3.62435
    endloop
  endfacet
  facet normal 0.974029 0.226425 -0
    outer loop
      vertex 93.6079 64.11 0
      vertex 93.591 64.1827 3.62435
      vertex 93.6079 64.11 3.62706
    endloop
  endfacet
  facet normal 0.97398 0.226633 0
    outer loop
      vertex 93.5827 64.2183 3.62302
      vertex 93.6079 64.11 0
      vertex 93.5827 64.2183 0
    endloop
  endfacet
  facet normal 0.93596 0.352108 -0
    outer loop
      vertex 93.6794 63.8994 0
      vertex 93.6402 64.0036 3.63045
      vertex 93.6794 63.8994 3.63318
    endloop
  endfacet
  facet normal 0.93596 0.352108 0
    outer loop
      vertex 93.6402 64.0036 3.63045
      vertex 93.6794 63.8994 0
      vertex 93.6402 64.0036 0
    endloop
  endfacet
  facet normal 0.986539 0.163525 -0
    outer loop
      vertex 93.5827 64.2183 0
      vertex 93.5645 64.3281 3.61835
      vertex 93.5827 64.2183 3.62302
    endloop
  endfacet
  facet normal 0.986539 0.163525 0
    outer loop
      vertex 93.5645 64.3281 3.61835
      vertex 93.5827 64.2183 0
      vertex 93.5645 64.3281 0
    endloop
  endfacet
  facet normal 0.999476 0.0323571 -0
    outer loop
      vertex 93.5536 64.4388 0
      vertex 93.55 64.55 3.60721
      vertex 93.5536 64.4388 3.61308
    endloop
  endfacet
  facet normal 0.999476 0.0323571 0
    outer loop
      vertex 93.55 64.55 3.60721
      vertex 93.5536 64.4388 0
      vertex 93.55 64.55 0
    endloop
  endfacet
  facet normal -0.986539 -0.163525 0
    outer loop
      vertex 96.9355 64.7719 0
      vertex 96.9173 64.8817 3.32421
      vertex 96.9173 64.8817 0
    endloop
  endfacet
  facet normal -0.986539 -0.163525 0
    outer loop
      vertex 96.9173 64.8817 3.32421
      vertex 96.9355 64.7719 0
      vertex 96.9355 64.7719 3.3276
    endloop
  endfacet
  facet normal -0.995187 -0.0979904 0
    outer loop
      vertex 96.9464 64.6612 0
      vertex 96.9355 64.7719 3.3276
      vertex 96.9355 64.7719 0
    endloop
  endfacet
  facet normal -0.995187 -0.0979904 0
    outer loop
      vertex 96.9355 64.7719 3.3276
      vertex 96.9464 64.6612 0
      vertex 96.9464 64.6612 3.33163
    endloop
  endfacet
  facet normal -0.935848 -0.352404 0
    outer loop
      vertex 96.8598 65.0965 0
      vertex 96.8206 65.2006 3.31669
      vertex 96.8206 65.2006 0
    endloop
  endfacet
  facet normal -0.935848 -0.352404 0
    outer loop
      vertex 96.8206 65.2006 3.31669
      vertex 96.8598 65.0965 0
      vertex 96.8598 65.0965 3.31873
    endloop
  endfacet
  facet normal -0.956956 -0.290232 0
    outer loop
      vertex 96.8921 64.99 0
      vertex 96.8598 65.0965 3.31873
      vertex 96.8598 65.0965 0
    endloop
  endfacet
  facet normal -0.956956 -0.290232 0
    outer loop
      vertex 96.8598 65.0965 3.31873
      vertex 96.8921 64.99 0
      vertex 96.8921 64.99 3.32145
    endloop
  endfacet
  facet normal -0.730098 -0.683343 -0
    outer loop
      vertex 96.5281 65.6709 3.31568
      vertex 96.4521 65.7521 0
      vertex 96.5281 65.6709 0
    endloop
  endfacet
  facet normal -0.730098 -0.683343 0
    outer loop
      vertex 96.4521 65.7521 0
      vertex 96.5281 65.6709 3.31568
      vertex 96.4521 65.7521 3.31706
    endloop
  endfacet
  facet normal -0.88168 -0.471847 0
    outer loop
      vertex 96.7747 65.3019 0
      vertex 96.7222 65.4 3.31463
      vertex 96.7222 65.4 0
    endloop
  endfacet
  facet normal -0.88168 -0.471847 0
    outer loop
      vertex 96.7222 65.4 3.31463
      vertex 96.7747 65.3019 0
      vertex 96.7747 65.3019 3.31532
    endloop
  endfacet
  facet normal -0.290482 -0.956881 0
    outer loop
      vertex 95.69 66.1921 0
      vertex 95.7964 66.1598 3.34306
      vertex 95.69 66.1921 3.34901
    endloop
  endfacet
  facet normal -0.290482 -0.956881 -0
    outer loop
      vertex 95.7964 66.1598 3.34306
      vertex 95.69 66.1921 0
      vertex 95.7964 66.1598 0
    endloop
  endfacet
  facet normal -0.351851 -0.936056 0
    outer loop
      vertex 95.7964 66.1598 0
      vertex 95.8528 66.1386 3.34017
      vertex 95.7964 66.1598 3.34306
    endloop
  endfacet
  facet normal -0.35241 -0.935846 1.07758e-05
    outer loop
      vertex 95.7964 66.1598 0
      vertex 95.9006 66.1206 3.33772
      vertex 95.8528 66.1386 3.34017
    endloop
  endfacet
  facet normal -0.352108 -0.93596 -0
    outer loop
      vertex 95.9006 66.1206 3.33772
      vertex 95.7964 66.1598 0
      vertex 95.9006 66.1206 0
    endloop
  endfacet
  facet normal -0.16367 -0.986515 0
    outer loop
      vertex 95.4719 66.2355 0
      vertex 95.5816 66.2173 3.35552
      vertex 95.4719 66.2355 3.36257
    endloop
  endfacet
  facet normal -0.16367 -0.986515 -0
    outer loop
      vertex 95.5816 66.2173 3.35552
      vertex 95.4719 66.2355 0
      vertex 95.5816 66.2173 0
    endloop
  endfacet
  facet normal -0.0979904 -0.995187 0
    outer loop
      vertex 95.3612 66.2464 0
      vertex 95.4719 66.2355 3.36257
      vertex 95.3612 66.2464 3.37013
    endloop
  endfacet
  facet normal -0.0979904 -0.995187 -0
    outer loop
      vertex 95.4719 66.2355 3.36257
      vertex 95.3612 66.2464 0
      vertex 95.4719 66.2355 0
    endloop
  endfacet
  facet normal -0.527989 -0.849251 0
    outer loop
      vertex 96.1 66.0222 0
      vertex 96.1608 65.9844 3.32668
      vertex 96.1 66.0222 3.32889
    endloop
  endfacet
  facet normal -0.52705 -0.849834 -2.3784e-05
    outer loop
      vertex 96.1608 65.9844 3.32668
      vertex 96.1 66.0222 0
      vertex 96.1945 65.9635 3.32524
    endloop
  endfacet
  facet normal -0.527654 -0.84946 -0
    outer loop
      vertex 96.1945 65.9635 3.32524
      vertex 96.1 66.0222 0
      vertex 96.1945 65.9635 0
    endloop
  endfacet
  facet normal -0.471847 -0.88168 0
    outer loop
      vertex 96.0019 66.0747 0
      vertex 96.1 66.0222 3.32889
      vertex 96.0019 66.0747 3.33298
    endloop
  endfacet
  facet normal -0.471847 -0.88168 -0
    outer loop
      vertex 96.1 66.0222 3.32889
      vertex 96.0019 66.0747 0
      vertex 96.1 66.0222 0
    endloop
  endfacet
  facet normal 0.772915 -0.634509 0
    outer loop
      vertex 93.9013 65.5849 0
      vertex 93.9719 65.6709 3.5085
      vertex 93.9013 65.5849 3.51899
    endloop
  endfacet
  facet normal 0.772915 -0.634509 0
    outer loop
      vertex 93.9719 65.6709 3.5085
      vertex 93.9013 65.5849 0
      vertex 93.9719 65.6709 0
    endloop
  endfacet
  facet normal 0.730098 -0.683343 0
    outer loop
      vertex 93.9719 65.6709 0
      vertex 94.0479 65.7521 3.49789
      vertex 93.9719 65.6709 3.5085
    endloop
  endfacet
  facet normal 0.730098 -0.683343 0
    outer loop
      vertex 94.0479 65.7521 3.49789
      vertex 93.9719 65.6709 0
      vertex 94.0479 65.7521 0
    endloop
  endfacet
  facet normal 0.88168 -0.471847 0
    outer loop
      vertex 93.7253 65.3019 0
      vertex 93.7778 65.4 3.53945
      vertex 93.7253 65.3019 3.54933
    endloop
  endfacet
  facet normal 0.88168 -0.471847 0
    outer loop
      vertex 93.7778 65.4 3.53945
      vertex 93.7253 65.3019 0
      vertex 93.7778 65.4 0
    endloop
  endfacet
  facet normal 0.84946 -0.527654 0
    outer loop
      vertex 93.7778 65.4 0
      vertex 93.8365 65.4945 3.52932
      vertex 93.7778 65.4 3.53945
    endloop
  endfacet
  facet normal 0.84946 -0.527654 0
    outer loop
      vertex 93.8365 65.4945 3.52932
      vertex 93.7778 65.4 0
      vertex 93.8365 65.4945 0
    endloop
  endfacet
  facet normal 0.956956 -0.290232 0
    outer loop
      vertex 93.6079 64.99 0
      vertex 93.6402 65.0965 3.56819
      vertex 93.6079 64.99 3.57708
    endloop
  endfacet
  facet normal 0.956956 -0.290232 0
    outer loop
      vertex 93.6402 65.0965 3.56819
      vertex 93.6079 64.99 0
      vertex 93.6402 65.0965 0
    endloop
  endfacet
  facet normal 0.935848 -0.352404 0
    outer loop
      vertex 93.6402 65.0965 0
      vertex 93.6794 65.2006 3.55893
      vertex 93.6402 65.0965 3.56819
    endloop
  endfacet
  facet normal 0.935848 -0.352404 0
    outer loop
      vertex 93.6794 65.2006 3.55893
      vertex 93.6402 65.0965 0
      vertex 93.6794 65.2006 0
    endloop
  endfacet
  facet normal 0.995252 -0.0973365 -2.03392e-05
    outer loop
      vertex 93.5536 64.6612 0
      vertex 93.5645 64.7719 3.59361
      vertex 93.5605 64.731 3.5964
    endloop
  endfacet
  facet normal 0.995149 -0.0983744 0
    outer loop
      vertex 93.5536 64.6612 0
      vertex 93.5605 64.731 3.5964
      vertex 93.5536 64.6612 3.60079
    endloop
  endfacet
  facet normal 0.995187 -0.0979904 0
    outer loop
      vertex 93.5645 64.7719 3.59361
      vertex 93.5536 64.6612 0
      vertex 93.5645 64.7719 0
    endloop
  endfacet
  facet normal 0.471847 -0.88168 0
    outer loop
      vertex 94.4 66.0222 0
      vertex 94.4981 66.0747 3.44395
      vertex 94.4 66.0222 3.45452
    endloop
  endfacet
  facet normal 0.471847 -0.88168 0
    outer loop
      vertex 94.4981 66.0747 3.44395
      vertex 94.4 66.0222 0
      vertex 94.4981 66.0747 0
    endloop
  endfacet
  facet normal 0.582598 -0.81276 0
    outer loop
      vertex 94.2151 65.8987 0
      vertex 94.3055 65.9635 3.46525
      vertex 94.2151 65.8987 3.47609
    endloop
  endfacet
  facet normal 0.582598 -0.81276 0
    outer loop
      vertex 94.3055 65.9635 3.46525
      vertex 94.2151 65.8987 0
      vertex 94.3055 65.9635 0
    endloop
  endfacet
  facet normal 0.634509 -0.772915 0
    outer loop
      vertex 94.1291 65.8281 0
      vertex 94.2151 65.8987 3.47609
      vertex 94.1291 65.8281 3.48701
    endloop
  endfacet
  facet normal 0.634509 -0.772915 0
    outer loop
      vertex 94.2151 65.8987 3.47609
      vertex 94.1291 65.8281 0
      vertex 94.2151 65.8987 0
    endloop
  endfacet
  facet normal 0.290482 -0.956881 0
    outer loop
      vertex 94.7036 66.1598 0
      vertex 94.81 66.1921 3.41367
      vertex 94.7036 66.1598 3.42348
    endloop
  endfacet
  facet normal 0.290482 -0.956881 0
    outer loop
      vertex 94.81 66.1921 3.41367
      vertex 94.7036 66.1598 0
      vertex 94.81 66.1921 0
    endloop
  endfacet
  facet normal 0.0979904 -0.995187 0
    outer loop
      vertex 95.0281 66.2355 0
      vertex 95.1388 66.2464 3.38641
      vertex 95.0281 66.2355 3.39509
    endloop
  endfacet
  facet normal 0.0979904 -0.995187 0
    outer loop
      vertex 95.1388 66.2464 3.38641
      vertex 95.0281 66.2355 0
      vertex 95.1388 66.2464 0
    endloop
  endfacet
  facet normal -0.0323571 0.999476 0
    outer loop
      vertex 95.25 62.85 0
      vertex 95.3612 62.8536 3.54365
      vertex 95.3612 62.8536 0
    endloop
  endfacet
  facet normal -0.0323571 0.999476 0
    outer loop
      vertex 95.3612 62.8536 3.54365
      vertex 95.25 62.85 0
      vertex 95.25 62.85 3.55351
    endloop
  endfacet
  facet normal -0.16367 0.986515 0
    outer loop
      vertex 95.4719 62.8645 0
      vertex 95.5816 62.8827 3.52325
      vertex 95.5816 62.8827 0
    endloop
  endfacet
  facet normal -0.16367 0.986515 0
    outer loop
      vertex 95.5816 62.8827 3.52325
      vertex 95.4719 62.8645 0
      vertex 95.4719 62.8645 3.53355
    endloop
  endfacet
  facet normal -0.352108 0.93596 0
    outer loop
      vertex 95.7964 62.9402 0
      vertex 95.9006 62.9794 3.49156
      vertex 95.9006 62.9794 0
    endloop
  endfacet
  facet normal -0.352108 0.93596 0
    outer loop
      vertex 95.9006 62.9794 3.49156
      vertex 95.7964 62.9402 0
      vertex 95.7964 62.9402 3.50221
    endloop
  endfacet
  facet normal -0.226434 0.974026 0
    outer loop
      vertex 95.5816 62.8827 0
      vertex 95.69 62.9079 3.51278
      vertex 95.69 62.9079 0
    endloop
  endfacet
  facet normal -0.226023 0.974122 -1.33724e-05
    outer loop
      vertex 95.69 62.9079 3.51278
      vertex 95.5816 62.8827 0
      vertex 95.6594 62.9008 3.51574
    endloop
  endfacet
  facet normal -0.226596 0.973989 0
    outer loop
      vertex 95.6594 62.9008 3.51574
      vertex 95.5816 62.8827 0
      vertex 95.5816 62.8827 3.52325
    endloop
  endfacet
  facet normal -0.683343 0.730098 0
    outer loop
      vertex 96.3709 63.2719 0
      vertex 96.4521 63.3479 3.4288
      vertex 96.4521 63.3479 0
    endloop
  endfacet
  facet normal -0.683343 0.730098 0
    outer loop
      vertex 96.4521 63.3479 3.4288
      vertex 96.3709 63.2719 0
      vertex 96.3709 63.2719 3.4389
    endloop
  endfacet
  facet normal -0.527654 0.84946 0
    outer loop
      vertex 96.1 63.0778 0
      vertex 96.1945 63.1365 3.45967
      vertex 96.1945 63.1365 0
    endloop
  endfacet
  facet normal -0.527654 0.84946 0
    outer loop
      vertex 96.1945 63.1365 3.45967
      vertex 96.1 63.0778 0
      vertex 96.1 63.0778 3.47025
    endloop
  endfacet
  facet normal -0.582598 0.81276 0
    outer loop
      vertex 96.1945 63.1365 0
      vertex 96.2849 63.2013 3.44921
      vertex 96.2849 63.2013 0
    endloop
  endfacet
  facet normal -0.582598 0.81276 0
    outer loop
      vertex 96.2849 63.2013 3.44921
      vertex 96.1945 63.1365 0
      vertex 96.1945 63.1365 3.45967
    endloop
  endfacet
  facet normal -0.412719 0.910859 0
    outer loop
      vertex 95.9006 62.9794 0
      vertex 96.0019 63.0253 3.48089
      vertex 96.0019 63.0253 0
    endloop
  endfacet
  facet normal -0.412719 0.910859 0
    outer loop
      vertex 96.0019 63.0253 3.48089
      vertex 95.9006 62.9794 0
      vertex 95.9006 62.9794 3.49156
    endloop
  endfacet
  facet normal -0.772915 0.634509 0
    outer loop
      vertex 96.5281 63.4291 0
      vertex 96.5987 63.5151 3.40938
      vertex 96.5987 63.5151 0
    endloop
  endfacet
  facet normal -0.772915 0.634509 0
    outer loop
      vertex 96.5987 63.5151 3.40938
      vertex 96.5281 63.4291 0
      vertex 96.5281 63.4291 3.41895
    endloop
  endfacet
  facet normal -0.84946 0.527654 0
    outer loop
      vertex 96.6635 63.6055 0
      vertex 96.7222 63.7 3.39127
      vertex 96.7222 63.7 0
    endloop
  endfacet
  facet normal -0.849707 0.527255 1.53787e-05
    outer loop
      vertex 96.7222 63.7 3.39127
      vertex 96.6635 63.6055 0
      vertex 96.698 63.661 3.39493
    endloop
  endfacet
  facet normal -0.849285 0.527934 0
    outer loop
      vertex 96.698 63.661 3.39493
      vertex 96.6635 63.6055 0
      vertex 96.6635 63.6055 3.40014
    endloop
  endfacet
  facet normal -0.93596 0.352108 0
    outer loop
      vertex 96.8206 63.8994 0
      vertex 96.8598 64.0036 3.36724
      vertex 96.8598 64.0036 0
    endloop
  endfacet
  facet normal -0.93596 0.352108 0
    outer loop
      vertex 96.8598 64.0036 3.36724
      vertex 96.8206 63.8994 0
      vertex 96.8206 63.8994 3.37478
    endloop
  endfacet
  facet normal -0.88168 0.471847 0
    outer loop
      vertex 96.7222 63.7 0
      vertex 96.7747 63.7981 3.3828
      vertex 96.7747 63.7981 0
    endloop
  endfacet
  facet normal -0.88168 0.471847 0
    outer loop
      vertex 96.7747 63.7981 3.3828
      vertex 96.7222 63.7 0
      vertex 96.7222 63.7 3.39127
    endloop
  endfacet
  facet normal -0.97398 0.226633 0
    outer loop
      vertex 96.8921 64.11 0
      vertex 96.9173 64.2183 3.35371
      vertex 96.9173 64.2183 0
    endloop
  endfacet
  facet normal -0.97398 0.226633 0
    outer loop
      vertex 96.9173 64.2183 3.35371
      vertex 96.8921 64.11 0
      vertex 96.8921 64.11 3.36021
    endloop
  endfacet
  facet normal 0.473197 0.880957 -4.72066e-05
    outer loop
      vertex 94.4 63.0778 0
      vertex 94.4806 63.0347 3.61025
      vertex 94.4981 63.0253 3.60921
    endloop
  endfacet
  facet normal 0.471847 0.88168 0
    outer loop
      vertex 94.4 63.0778 0
      vertex 94.4981 63.0253 3.60921
      vertex 94.4981 63.0253 0
    endloop
  endfacet
  facet normal 0.471553 0.881838 0
    outer loop
      vertex 94.4806 63.0347 3.61025
      vertex 94.4 63.0778 0
      vertex 94.4 63.0778 3.61506
    endloop
  endfacet
  facet normal 0.290482 0.956881 0
    outer loop
      vertex 94.7036 62.9402 0
      vertex 94.81 62.9079 3.58839
      vertex 94.81 62.9079 0
    endloop
  endfacet
  facet normal 0.290482 0.956881 0
    outer loop
      vertex 94.81 62.9079 3.58839
      vertex 94.7036 62.9402 0
      vertex 94.7036 62.9402 3.59584
    endloop
  endfacet
  facet normal 0.0982478 0.995162 -8.07338e-06
    outer loop
      vertex 95.0281 62.8645 0
      vertex 95.076 62.8598 3.56832
      vertex 95.1388 62.8536 3.56308
    endloop
  endfacet
  facet normal 0.0979904 0.995187 0
    outer loop
      vertex 95.0281 62.8645 0
      vertex 95.1388 62.8536 3.56308
      vertex 95.1388 62.8536 0
    endloop
  endfacet
  facet normal 0.0976521 0.995221 0
    outer loop
      vertex 95.076 62.8598 3.56832
      vertex 95.0281 62.8645 0
      vertex 95.0281 62.8645 3.57211
    endloop
  endfacet
  facet normal 0.81276 0.582598 0
    outer loop
      vertex 93.9013 63.5151 3.63467
      vertex 93.8365 63.6055 0
      vertex 93.8365 63.6055 3.63535
    endloop
  endfacet
  facet normal 0.81276 0.582598 0
    outer loop
      vertex 93.8365 63.6055 0
      vertex 93.9013 63.5151 3.63467
      vertex 93.9013 63.5151 0
    endloop
  endfacet
  facet normal 0.772915 0.634509 0
    outer loop
      vertex 93.9719 63.4291 3.6333
      vertex 93.9013 63.5151 0
      vertex 93.9013 63.5151 3.63467
    endloop
  endfacet
  facet normal 0.772915 0.634509 0
    outer loop
      vertex 93.9013 63.5151 0
      vertex 93.9719 63.4291 3.6333
      vertex 93.9719 63.4291 0
    endloop
  endfacet
  facet normal 0.956881 0.290482 -0
    outer loop
      vertex 93.6402 64.0036 0
      vertex 93.6079 64.11 3.62706
      vertex 93.6402 64.0036 3.63045
    endloop
  endfacet
  facet normal 0.956881 0.290482 0
    outer loop
      vertex 93.6079 64.11 3.62706
      vertex 93.6402 64.0036 0
      vertex 93.6079 64.11 0
    endloop
  endfacet
  facet normal 0.995187 0.0979904 -0
    outer loop
      vertex 93.5645 64.3281 0
      vertex 93.5536 64.4388 3.61308
      vertex 93.5645 64.3281 3.61835
    endloop
  endfacet
  facet normal 0.995187 0.0979904 0
    outer loop
      vertex 93.5536 64.4388 3.61308
      vertex 93.5645 64.3281 0
      vertex 93.5536 64.4388 0
    endloop
  endfacet
  facet normal 0.986539 -0.163525 0
    outer loop
      vertex 93.5645 64.7719 0
      vertex 93.5827 64.8817 3.58557
      vertex 93.5645 64.7719 3.59361
    endloop
  endfacet
  facet normal 0.986539 -0.163525 0
    outer loop
      vertex 93.5827 64.8817 3.58557
      vertex 93.5645 64.7719 0
      vertex 93.5827 64.8817 0
    endloop
  endfacet
  facet normal -0.999476 0.0323571 0
    outer loop
      vertex 96.9464 64.4388 0
      vertex 96.95 64.55 3.33629
      vertex 96.95 64.55 0
    endloop
  endfacet
  facet normal -0.999476 0.0323571 0
    outer loop
      vertex 96.95 64.55 3.33629
      vertex 96.9464 64.4388 0
      vertex 96.9464 64.4388 3.34156
    endloop
  endfacet
  facet normal -0.0979904 0.995187 0
    outer loop
      vertex 95.3612 62.8536 0
      vertex 95.4719 62.8645 3.53355
      vertex 95.4719 62.8645 0
    endloop
  endfacet
  facet normal -0.0979904 0.995187 0
    outer loop
      vertex 95.4719 62.8645 3.53355
      vertex 95.3612 62.8536 0
      vertex 95.3612 62.8536 3.54365
    endloop
  endfacet
  facet normal -0.290482 0.956881 0
    outer loop
      vertex 95.69 62.9079 0
      vertex 95.7964 62.9402 3.50221
      vertex 95.7964 62.9402 0
    endloop
  endfacet
  facet normal -0.290482 0.956881 0
    outer loop
      vertex 95.7964 62.9402 3.50221
      vertex 95.69 62.9079 0
      vertex 95.69 62.9079 3.51278
    endloop
  endfacet
  facet normal -0.730098 0.683343 0
    outer loop
      vertex 96.4521 63.3479 0
      vertex 96.5281 63.4291 3.41895
      vertex 96.5281 63.4291 0
    endloop
  endfacet
  facet normal -0.730098 0.683343 0
    outer loop
      vertex 96.5281 63.4291 3.41895
      vertex 96.4521 63.3479 0
      vertex 96.4521 63.3479 3.4288
    endloop
  endfacet
  facet normal -0.471847 0.88168 0
    outer loop
      vertex 96.0019 63.0253 0
      vertex 96.1 63.0778 3.47025
      vertex 96.1 63.0778 0
    endloop
  endfacet
  facet normal -0.471847 0.88168 0
    outer loop
      vertex 96.1 63.0778 3.47025
      vertex 96.0019 63.0253 0
      vertex 96.0019 63.0253 3.48089
    endloop
  endfacet
  facet normal -0.81276 0.582598 0
    outer loop
      vertex 96.5987 63.5151 0
      vertex 96.6635 63.6055 3.40014
      vertex 96.6635 63.6055 0
    endloop
  endfacet
  facet normal -0.81276 0.582598 0
    outer loop
      vertex 96.6635 63.6055 3.40014
      vertex 96.5987 63.5151 0
      vertex 96.5987 63.5151 3.40938
    endloop
  endfacet
  facet normal -0.910859 0.412719 0
    outer loop
      vertex 96.7747 63.7981 0
      vertex 96.8206 63.8994 3.37478
      vertex 96.8206 63.8994 0
    endloop
  endfacet
  facet normal -0.910859 0.412719 0
    outer loop
      vertex 96.8206 63.8994 3.37478
      vertex 96.7747 63.7981 0
      vertex 96.7747 63.7981 3.3828
    endloop
  endfacet
  facet normal -0.986539 0.163525 0
    outer loop
      vertex 96.9173 64.2183 0
      vertex 96.9355 64.3281 3.34742
      vertex 96.9355 64.3281 0
    endloop
  endfacet
  facet normal -0.986458 0.164013 -1.64428e-05
    outer loop
      vertex 96.9355 64.3281 3.34742
      vertex 96.9173 64.2183 0
      vertex 96.9217 64.2451 3.35227
    endloop
  endfacet
  facet normal -0.986789 0.16201 0
    outer loop
      vertex 96.9217 64.2451 3.35227
      vertex 96.9173 64.2183 0
      vertex 96.9173 64.2183 3.35371
    endloop
  endfacet
  facet normal 0.582598 0.81276 0
    outer loop
      vertex 94.2151 63.2013 0
      vertex 94.3055 63.1365 3.62033
      vertex 94.3055 63.1365 0
    endloop
  endfacet
  facet normal 0.582598 0.81276 0
    outer loop
      vertex 94.3055 63.1365 3.62033
      vertex 94.2151 63.2013 0
      vertex 94.2151 63.2013 3.62499
    endloop
  endfacet
  facet normal 0.849582 0.527457 0
    outer loop
      vertex 93.8338 63.6098 3.63535
      vertex 93.7778 63.7 0
      vertex 93.7778 63.7 3.63535
    endloop
  endfacet
  facet normal 0.84689 0.531768 -0
    outer loop
      vertex 93.8365 63.6055 0
      vertex 93.8338 63.6098 3.63535
      vertex 93.8365 63.6055 3.63535
    endloop
  endfacet
  facet normal 0.84946 0.527654 6.77509e-06
    outer loop
      vertex 93.8338 63.6098 3.63535
      vertex 93.8365 63.6055 0
      vertex 93.7778 63.7 0
    endloop
  endfacet
  facet normal -0.995186 -0.0980082 0
    outer loop
      vertex -3.42867 -3.53314 0
      vertex -3.46715 -3.14241 3
      vertex -3.46715 -3.14241 0
    endloop
  endfacet
  facet normal -0.995186 -0.0980082 0
    outer loop
      vertex -3.46715 -3.14241 3
      vertex -3.42867 -3.53314 0
      vertex -3.42867 -3.53314 3
    endloop
  endfacet
  facet normal -0.986639 -0.162924 0
    outer loop
      vertex -3.3647 -3.92053 0
      vertex -3.42867 -3.53314 3
      vertex -3.42867 -3.53314 0
    endloop
  endfacet
  facet normal -0.986639 -0.162924 0
    outer loop
      vertex -3.42867 -3.53314 3
      vertex -3.3647 -3.92053 0
      vertex -3.3647 -3.92053 3
    endloop
  endfacet
  facet normal -0.0758705 -0.250118 0.965238
    outer loop
      vertex 30.6166 -5.962 6
      vertex 0.591354 -8.43158 3
      vertex 0.967072 -8.54555 3
    endloop
  endfacet
  facet normal -0.309187 -0.0304494 0.950514
    outer loop
      vertex 2.68093 28.0778 6
      vertex -3.46715 -3.14241 3
      vertex -3.42867 -3.53314 3
    endloop
  endfacet
  facet normal 0.0869818 0.0393559 0.995432
    outer loop
      vertex 96.9217 64.2451 3.35227
      vertex 100.093 66.1461 3
      vertex 99.9312 66.5037 3
    endloop
  endfacet
  facet normal 0.0870817 0.0391888 0.99543
    outer loop
      vertex 96.9173 64.2183 3.35371
      vertex 100.093 66.1461 3
      vertex 96.9217 64.2451 3.35227
    endloop
  endfacet
  facet normal 0.0868753 0.0395297 0.995435
    outer loop
      vertex 96.8921 64.11 3.36021
      vertex 100.093 66.1461 3
      vertex 96.9173 64.2183 3.35371
    endloop
  endfacet
  facet normal 0.0869797 0.0393651 0.995432
    outer loop
      vertex 96.8598 64.0036 3.36724
      vertex 100.093 66.1461 3
      vertex 96.8921 64.11 3.36021
    endloop
  endfacet
  facet normal 0.0870295 0.0392898 0.995431
    outer loop
      vertex 96.8206 63.8994 3.37478
      vertex 100.093 66.1461 3
      vertex 96.8598 64.0036 3.36724
    endloop
  endfacet
  facet normal 0.0869446 0.0394138 0.995433
    outer loop
      vertex 96.7747 63.7981 3.3828
      vertex 100.093 66.1461 3
      vertex 96.8206 63.8994 3.37478
    endloop
  endfacet
  facet normal 0.0869419 0.0394177 0.995433
    outer loop
      vertex 96.7222 63.7 3.39127
      vertex 100.093 66.1461 3
      vertex 96.7747 63.7981 3.3828
    endloop
  endfacet
  facet normal 0.0868742 0.0395112 0.995435
    outer loop
      vertex 100.093 66.1461 3
      vertex 96.7222 63.7 3.39127
      vertex 96.698 63.661 3.39493
    endloop
  endfacet
  facet normal 0.0869106 0.0394515 0.995435
    outer loop
      vertex 95.5816 62.8827 3.52325
      vertex 74.3018 47.2685 6
      vertex 95.6594 62.9008 3.51574
    endloop
  endfacet
  facet normal 0.0869208 0.0394375 0.995434
    outer loop
      vertex 95.4719 62.8645 3.53355
      vertex 74.3018 47.2685 6
      vertex 95.5816 62.8827 3.52325
    endloop
  endfacet
  facet normal 0.0869404 0.0394108 0.995434
    outer loop
      vertex 95.3612 62.8536 3.54365
      vertex 74.3018 47.2685 6
      vertex 95.4719 62.8645 3.53355
    endloop
  endfacet
  facet normal 0.0869903 0.039343 0.995432
    outer loop
      vertex 95.25 62.85 3.55351
      vertex 74.3018 47.2685 6
      vertex 95.3612 62.8536 3.54365
    endloop
  endfacet
  facet normal 0.0869439 0.0394057 0.995434
    outer loop
      vertex 95.1388 62.8536 3.56308
      vertex 74.3018 47.2685 6
      vertex 95.25 62.85 3.55351
    endloop
  endfacet
  facet normal 0.0869483 0.0393999 0.995433
    outer loop
      vertex 74.3018 47.2685 6
      vertex 95.1388 62.8536 3.56308
      vertex 95.076 62.8598 3.56832
    endloop
  endfacet
  facet normal -0.224409 0.0523229 0.973089
    outer loop
      vertex -3.27554 65.4029 3
      vertex -3.3647 65.0205 3
      vertex 3.888 40.3334 6
    endloop
  endfacet
  facet normal -0.385949 -0.0126345 0.922433
    outer loop
      vertex 2.6 30.55 6
      vertex -3.48 -2.75 3
      vertex 2.68093 28.0778 6
    endloop
  endfacet
  facet normal -0.0327288 -0.999464 0
    outer loop
      vertex 2.12758 -8.73715 0
      vertex 2.51999 -8.75 3
      vertex 2.12758 -8.73715 3
    endloop
  endfacet
  facet normal -0.0327288 -0.999464 -0
    outer loop
      vertex 2.51999 -8.75 3
      vertex 2.12758 -8.73715 0
      vertex 2.51999 -8.75 0
    endloop
  endfacet
  facet normal -0.224409 0.0523229 0.973089
    outer loop
      vertex 3.888 40.3334 6
      vertex -3.3647 65.0205 3
      vertex 3.32632 37.9244 6
    endloop
  endfacet
  facet normal -0.528006 0.849241 0
    outer loop
      vertex -0.479996 69.0461 0
      vertex -0.813416 68.8388 3
      vertex -0.479996 69.0461 3
    endloop
  endfacet
  facet normal -0.528006 0.849241 0
    outer loop
      vertex -0.813416 68.8388 3
      vertex -0.479996 69.0461 0
      vertex -0.813416 68.8388 0
    endloop
  endfacet
  facet normal -0.30918 -0.0304508 0.950516
    outer loop
      vertex 2.68093 28.0778 6
      vertex -3.42867 -3.53314 3
      vertex 2.92338 25.6161 6
    endloop
  endfacet
  facet normal -0.25926 -0.0428053 0.964858
    outer loop
      vertex 2.92338 25.6161 6
      vertex -3.42867 -3.53314 3
      vertex 3.32632 23.1756 6
    endloop
  endfacet
  facet normal 0.582418 -0.812889 0
    outer loop
      vertex 97.8834 -7.73882 0
      vertex 98.2026 -7.51012 3
      vertex 97.8834 -7.73882 3
    endloop
  endfacet
  facet normal 0.582418 -0.812889 0
    outer loop
      vertex 98.2026 -7.51012 3
      vertex 97.8834 -7.73882 0
      vertex 98.2026 -7.51012 0
    endloop
  endfacet
  facet normal 0.101899 0.0237596 0.994511
    outer loop
      vertex 100.435 65.0205 3
      vertex 76.912 40.3334 6
      vertex 77.4737 37.9244 6
    endloop
  endfacet
  facet normal 0.0221208 -0.675503 0.737026
    outer loop
      vertex 94.9424 -8.73715 3
      vertex 42.8722 -7.16907 6
      vertex 94.55 -8.75 3
    endloop
  endfacet
  facet normal 0.0586489 -0.12943 0.989853
    outer loop
      vertex 97.2037 -8.13123 3
      vertex 57.1185 -3.35179 6
      vertex 96.8461 -8.29327 3
    endloop
  endfacet
  facet normal -0.104358 -0.127153 0.986378
    outer loop
      vertex 15.4767 2.13046 6
      vertex -1.43607 -7.26103 3
      vertex -1.13257 -7.51012 3
    endloop
  endfacet
  facet normal -0.442488 0 0.896775
    outer loop
      vertex -3.48 63.85 3
      vertex -3.48 -2.75 3
      vertex 2.6 30.55 6
    endloop
  endfacet
  facet normal -0.999464 -0.0327288 0
    outer loop
      vertex -3.46715 -3.14241 0
      vertex -3.48 -2.75 3
      vertex -3.48 -2.75 0
    endloop
  endfacet
  facet normal -0.999464 -0.0327288 0
    outer loop
      vertex -3.48 -2.75 3
      vertex -3.46715 -3.14241 0
      vertex -3.46715 -3.14241 3
    endloop
  endfacet
  facet normal -0.30918 0.0304508 0.950516
    outer loop
      vertex 2.92338 35.4839 6
      vertex -3.42867 64.6331 3
      vertex 2.68093 33.0222 6
    endloop
  endfacet
  facet normal 0.999452 -0.0331105 0
    outer loop
      vertex 100.537 -3.14241 3
      vertex 100.55 -2.75 0
      vertex 100.55 -2.75 3
    endloop
  endfacet
  facet normal 0.999452 -0.0331105 0
    outer loop
      vertex 100.55 -2.75 0
      vertex 100.537 -3.14241 3
      vertex 100.537 -3.14241 0
    endloop
  endfacet
  facet normal 0.0472706 0.286334 0.956963
    outer loop
      vertex 95.7205 69.7347 3
      vertex 45.3339 68.0266 6
      vertex 47.7744 67.6237 6
    endloop
  endfacet
  facet normal -0.849181 0.528102 0
    outer loop
      vertex -2.67615 66.85 0
      vertex -2.46881 67.1834 3
      vertex -2.46881 67.1834 0
    endloop
  endfacet
  facet normal -0.849181 0.528102 0
    outer loop
      vertex -2.46881 67.1834 3
      vertex -2.67615 66.85 0
      vertex -2.67615 66.85 3
    endloop
  endfacet
  facet normal 0.528084 -0.849192 0
    outer loop
      vertex 97.55 -7.94615 0
      vertex 97.8834 -7.73882 3
      vertex 97.55 -7.94615 3
    endloop
  endfacet
  facet normal 0.528084 -0.849192 0
    outer loop
      vertex 97.8834 -7.73882 3
      vertex 97.55 -7.94615 0
      vertex 97.8834 -7.73882 0
    endloop
  endfacet
  facet normal 0.0472697 -0.286353 0.956957
    outer loop
      vertex 95.7205 -8.6347 3
      vertex 45.3339 -6.92662 6
      vertex 95.3331 -8.69865 3
    endloop
  endfacet
  facet normal -0.224408 -0.0523229 0.973089
    outer loop
      vertex 3.32632 23.1756 6
      vertex -3.3647 -3.92053 3
      vertex 3.888 20.7666 6
    endloop
  endfacet
  facet normal -0.385935 -0.012638 0.922439
    outer loop
      vertex 2.68093 28.0778 6
      vertex -3.48 -2.75 3
      vertex -3.46715 -3.14241 3
    endloop
  endfacet
  facet normal -0.999464 0.0327297 0
    outer loop
      vertex -3.48 63.85 0
      vertex -3.46715 64.2424 3
      vertex -3.46715 64.2424 0
    endloop
  endfacet
  facet normal -0.999464 0.0327297 0
    outer loop
      vertex -3.46715 64.2424 3
      vertex -3.48 63.85 0
      vertex -3.48 63.85 3
    endloop
  endfacet
  facet normal 0 0 -1
    outer loop
      vertex 2.94089 -2.17187 0
      vertex 16.3411 9.45093 0
      vertex 3.02208 -2.24792 0
    endloop
  endfacet
  facet normal 0 0 -1
    outer loop
      vertex 8.4 30.55 0
      vertex 3.51636 64.4388 0
      vertex 3.52 64.55 0
    endloop
  endfacet
  facet normal -0 0 -1
    outer loop
      vertex 16.3411 9.45093 0
      vertex 2.94089 -2.17187 0
      vertex 15.0127 11.0696 0
    endloop
  endfacet
  facet normal 0 0 -1
    outer loop
      vertex 8.4 30.55 0
      vertex 3.50546 64.3281 0
      vertex 3.51636 64.4388 0
    endloop
  endfacet
  facet normal 0 0 -1
    outer loop
      vertex 2.85489 -2.1013 0
      vertex 15.0127 11.0696 0
      vertex 2.94089 -2.17187 0
    endloop
  endfacet
  facet normal 0 0 -1
    outer loop
      vertex 8.4 30.55 0
      vertex 3.48733 64.2183 0
      vertex 3.50546 64.3281 0
    endloop
  endfacet
  facet normal 0 0 -1
    outer loop
      vertex 2.76447 -2.0365 0
      vertex 15.0127 11.0696 0
      vertex 2.85489 -2.1013 0
    endloop
  endfacet
  facet normal 0 0 -1
    outer loop
      vertex 8.4 30.55 0
      vertex 3.46207 64.11 0
      vertex 3.48733 64.2183 0
    endloop
  endfacet
  facet normal 0 0 -1
    outer loop
      vertex 2.67 -1.97776 0
      vertex 15.0127 11.0696 0
      vertex 2.76447 -2.0365 0
    endloop
  endfacet
  facet normal 0 0 -1
    outer loop
      vertex 8.4 30.55 0
      vertex 3.42978 64.0036 0
      vertex 3.46207 64.11 0
    endloop
  endfacet
  facet normal 0 0 -1
    outer loop
      vertex 2.57189 -1.92532 0
      vertex 15.0127 11.0696 0
      vertex 2.67 -1.97776 0
    endloop
  endfacet
  facet normal 0 0 -1
    outer loop
      vertex 8.4 30.55 0
      vertex 3.39059 63.8994 0
      vertex 3.42978 64.0036 0
    endloop
  endfacet
  facet normal -0 0 -1
    outer loop
      vertex 15.0127 11.0696 0
      vertex 2.57189 -1.92532 0
      vertex 13.793 12.7718 0
    endloop
  endfacet
  facet normal 0 0 -1
    outer loop
      vertex 8.4 30.55 0
      vertex 3.34468 63.7981 0
      vertex 3.39059 63.8994 0
    endloop
  endfacet
  facet normal 0 0 -1
    outer loop
      vertex 2.47056 -1.8794 0
      vertex 13.793 12.7718 0
      vertex 2.57189 -1.92532 0
    endloop
  endfacet
  facet normal 0 0 -1
    outer loop
      vertex 8.4 30.55 0
      vertex 3.29224 63.7 0
      vertex 3.34468 63.7981 0
    endloop
  endfacet
  facet normal 0 0 -1
    outer loop
      vertex 2.36645 -1.84022 0
      vertex 13.793 12.7718 0
      vertex 2.47056 -1.8794 0
    endloop
  endfacet
  facet normal 0 0 -1
    outer loop
      vertex 8.4 30.55 0
      vertex 3.2335 63.6055 0
      vertex 3.29224 63.7 0
    endloop
  endfacet
  facet normal 0 0 -1
    outer loop
      vertex 2.25999 -1.80793 0
      vertex 13.793 12.7718 0
      vertex 2.36645 -1.84022 0
    endloop
  endfacet
  facet normal 0 0 -1
    outer loop
      vertex 8.4 30.55 0
      vertex 3.1687 63.5151 0
      vertex 3.2335 63.6055 0
    endloop
  endfacet
  facet normal -0 0 -1
    outer loop
      vertex 13.793 12.7718 0
      vertex 2.25999 -1.80793 0
      vertex 12.6872 14.55 0
    endloop
  endfacet
  facet normal 0 0 -1
    outer loop
      vertex 8.4 30.55 0
      vertex 3.09813 63.4291 0
      vertex 3.1687 63.5151 0
    endloop
  endfacet
  facet normal 0 0 -1
    outer loop
      vertex 2.15165 -1.78266 0
      vertex 12.6872 14.55 0
      vertex 2.25999 -1.80793 0
    endloop
  endfacet
  facet normal 0 0 -1
    outer loop
      vertex 8.4 30.55 0
      vertex 3.02208 63.3479 0
      vertex 3.09813 63.4291 0
    endloop
  endfacet
  facet normal 0 0 -1
    outer loop
      vertex 2.04189 -1.76454 0
      vertex 12.6872 14.55 0
      vertex 2.15165 -1.78266 0
    endloop
  endfacet
  facet normal 0 0 -1
    outer loop
      vertex 8.4 30.55 0
      vertex 2.94089 63.2719 0
      vertex 3.02208 63.3479 0
    endloop
  endfacet
  facet normal 0 0 -1
    outer loop
      vertex 1.93118 -1.75364 0
      vertex 12.6872 14.55 0
      vertex 2.04189 -1.76454 0
    endloop
  endfacet
  facet normal 0 0 -1
    outer loop
      vertex 8.4 30.55 0
      vertex 2.85489 63.2013 0
      vertex 2.94089 63.2719 0
    endloop
  endfacet
  facet normal 0 0 -1
    outer loop
      vertex 1.82 -1.75 0
      vertex 12.6872 14.55 0
      vertex 1.93118 -1.75364 0
    endloop
  endfacet
  facet normal 0 0 -1
    outer loop
      vertex 8.4 30.55 0
      vertex 2.76447 63.1365 0
      vertex 2.85489 63.2013 0
    endloop
  endfacet
  facet normal -0 0 -1
    outer loop
      vertex 12.6872 14.55 0
      vertex 1.82 -1.75 0
      vertex 11.7001 16.3968 0
    endloop
  endfacet
  facet normal 0 0 -1
    outer loop
      vertex 8.4 30.55 0
      vertex 2.67 63.0778 0
      vertex 2.76447 63.1365 0
    endloop
  endfacet
  facet normal 0 0 -1
    outer loop
      vertex 1.70881 -1.75364 0
      vertex 11.7001 16.3968 0
      vertex 1.82 -1.75 0
    endloop
  endfacet
  facet normal 0 0 -1
    outer loop
      vertex 8.4 30.55 0
      vertex 2.57189 63.0253 0
      vertex 2.67 63.0778 0
    endloop
  endfacet
  facet normal 0 0 -1
    outer loop
      vertex 1.59811 -1.76454 0
      vertex 11.7001 16.3968 0
      vertex 1.70881 -1.75364 0
    endloop
  endfacet
  facet normal 0 0 -1
    outer loop
      vertex 8.4 30.55 0
      vertex 2.47056 62.9794 0
      vertex 2.57189 63.0253 0
    endloop
  endfacet
  facet normal 0 0 -1
    outer loop
      vertex 1.48835 -1.78266 0
      vertex 11.7001 16.3968 0
      vertex 1.59811 -1.76454 0
    endloop
  endfacet
  facet normal 0 0 -1
    outer loop
      vertex 8.4 30.55 0
      vertex 2.36645 62.9402 0
      vertex 2.47056 62.9794 0
    endloop
  endfacet
  facet normal -0 0 -1
    outer loop
      vertex 11.7001 16.3968 0
      vertex 1.48835 -1.78266 0
      vertex 10.8359 18.3041 0
    endloop
  endfacet
  facet normal 0 0 -1
    outer loop
      vertex 8.4 30.55 0
      vertex 2.25999 62.9079 0
      vertex 2.36645 62.9402 0
    endloop
  endfacet
  facet normal 0 0 -1
    outer loop
      vertex 1.38001 -1.80793 0
      vertex 10.8359 18.3041 0
      vertex 1.48835 -1.78266 0
    endloop
  endfacet
  facet normal 0 0 -1
    outer loop
      vertex 8.4 30.55 0
      vertex 2.15165 62.8827 0
      vertex 2.25999 62.9079 0
    endloop
  endfacet
  facet normal 0 0 -1
    outer loop
      vertex 1.27355 -1.84022 0
      vertex 10.8359 18.3041 0
      vertex 1.38001 -1.80793 0
    endloop
  endfacet
  facet normal 0 0 -1
    outer loop
      vertex 8.4 30.55 0
      vertex 2.04189 62.8645 0
      vertex 2.15165 62.8827 0
    endloop
  endfacet
  facet normal 0 0 -1
    outer loop
      vertex -3.48 -2.75 0
      vertex 10.8359 18.3041 0
      vertex 1.27355 -1.84022 0
    endloop
  endfacet
  facet normal 0 0 -1
    outer loop
      vertex 8.4 30.55 0
      vertex 1.93118 62.8536 0
      vertex 2.04189 62.8645 0
    endloop
  endfacet
  facet normal -0 0 -1
    outer loop
      vertex 10.8359 18.3041 0
      vertex -3.48 -2.75 0
      vertex 10.0982 20.2639 0
    endloop
  endfacet
  facet normal 0 0 -1
    outer loop
      vertex 8.4 30.55 0
      vertex 1.82 62.85 0
      vertex 1.93118 62.8536 0
    endloop
  endfacet
  facet normal -0 0 -1
    outer loop
      vertex 10.0982 20.2639 0
      vertex -3.48 -2.75 0
      vertex 9.49037 22.2678 0
    endloop
  endfacet
  facet normal 0 0 -1
    outer loop
      vertex 8.4 30.55 0
      vertex 1.70881 62.8536 0
      vertex 1.82 62.85 0
    endloop
  endfacet
  facet normal -0 0 -1
    outer loop
      vertex 9.49037 22.2678 0
      vertex -3.48 -2.75 0
      vertex 9.01487 24.3071 0
    endloop
  endfacet
  facet normal 0 0 -1
    outer loop
      vertex 8.4 30.55 0
      vertex 1.59811 62.8645 0
      vertex 1.70881 62.8536 0
    endloop
  endfacet
  facet normal -0 0 -1
    outer loop
      vertex 9.01487 24.3071 0
      vertex -3.48 -2.75 0
      vertex 8.67376 26.3732 0
    endloop
  endfacet
  facet normal 0 0 -1
    outer loop
      vertex 8.4 30.55 0
      vertex 1.48835 62.8827 0
      vertex 1.59811 62.8645 0
    endloop
  endfacet
  facet normal -0 0 -1
    outer loop
      vertex 8.67376 26.3732 0
      vertex -3.48 -2.75 0
      vertex 8.46851 28.4571 0
    endloop
  endfacet
  facet normal 0 0 -1
    outer loop
      vertex 8.4 30.55 0
      vertex 1.38001 62.9079 0
      vertex 1.48835 62.8827 0
    endloop
  endfacet
  facet normal -0 0 -1
    outer loop
      vertex 8.46851 28.4571 0
      vertex -3.48 -2.75 0
      vertex 8.4 30.55 0
    endloop
  endfacet
  facet normal 0 0 -1
    outer loop
      vertex -3.48 63.85 0
      vertex 8.4 30.55 0
      vertex -3.48 -2.75 0
    endloop
  endfacet
  facet normal 0 0 -1
    outer loop
      vertex -3.48 -2.75 0
      vertex 1.27355 -1.84022 0
      vertex 1.16944 -1.8794 0
    endloop
  endfacet
  facet normal -0 -0 -1
    outer loop
      vertex 1.27355 62.9402 0
      vertex 8.4 30.55 0
      vertex -3.48 63.85 0
    endloop
  endfacet
  facet normal 0 0 -1
    outer loop
      vertex -3.48 -2.75 0
      vertex 1.16944 -1.8794 0
      vertex 1.06811 -1.92532 0
    endloop
  endfacet
  facet normal 0 0 -1
    outer loop
      vertex 8.4 30.55 0
      vertex 1.27355 62.9402 0
      vertex 1.38001 62.9079 0
    endloop
  endfacet
  facet normal 0 0 -1
    outer loop
      vertex -3.48 -2.75 0
      vertex 1.06811 -1.92532 0
      vertex 0.969999 -1.97776 0
    endloop
  endfacet
  facet normal 0 0 -1
    outer loop
      vertex 1.27355 62.9402 0
      vertex -3.48 63.85 0
      vertex 1.16944 62.9794 0
    endloop
  endfacet
  facet normal 0 0 -1
    outer loop
      vertex -3.48 -2.75 0
      vertex 0.969999 -1.97776 0
      vertex 0.87553 -2.0365 0
    endloop
  endfacet
  facet normal 0 0 -1
    outer loop
      vertex 1.16944 62.9794 0
      vertex -3.48 63.85 0
      vertex 1.06811 63.0253 0
    endloop
  endfacet
  facet normal 0 0 -1
    outer loop
      vertex -3.48 -2.75 0
      vertex 0.87553 -2.0365 0
      vertex 0.785105 -2.1013 0
    endloop
  endfacet
  facet normal 0 0 -1
    outer loop
      vertex 1.06811 63.0253 0
      vertex -3.48 63.85 0
      vertex 0.969999 63.0778 0
    endloop
  endfacet
  facet normal 0 0 -1
    outer loop
      vertex -3.48 -2.75 0
      vertex 0.785105 -2.1013 0
      vertex 0.699112 -2.17187 0
    endloop
  endfacet
  facet normal 0 0 -1
    outer loop
      vertex 0.969999 63.0778 0
      vertex -3.48 63.85 0
      vertex 0.87553 63.1365 0
    endloop
  endfacet
  facet normal 0 0 -1
    outer loop
      vertex -3.48 -2.75 0
      vertex 0.699112 -2.17187 0
      vertex 0.617918 -2.24792 0
    endloop
  endfacet
  facet normal 0 0 -1
    outer loop
      vertex 0.87553 63.1365 0
      vertex -3.48 63.85 0
      vertex 0.785105 63.2013 0
    endloop
  endfacet
  facet normal 0 0 -1
    outer loop
      vertex -3.48 -2.75 0
      vertex 0.617918 -2.24792 0
      vertex 0.541872 -2.32911 0
    endloop
  endfacet
  facet normal 0 0 -1
    outer loop
      vertex 0.785105 63.2013 0
      vertex -3.48 63.85 0
      vertex 0.699112 63.2719 0
    endloop
  endfacet
  facet normal 0 0 -1
    outer loop
      vertex -3.48 -2.75 0
      vertex 0.541872 -2.32911 0
      vertex 0.471299 -2.4151 0
    endloop
  endfacet
  facet normal 0 0 -1
    outer loop
      vertex 0.699112 63.2719 0
      vertex -3.48 63.85 0
      vertex 0.617918 63.3479 0
    endloop
  endfacet
  facet normal 0 0 -1
    outer loop
      vertex -3.48 -2.75 0
      vertex 0.471299 -2.4151 0
      vertex 0.406501 -2.50553 0
    endloop
  endfacet
  facet normal 0 0 -1
    outer loop
      vertex 0.617918 63.3479 0
      vertex -3.48 63.85 0
      vertex 0.541872 63.4291 0
    endloop
  endfacet
  facet normal 0 0 -1
    outer loop
      vertex -3.48 -2.75 0
      vertex 0.406501 -2.50553 0
      vertex 0.347756 -2.6 0
    endloop
  endfacet
  facet normal 0 0 -1
    outer loop
      vertex 0.541872 63.4291 0
      vertex -3.48 63.85 0
      vertex 0.471299 63.5151 0
    endloop
  endfacet
  facet normal 0 0 -1
    outer loop
      vertex -3.48 -2.75 0
      vertex 0.347756 -2.6 0
      vertex 0.295316 -2.69811 0
    endloop
  endfacet
  facet normal 0 0 -1
    outer loop
      vertex 0.471299 63.5151 0
      vertex -3.48 63.85 0
      vertex 0.406501 63.6055 0
    endloop
  endfacet
  facet normal 0 0 -1
    outer loop
      vertex -3.48 -2.75 0
      vertex 0.295316 -2.69811 0
      vertex 0.249404 -2.79944 0
    endloop
  endfacet
  facet normal 0 0 -1
    outer loop
      vertex 0.406501 63.6055 0
      vertex -3.48 63.85 0
      vertex 0.347756 63.7 0
    endloop
  endfacet
  facet normal 0 0 -1
    outer loop
      vertex -3.48 -2.75 0
      vertex 0.249404 -2.79944 0
      vertex 0.210218 -2.90355 0
    endloop
  endfacet
  facet normal 0 0 -1
    outer loop
      vertex 0.347756 63.7 0
      vertex -3.48 63.85 0
      vertex 0.295316 63.7981 0
    endloop
  endfacet
  facet normal 0 0 -1
    outer loop
      vertex -3.48 -2.75 0
      vertex 0.210218 -2.90355 0
      vertex 0.177926 -3.01001 0
    endloop
  endfacet
  facet normal 0 0 -1
    outer loop
      vertex 0.295316 63.7981 0
      vertex -3.48 63.85 0
      vertex 0.249404 63.8994 0
    endloop
  endfacet
  facet normal 0 0 -1
    outer loop
      vertex -3.48 -2.75 0
      vertex 0.177926 -3.01001 0
      vertex 0.152664 -3.11835 0
    endloop
  endfacet
  facet normal -0 0 -1
    outer loop
      vertex 0.249404 63.8994 0
      vertex -3.48 63.85 0
      vertex 0.210218 64.0036 0
    endloop
  endfacet
  facet normal 0 0 -1
    outer loop
      vertex -3.48 -2.75 0
      vertex 0.152664 -3.11835 0
      vertex 0.134543 -3.2281 0
    endloop
  endfacet
  facet normal -0 0 -1
    outer loop
      vertex 0.210218 64.0036 0
      vertex -3.48 63.85 0
      vertex 0.177926 64.11 0
    endloop
  endfacet
  facet normal 0 0 -1
    outer loop
      vertex -3.46715 -3.14241 0
      vertex 0.134543 -3.2281 0
      vertex 0.123639 -3.33881 0
    endloop
  endfacet
  facet normal -0 0 -1
    outer loop
      vertex 0.177926 64.11 0
      vertex -3.48 63.85 0
      vertex 0.152664 64.2183 0
    endloop
  endfacet
  facet normal 0 0 -1
    outer loop
      vertex -3.42867 -3.53314 0
      vertex 0.123639 -3.33881 0
      vertex 0.12 -3.45 0
    endloop
  endfacet
  facet normal -0 0 -1
    outer loop
      vertex 0.152664 64.2183 0
      vertex -3.48 63.85 0
      vertex 0.134543 64.3281 0
    endloop
  endfacet
  facet normal 0 0 -1
    outer loop
      vertex 96.8921 -3.01001 0
      vertex 100.55 -2.75 0
      vertex 96.9173 -3.11835 0
    endloop
  endfacet
  facet normal 0 0 -1
    outer loop
      vertex 97.15 36.55 0
      vertex 96.9464 64.4388 0
      vertex 96.95 64.55 0
    endloop
  endfacet
  facet normal 0 0 -1
    outer loop
      vertex 96.8598 -2.90355 0
      vertex 100.55 -2.75 0
      vertex 96.8921 -3.01001 0
    endloop
  endfacet
  facet normal 0 0 -1
    outer loop
      vertex 97.15 36.55 0
      vertex 96.9355 64.3281 0
      vertex 96.9464 64.4388 0
    endloop
  endfacet
  facet normal 0 0 -1
    outer loop
      vertex 96.8206 -2.79944 0
      vertex 100.55 -2.75 0
      vertex 96.8598 -2.90355 0
    endloop
  endfacet
  facet normal 0 0 -1
    outer loop
      vertex 97.15 36.55 0
      vertex 96.9173 64.2183 0
      vertex 96.9355 64.3281 0
    endloop
  endfacet
  facet normal 0 0 -1
    outer loop
      vertex 96.7747 -2.69811 0
      vertex 100.55 -2.75 0
      vertex 96.8206 -2.79944 0
    endloop
  endfacet
  facet normal 0 0 -1
    outer loop
      vertex 97.15 36.55 0
      vertex 96.8921 64.11 0
      vertex 96.9173 64.2183 0
    endloop
  endfacet
  facet normal 0 0 -1
    outer loop
      vertex 96.7222 -2.6 0
      vertex 100.55 -2.75 0
      vertex 96.7747 -2.69811 0
    endloop
  endfacet
  facet normal 0 0 -1
    outer loop
      vertex 97.15 36.55 0
      vertex 96.8598 64.0036 0
      vertex 96.8921 64.11 0
    endloop
  endfacet
  facet normal 0 0 -1
    outer loop
      vertex 96.6635 -2.50553 0
      vertex 100.55 -2.75 0
      vertex 96.7222 -2.6 0
    endloop
  endfacet
  facet normal 0 0 -1
    outer loop
      vertex 97.15 36.55 0
      vertex 96.8206 63.8994 0
      vertex 96.8598 64.0036 0
    endloop
  endfacet
  facet normal 0 0 -1
    outer loop
      vertex 96.5987 -2.4151 0
      vertex 100.55 -2.75 0
      vertex 96.6635 -2.50553 0
    endloop
  endfacet
  facet normal 0 0 -1
    outer loop
      vertex 97.15 36.55 0
      vertex 96.7747 63.7981 0
      vertex 96.8206 63.8994 0
    endloop
  endfacet
  facet normal 0 0 -1
    outer loop
      vertex 96.5281 -2.32911 0
      vertex 100.55 -2.75 0
      vertex 96.5987 -2.4151 0
    endloop
  endfacet
  facet normal 0 0 -1
    outer loop
      vertex 97.15 36.55 0
      vertex 96.7222 63.7 0
      vertex 96.7747 63.7981 0
    endloop
  endfacet
  facet normal 0 0 -1
    outer loop
      vertex 96.4521 -2.24792 0
      vertex 100.55 -2.75 0
      vertex 96.5281 -2.32911 0
    endloop
  endfacet
  facet normal 0 0 -1
    outer loop
      vertex 97.15 36.55 0
      vertex 96.6635 63.6055 0
      vertex 96.7222 63.7 0
    endloop
  endfacet
  facet normal 0 0 -1
    outer loop
      vertex 96.3709 -2.17187 0
      vertex 100.55 -2.75 0
      vertex 96.4521 -2.24792 0
    endloop
  endfacet
  facet normal 0 0 -1
    outer loop
      vertex 97.15 36.55 0
      vertex 96.5987 63.5151 0
      vertex 96.6635 63.6055 0
    endloop
  endfacet
  facet normal 0 0 -1
    outer loop
      vertex 96.2849 -2.1013 0
      vertex 100.55 -2.75 0
      vertex 96.3709 -2.17187 0
    endloop
  endfacet
  facet normal 0 0 -1
    outer loop
      vertex 97.15 36.55 0
      vertex 96.5281 63.4291 0
      vertex 96.5987 63.5151 0
    endloop
  endfacet
  facet normal 0 0 -1
    outer loop
      vertex 96.1945 -2.0365 0
      vertex 100.55 -2.75 0
      vertex 96.2849 -2.1013 0
    endloop
  endfacet
  facet normal 0 0 -1
    outer loop
      vertex 97.15 36.55 0
      vertex 96.4521 63.3479 0
      vertex 96.5281 63.4291 0
    endloop
  endfacet
  facet normal 0 0 -1
    outer loop
      vertex 96.1 -1.97776 0
      vertex 100.55 -2.75 0
      vertex 96.1945 -2.0365 0
    endloop
  endfacet
  facet normal 0 0 -1
    outer loop
      vertex 97.15 36.55 0
      vertex 96.3709 63.2719 0
      vertex 96.4521 63.3479 0
    endloop
  endfacet
  facet normal 0 0 -1
    outer loop
      vertex 96.0019 -1.92532 0
      vertex 100.55 -2.75 0
      vertex 96.1 -1.97776 0
    endloop
  endfacet
  facet normal 0 0 -1
    outer loop
      vertex 97.15 36.55 0
      vertex 96.2849 63.2013 0
      vertex 96.3709 63.2719 0
    endloop
  endfacet
  facet normal 0 0 -1
    outer loop
      vertex 95.9006 -1.8794 0
      vertex 100.55 -2.75 0
      vertex 96.0019 -1.92532 0
    endloop
  endfacet
  facet normal 0 0 -1
    outer loop
      vertex 97.15 36.55 0
      vertex 96.1945 63.1365 0
      vertex 96.2849 63.2013 0
    endloop
  endfacet
  facet normal 0 0 -1
    outer loop
      vertex 100.55 -2.75 0
      vertex 95.9006 -1.8794 0
      vertex 97.15 24.55 0
    endloop
  endfacet
  facet normal 0 0 -1
    outer loop
      vertex 97.15 36.55 0
      vertex 96.1 63.0778 0
      vertex 96.1945 63.1365 0
    endloop
  endfacet
  facet normal 0 0 -1
    outer loop
      vertex 95.7964 -1.84022 0
      vertex 97.15 24.55 0
      vertex 95.9006 -1.8794 0
    endloop
  endfacet
  facet normal 0 0 -1
    outer loop
      vertex 97.15 36.55 0
      vertex 96.0019 63.0253 0
      vertex 96.1 63.0778 0
    endloop
  endfacet
  facet normal 0 0 -1
    outer loop
      vertex 95.69 -1.80793 0
      vertex 97.15 24.55 0
      vertex 95.7964 -1.84022 0
    endloop
  endfacet
  facet normal 0 0 -1
    outer loop
      vertex 97.15 36.55 0
      vertex 95.9006 62.9794 0
      vertex 96.0019 63.0253 0
    endloop
  endfacet
  facet normal 0 0 -1
    outer loop
      vertex 95.5816 -1.78266 0
      vertex 97.15 24.55 0
      vertex 95.69 -1.80793 0
    endloop
  endfacet
  facet normal 0 0 -1
    outer loop
      vertex 97.15 36.55 0
      vertex 95.7964 62.9402 0
      vertex 95.9006 62.9794 0
    endloop
  endfacet
  facet normal 0 0 -1
    outer loop
      vertex 95.4719 -1.76454 0
      vertex 97.15 24.55 0
      vertex 95.5816 -1.78266 0
    endloop
  endfacet
  facet normal 0 0 -1
    outer loop
      vertex 72.3315 32.6429 0
      vertex 97.15 36.55 0
      vertex 72.4 30.55 0
    endloop
  endfacet
  facet normal 0 0 -1
    outer loop
      vertex 95.3612 -1.75364 0
      vertex 97.15 24.55 0
      vertex 95.4719 -1.76454 0
    endloop
  endfacet
  facet normal 0 0 -1
    outer loop
      vertex 97.15 36.55 0
      vertex 95.69 62.9079 0
      vertex 95.7964 62.9402 0
    endloop
  endfacet
  facet normal 0 0 -1
    outer loop
      vertex 95.25 -1.75 0
      vertex 97.15 24.55 0
      vertex 95.3612 -1.75364 0
    endloop
  endfacet
  facet normal 0 0 -1
    outer loop
      vertex 72.1262 34.7268 0
      vertex 97.15 36.55 0
      vertex 72.3315 32.6429 0
    endloop
  endfacet
  facet normal 0 0 -1
    outer loop
      vertex 95.1388 -1.75364 0
      vertex 97.15 24.55 0
      vertex 95.25 -1.75 0
    endloop
  endfacet
  facet normal 0 0 -1
    outer loop
      vertex 97.15 36.55 0
      vertex 95.5816 62.8827 0
      vertex 95.69 62.9079 0
    endloop
  endfacet
  facet normal 0 0 -1
    outer loop
      vertex 95.0281 -1.76454 0
      vertex 97.15 24.55 0
      vertex 95.1388 -1.75364 0
    endloop
  endfacet
  facet normal 0 0 -1
    outer loop
      vertex 97.15 36.55 0
      vertex 95.4719 62.8645 0
      vertex 95.5816 62.8827 0
    endloop
  endfacet
  facet normal 0 0 -1
    outer loop
      vertex 94.9184 -1.78266 0
      vertex 97.15 24.55 0
      vertex 95.0281 -1.76454 0
    endloop
  endfacet
  facet normal 0 0 -1
    outer loop
      vertex 71.7851 36.7929 0
      vertex 97.15 36.55 0
      vertex 72.1262 34.7268 0
    endloop
  endfacet
  facet normal 0 0 -1
    outer loop
      vertex 94.81 -1.80793 0
      vertex 97.15 24.55 0
      vertex 94.9184 -1.78266 0
    endloop
  endfacet
  facet normal 0 0 -1
    outer loop
      vertex 97.15 36.55 0
      vertex 95.3612 62.8536 0
      vertex 95.4719 62.8645 0
    endloop
  endfacet
  facet normal 0 -0 -1
    outer loop
      vertex 71.7851 24.3071 0
      vertex 97.15 24.55 0
      vertex 71.3096 22.2678 0
    endloop
  endfacet
  facet normal 0 0 -1
    outer loop
      vertex 97.15 36.55 0
      vertex 95.25 62.85 0
      vertex 95.3612 62.8536 0
    endloop
  endfacet
  facet normal 0 0 -1
    outer loop
      vertex 94.7036 -1.84022 0
      vertex 97.15 24.55 0
      vertex 94.81 -1.80793 0
    endloop
  endfacet
  facet normal 0 0 -1
    outer loop
      vertex 71.3096 38.8322 0
      vertex 97.15 36.55 0
      vertex 71.7851 36.7929 0
    endloop
  endfacet
  facet normal 0 0 -1
    outer loop
      vertex 94.5994 -1.8794 0
      vertex 97.15 24.55 0
      vertex 94.7036 -1.84022 0
    endloop
  endfacet
  facet normal 0 0 -1
    outer loop
      vertex 97.15 36.55 0
      vertex 95.1388 62.8536 0
      vertex 95.25 62.85 0
    endloop
  endfacet
  facet normal 0 0 -1
    outer loop
      vertex 94.4981 -1.92532 0
      vertex 97.15 24.55 0
      vertex 94.5994 -1.8794 0
    endloop
  endfacet
  facet normal 0 0 -1
    outer loop
      vertex 97.15 36.55 0
      vertex 95.0281 62.8645 0
      vertex 95.1388 62.8536 0
    endloop
  endfacet
  facet normal 0 0 -1
    outer loop
      vertex 94.4 -1.97776 0
      vertex 97.15 24.55 0
      vertex 94.4981 -1.92532 0
    endloop
  endfacet
  facet normal 0 0 -1
    outer loop
      vertex 97.15 36.55 0
      vertex 94.9184 62.8827 0
      vertex 95.0281 62.8645 0
    endloop
  endfacet
  facet normal 0 0 -1
    outer loop
      vertex 69.9641 18.3041 0
      vertex 97.15 24.55 0
      vertex 94.4 -1.97776 0
    endloop
  endfacet
  facet normal 0 0 -1
    outer loop
      vertex 70.7018 40.8361 0
      vertex 97.15 36.55 0
      vertex 71.3096 38.8322 0
    endloop
  endfacet
  facet normal 0 0 -1
    outer loop
      vertex 69.9641 18.3041 0
      vertex 94.4 -1.97776 0
      vertex 94.3055 -2.0365 0
    endloop
  endfacet
  facet normal 0 0 -1
    outer loop
      vertex 97.15 36.55 0
      vertex 94.81 62.9079 0
      vertex 94.9184 62.8827 0
    endloop
  endfacet
  facet normal 0 0 -1
    outer loop
      vertex 69.9641 18.3041 0
      vertex 94.3055 -2.0365 0
      vertex 94.2151 -2.1013 0
    endloop
  endfacet
  facet normal 0 0 -1
    outer loop
      vertex 97.15 36.55 0
      vertex 94.7036 62.9402 0
      vertex 94.81 62.9079 0
    endloop
  endfacet
  facet normal 0 0 -1
    outer loop
      vertex 69.0999 16.3968 0
      vertex 94.2151 -2.1013 0
      vertex 94.1291 -2.17187 0
    endloop
  endfacet
  facet normal 0 0 -1
    outer loop
      vertex 69.9641 42.7959 0
      vertex 97.15 36.55 0
      vertex 70.7018 40.8361 0
    endloop
  endfacet
  facet normal 0 0 -1
    outer loop
      vertex 69.0999 16.3968 0
      vertex 94.1291 -2.17187 0
      vertex 94.0479 -2.24792 0
    endloop
  endfacet
  facet normal 0 0 -1
    outer loop
      vertex 97.15 36.55 0
      vertex 94.5994 62.9794 0
      vertex 94.7036 62.9402 0
    endloop
  endfacet
  facet normal 0 0 -1
    outer loop
      vertex 69.0999 16.3968 0
      vertex 94.0479 -2.24792 0
      vertex 93.9719 -2.32911 0
    endloop
  endfacet
  facet normal 0 0 -1
    outer loop
      vertex 97.15 36.55 0
      vertex 94.4981 63.0253 0
      vertex 94.5994 62.9794 0
    endloop
  endfacet
  facet normal 0 0 -1
    outer loop
      vertex 68.1128 14.55 0
      vertex 93.9719 -2.32911 0
      vertex 93.9013 -2.4151 0
    endloop
  endfacet
  facet normal 0 0 -1
    outer loop
      vertex 97.15 36.55 0
      vertex 94.4 63.0778 0
      vertex 94.4981 63.0253 0
    endloop
  endfacet
  facet normal 0 0 -1
    outer loop
      vertex 68.1128 14.55 0
      vertex 93.9013 -2.4151 0
      vertex 93.8365 -2.50553 0
    endloop
  endfacet
  facet normal 0 0 -1
    outer loop
      vertex 97.15 36.55 0
      vertex 69.9641 42.7959 0
      vertex 94.4 63.0778 0
    endloop
  endfacet
  facet normal 0 0 -1
    outer loop
      vertex 68.1128 14.55 0
      vertex 93.8365 -2.50553 0
      vertex 93.7778 -2.6 0
    endloop
  endfacet
  facet normal -0 0 -1
    outer loop
      vertex 94.4 63.0778 0
      vertex 69.9641 42.7959 0
      vertex 94.3055 63.1365 0
    endloop
  endfacet
  facet normal 0 0 -1
    outer loop
      vertex 67.007 12.7718 0
      vertex 93.7778 -2.6 0
      vertex 93.7253 -2.69811 0
    endloop
  endfacet
  facet normal -0 0 -1
    outer loop
      vertex 94.3055 63.1365 0
      vertex 69.9641 42.7959 0
      vertex 94.2151 63.2013 0
    endloop
  endfacet
  facet normal 0 0 -1
    outer loop
      vertex 67.007 12.7718 0
      vertex 93.7253 -2.69811 0
      vertex 93.6794 -2.79944 0
    endloop
  endfacet
  facet normal 0 0 -1
    outer loop
      vertex 69.0999 44.7032 0
      vertex 94.2151 63.2013 0
      vertex 69.9641 42.7959 0
    endloop
  endfacet
  facet normal 0 0 -1
    outer loop
      vertex 65.7873 11.0696 0
      vertex 93.6794 -2.79944 0
      vertex 93.6402 -2.90355 0
    endloop
  endfacet
  facet normal -0 0 -1
    outer loop
      vertex 94.2151 63.2013 0
      vertex 69.0999 44.7032 0
      vertex 94.1291 63.2719 0
    endloop
  endfacet
  facet normal 0 0 -1
    outer loop
      vertex 65.7873 11.0696 0
      vertex 93.6402 -2.90355 0
      vertex 93.6079 -3.01001 0
    endloop
  endfacet
  facet normal -0 0 -1
    outer loop
      vertex 94.1291 63.2719 0
      vertex 69.0999 44.7032 0
      vertex 94.0479 63.3479 0
    endloop
  endfacet
  facet normal 0 0 -1
    outer loop
      vertex 65.7873 11.0696 0
      vertex 93.6079 -3.01001 0
      vertex 93.5827 -3.11835 0
    endloop
  endfacet
  facet normal -0 0 -1
    outer loop
      vertex 94.0479 63.3479 0
      vertex 69.0999 44.7032 0
      vertex 93.9719 63.4291 0
    endloop
  endfacet
  facet normal 0 0 -1
    outer loop
      vertex 64.4589 9.45093 0
      vertex 93.5827 -3.11835 0
      vertex 93.5645 -3.2281 0
    endloop
  endfacet
  facet normal 0 0 -1
    outer loop
      vertex 68.1128 46.55 0
      vertex 93.9719 63.4291 0
      vertex 69.0999 44.7032 0
    endloop
  endfacet
  facet normal 0 0 -1
    outer loop
      vertex 64.4589 9.45093 0
      vertex 93.5645 -3.2281 0
      vertex 93.5536 -3.33881 0
    endloop
  endfacet
  facet normal -0 0 -1
    outer loop
      vertex 93.9719 63.4291 0
      vertex 68.1128 46.55 0
      vertex 93.9013 63.5151 0
    endloop
  endfacet
  facet normal 0 0 -1
    outer loop
      vertex 64.4589 9.45093 0
      vertex 93.5536 -3.33881 0
      vertex 93.55 -3.45 0
    endloop
  endfacet
  facet normal -0 0 -1
    outer loop
      vertex 93.9013 63.5151 0
      vertex 68.1128 46.55 0
      vertex 93.8365 63.6055 0
    endloop
  endfacet
  facet normal 0 0 -1
    outer loop
      vertex 100.499 -3.53314 0
      vertex 96.9464 -3.33881 0
      vertex 100.537 -3.14241 0
    endloop
  endfacet
  facet normal 0 0 -1
    outer loop
      vertex 96.9464 -3.33881 0
      vertex 100.499 -3.53314 0
      vertex 96.95 -3.45 0
    endloop
  endfacet
  facet normal 0 0 -1
    outer loop
      vertex 96.95 -3.45 0
      vertex 100.499 -3.53314 0
      vertex 100.435 -3.92053 0
    endloop
  endfacet
  facet normal 0 0 -1
    outer loop
      vertex 96.9464 -3.56118 0
      vertex 100.435 -3.92053 0
      vertex 100.346 -4.3029 0
    endloop
  endfacet
  facet normal 0 0 -1
    outer loop
      vertex 96.9355 -3.67189 0
      vertex 100.346 -4.3029 0
      vertex 100.232 -4.67863 0
    endloop
  endfacet
  facet normal 0 0 -1
    outer loop
      vertex 96.8921 -3.88999 0
      vertex 100.232 -4.67863 0
      vertex 100.093 -5.0461 0
    endloop
  endfacet
  facet normal 0 0 -1
    outer loop
      vertex 96.8598 -3.99645 0
      vertex 100.093 -5.0461 0
      vertex 99.9312 -5.40372 0
    endloop
  endfacet
  facet normal 0 0 -1
    outer loop
      vertex 96.8206 -4.10056 0
      vertex 99.9312 -5.40372 0
      vertex 99.7461 -5.75 0
    endloop
  endfacet
  facet normal 0 0 -1
    outer loop
      vertex 96.7747 -4.20189 0
      vertex 99.7461 -5.75 0
      vertex 99.5388 -6.08342 0
    endloop
  endfacet
  facet normal 0 0 -1
    outer loop
      vertex 96.6635 -4.39447 0
      vertex 99.5388 -6.08342 0
      vertex 99.3101 -6.40256 0
    endloop
  endfacet
  facet normal 0 0 -1
    outer loop
      vertex 96.5987 -4.48489 0
      vertex 99.3101 -6.40256 0
      vertex 99.061 -6.70607 0
    endloop
  endfacet
  facet normal 0 0 -1
    outer loop
      vertex 96.5281 -4.57089 0
      vertex 99.061 -6.70607 0
      vertex 98.7926 -6.99263 0
    endloop
  endfacet
  facet normal 0 0 -1
    outer loop
      vertex 96.3709 -4.72813 0
      vertex 98.7926 -6.99263 0
      vertex 98.5061 -7.26103 0
    endloop
  endfacet
  facet normal 0 0 -1
    outer loop
      vertex 96.2849 -4.7987 0
      vertex 98.5061 -7.26103 0
      vertex 98.2026 -7.51012 0
    endloop
  endfacet
  facet normal 0 0 -1
    outer loop
      vertex 96.1945 -4.8635 0
      vertex 98.2026 -7.51012 0
      vertex 97.8834 -7.73882 0
    endloop
  endfacet
  facet normal 0 0 -1
    outer loop
      vertex 96.1 -4.92224 0
      vertex 97.8834 -7.73882 0
      vertex 97.55 -7.94615 0
    endloop
  endfacet
  facet normal 0 0 -1
    outer loop
      vertex 95.9006 -5.02059 0
      vertex 97.55 -7.94615 0
      vertex 97.2037 -8.13123 0
    endloop
  endfacet
  facet normal 0 0 -1
    outer loop
      vertex 96.9355 -3.2281 0
      vertex 100.537 -3.14241 0
      vertex 96.9464 -3.33881 0
    endloop
  endfacet
  facet normal -0 0 -1
    outer loop
      vertex 100.537 -3.14241 0
      vertex 96.9355 -3.2281 0
      vertex 100.55 -2.75 0
    endloop
  endfacet
  facet normal 0 0 -1
    outer loop
      vertex 100.55 -2.75 0
      vertex 97.15 24.55 0
      vertex 100.55 24.55 0
    endloop
  endfacet
  facet normal 0 0 -1
    outer loop
      vertex 100.435 -3.92053 0
      vertex 96.9464 -3.56118 0
      vertex 96.95 -3.45 0
    endloop
  endfacet
  facet normal 0 0 -1
    outer loop
      vertex 100.346 -4.3029 0
      vertex 96.9355 -3.67189 0
      vertex 96.9464 -3.56118 0
    endloop
  endfacet
  facet normal 0 0 -1
    outer loop
      vertex 100.232 -4.67863 0
      vertex 96.9173 -3.78165 0
      vertex 96.9355 -3.67189 0
    endloop
  endfacet
  facet normal 0 0 -1
    outer loop
      vertex 100.232 -4.67863 0
      vertex 96.8921 -3.88999 0
      vertex 96.9173 -3.78165 0
    endloop
  endfacet
  facet normal 0 0 -1
    outer loop
      vertex 100.093 -5.0461 0
      vertex 96.8598 -3.99645 0
      vertex 96.8921 -3.88999 0
    endloop
  endfacet
  facet normal 0 0 -1
    outer loop
      vertex 95.7964 -5.05978 0
      vertex 97.2037 -8.13123 0
      vertex 96.8461 -8.29327 0
    endloop
  endfacet
  facet normal 0 0 -1
    outer loop
      vertex 99.9312 -5.40372 0
      vertex 96.8206 -4.10056 0
      vertex 96.8598 -3.99645 0
    endloop
  endfacet
  facet normal 0 0 -1
    outer loop
      vertex 99.7461 -5.75 0
      vertex 96.7747 -4.20189 0
      vertex 96.8206 -4.10056 0
    endloop
  endfacet
  facet normal 0 0 -1
    outer loop
      vertex 99.5388 -6.08342 0
      vertex 96.7222 -4.3 0
      vertex 96.7747 -4.20189 0
    endloop
  endfacet
  facet normal 0 0 -1
    outer loop
      vertex 99.5388 -6.08342 0
      vertex 96.6635 -4.39447 0
      vertex 96.7222 -4.3 0
    endloop
  endfacet
  facet normal 0 0 -1
    outer loop
      vertex 99.3101 -6.40256 0
      vertex 96.5987 -4.48489 0
      vertex 96.6635 -4.39447 0
    endloop
  endfacet
  facet normal 0 0 -1
    outer loop
      vertex 99.061 -6.70607 0
      vertex 96.5281 -4.57089 0
      vertex 96.5987 -4.48489 0
    endloop
  endfacet
  facet normal 0 0 -1
    outer loop
      vertex 95.69 -5.09207 0
      vertex 96.8461 -8.29327 0
      vertex 96.4786 -8.43158 0
    endloop
  endfacet
  facet normal 0 0 -1
    outer loop
      vertex 98.7926 -6.99263 0
      vertex 96.4521 -4.65208 0
      vertex 96.5281 -4.57089 0
    endloop
  endfacet
  facet normal 0 0 -1
    outer loop
      vertex 98.7926 -6.99263 0
      vertex 96.3709 -4.72813 0
      vertex 96.4521 -4.65208 0
    endloop
  endfacet
  facet normal 0 0 -1
    outer loop
      vertex 98.5061 -7.26103 0
      vertex 96.2849 -4.7987 0
      vertex 96.3709 -4.72813 0
    endloop
  endfacet
  facet normal 0 0 -1
    outer loop
      vertex 98.2026 -7.51012 0
      vertex 96.1945 -4.8635 0
      vertex 96.2849 -4.7987 0
    endloop
  endfacet
  facet normal 0 0 -1
    outer loop
      vertex 95.4719 -5.13546 0
      vertex 96.4786 -8.43158 0
      vertex 96.1029 -8.54555 0
    endloop
  endfacet
  facet normal 0 0 -1
    outer loop
      vertex 97.8834 -7.73882 0
      vertex 96.1 -4.92224 0
      vertex 96.1945 -4.8635 0
    endloop
  endfacet
  facet normal 0 0 -1
    outer loop
      vertex 97.55 -7.94615 0
      vertex 96.0019 -4.97468 0
      vertex 96.1 -4.92224 0
    endloop
  endfacet
  facet normal 0 0 -1
    outer loop
      vertex 97.55 -7.94615 0
      vertex 95.9006 -5.02059 0
      vertex 96.0019 -4.97468 0
    endloop
  endfacet
  facet normal 0 0 -1
    outer loop
      vertex 97.2037 -8.13123 0
      vertex 95.7964 -5.05978 0
      vertex 95.9006 -5.02059 0
    endloop
  endfacet
  facet normal 0 0 -1
    outer loop
      vertex 95.3612 -5.14636 0
      vertex 96.1029 -8.54555 0
      vertex 95.7205 -8.6347 0
    endloop
  endfacet
  facet normal 0 0 -1
    outer loop
      vertex 96.8461 -8.29327 0
      vertex 95.69 -5.09207 0
      vertex 95.7964 -5.05978 0
    endloop
  endfacet
  facet normal 0 0 -1
    outer loop
      vertex 96.4786 -8.43158 0
      vertex 95.5816 -5.11733 0
      vertex 95.69 -5.09207 0
    endloop
  endfacet
  facet normal 0 0 -1
    outer loop
      vertex 96.4786 -8.43158 0
      vertex 95.4719 -5.13546 0
      vertex 95.5816 -5.11733 0
    endloop
  endfacet
  facet normal 0 0 -1
    outer loop
      vertex 96.1029 -8.54555 0
      vertex 95.3612 -5.14636 0
      vertex 95.4719 -5.13546 0
    endloop
  endfacet
  facet normal 0 0 -1
    outer loop
      vertex 95.25 -5.15 0
      vertex 95.7205 -8.6347 0
      vertex 95.3331 -8.69865 0
    endloop
  endfacet
  facet normal 0 0 -1
    outer loop
      vertex 95.7205 -8.6347 0
      vertex 95.25 -5.15 0
      vertex 95.3612 -5.14636 0
    endloop
  endfacet
  facet normal 0 0 -1
    outer loop
      vertex 95.3331 -8.69865 0
      vertex 95.1388 -5.14636 0
      vertex 95.25 -5.15 0
    endloop
  endfacet
  facet normal 0 0 -1
    outer loop
      vertex 94.9424 -8.73715 0
      vertex 95.1388 -5.14636 0
      vertex 95.3331 -8.69865 0
    endloop
  endfacet
  facet normal -0 0 -1
    outer loop
      vertex 95.1388 -5.14636 0
      vertex 94.9424 -8.73715 0
      vertex 95.0281 -5.13546 0
    endloop
  endfacet
  facet normal 0 0 -1
    outer loop
      vertex 94.9424 -8.73715 0
      vertex 94.9184 -5.11733 0
      vertex 95.0281 -5.13546 0
    endloop
  endfacet
  facet normal 0 0 -1
    outer loop
      vertex 94.55 -8.75 0
      vertex 94.9184 -5.11733 0
      vertex 94.9424 -8.73715 0
    endloop
  endfacet
  facet normal -0 0 -1
    outer loop
      vertex 94.9184 -5.11733 0
      vertex 94.55 -8.75 0
      vertex 94.81 -5.09207 0
    endloop
  endfacet
  facet normal -0 0 -1
    outer loop
      vertex 94.81 -5.09207 0
      vertex 94.55 -8.75 0
      vertex 94.7036 -5.05978 0
    endloop
  endfacet
  facet normal -0 0 -1
    outer loop
      vertex 94.7036 -5.05978 0
      vertex 94.55 -8.75 0
      vertex 94.5994 -5.02059 0
    endloop
  endfacet
  facet normal 0 0 -1
    outer loop
      vertex 94.55 -8.75 0
      vertex 94.4981 -4.97468 0
      vertex 94.5994 -5.02059 0
    endloop
  endfacet
  facet normal 0 0 -1
    outer loop
      vertex 94.55 -8.75 0
      vertex 94.4 -4.92224 0
      vertex 94.4981 -4.97468 0
    endloop
  endfacet
  facet normal 0 0 -1
    outer loop
      vertex 94.55 -8.75 0
      vertex 94.3055 -4.8635 0
      vertex 94.4 -4.92224 0
    endloop
  endfacet
  facet normal 0 0 -1
    outer loop
      vertex 94.55 -8.75 0
      vertex 94.2151 -4.7987 0
      vertex 94.3055 -4.8635 0
    endloop
  endfacet
  facet normal 0 0 -1
    outer loop
      vertex 94.55 -8.75 0
      vertex 94.1291 -4.72813 0
      vertex 94.2151 -4.7987 0
    endloop
  endfacet
  facet normal 0 0 -1
    outer loop
      vertex 94.55 -8.75 0
      vertex 94.0479 -4.65208 0
      vertex 94.1291 -4.72813 0
    endloop
  endfacet
  facet normal 0 0 -1
    outer loop
      vertex 94.55 -8.75 0
      vertex 93.9719 -4.57089 0
      vertex 94.0479 -4.65208 0
    endloop
  endfacet
  facet normal 0 0 -1
    outer loop
      vertex 94.55 -8.75 0
      vertex 93.9013 -4.48489 0
      vertex 93.9719 -4.57089 0
    endloop
  endfacet
  facet normal 0 0 -1
    outer loop
      vertex 94.55 -8.75 0
      vertex 93.8365 -4.39447 0
      vertex 93.9013 -4.48489 0
    endloop
  endfacet
  facet normal 0 0 -1
    outer loop
      vertex 94.55 -8.75 0
      vertex 93.7778 -4.3 0
      vertex 93.8365 -4.39447 0
    endloop
  endfacet
  facet normal 0 0 -1
    outer loop
      vertex 94.55 -8.75 0
      vertex 93.7253 -4.20189 0
      vertex 93.7778 -4.3 0
    endloop
  endfacet
  facet normal 0 0 -1
    outer loop
      vertex 94.55 -8.75 0
      vertex 93.6794 -4.10056 0
      vertex 93.7253 -4.20189 0
    endloop
  endfacet
  facet normal 0 0 -1
    outer loop
      vertex 94.55 -8.75 0
      vertex 93.6402 -3.99645 0
      vertex 93.6794 -4.10056 0
    endloop
  endfacet
  facet normal 0 0 -1
    outer loop
      vertex 61.4991 6.49113 0
      vertex 93.6402 -3.99645 0
      vertex 94.55 -8.75 0
    endloop
  endfacet
  facet normal 0 0 -1
    outer loop
      vertex 93.6402 -3.99645 0
      vertex 61.4991 6.49113 0
      vertex 93.6079 -3.88999 0
    endloop
  endfacet
  facet normal -0 0 -1
    outer loop
      vertex 93.8365 63.6055 0
      vertex 68.1128 46.55 0
      vertex 93.7778 63.7 0
    endloop
  endfacet
  facet normal 0 0 -1
    outer loop
      vertex 63.0274 7.92258 0
      vertex 93.55 -3.45 0
      vertex 93.5536 -3.56118 0
    endloop
  endfacet
  facet normal 0 0 -1
    outer loop
      vertex 63.0274 7.92258 0
      vertex 93.5536 -3.56118 0
      vertex 93.5645 -3.67189 0
    endloop
  endfacet
  facet normal 0 0 -1
    outer loop
      vertex 61.4991 6.49113 0
      vertex 93.5645 -3.67189 0
      vertex 93.5827 -3.78165 0
    endloop
  endfacet
  facet normal 0 0 -1
    outer loop
      vertex 93.6079 -3.88999 0
      vertex 61.4991 6.49113 0
      vertex 93.5827 -3.78165 0
    endloop
  endfacet
  facet normal 0 0 -1
    outer loop
      vertex 97.15 24.55 0
      vertex 72.4 30.55 0
      vertex 97.15 36.55 0
    endloop
  endfacet
  facet normal 0 -0 -1
    outer loop
      vertex 72.4 30.55 0
      vertex 97.15 24.55 0
      vertex 72.3315 28.4571 0
    endloop
  endfacet
  facet normal 0 -0 -1
    outer loop
      vertex 72.3315 28.4571 0
      vertex 97.15 24.55 0
      vertex 72.1262 26.3732 0
    endloop
  endfacet
  facet normal 0 -0 -1
    outer loop
      vertex 72.1262 26.3732 0
      vertex 97.15 24.55 0
      vertex 71.7851 24.3071 0
    endloop
  endfacet
  facet normal 0 0 -1
    outer loop
      vertex 97.15 24.55 0
      vertex 70.7018 20.2639 0
      vertex 71.3096 22.2678 0
    endloop
  endfacet
  facet normal 0 0 -1
    outer loop
      vertex 97.15 24.55 0
      vertex 69.9641 18.3041 0
      vertex 70.7018 20.2639 0
    endloop
  endfacet
  facet normal 0 0 -1
    outer loop
      vertex 94.2151 -2.1013 0
      vertex 69.0999 16.3968 0
      vertex 69.9641 18.3041 0
    endloop
  endfacet
  facet normal 0 0 -1
    outer loop
      vertex 93.9719 -2.32911 0
      vertex 68.1128 14.55 0
      vertex 69.0999 16.3968 0
    endloop
  endfacet
  facet normal 0 0 -1
    outer loop
      vertex 93.7778 -2.6 0
      vertex 67.007 12.7718 0
      vertex 68.1128 14.55 0
    endloop
  endfacet
  facet normal 0 0 -1
    outer loop
      vertex 93.6794 -2.79944 0
      vertex 65.7873 11.0696 0
      vertex 67.007 12.7718 0
    endloop
  endfacet
  facet normal 0 0 -1
    outer loop
      vertex 93.5827 -3.11835 0
      vertex 64.4589 9.45093 0
      vertex 65.7873 11.0696 0
    endloop
  endfacet
  facet normal 0 0 -1
    outer loop
      vertex 93.55 -3.45 0
      vertex 63.0274 7.92258 0
      vertex 64.4589 9.45093 0
    endloop
  endfacet
  facet normal 0 0 -1
    outer loop
      vertex 93.5645 -3.67189 0
      vertex 61.4991 6.49113 0
      vertex 63.0274 7.92258 0
    endloop
  endfacet
  facet normal 0 0 -1
    outer loop
      vertex 94.55 -8.75 0
      vertex 59.8804 5.16269 0
      vertex 61.4991 6.49113 0
    endloop
  endfacet
  facet normal 0 0 -1
    outer loop
      vertex 94.55 -8.75 0
      vertex 58.1782 3.94297 0
      vertex 59.8804 5.16269 0
    endloop
  endfacet
  facet normal 0 0 -1
    outer loop
      vertex 94.55 -8.75 0
      vertex 56.4 2.83719 0
      vertex 58.1782 3.94297 0
    endloop
  endfacet
  facet normal 0 0 -1
    outer loop
      vertex 94.55 -8.75 0
      vertex 54.5532 1.85007 0
      vertex 56.4 2.83719 0
    endloop
  endfacet
  facet normal 0 0 -1
    outer loop
      vertex 94.55 -8.75 0
      vertex 52.6459 0.985854 0
      vertex 54.5532 1.85007 0
    endloop
  endfacet
  facet normal 0 0 -1
    outer loop
      vertex 94.55 -8.75 0
      vertex 50.6861 0.248236 0
      vertex 52.6459 0.985854 0
    endloop
  endfacet
  facet normal 0 0 -1
    outer loop
      vertex 94.55 -8.75 0
      vertex 48.6822 -0.359626 0
      vertex 50.6861 0.248236 0
    endloop
  endfacet
  facet normal 0 0 -1
    outer loop
      vertex 94.55 -8.75 0
      vertex 46.6429 -0.835129 0
      vertex 48.6822 -0.359626 0
    endloop
  endfacet
  facet normal 0 0 -1
    outer loop
      vertex 94.55 -8.75 0
      vertex 44.5768 -1.17624 0
      vertex 46.6429 -0.835129 0
    endloop
  endfacet
  facet normal 0 0 -1
    outer loop
      vertex 94.55 -8.75 0
      vertex 42.4929 -1.38148 0
      vertex 44.5768 -1.17624 0
    endloop
  endfacet
  facet normal 0 0 -1
    outer loop
      vertex 2.51999 -8.75 0
      vertex 42.4929 -1.38148 0
      vertex 94.55 -8.75 0
    endloop
  endfacet
  facet normal 0 0 -1
    outer loop
      vertex 42.4929 -1.38148 0
      vertex 2.51999 -8.75 0
      vertex 40.4 -1.45 0
    endloop
  endfacet
  facet normal -0 0 -1
    outer loop
      vertex 40.4 -1.45 0
      vertex 2.51999 -8.75 0
      vertex 38.3071 -1.38148 0
    endloop
  endfacet
  facet normal 0 0 -1
    outer loop
      vertex 3.09813 -2.32911 0
      vertex 16.3411 9.45093 0
      vertex 3.1687 -2.4151 0
    endloop
  endfacet
  facet normal 0 0 -1
    outer loop
      vertex 3.1687 -2.4151 0
      vertex 16.3411 9.45093 0
      vertex 3.2335 -2.50553 0
    endloop
  endfacet
  facet normal -0 0 -1
    outer loop
      vertex 17.7726 7.92258 0
      vertex 3.2335 -2.50553 0
      vertex 16.3411 9.45093 0
    endloop
  endfacet
  facet normal 0 0 -1
    outer loop
      vertex 3.2335 -2.50553 0
      vertex 17.7726 7.92258 0
      vertex 3.29224 -2.6 0
    endloop
  endfacet
  facet normal 0 0 -1
    outer loop
      vertex 3.29224 -2.6 0
      vertex 17.7726 7.92258 0
      vertex 3.34468 -2.69811 0
    endloop
  endfacet
  facet normal 0 0 -1
    outer loop
      vertex 3.34468 -2.69811 0
      vertex 17.7726 7.92258 0
      vertex 3.39059 -2.79944 0
    endloop
  endfacet
  facet normal 0 0 -1
    outer loop
      vertex 3.39059 -2.79944 0
      vertex 17.7726 7.92258 0
      vertex 3.42978 -2.90355 0
    endloop
  endfacet
  facet normal -0 0 -1
    outer loop
      vertex 19.3009 6.49113 0
      vertex 3.42978 -2.90355 0
      vertex 17.7726 7.92258 0
    endloop
  endfacet
  facet normal 0 0 -1
    outer loop
      vertex 3.42978 -2.90355 0
      vertex 19.3009 6.49113 0
      vertex 3.46207 -3.01001 0
    endloop
  endfacet
  facet normal 0 0 -1
    outer loop
      vertex 3.46207 -3.01001 0
      vertex 19.3009 6.49113 0
      vertex 3.48733 -3.11835 0
    endloop
  endfacet
  facet normal 0 0 -1
    outer loop
      vertex 3.48733 -3.11835 0
      vertex 19.3009 6.49113 0
      vertex 3.50546 -3.2281 0
    endloop
  endfacet
  facet normal -0 0 -1
    outer loop
      vertex 20.9196 5.16269 0
      vertex 3.50546 -3.2281 0
      vertex 19.3009 6.49113 0
    endloop
  endfacet
  facet normal 0 0 -1
    outer loop
      vertex 3.50546 -3.2281 0
      vertex 20.9196 5.16269 0
      vertex 3.51636 -3.33881 0
    endloop
  endfacet
  facet normal 0 0 -1
    outer loop
      vertex 3.51636 -3.33881 0
      vertex 20.9196 5.16269 0
      vertex 3.52 -3.45 0
    endloop
  endfacet
  facet normal 0 0 -1
    outer loop
      vertex 3.51636 -3.56118 0
      vertex 20.9196 5.16269 0
      vertex 22.6218 3.94297 0
    endloop
  endfacet
  facet normal 0 0 -1
    outer loop
      vertex 3.42978 -3.99645 0
      vertex 22.6218 3.94297 0
      vertex 24.4 2.83719 0
    endloop
  endfacet
  facet normal 0 0 -1
    outer loop
      vertex 2.51999 -8.75 0
      vertex 24.4 2.83719 0
      vertex 26.2468 1.85007 0
    endloop
  endfacet
  facet normal 0 0 -1
    outer loop
      vertex 2.51999 -8.75 0
      vertex 26.2468 1.85007 0
      vertex 28.1541 0.985854 0
    endloop
  endfacet
  facet normal 0 0 -1
    outer loop
      vertex 2.51999 -8.75 0
      vertex 28.1541 0.985854 0
      vertex 30.1139 0.248236 0
    endloop
  endfacet
  facet normal 0 0 -1
    outer loop
      vertex 2.51999 -8.75 0
      vertex 30.1139 0.248236 0
      vertex 32.1178 -0.359626 0
    endloop
  endfacet
  facet normal 0 0 -1
    outer loop
      vertex 2.51999 -8.75 0
      vertex 32.1178 -0.359626 0
      vertex 34.1571 -0.835129 0
    endloop
  endfacet
  facet normal 0 0 -1
    outer loop
      vertex 2.51999 -8.75 0
      vertex 34.1571 -0.835129 0
      vertex 36.2232 -1.17624 0
    endloop
  endfacet
  facet normal -0 0 -1
    outer loop
      vertex 38.3071 -1.38148 0
      vertex 2.51999 -8.75 0
      vertex 36.2232 -1.17624 0
    endloop
  endfacet
  facet normal 0 0 -1
    outer loop
      vertex 20.9196 5.16269 0
      vertex 3.51636 -3.56118 0
      vertex 3.52 -3.45 0
    endloop
  endfacet
  facet normal 0 0 -1
    outer loop
      vertex 22.6218 3.94297 0
      vertex 3.50546 -3.67189 0
      vertex 3.51636 -3.56118 0
    endloop
  endfacet
  facet normal 0 0 -1
    outer loop
      vertex 22.6218 3.94297 0
      vertex 3.48733 -3.78165 0
      vertex 3.50546 -3.67189 0
    endloop
  endfacet
  facet normal 0 0 -1
    outer loop
      vertex 22.6218 3.94297 0
      vertex 3.46207 -3.88999 0
      vertex 3.48733 -3.78165 0
    endloop
  endfacet
  facet normal 0 0 -1
    outer loop
      vertex 24.4 2.83719 0
      vertex 2.51999 -8.75 0
      vertex 3.42978 -3.99645 0
    endloop
  endfacet
  facet normal 0 0 -1
    outer loop
      vertex 22.6218 3.94297 0
      vertex 3.42978 -3.99645 0
      vertex 3.46207 -3.88999 0
    endloop
  endfacet
  facet normal 0 0 -1
    outer loop
      vertex 3.42978 -3.99645 0
      vertex 2.51999 -8.75 0
      vertex 3.39059 -4.10056 0
    endloop
  endfacet
  facet normal 0 0 -1
    outer loop
      vertex 3.39059 -4.10056 0
      vertex 2.51999 -8.75 0
      vertex 3.34468 -4.20189 0
    endloop
  endfacet
  facet normal 0 0 -1
    outer loop
      vertex 3.34468 -4.20189 0
      vertex 2.51999 -8.75 0
      vertex 3.29224 -4.3 0
    endloop
  endfacet
  facet normal 0 0 -1
    outer loop
      vertex 3.29224 -4.3 0
      vertex 2.51999 -8.75 0
      vertex 3.2335 -4.39447 0
    endloop
  endfacet
  facet normal 0 0 -1
    outer loop
      vertex 3.2335 -4.39447 0
      vertex 2.51999 -8.75 0
      vertex 3.1687 -4.48489 0
    endloop
  endfacet
  facet normal 0 0 -1
    outer loop
      vertex 3.1687 -4.48489 0
      vertex 2.51999 -8.75 0
      vertex 3.09813 -4.57089 0
    endloop
  endfacet
  facet normal 0 0 -1
    outer loop
      vertex 3.09813 -4.57089 0
      vertex 2.51999 -8.75 0
      vertex 3.02208 -4.65208 0
    endloop
  endfacet
  facet normal 0 0 -1
    outer loop
      vertex 3.02208 -4.65208 0
      vertex 2.51999 -8.75 0
      vertex 2.94089 -4.72813 0
    endloop
  endfacet
  facet normal 0 0 -1
    outer loop
      vertex 2.94089 -4.72813 0
      vertex 2.51999 -8.75 0
      vertex 2.85489 -4.7987 0
    endloop
  endfacet
  facet normal 0 0 -1
    outer loop
      vertex 2.85489 -4.7987 0
      vertex 2.51999 -8.75 0
      vertex 2.76447 -4.8635 0
    endloop
  endfacet
  facet normal 0 0 -1
    outer loop
      vertex 2.76447 -4.8635 0
      vertex 2.51999 -8.75 0
      vertex 2.67 -4.92224 0
    endloop
  endfacet
  facet normal 0 0 -1
    outer loop
      vertex 2.67 -4.92224 0
      vertex 2.51999 -8.75 0
      vertex 2.57189 -4.97468 0
    endloop
  endfacet
  facet normal 0 0 -1
    outer loop
      vertex 2.51999 -8.75 0
      vertex 2.47056 -5.02059 0
      vertex 2.57189 -4.97468 0
    endloop
  endfacet
  facet normal 0 0 -1
    outer loop
      vertex 2.51999 -8.75 0
      vertex 2.36645 -5.05978 0
      vertex 2.47056 -5.02059 0
    endloop
  endfacet
  facet normal 0 0 -1
    outer loop
      vertex 2.51999 -8.75 0
      vertex 2.25999 -5.09207 0
      vertex 2.36645 -5.05978 0
    endloop
  endfacet
  facet normal 0 0 -1
    outer loop
      vertex 2.51999 -8.75 0
      vertex 2.15165 -5.11733 0
      vertex 2.25999 -5.09207 0
    endloop
  endfacet
  facet normal 0 0 -1
    outer loop
      vertex 2.12758 -8.73715 0
      vertex 2.15165 -5.11733 0
      vertex 2.51999 -8.75 0
    endloop
  endfacet
  facet normal 0 0 -1
    outer loop
      vertex 2.12758 -8.73715 0
      vertex 2.04189 -5.13546 0
      vertex 2.15165 -5.11733 0
    endloop
  endfacet
  facet normal 0 0 -1
    outer loop
      vertex 2.12758 -8.73715 0
      vertex 1.93118 -5.14636 0
      vertex 2.04189 -5.13546 0
    endloop
  endfacet
  facet normal 0 0 -1
    outer loop
      vertex 1.73683 -8.69865 0
      vertex 1.93118 -5.14636 0
      vertex 2.12758 -8.73715 0
    endloop
  endfacet
  facet normal 0 0 -1
    outer loop
      vertex 1.93118 -5.14636 0
      vertex 1.73683 -8.69865 0
      vertex 1.82 -5.15 0
    endloop
  endfacet
  facet normal 0 0 -1
    outer loop
      vertex 1.34946 -8.6347 0
      vertex 1.82 -5.15 0
      vertex 1.73683 -8.69865 0
    endloop
  endfacet
  facet normal -0 0 -1
    outer loop
      vertex 1.82 -5.15 0
      vertex 1.34946 -8.6347 0
      vertex 1.70881 -5.14636 0
    endloop
  endfacet
  facet normal 0 0 -1
    outer loop
      vertex 0.967072 -8.54555 0
      vertex 1.70881 -5.14636 0
      vertex 1.34946 -8.6347 0
    endloop
  endfacet
  facet normal -0 0 -1
    outer loop
      vertex 1.70881 -5.14636 0
      vertex 0.967072 -8.54555 0
      vertex 1.59811 -5.13546 0
    endloop
  endfacet
  facet normal 0 0 -1
    outer loop
      vertex 0.591354 -8.43158 0
      vertex 1.59811 -5.13546 0
      vertex 0.967072 -8.54555 0
    endloop
  endfacet
  facet normal -0 0 -1
    outer loop
      vertex 1.59811 -5.13546 0
      vertex 0.591354 -8.43158 0
      vertex 1.48835 -5.11733 0
    endloop
  endfacet
  facet normal -0 0 -1
    outer loop
      vertex 1.48835 -5.11733 0
      vertex 0.591354 -8.43158 0
      vertex 1.38001 -5.09207 0
    endloop
  endfacet
  facet normal 0 0 -1
    outer loop
      vertex 0.223892 -8.29327 0
      vertex 1.38001 -5.09207 0
      vertex 0.591354 -8.43158 0
    endloop
  endfacet
  facet normal -0 0 -1
    outer loop
      vertex 1.38001 -5.09207 0
      vertex 0.223892 -8.29327 0
      vertex 1.27355 -5.05978 0
    endloop
  endfacet
  facet normal 0 0 -1
    outer loop
      vertex -0.133728 -8.13123 0
      vertex 1.27355 -5.05978 0
      vertex 0.223892 -8.29327 0
    endloop
  endfacet
  facet normal -0 0 -1
    outer loop
      vertex 1.27355 -5.05978 0
      vertex -0.133728 -8.13123 0
      vertex 1.16944 -5.02059 0
    endloop
  endfacet
  facet normal 0 0 -1
    outer loop
      vertex -0.479996 -7.94615 0
      vertex 1.16944 -5.02059 0
      vertex -0.133728 -8.13123 0
    endloop
  endfacet
  facet normal -0 0 -1
    outer loop
      vertex 1.16944 -5.02059 0
      vertex -0.479996 -7.94615 0
      vertex 1.06811 -4.97468 0
    endloop
  endfacet
  facet normal -0 0 -1
    outer loop
      vertex 1.06811 -4.97468 0
      vertex -0.479996 -7.94615 0
      vertex 0.969999 -4.92224 0
    endloop
  endfacet
  facet normal 0 0 -1
    outer loop
      vertex -0.813416 -7.73882 0
      vertex 0.969999 -4.92224 0
      vertex -0.479996 -7.94615 0
    endloop
  endfacet
  facet normal -0 0 -1
    outer loop
      vertex 0.969999 -4.92224 0
      vertex -0.813416 -7.73882 0
      vertex 0.87553 -4.8635 0
    endloop
  endfacet
  facet normal 0 0 -1
    outer loop
      vertex -1.13257 -7.51012 0
      vertex 0.87553 -4.8635 0
      vertex -0.813416 -7.73882 0
    endloop
  endfacet
  facet normal -0 0 -1
    outer loop
      vertex 0.87553 -4.8635 0
      vertex -1.13257 -7.51012 0
      vertex 0.785105 -4.7987 0
    endloop
  endfacet
  facet normal 0 0 -1
    outer loop
      vertex -1.43607 -7.26103 0
      vertex 0.785105 -4.7987 0
      vertex -1.13257 -7.51012 0
    endloop
  endfacet
  facet normal -0 0 -1
    outer loop
      vertex 0.785105 -4.7987 0
      vertex -1.43607 -7.26103 0
      vertex 0.699112 -4.72813 0
    endloop
  endfacet
  facet normal 0 0 -1
    outer loop
      vertex -1.72263 -6.99263 0
      vertex 0.699112 -4.72813 0
      vertex -1.43607 -7.26103 0
    endloop
  endfacet
  facet normal -0 0 -1
    outer loop
      vertex 0.699112 -4.72813 0
      vertex -1.72263 -6.99263 0
      vertex 0.617918 -4.65208 0
    endloop
  endfacet
  facet normal -0 0 -1
    outer loop
      vertex 0.617918 -4.65208 0
      vertex -1.72263 -6.99263 0
      vertex 0.541872 -4.57089 0
    endloop
  endfacet
  facet normal 0 0 -1
    outer loop
      vertex -1.99103 -6.70607 0
      vertex 0.541872 -4.57089 0
      vertex -1.72263 -6.99263 0
    endloop
  endfacet
  facet normal -0 0 -1
    outer loop
      vertex 0.541872 -4.57089 0
      vertex -1.99103 -6.70607 0
      vertex 0.471299 -4.48489 0
    endloop
  endfacet
  facet normal 0 0 -1
    outer loop
      vertex -2.24011 -6.40256 0
      vertex 0.471299 -4.48489 0
      vertex -1.99103 -6.70607 0
    endloop
  endfacet
  facet normal -0 0 -1
    outer loop
      vertex 0.471299 -4.48489 0
      vertex -2.24011 -6.40256 0
      vertex 0.406501 -4.39447 0
    endloop
  endfacet
  facet normal 0 0 -1
    outer loop
      vertex -2.46881 -6.08342 0
      vertex 0.406501 -4.39447 0
      vertex -2.24011 -6.40256 0
    endloop
  endfacet
  facet normal -0 0 -1
    outer loop
      vertex 0.347756 -4.3 0
      vertex -2.46881 -6.08342 0
      vertex 0.295316 -4.20189 0
    endloop
  endfacet
  facet normal -0 0 -1
    outer loop
      vertex 0.406501 -4.39447 0
      vertex -2.46881 -6.08342 0
      vertex 0.347756 -4.3 0
    endloop
  endfacet
  facet normal 0 0 -1
    outer loop
      vertex 97.15 36.55 0
      vertex 100.55 63.85 0
      vertex 100.55 36.55 0
    endloop
  endfacet
  facet normal 0 0 -1
    outer loop
      vertex 96.95 64.55 0
      vertex 100.55 63.85 0
      vertex 97.15 36.55 0
    endloop
  endfacet
  facet normal 0 0 -1
    outer loop
      vertex 100.537 64.2424 0
      vertex 96.95 64.55 0
      vertex 100.499 64.6331 0
    endloop
  endfacet
  facet normal -0 0 -1
    outer loop
      vertex 100.499 64.6331 0
      vertex 96.95 64.55 0
      vertex 100.435 65.0205 0
    endloop
  endfacet
  facet normal 0 0 -1
    outer loop
      vertex 96.9464 64.6612 0
      vertex 100.435 65.0205 0
      vertex 96.95 64.55 0
    endloop
  endfacet
  facet normal -0 0 -1
    outer loop
      vertex 100.435 65.0205 0
      vertex 96.9464 64.6612 0
      vertex 100.346 65.4029 0
    endloop
  endfacet
  facet normal 0 0 -1
    outer loop
      vertex 96.9355 64.7719 0
      vertex 100.346 65.4029 0
      vertex 96.9464 64.6612 0
    endloop
  endfacet
  facet normal -0 0 -1
    outer loop
      vertex 100.346 65.4029 0
      vertex 96.9355 64.7719 0
      vertex 100.232 65.7786 0
    endloop
  endfacet
  facet normal 0 0 -1
    outer loop
      vertex 96.9173 64.8817 0
      vertex 100.232 65.7786 0
      vertex 96.9355 64.7719 0
    endloop
  endfacet
  facet normal 0 0 -1
    outer loop
      vertex 96.8921 64.99 0
      vertex 100.232 65.7786 0
      vertex 96.9173 64.8817 0
    endloop
  endfacet
  facet normal -0 0 -1
    outer loop
      vertex 100.232 65.7786 0
      vertex 96.8921 64.99 0
      vertex 100.093 66.1461 0
    endloop
  endfacet
  facet normal 0 0 -1
    outer loop
      vertex 96.8598 65.0965 0
      vertex 100.093 66.1461 0
      vertex 96.8921 64.99 0
    endloop
  endfacet
  facet normal -0 0 -1
    outer loop
      vertex 100.093 66.1461 0
      vertex 96.8598 65.0965 0
      vertex 99.9312 66.5037 0
    endloop
  endfacet
  facet normal 0 0 -1
    outer loop
      vertex 96.8206 65.2006 0
      vertex 99.9312 66.5037 0
      vertex 96.8598 65.0965 0
    endloop
  endfacet
  facet normal -0 0 -1
    outer loop
      vertex 99.9312 66.5037 0
      vertex 96.8206 65.2006 0
      vertex 99.7461 66.85 0
    endloop
  endfacet
  facet normal 0 0 -1
    outer loop
      vertex 96.7747 65.3019 0
      vertex 99.7461 66.85 0
      vertex 96.8206 65.2006 0
    endloop
  endfacet
  facet normal -0 0 -1
    outer loop
      vertex 99.7461 66.85 0
      vertex 96.7747 65.3019 0
      vertex 99.5388 67.1834 0
    endloop
  endfacet
  facet normal 0 0 -1
    outer loop
      vertex 100.55 63.85 0
      vertex 96.95 64.55 0
      vertex 100.537 64.2424 0
    endloop
  endfacet
  facet normal 0 0 -1
    outer loop
      vertex 96.9173 -3.11835 0
      vertex 100.55 -2.75 0
      vertex 96.9355 -3.2281 0
    endloop
  endfacet
  facet normal 0 0 -1
    outer loop
      vertex 96.7222 65.4 0
      vertex 99.5388 67.1834 0
      vertex 96.7747 65.3019 0
    endloop
  endfacet
  facet normal 0 0 -1
    outer loop
      vertex 96.6635 65.4945 0
      vertex 99.5388 67.1834 0
      vertex 96.7222 65.4 0
    endloop
  endfacet
  facet normal -0 0 -1
    outer loop
      vertex 99.5388 67.1834 0
      vertex 96.6635 65.4945 0
      vertex 99.3101 67.5026 0
    endloop
  endfacet
  facet normal 0 0 -1
    outer loop
      vertex 96.5987 65.5849 0
      vertex 99.3101 67.5026 0
      vertex 96.6635 65.4945 0
    endloop
  endfacet
  facet normal -0 0 -1
    outer loop
      vertex 99.3101 67.5026 0
      vertex 96.5987 65.5849 0
      vertex 99.061 67.8061 0
    endloop
  endfacet
  facet normal 0 0 -1
    outer loop
      vertex 96.5281 65.6709 0
      vertex 99.061 67.8061 0
      vertex 96.5987 65.5849 0
    endloop
  endfacet
  facet normal -0 0 -1
    outer loop
      vertex 99.061 67.8061 0
      vertex 96.5281 65.6709 0
      vertex 98.7926 68.0926 0
    endloop
  endfacet
  facet normal 0 0 -1
    outer loop
      vertex 96.4521 65.7521 0
      vertex 98.7926 68.0926 0
      vertex 96.5281 65.6709 0
    endloop
  endfacet
  facet normal 0 0 -1
    outer loop
      vertex 96.3709 65.8281 0
      vertex 98.7926 68.0926 0
      vertex 96.4521 65.7521 0
    endloop
  endfacet
  facet normal -0 0 -1
    outer loop
      vertex 98.7926 68.0926 0
      vertex 96.3709 65.8281 0
      vertex 98.5061 68.361 0
    endloop
  endfacet
  facet normal 0 0 -1
    outer loop
      vertex 96.2849 65.8987 0
      vertex 98.5061 68.361 0
      vertex 96.3709 65.8281 0
    endloop
  endfacet
  facet normal -0 0 -1
    outer loop
      vertex 98.5061 68.361 0
      vertex 96.2849 65.8987 0
      vertex 98.2026 68.6101 0
    endloop
  endfacet
  facet normal 0 0 -1
    outer loop
      vertex 96.1945 65.9635 0
      vertex 98.2026 68.6101 0
      vertex 96.2849 65.8987 0
    endloop
  endfacet
  facet normal -0 0 -1
    outer loop
      vertex 98.2026 68.6101 0
      vertex 96.1945 65.9635 0
      vertex 97.8834 68.8388 0
    endloop
  endfacet
  facet normal 0 0 -1
    outer loop
      vertex 96.1 66.0222 0
      vertex 97.8834 68.8388 0
      vertex 96.1945 65.9635 0
    endloop
  endfacet
  facet normal -0 0 -1
    outer loop
      vertex 97.8834 68.8388 0
      vertex 96.1 66.0222 0
      vertex 97.55 69.0461 0
    endloop
  endfacet
  facet normal 0 0 -1
    outer loop
      vertex 96.0019 66.0747 0
      vertex 97.55 69.0461 0
      vertex 96.1 66.0222 0
    endloop
  endfacet
  facet normal 0 0 -1
    outer loop
      vertex 95.9006 66.1206 0
      vertex 97.55 69.0461 0
      vertex 96.0019 66.0747 0
    endloop
  endfacet
  facet normal -0 0 -1
    outer loop
      vertex 97.55 69.0461 0
      vertex 95.9006 66.1206 0
      vertex 97.2037 69.2312 0
    endloop
  endfacet
  facet normal 0 0 -1
    outer loop
      vertex 95.7964 66.1598 0
      vertex 97.2037 69.2312 0
      vertex 95.9006 66.1206 0
    endloop
  endfacet
  facet normal -0 0 -1
    outer loop
      vertex 97.2037 69.2312 0
      vertex 95.7964 66.1598 0
      vertex 96.8461 69.3933 0
    endloop
  endfacet
  facet normal 0 0 -1
    outer loop
      vertex 95.69 66.1921 0
      vertex 96.8461 69.3933 0
      vertex 95.7964 66.1598 0
    endloop
  endfacet
  facet normal -0 0 -1
    outer loop
      vertex 96.8461 69.3933 0
      vertex 95.69 66.1921 0
      vertex 96.4786 69.5316 0
    endloop
  endfacet
  facet normal 0 0 -1
    outer loop
      vertex 95.5816 66.2173 0
      vertex 96.4786 69.5316 0
      vertex 95.69 66.1921 0
    endloop
  endfacet
  facet normal 0 0 -1
    outer loop
      vertex 95.4719 66.2355 0
      vertex 96.4786 69.5316 0
      vertex 95.5816 66.2173 0
    endloop
  endfacet
  facet normal -0 0 -1
    outer loop
      vertex 96.4786 69.5316 0
      vertex 95.4719 66.2355 0
      vertex 96.1029 69.6456 0
    endloop
  endfacet
  facet normal 0 0 -1
    outer loop
      vertex 95.3612 66.2464 0
      vertex 96.1029 69.6456 0
      vertex 95.4719 66.2355 0
    endloop
  endfacet
  facet normal -0 0 -1
    outer loop
      vertex 96.1029 69.6456 0
      vertex 95.3612 66.2464 0
      vertex 95.7205 69.7347 0
    endloop
  endfacet
  facet normal 0 0 -1
    outer loop
      vertex 95.25 66.25 0
      vertex 95.7205 69.7347 0
      vertex 95.3612 66.2464 0
    endloop
  endfacet
  facet normal -0 0 -1
    outer loop
      vertex 95.7205 69.7347 0
      vertex 95.25 66.25 0
      vertex 95.3331 69.7987 0
    endloop
  endfacet
  facet normal 0 0 -1
    outer loop
      vertex 95.1388 66.2464 0
      vertex 95.3331 69.7987 0
      vertex 95.25 66.25 0
    endloop
  endfacet
  facet normal 0 0 -1
    outer loop
      vertex 94.9424 69.8371 0
      vertex 95.1388 66.2464 0
      vertex 95.0281 66.2355 0
    endloop
  endfacet
  facet normal 0 0 -1
    outer loop
      vertex 95.1388 66.2464 0
      vertex 94.9424 69.8371 0
      vertex 95.3331 69.7987 0
    endloop
  endfacet
  facet normal 0 0 -1
    outer loop
      vertex 94.9184 66.2173 0
      vertex 94.9424 69.8371 0
      vertex 95.0281 66.2355 0
    endloop
  endfacet
  facet normal 0 0 -1
    outer loop
      vertex 94.55 69.85 0
      vertex 94.9184 66.2173 0
      vertex 94.81 66.1921 0
    endloop
  endfacet
  facet normal 0 0 -1
    outer loop
      vertex 94.55 69.85 0
      vertex 94.81 66.1921 0
      vertex 94.7036 66.1598 0
    endloop
  endfacet
  facet normal 0 0 -1
    outer loop
      vertex 94.55 69.85 0
      vertex 94.7036 66.1598 0
      vertex 94.5994 66.1206 0
    endloop
  endfacet
  facet normal 0 0 -1
    outer loop
      vertex 94.9184 66.2173 0
      vertex 94.55 69.85 0
      vertex 94.9424 69.8371 0
    endloop
  endfacet
  facet normal 0 0 -1
    outer loop
      vertex 94.4981 66.0747 0
      vertex 94.55 69.85 0
      vertex 94.5994 66.1206 0
    endloop
  endfacet
  facet normal 0 0 -1
    outer loop
      vertex 94.4 66.0222 0
      vertex 94.55 69.85 0
      vertex 94.4981 66.0747 0
    endloop
  endfacet
  facet normal 0 0 -1
    outer loop
      vertex 94.3055 65.9635 0
      vertex 94.55 69.85 0
      vertex 94.4 66.0222 0
    endloop
  endfacet
  facet normal 0 0 -1
    outer loop
      vertex 94.2151 65.8987 0
      vertex 94.55 69.85 0
      vertex 94.3055 65.9635 0
    endloop
  endfacet
  facet normal 0 0 -1
    outer loop
      vertex 94.1291 65.8281 0
      vertex 94.55 69.85 0
      vertex 94.2151 65.8987 0
    endloop
  endfacet
  facet normal 0 0 -1
    outer loop
      vertex 94.0479 65.7521 0
      vertex 94.55 69.85 0
      vertex 94.1291 65.8281 0
    endloop
  endfacet
  facet normal 0 0 -1
    outer loop
      vertex 93.9719 65.6709 0
      vertex 94.55 69.85 0
      vertex 94.0479 65.7521 0
    endloop
  endfacet
  facet normal 0 0 -1
    outer loop
      vertex 93.9013 65.5849 0
      vertex 94.55 69.85 0
      vertex 93.9719 65.6709 0
    endloop
  endfacet
  facet normal 0 0 -1
    outer loop
      vertex 93.8365 65.4945 0
      vertex 94.55 69.85 0
      vertex 93.9013 65.5849 0
    endloop
  endfacet
  facet normal 0 0 -1
    outer loop
      vertex 93.7778 65.4 0
      vertex 94.55 69.85 0
      vertex 93.8365 65.4945 0
    endloop
  endfacet
  facet normal 0 0 -1
    outer loop
      vertex 93.7253 65.3019 0
      vertex 94.55 69.85 0
      vertex 93.7778 65.4 0
    endloop
  endfacet
  facet normal 0 0 -1
    outer loop
      vertex 93.6794 65.2006 0
      vertex 94.55 69.85 0
      vertex 93.7253 65.3019 0
    endloop
  endfacet
  facet normal 0 0 -1
    outer loop
      vertex 93.6402 65.0965 0
      vertex 94.55 69.85 0
      vertex 93.6794 65.2006 0
    endloop
  endfacet
  facet normal 0 0 -1
    outer loop
      vertex 61.4991 54.6089 0
      vertex 93.6402 65.0965 0
      vertex 93.6079 64.99 0
    endloop
  endfacet
  facet normal 0 0 -1
    outer loop
      vertex 61.4991 54.6089 0
      vertex 93.6079 64.99 0
      vertex 93.5827 64.8817 0
    endloop
  endfacet
  facet normal 0 0 -1
    outer loop
      vertex 67.007 48.3282 0
      vertex 93.7778 63.7 0
      vertex 68.1128 46.55 0
    endloop
  endfacet
  facet normal -0 0 -1
    outer loop
      vertex 93.7778 63.7 0
      vertex 67.007 48.3282 0
      vertex 93.7253 63.7981 0
    endloop
  endfacet
  facet normal -0 0 -1
    outer loop
      vertex 93.7253 63.7981 0
      vertex 67.007 48.3282 0
      vertex 93.6794 63.8994 0
    endloop
  endfacet
  facet normal 0 0 -1
    outer loop
      vertex 65.7873 50.0304 0
      vertex 93.6794 63.8994 0
      vertex 67.007 48.3282 0
    endloop
  endfacet
  facet normal -0 0 -1
    outer loop
      vertex 93.6794 63.8994 0
      vertex 65.7873 50.0304 0
      vertex 93.6402 64.0036 0
    endloop
  endfacet
  facet normal -0 0 -1
    outer loop
      vertex 93.6402 64.0036 0
      vertex 65.7873 50.0304 0
      vertex 93.6079 64.11 0
    endloop
  endfacet
  facet normal -0 0 -1
    outer loop
      vertex 93.6079 64.11 0
      vertex 65.7873 50.0304 0
      vertex 93.5827 64.2183 0
    endloop
  endfacet
  facet normal 0 0 -1
    outer loop
      vertex 64.4589 51.6491 0
      vertex 93.5827 64.2183 0
      vertex 65.7873 50.0304 0
    endloop
  endfacet
  facet normal -0 0 -1
    outer loop
      vertex 93.5827 64.2183 0
      vertex 64.4589 51.6491 0
      vertex 93.5645 64.3281 0
    endloop
  endfacet
  facet normal -0 0 -1
    outer loop
      vertex 93.5645 64.3281 0
      vertex 64.4589 51.6491 0
      vertex 93.5536 64.4388 0
    endloop
  endfacet
  facet normal -0 0 -1
    outer loop
      vertex 93.5536 64.4388 0
      vertex 64.4589 51.6491 0
      vertex 93.55 64.55 0
    endloop
  endfacet
  facet normal 0 0 -1
    outer loop
      vertex 63.0274 53.1774 0
      vertex 93.55 64.55 0
      vertex 64.4589 51.6491 0
    endloop
  endfacet
  facet normal -0 0 -1
    outer loop
      vertex 93.55 64.55 0
      vertex 63.0274 53.1774 0
      vertex 93.5536 64.6612 0
    endloop
  endfacet
  facet normal -0 0 -1
    outer loop
      vertex 93.5536 64.6612 0
      vertex 63.0274 53.1774 0
      vertex 93.5645 64.7719 0
    endloop
  endfacet
  facet normal 0 0 -1
    outer loop
      vertex 61.4991 54.6089 0
      vertex 93.5645 64.7719 0
      vertex 63.0274 53.1774 0
    endloop
  endfacet
  facet normal -0 0 -1
    outer loop
      vertex 93.5645 64.7719 0
      vertex 61.4991 54.6089 0
      vertex 93.5827 64.8817 0
    endloop
  endfacet
  facet normal -0 0 -1
    outer loop
      vertex 93.6402 65.0965 0
      vertex 61.4991 54.6089 0
      vertex 94.55 69.85 0
    endloop
  endfacet
  facet normal 0 0 -1
    outer loop
      vertex 59.8804 55.9373 0
      vertex 94.55 69.85 0
      vertex 61.4991 54.6089 0
    endloop
  endfacet
  facet normal 0 0 -1
    outer loop
      vertex 58.1782 57.157 0
      vertex 94.55 69.85 0
      vertex 59.8804 55.9373 0
    endloop
  endfacet
  facet normal 0 0 -1
    outer loop
      vertex 56.4 58.2628 0
      vertex 94.55 69.85 0
      vertex 58.1782 57.157 0
    endloop
  endfacet
  facet normal 0 0 -1
    outer loop
      vertex 54.5532 59.2499 0
      vertex 94.55 69.85 0
      vertex 56.4 58.2628 0
    endloop
  endfacet
  facet normal 0 0 -1
    outer loop
      vertex 52.6459 60.1141 0
      vertex 94.55 69.85 0
      vertex 54.5532 59.2499 0
    endloop
  endfacet
  facet normal 0 0 -1
    outer loop
      vertex 50.6861 60.8518 0
      vertex 94.55 69.85 0
      vertex 52.6459 60.1141 0
    endloop
  endfacet
  facet normal 0 0 -1
    outer loop
      vertex 48.6822 61.4596 0
      vertex 94.55 69.85 0
      vertex 50.6861 60.8518 0
    endloop
  endfacet
  facet normal 0 0 -1
    outer loop
      vertex 46.6429 61.9351 0
      vertex 94.55 69.85 0
      vertex 48.6822 61.4596 0
    endloop
  endfacet
  facet normal 0 0 -1
    outer loop
      vertex 44.5768 62.2762 0
      vertex 94.55 69.85 0
      vertex 46.6429 61.9351 0
    endloop
  endfacet
  facet normal 0 0 -1
    outer loop
      vertex 42.4929 62.4815 0
      vertex 94.55 69.85 0
      vertex 44.5768 62.2762 0
    endloop
  endfacet
  facet normal 0 0 -1
    outer loop
      vertex 2.51999 69.85 0
      vertex 42.4929 62.4815 0
      vertex 40.4 62.55 0
    endloop
  endfacet
  facet normal 0 0 -1
    outer loop
      vertex 2.51999 69.85 0
      vertex 40.4 62.55 0
      vertex 38.3071 62.4815 0
    endloop
  endfacet
  facet normal 0 0 -1
    outer loop
      vertex 2.51999 69.85 0
      vertex 38.3071 62.4815 0
      vertex 36.2232 62.2762 0
    endloop
  endfacet
  facet normal 0 0 -1
    outer loop
      vertex 3.02208 -2.24792 0
      vertex 16.3411 9.45093 0
      vertex 3.09813 -2.32911 0
    endloop
  endfacet
  facet normal 0 0 -1
    outer loop
      vertex 8.4 30.55 0
      vertex 3.52 64.55 0
      vertex 8.46851 32.6429 0
    endloop
  endfacet
  facet normal 0 0 -1
    outer loop
      vertex 8.46851 32.6429 0
      vertex 3.52 64.55 0
      vertex 8.67376 34.7268 0
    endloop
  endfacet
  facet normal 0 0 -1
    outer loop
      vertex 3.52 64.55 0
      vertex 9.01487 36.7929 0
      vertex 8.67376 34.7268 0
    endloop
  endfacet
  facet normal 0 0 -1
    outer loop
      vertex 3.52 64.55 0
      vertex 9.49037 38.8322 0
      vertex 9.01487 36.7929 0
    endloop
  endfacet
  facet normal 0 0 -1
    outer loop
      vertex 3.52 64.55 0
      vertex 10.0982 40.8361 0
      vertex 9.49037 38.8322 0
    endloop
  endfacet
  facet normal 0 0 -1
    outer loop
      vertex 3.52 64.55 0
      vertex 10.8359 42.7959 0
      vertex 10.0982 40.8361 0
    endloop
  endfacet
  facet normal 0 0 -1
    outer loop
      vertex 3.52 64.55 0
      vertex 11.7001 44.7032 0
      vertex 10.8359 42.7959 0
    endloop
  endfacet
  facet normal 0 0 -1
    outer loop
      vertex 3.52 64.55 0
      vertex 12.6872 46.55 0
      vertex 11.7001 44.7032 0
    endloop
  endfacet
  facet normal 0 0 -1
    outer loop
      vertex 3.52 64.55 0
      vertex 13.793 48.3282 0
      vertex 12.6872 46.55 0
    endloop
  endfacet
  facet normal 0 0 -1
    outer loop
      vertex 3.52 64.55 0
      vertex 15.0127 50.0304 0
      vertex 13.793 48.3282 0
    endloop
  endfacet
  facet normal 0 0 -1
    outer loop
      vertex 3.52 64.55 0
      vertex 16.3411 51.6491 0
      vertex 15.0127 50.0304 0
    endloop
  endfacet
  facet normal 0 0 -1
    outer loop
      vertex 3.52 64.55 0
      vertex 17.7726 53.1774 0
      vertex 16.3411 51.6491 0
    endloop
  endfacet
  facet normal 0 0 -1
    outer loop
      vertex 3.52 64.55 0
      vertex 19.3009 54.6089 0
      vertex 17.7726 53.1774 0
    endloop
  endfacet
  facet normal 0 0 -1
    outer loop
      vertex 3.52 64.55 0
      vertex 20.9196 55.9373 0
      vertex 19.3009 54.6089 0
    endloop
  endfacet
  facet normal 0 0 -1
    outer loop
      vertex 3.51636 64.6612 0
      vertex 20.9196 55.9373 0
      vertex 3.52 64.55 0
    endloop
  endfacet
  facet normal 0 0 -1
    outer loop
      vertex 20.9196 55.9373 0
      vertex 3.51636 64.6612 0
      vertex 22.6218 57.157 0
    endloop
  endfacet
  facet normal 0 0 -1
    outer loop
      vertex 3.50546 64.7719 0
      vertex 22.6218 57.157 0
      vertex 3.51636 64.6612 0
    endloop
  endfacet
  facet normal 0 0 -1
    outer loop
      vertex 3.48733 64.8817 0
      vertex 22.6218 57.157 0
      vertex 3.50546 64.7719 0
    endloop
  endfacet
  facet normal 0 0 -1
    outer loop
      vertex 3.46207 64.99 0
      vertex 22.6218 57.157 0
      vertex 3.48733 64.8817 0
    endloop
  endfacet
  facet normal 0 0 -1
    outer loop
      vertex 3.42978 65.0965 0
      vertex 22.6218 57.157 0
      vertex 3.46207 64.99 0
    endloop
  endfacet
  facet normal 0 0 -1
    outer loop
      vertex 22.6218 57.157 0
      vertex 3.42978 65.0965 0
      vertex 24.4 58.2628 0
    endloop
  endfacet
  facet normal 0 0 -1
    outer loop
      vertex 2.51999 69.85 0
      vertex 24.4 58.2628 0
      vertex 3.42978 65.0965 0
    endloop
  endfacet
  facet normal 0 0 -1
    outer loop
      vertex 24.4 58.2628 0
      vertex 2.51999 69.85 0
      vertex 26.2468 59.2499 0
    endloop
  endfacet
  facet normal 0 0 -1
    outer loop
      vertex 26.2468 59.2499 0
      vertex 2.51999 69.85 0
      vertex 28.1541 60.1141 0
    endloop
  endfacet
  facet normal 0 0 -1
    outer loop
      vertex 28.1541 60.1141 0
      vertex 2.51999 69.85 0
      vertex 30.1139 60.8518 0
    endloop
  endfacet
  facet normal 0 0 -1
    outer loop
      vertex 30.1139 60.8518 0
      vertex 2.51999 69.85 0
      vertex 32.1178 61.4596 0
    endloop
  endfacet
  facet normal 0 0 -1
    outer loop
      vertex 32.1178 61.4596 0
      vertex 2.51999 69.85 0
      vertex 34.1571 61.9351 0
    endloop
  endfacet
  facet normal 0 0 -1
    outer loop
      vertex 34.1571 61.9351 0
      vertex 2.51999 69.85 0
      vertex 36.2232 62.2762 0
    endloop
  endfacet
  facet normal 0 0 -1
    outer loop
      vertex 2.51999 69.85 0
      vertex 3.42978 65.0965 0
      vertex 3.39059 65.2006 0
    endloop
  endfacet
  facet normal 0 0 -1
    outer loop
      vertex 2.51999 69.85 0
      vertex 3.39059 65.2006 0
      vertex 3.34468 65.3019 0
    endloop
  endfacet
  facet normal 0 0 -1
    outer loop
      vertex 2.51999 69.85 0
      vertex 3.34468 65.3019 0
      vertex 3.29224 65.4 0
    endloop
  endfacet
  facet normal 0 0 -1
    outer loop
      vertex 2.51999 69.85 0
      vertex 3.29224 65.4 0
      vertex 3.2335 65.4945 0
    endloop
  endfacet
  facet normal 0 0 -1
    outer loop
      vertex 2.51999 69.85 0
      vertex 3.2335 65.4945 0
      vertex 3.1687 65.5849 0
    endloop
  endfacet
  facet normal 0 0 -1
    outer loop
      vertex 2.51999 69.85 0
      vertex 3.1687 65.5849 0
      vertex 3.09813 65.6709 0
    endloop
  endfacet
  facet normal 0 0 -1
    outer loop
      vertex 2.51999 69.85 0
      vertex 3.09813 65.6709 0
      vertex 3.02208 65.7521 0
    endloop
  endfacet
  facet normal 0 0 -1
    outer loop
      vertex 2.51999 69.85 0
      vertex 3.02208 65.7521 0
      vertex 2.94089 65.8281 0
    endloop
  endfacet
  facet normal 0 0 -1
    outer loop
      vertex 2.51999 69.85 0
      vertex 2.94089 65.8281 0
      vertex 2.85489 65.8987 0
    endloop
  endfacet
  facet normal 0 0 -1
    outer loop
      vertex 2.51999 69.85 0
      vertex 2.85489 65.8987 0
      vertex 2.76447 65.9635 0
    endloop
  endfacet
  facet normal 0 0 -1
    outer loop
      vertex 2.51999 69.85 0
      vertex 2.76447 65.9635 0
      vertex 2.67 66.0222 0
    endloop
  endfacet
  facet normal 0 0 -1
    outer loop
      vertex 2.51999 69.85 0
      vertex 2.67 66.0222 0
      vertex 2.57189 66.0747 0
    endloop
  endfacet
  facet normal 0 0 -1
    outer loop
      vertex 42.4929 62.4815 0
      vertex 2.51999 69.85 0
      vertex 94.55 69.85 0
    endloop
  endfacet
  facet normal 0 0 -1
    outer loop
      vertex 2.47056 66.1206 0
      vertex 2.51999 69.85 0
      vertex 2.57189 66.0747 0
    endloop
  endfacet
  facet normal 0 0 -1
    outer loop
      vertex 2.36645 66.1598 0
      vertex 2.51999 69.85 0
      vertex 2.47056 66.1206 0
    endloop
  endfacet
  facet normal 0 0 -1
    outer loop
      vertex 2.25999 66.1921 0
      vertex 2.51999 69.85 0
      vertex 2.36645 66.1598 0
    endloop
  endfacet
  facet normal 0 0 -1
    outer loop
      vertex 2.15165 66.2173 0
      vertex 2.51999 69.85 0
      vertex 2.25999 66.1921 0
    endloop
  endfacet
  facet normal 0 0 -1
    outer loop
      vertex 2.15165 66.2173 0
      vertex 2.12758 69.8371 0
      vertex 2.51999 69.85 0
    endloop
  endfacet
  facet normal 0 0 -1
    outer loop
      vertex 2.04189 66.2355 0
      vertex 2.12758 69.8371 0
      vertex 2.15165 66.2173 0
    endloop
  endfacet
  facet normal 0 0 -1
    outer loop
      vertex 1.93118 66.2464 0
      vertex 2.12758 69.8371 0
      vertex 2.04189 66.2355 0
    endloop
  endfacet
  facet normal 0 0 -1
    outer loop
      vertex 1.73683 69.7987 0
      vertex 1.93118 66.2464 0
      vertex 1.82 66.25 0
    endloop
  endfacet
  facet normal 0 0 -1
    outer loop
      vertex 1.93118 66.2464 0
      vertex 1.73683 69.7987 0
      vertex 2.12758 69.8371 0
    endloop
  endfacet
  facet normal 0 0 -1
    outer loop
      vertex 1.34946 69.7347 0
      vertex 1.82 66.25 0
      vertex 1.70881 66.2464 0
    endloop
  endfacet
  facet normal 0 0 -1
    outer loop
      vertex 0.967072 69.6456 0
      vertex 1.70881 66.2464 0
      vertex 1.59811 66.2355 0
    endloop
  endfacet
  facet normal 0 0 -1
    outer loop
      vertex 0.591354 69.5316 0
      vertex 1.59811 66.2355 0
      vertex 1.48835 66.2173 0
    endloop
  endfacet
  facet normal 0 0 -1
    outer loop
      vertex 0.591354 69.5316 0
      vertex 1.48835 66.2173 0
      vertex 1.38001 66.1921 0
    endloop
  endfacet
  facet normal 0 0 -1
    outer loop
      vertex 1.82 66.25 0
      vertex 1.34946 69.7347 0
      vertex 1.73683 69.7987 0
    endloop
  endfacet
  facet normal 0 0 -1
    outer loop
      vertex 0.223892 69.3933 0
      vertex 1.38001 66.1921 0
      vertex 1.27355 66.1598 0
    endloop
  endfacet
  facet normal 0 0 -1
    outer loop
      vertex -0.133728 69.2312 0
      vertex 1.27355 66.1598 0
      vertex 1.16944 66.1206 0
    endloop
  endfacet
  facet normal 0 0 -1
    outer loop
      vertex -0.479996 69.0461 0
      vertex 1.16944 66.1206 0
      vertex 1.06811 66.0747 0
    endloop
  endfacet
  facet normal 0 0 -1
    outer loop
      vertex -0.479996 69.0461 0
      vertex 1.06811 66.0747 0
      vertex 0.969999 66.0222 0
    endloop
  endfacet
  facet normal 0 0 -1
    outer loop
      vertex 1.70881 66.2464 0
      vertex 0.967072 69.6456 0
      vertex 1.34946 69.7347 0
    endloop
  endfacet
  facet normal 0 0 -1
    outer loop
      vertex -0.813416 68.8388 0
      vertex 0.969999 66.0222 0
      vertex 0.87553 65.9635 0
    endloop
  endfacet
  facet normal 0 0 -1
    outer loop
      vertex -1.13257 68.6101 0
      vertex 0.87553 65.9635 0
      vertex 0.785105 65.8987 0
    endloop
  endfacet
  facet normal 0 0 -1
    outer loop
      vertex -1.43607 68.361 0
      vertex 0.785105 65.8987 0
      vertex 0.699112 65.8281 0
    endloop
  endfacet
  facet normal 0 0 -1
    outer loop
      vertex -1.72263 68.0926 0
      vertex 0.699112 65.8281 0
      vertex 0.617918 65.7521 0
    endloop
  endfacet
  facet normal 0 0 -1
    outer loop
      vertex 1.59811 66.2355 0
      vertex 0.591354 69.5316 0
      vertex 0.967072 69.6456 0
    endloop
  endfacet
  facet normal 0 0 -1
    outer loop
      vertex -1.72263 68.0926 0
      vertex 0.617918 65.7521 0
      vertex 0.541872 65.6709 0
    endloop
  endfacet
  facet normal 0 0 -1
    outer loop
      vertex -1.99103 67.8061 0
      vertex 0.541872 65.6709 0
      vertex 0.471299 65.5849 0
    endloop
  endfacet
  facet normal 0 0 -1
    outer loop
      vertex -2.24011 67.5026 0
      vertex 0.471299 65.5849 0
      vertex 0.406501 65.4945 0
    endloop
  endfacet
  facet normal 0 0 -1
    outer loop
      vertex -2.46881 67.1834 0
      vertex 0.406501 65.4945 0
      vertex 0.347756 65.4 0
    endloop
  endfacet
  facet normal 0 0 -1
    outer loop
      vertex -2.46881 67.1834 0
      vertex 0.347756 65.4 0
      vertex 0.295316 65.3019 0
    endloop
  endfacet
  facet normal 0 0 -1
    outer loop
      vertex -2.67615 66.85 0
      vertex 0.295316 65.3019 0
      vertex 0.249404 65.2006 0
    endloop
  endfacet
  facet normal 0 0 -1
    outer loop
      vertex 1.38001 66.1921 0
      vertex 0.223892 69.3933 0
      vertex 0.591354 69.5316 0
    endloop
  endfacet
  facet normal 0 0 -1
    outer loop
      vertex -2.86122 66.5037 0
      vertex 0.249404 65.2006 0
      vertex 0.210218 65.0965 0
    endloop
  endfacet
  facet normal 0 0 -1
    outer loop
      vertex -3.02327 66.1461 0
      vertex 0.210218 65.0965 0
      vertex 0.177926 64.99 0
    endloop
  endfacet
  facet normal 0 0 -1
    outer loop
      vertex -3.16158 65.7786 0
      vertex 0.177926 64.99 0
      vertex 0.152664 64.8817 0
    endloop
  endfacet
  facet normal 0 0 -1
    outer loop
      vertex -3.16158 65.7786 0
      vertex 0.152664 64.8817 0
      vertex 0.134543 64.7719 0
    endloop
  endfacet
  facet normal 0 0 -1
    outer loop
      vertex -3.27554 65.4029 0
      vertex 0.134543 64.7719 0
      vertex 0.123639 64.6612 0
    endloop
  endfacet
  facet normal 0 0 -1
    outer loop
      vertex -3.3647 65.0205 0
      vertex 0.123639 64.6612 0
      vertex 0.12 64.55 0
    endloop
  endfacet
  facet normal 0 0 -1
    outer loop
      vertex 1.27355 66.1598 0
      vertex -0.133728 69.2312 0
      vertex 0.223892 69.3933 0
    endloop
  endfacet
  facet normal 0 -0 -1
    outer loop
      vertex -3.46715 64.2424 0
      vertex 0.134543 64.3281 0
      vertex -3.48 63.85 0
    endloop
  endfacet
  facet normal 0 0 -1
    outer loop
      vertex -2.67615 -5.75 0
      vertex 0.295316 -4.20189 0
      vertex -2.46881 -6.08342 0
    endloop
  endfacet
  facet normal -0 0 -1
    outer loop
      vertex 0.134543 64.3281 0
      vertex -3.46715 64.2424 0
      vertex 0.123639 64.4388 0
    endloop
  endfacet
  facet normal -0 0 -1
    outer loop
      vertex 0.295316 -4.20189 0
      vertex -2.67615 -5.75 0
      vertex 0.249404 -4.10056 0
    endloop
  endfacet
  facet normal 0 -0 -1
    outer loop
      vertex -3.42867 64.6331 0
      vertex 0.123639 64.4388 0
      vertex -3.46715 64.2424 0
    endloop
  endfacet
  facet normal 0 0 -1
    outer loop
      vertex -2.86122 -5.40372 0
      vertex 0.249404 -4.10056 0
      vertex -2.67615 -5.75 0
    endloop
  endfacet
  facet normal 0 0 -1
    outer loop
      vertex 1.16944 66.1206 0
      vertex -0.479996 69.0461 0
      vertex -0.133728 69.2312 0
    endloop
  endfacet
  facet normal -0 0 -1
    outer loop
      vertex 0.249404 -4.10056 0
      vertex -2.86122 -5.40372 0
      vertex 0.210218 -3.99645 0
    endloop
  endfacet
  facet normal 0 0 -1
    outer loop
      vertex 0.969999 66.0222 0
      vertex -0.813416 68.8388 0
      vertex -0.479996 69.0461 0
    endloop
  endfacet
  facet normal 0 0 -1
    outer loop
      vertex -3.02327 -5.0461 0
      vertex 0.210218 -3.99645 0
      vertex -2.86122 -5.40372 0
    endloop
  endfacet
  facet normal 0 0 -1
    outer loop
      vertex 0.87553 65.9635 0
      vertex -1.13257 68.6101 0
      vertex -0.813416 68.8388 0
    endloop
  endfacet
  facet normal -0 0 -1
    outer loop
      vertex 0.210218 -3.99645 0
      vertex -3.02327 -5.0461 0
      vertex 0.177926 -3.88999 0
    endloop
  endfacet
  facet normal 0 0 -1
    outer loop
      vertex 0.785105 65.8987 0
      vertex -1.43607 68.361 0
      vertex -1.13257 68.6101 0
    endloop
  endfacet
  facet normal 0 0 -1
    outer loop
      vertex -3.16158 -4.67863 0
      vertex 0.177926 -3.88999 0
      vertex -3.02327 -5.0461 0
    endloop
  endfacet
  facet normal 0 0 -1
    outer loop
      vertex 0.699112 65.8281 0
      vertex -1.72263 68.0926 0
      vertex -1.43607 68.361 0
    endloop
  endfacet
  facet normal -0 0 -1
    outer loop
      vertex 0.177926 -3.88999 0
      vertex -3.16158 -4.67863 0
      vertex 0.152664 -3.78165 0
    endloop
  endfacet
  facet normal 0 0 -1
    outer loop
      vertex 0.541872 65.6709 0
      vertex -1.99103 67.8061 0
      vertex -1.72263 68.0926 0
    endloop
  endfacet
  facet normal -0 0 -1
    outer loop
      vertex 0.152664 -3.78165 0
      vertex -3.16158 -4.67863 0
      vertex 0.134543 -3.67189 0
    endloop
  endfacet
  facet normal 0 0 -1
    outer loop
      vertex 0.471299 65.5849 0
      vertex -2.24011 67.5026 0
      vertex -1.99103 67.8061 0
    endloop
  endfacet
  facet normal 0 0 -1
    outer loop
      vertex -3.27554 -4.3029 0
      vertex 0.134543 -3.67189 0
      vertex -3.16158 -4.67863 0
    endloop
  endfacet
  facet normal 0 0 -1
    outer loop
      vertex 0.406501 65.4945 0
      vertex -2.46881 67.1834 0
      vertex -2.24011 67.5026 0
    endloop
  endfacet
  facet normal -0 0 -1
    outer loop
      vertex 0.134543 -3.67189 0
      vertex -3.27554 -4.3029 0
      vertex 0.123639 -3.56118 0
    endloop
  endfacet
  facet normal 0 0 -1
    outer loop
      vertex 0.295316 65.3019 0
      vertex -2.67615 66.85 0
      vertex -2.46881 67.1834 0
    endloop
  endfacet
  facet normal 0 0 -1
    outer loop
      vertex -3.3647 -3.92053 0
      vertex 0.123639 -3.56118 0
      vertex -3.27554 -4.3029 0
    endloop
  endfacet
  facet normal 0 0 -1
    outer loop
      vertex 0.249404 65.2006 0
      vertex -2.86122 66.5037 0
      vertex -2.67615 66.85 0
    endloop
  endfacet
  facet normal -0 0 -1
    outer loop
      vertex 0.123639 -3.56118 0
      vertex -3.3647 -3.92053 0
      vertex 0.12 -3.45 0
    endloop
  endfacet
  facet normal 0 0 -1
    outer loop
      vertex 0.210218 65.0965 0
      vertex -3.02327 66.1461 0
      vertex -2.86122 66.5037 0
    endloop
  endfacet
  facet normal 0 0 -1
    outer loop
      vertex -3.42867 -3.53314 0
      vertex 0.12 -3.45 0
      vertex -3.3647 -3.92053 0
    endloop
  endfacet
  facet normal 0 0 -1
    outer loop
      vertex 0.177926 64.99 0
      vertex -3.16158 65.7786 0
      vertex -3.02327 66.1461 0
    endloop
  endfacet
  facet normal -0 0 -1
    outer loop
      vertex 0.123639 -3.33881 0
      vertex -3.42867 -3.53314 0
      vertex -3.46715 -3.14241 0
    endloop
  endfacet
  facet normal 0 0 -1
    outer loop
      vertex 0.134543 64.7719 0
      vertex -3.27554 65.4029 0
      vertex -3.16158 65.7786 0
    endloop
  endfacet
  facet normal 0 0 -1
    outer loop
      vertex 0.134543 -3.2281 0
      vertex -3.46715 -3.14241 0
      vertex -3.48 -2.75 0
    endloop
  endfacet
  facet normal 0 0 -1
    outer loop
      vertex 0.123639 64.6612 0
      vertex -3.3647 65.0205 0
      vertex -3.27554 65.4029 0
    endloop
  endfacet
  facet normal 0 0 -1
    outer loop
      vertex 0.12 64.55 0
      vertex -3.42867 64.6331 0
      vertex -3.3647 65.0205 0
    endloop
  endfacet
  facet normal 0 0 -1
    outer loop
      vertex 0.123639 64.4388 0
      vertex -3.42867 64.6331 0
      vertex 0.12 64.55 0
    endloop
  endfacet
  facet normal -0.309179 0.0304511 0.950516
    outer loop
      vertex -3.42867 64.6331 3
      vertex -3.46715 64.2424 3
      vertex 2.68093 33.0222 6
    endloop
  endfacet
  facet normal -0.986639 0.16292 0
    outer loop
      vertex -3.42867 64.6331 0
      vertex -3.3647 65.0205 3
      vertex -3.3647 65.0205 0
    endloop
  endfacet
  facet normal -0.986639 0.16292 0
    outer loop
      vertex -3.3647 65.0205 3
      vertex -3.42867 64.6331 0
      vertex -3.42867 64.6331 3
    endloop
  endfacet
  facet normal 0.0961648 -0.0291704 0.994938
    outer loop
      vertex 76.912 20.7666 6
      vertex 76.194 18.3996 6
      vertex 100.346 -4.3029 3
    endloop
  endfacet
  facet normal -0.0854098 0.188516 0.978349
    outer loop
      vertex 25.9346 65.4726 6
      vertex -0.133728 69.2312 3
      vertex 23.6815 64.4518 6
    endloop
  endfacet
  facet normal 0.0912383 0.0343434 0.995237
    outer loop
      vertex 100.093 66.1461 3
      vertex 75.3226 45.0154 6
      vertex 76.194 42.7004 6
    endloop
  endfacet
  facet normal -0.259248 0.0428087 0.964862
    outer loop
      vertex -3.3647 65.0205 3
      vertex -3.42867 64.6331 3
      vertex 3.32632 37.9244 6
    endloop
  endfacet
  facet normal 0 0 1
    outer loop
      vertex 76 30.55 6
      vertex 78.2 30.55 6
      vertex 78.1191 33.0222 6
    endloop
  endfacet
  facet normal 0 0 1
    outer loop
      vertex 75.9238 32.8783 6
      vertex 78.1191 33.0222 6
      vertex 77.8766 35.4839 6
    endloop
  endfacet
  facet normal 0 0 1
    outer loop
      vertex 78.2 30.55 6
      vertex 76 30.55 6
      vertex 78.1191 28.0778 6
    endloop
  endfacet
  facet normal 0 0 1
    outer loop
      vertex 75.6954 35.1967 6
      vertex 77.8766 35.4839 6
      vertex 77.4737 37.9244 6
    endloop
  endfacet
  facet normal -0 0 1
    outer loop
      vertex 75.9238 28.2216 6
      vertex 78.1191 28.0778 6
      vertex 76 30.55 6
    endloop
  endfacet
  facet normal 0 0 1
    outer loop
      vertex 75.316 37.4952 6
      vertex 77.4737 37.9244 6
      vertex 76.912 40.3334 6
    endloop
  endfacet
  facet normal 0 0 1
    outer loop
      vertex 78.1191 28.0778 6
      vertex 75.9238 28.2216 6
      vertex 77.8766 25.6161 6
    endloop
  endfacet
  facet normal 0 0 1
    outer loop
      vertex 74.787 39.764 6
      vertex 76.912 40.3334 6
      vertex 76.194 42.7004 6
    endloop
  endfacet
  facet normal -0 0 1
    outer loop
      vertex 75.6954 25.9033 6
      vertex 77.8766 25.6161 6
      vertex 75.9238 28.2216 6
    endloop
  endfacet
  facet normal 0 0 1
    outer loop
      vertex 77.8766 25.6161 6
      vertex 75.6954 25.9033 6
      vertex 77.4737 23.1756 6
    endloop
  endfacet
  facet normal 0 0 1
    outer loop
      vertex 78.1191 33.0222 6
      vertex 75.9238 32.8783 6
      vertex 76 30.55 6
    endloop
  endfacet
  facet normal 0 0 1
    outer loop
      vertex 77.8766 35.4839 6
      vertex 75.6954 35.1967 6
      vertex 75.9238 32.8783 6
    endloop
  endfacet
  facet normal 0 0 1
    outer loop
      vertex 74.1107 41.9932 6
      vertex 76.194 42.7004 6
      vertex 75.3226 45.0154 6
    endloop
  endfacet
  facet normal 0 0 1
    outer loop
      vertex 77.4737 37.9244 6
      vertex 75.316 37.4952 6
      vertex 75.6954 35.1967 6
    endloop
  endfacet
  facet normal 0 0 1
    outer loop
      vertex 76.912 40.3334 6
      vertex 74.787 39.764 6
      vertex 75.316 37.4952 6
    endloop
  endfacet
  facet normal 0 0 1
    outer loop
      vertex 73.2901 44.1735 6
      vertex 75.3226 45.0154 6
      vertex 74.3018 47.2685 6
    endloop
  endfacet
  facet normal 0 0 1
    outer loop
      vertex 76.194 42.7004 6
      vertex 74.1107 41.9932 6
      vertex 74.787 39.764 6
    endloop
  endfacet
  facet normal 0 0 1
    outer loop
      vertex 75.3226 45.0154 6
      vertex 73.2901 44.1735 6
      vertex 74.1107 41.9932 6
    endloop
  endfacet
  facet normal 0 0 1
    outer loop
      vertex 72.3287 46.2955 6
      vertex 74.3018 47.2685 6
      vertex 73.1358 49.45 6
    endloop
  endfacet
  facet normal 0 0 1
    outer loop
      vertex 74.3018 47.2685 6
      vertex 72.3287 46.2955 6
      vertex 73.2901 44.1735 6
    endloop
  endfacet
  facet normal 0 0 1
    outer loop
      vertex 71.2305 48.35 6
      vertex 73.1358 49.45 6
      vertex 71.8296 51.5506 6
    endloop
  endfacet
  facet normal 0 0 1
    outer loop
      vertex 73.1358 49.45 6
      vertex 71.2305 48.35 6
      vertex 72.3287 46.2955 6
    endloop
  endfacet
  facet normal 0 0 1
    outer loop
      vertex 70.0003 50.3283 6
      vertex 71.8296 51.5506 6
      vertex 70.3888 53.5612 6
    endloop
  endfacet
  facet normal 0 0 1
    outer loop
      vertex 71.8296 51.5506 6
      vertex 70.0003 50.3283 6
      vertex 71.2305 48.35 6
    endloop
  endfacet
  facet normal 0 0 1
    outer loop
      vertex 68.6434 52.2219 6
      vertex 70.3888 53.5612 6
      vertex 68.8195 55.4733 6
    endloop
  endfacet
  facet normal 0 0 1
    outer loop
      vertex 70.3888 53.5612 6
      vertex 68.6434 52.2219 6
      vertex 70.0003 50.3283 6
    endloop
  endfacet
  facet normal 0 0 1
    outer loop
      vertex 68.8195 55.4733 6
      vertex 67.1655 54.0227 6
      vertex 68.6434 52.2219 6
    endloop
  endfacet
  facet normal 0 0 1
    outer loop
      vertex 67.1286 57.2786 6
      vertex 67.1655 54.0227 6
      vertex 68.8195 55.4733 6
    endloop
  endfacet
  facet normal 0 0 1
    outer loop
      vertex 67.1286 57.2786 6
      vertex 65.573 55.723 6
      vertex 67.1655 54.0227 6
    endloop
  endfacet
  facet normal 0 0 1
    outer loop
      vertex 65.3233 58.9695 6
      vertex 65.573 55.723 6
      vertex 67.1286 57.2786 6
    endloop
  endfacet
  facet normal 0 0 1
    outer loop
      vertex 65.3233 58.9695 6
      vertex 63.8727 57.3155 6
      vertex 65.573 55.723 6
    endloop
  endfacet
  facet normal 0 0 1
    outer loop
      vertex 63.4112 60.5388 6
      vertex 63.8727 57.3155 6
      vertex 65.3233 58.9695 6
    endloop
  endfacet
  facet normal 0 0 1
    outer loop
      vertex 63.4112 60.5388 6
      vertex 62.0719 58.7934 6
      vertex 63.8727 57.3155 6
    endloop
  endfacet
  facet normal 0 0 1
    outer loop
      vertex 61.4006 61.9796 6
      vertex 62.0719 58.7934 6
      vertex 63.4112 60.5388 6
    endloop
  endfacet
  facet normal 0 0 1
    outer loop
      vertex 61.4006 61.9796 6
      vertex 60.1783 60.1503 6
      vertex 62.0719 58.7934 6
    endloop
  endfacet
  facet normal 0 0 1
    outer loop
      vertex 59.3 63.2858 6
      vertex 60.1783 60.1503 6
      vertex 61.4006 61.9796 6
    endloop
  endfacet
  facet normal 0 0 1
    outer loop
      vertex 59.3 63.2858 6
      vertex 58.2 61.3805 6
      vertex 60.1783 60.1503 6
    endloop
  endfacet
  facet normal 0 0 1
    outer loop
      vertex 57.1185 64.4518 6
      vertex 58.2 61.3805 6
      vertex 59.3 63.2858 6
    endloop
  endfacet
  facet normal 0 0 1
    outer loop
      vertex 57.1185 64.4518 6
      vertex 56.1455 62.4787 6
      vertex 58.2 61.3805 6
    endloop
  endfacet
  facet normal 0 0 1
    outer loop
      vertex 54.8654 65.4726 6
      vertex 56.1455 62.4787 6
      vertex 57.1185 64.4518 6
    endloop
  endfacet
  facet normal 0 0 1
    outer loop
      vertex 54.8654 65.4726 6
      vertex 54.0235 63.4401 6
      vertex 56.1455 62.4787 6
    endloop
  endfacet
  facet normal 0 0 1
    outer loop
      vertex 52.5504 66.344 6
      vertex 54.0235 63.4401 6
      vertex 54.8654 65.4726 6
    endloop
  endfacet
  facet normal 0 0 1
    outer loop
      vertex 52.5504 66.344 6
      vertex 51.8432 64.2607 6
      vertex 54.0235 63.4401 6
    endloop
  endfacet
  facet normal 0 0 1
    outer loop
      vertex 50.1834 67.062 6
      vertex 51.8432 64.2607 6
      vertex 52.5504 66.344 6
    endloop
  endfacet
  facet normal 0 0 1
    outer loop
      vertex 50.1834 67.062 6
      vertex 49.614 64.937 6
      vertex 51.8432 64.2607 6
    endloop
  endfacet
  facet normal 0 0 1
    outer loop
      vertex 47.7744 67.6237 6
      vertex 49.614 64.937 6
      vertex 50.1834 67.062 6
    endloop
  endfacet
  facet normal 0 0 1
    outer loop
      vertex 47.7744 67.6237 6
      vertex 47.3452 65.466 6
      vertex 49.614 64.937 6
    endloop
  endfacet
  facet normal 0 0 1
    outer loop
      vertex 45.3339 68.0266 6
      vertex 47.3452 65.466 6
      vertex 47.7744 67.6237 6
    endloop
  endfacet
  facet normal 0 0 1
    outer loop
      vertex 45.3339 68.0266 6
      vertex 45.0467 65.8454 6
      vertex 47.3452 65.466 6
    endloop
  endfacet
  facet normal 0 0 1
    outer loop
      vertex 42.8722 68.2691 6
      vertex 45.0467 65.8454 6
      vertex 45.3339 68.0266 6
    endloop
  endfacet
  facet normal 0 0 1
    outer loop
      vertex 42.8722 68.2691 6
      vertex 42.7284 66.0738 6
      vertex 45.0467 65.8454 6
    endloop
  endfacet
  facet normal 0 0 1
    outer loop
      vertex 40.4 68.35 6
      vertex 42.7284 66.0738 6
      vertex 42.8722 68.2691 6
    endloop
  endfacet
  facet normal 0 0 1
    outer loop
      vertex 40.4 68.35 6
      vertex 40.4 66.15 6
      vertex 42.7284 66.0738 6
    endloop
  endfacet
  facet normal 0 0 1
    outer loop
      vertex 40.4 68.35 6
      vertex 38.0716 66.0738 6
      vertex 40.4 66.15 6
    endloop
  endfacet
  facet normal -0 0 1
    outer loop
      vertex 37.9278 68.2691 6
      vertex 38.0716 66.0738 6
      vertex 40.4 68.35 6
    endloop
  endfacet
  facet normal 0 0 1
    outer loop
      vertex 37.9278 68.2691 6
      vertex 35.7533 65.8454 6
      vertex 38.0716 66.0738 6
    endloop
  endfacet
  facet normal -0 0 1
    outer loop
      vertex 35.4661 68.0266 6
      vertex 35.7533 65.8454 6
      vertex 37.9278 68.2691 6
    endloop
  endfacet
  facet normal 0 0 1
    outer loop
      vertex 35.4661 68.0266 6
      vertex 33.4548 65.466 6
      vertex 35.7533 65.8454 6
    endloop
  endfacet
  facet normal -0 0 1
    outer loop
      vertex 33.0256 67.6237 6
      vertex 33.4548 65.466 6
      vertex 35.4661 68.0266 6
    endloop
  endfacet
  facet normal 0 0 1
    outer loop
      vertex 33.0256 67.6237 6
      vertex 31.186 64.937 6
      vertex 33.4548 65.466 6
    endloop
  endfacet
  facet normal -0 0 1
    outer loop
      vertex 30.6166 67.062 6
      vertex 31.186 64.937 6
      vertex 33.0256 67.6237 6
    endloop
  endfacet
  facet normal 0 0 1
    outer loop
      vertex 30.6166 67.062 6
      vertex 28.9568 64.2607 6
      vertex 31.186 64.937 6
    endloop
  endfacet
  facet normal -0 0 1
    outer loop
      vertex 28.2496 66.344 6
      vertex 28.9568 64.2607 6
      vertex 30.6166 67.062 6
    endloop
  endfacet
  facet normal 0 0 1
    outer loop
      vertex 28.2496 66.344 6
      vertex 26.7765 63.4401 6
      vertex 28.9568 64.2607 6
    endloop
  endfacet
  facet normal -0 0 1
    outer loop
      vertex 25.9346 65.4726 6
      vertex 26.7765 63.4401 6
      vertex 28.2496 66.344 6
    endloop
  endfacet
  facet normal 0 0 1
    outer loop
      vertex 25.9346 65.4726 6
      vertex 24.6545 62.4787 6
      vertex 26.7765 63.4401 6
    endloop
  endfacet
  facet normal -0 0 1
    outer loop
      vertex 23.6815 64.4518 6
      vertex 24.6545 62.4787 6
      vertex 25.9346 65.4726 6
    endloop
  endfacet
  facet normal 0 0 1
    outer loop
      vertex 23.6815 64.4518 6
      vertex 22.6 61.3805 6
      vertex 24.6545 62.4787 6
    endloop
  endfacet
  facet normal -0 0 1
    outer loop
      vertex 21.5 63.2858 6
      vertex 22.6 61.3805 6
      vertex 23.6815 64.4518 6
    endloop
  endfacet
  facet normal 0 0 1
    outer loop
      vertex 21.5 63.2858 6
      vertex 20.6217 60.1503 6
      vertex 22.6 61.3805 6
    endloop
  endfacet
  facet normal -0 0 1
    outer loop
      vertex 19.3994 61.9796 6
      vertex 20.6217 60.1503 6
      vertex 21.5 63.2858 6
    endloop
  endfacet
  facet normal 0 0 1
    outer loop
      vertex 19.3994 61.9796 6
      vertex 18.7281 58.7934 6
      vertex 20.6217 60.1503 6
    endloop
  endfacet
  facet normal -0 0 1
    outer loop
      vertex 17.3888 60.5388 6
      vertex 18.7281 58.7934 6
      vertex 19.3994 61.9796 6
    endloop
  endfacet
  facet normal 0 0 1
    outer loop
      vertex 17.3888 60.5388 6
      vertex 16.9273 57.3155 6
      vertex 18.7281 58.7934 6
    endloop
  endfacet
  facet normal -0 0 1
    outer loop
      vertex 15.4767 58.9695 6
      vertex 16.9273 57.3155 6
      vertex 17.3888 60.5388 6
    endloop
  endfacet
  facet normal 0 0 1
    outer loop
      vertex 15.4767 58.9695 6
      vertex 15.227 55.723 6
      vertex 16.9273 57.3155 6
    endloop
  endfacet
  facet normal -0 0 1
    outer loop
      vertex 13.6714 57.2786 6
      vertex 15.227 55.723 6
      vertex 15.4767 58.9695 6
    endloop
  endfacet
  facet normal 0 0 1
    outer loop
      vertex 13.6714 57.2786 6
      vertex 13.6345 54.0227 6
      vertex 15.227 55.723 6
    endloop
  endfacet
  facet normal -0 0 1
    outer loop
      vertex 11.9805 55.4733 6
      vertex 13.6345 54.0227 6
      vertex 13.6714 57.2786 6
    endloop
  endfacet
  facet normal 0 0 1
    outer loop
      vertex 13.6345 54.0227 6
      vertex 11.9805 55.4733 6
      vertex 12.1566 52.2219 6
    endloop
  endfacet
  facet normal -0 0 1
    outer loop
      vertex 10.4112 53.5612 6
      vertex 12.1566 52.2219 6
      vertex 11.9805 55.4733 6
    endloop
  endfacet
  facet normal 0 0 1
    outer loop
      vertex 12.1566 52.2219 6
      vertex 10.4112 53.5612 6
      vertex 10.7997 50.3283 6
    endloop
  endfacet
  facet normal -0 0 1
    outer loop
      vertex 8.97045 51.5506 6
      vertex 10.7997 50.3283 6
      vertex 10.4112 53.5612 6
    endloop
  endfacet
  facet normal 0 0 1
    outer loop
      vertex 10.7997 50.3283 6
      vertex 8.97045 51.5506 6
      vertex 9.5695 48.35 6
    endloop
  endfacet
  facet normal -0 0 1
    outer loop
      vertex 7.66424 49.45 6
      vertex 9.5695 48.35 6
      vertex 8.97045 51.5506 6
    endloop
  endfacet
  facet normal 0 0 1
    outer loop
      vertex 9.5695 48.35 6
      vertex 7.66424 49.45 6
      vertex 8.47133 46.2955 6
    endloop
  endfacet
  facet normal -0 0 1
    outer loop
      vertex 6.49821 47.2685 6
      vertex 8.47133 46.2955 6
      vertex 7.66424 49.45 6
    endloop
  endfacet
  facet normal 0 0 1
    outer loop
      vertex 8.47133 46.2955 6
      vertex 6.49821 47.2685 6
      vertex 7.50989 44.1735 6
    endloop
  endfacet
  facet normal -0 0 1
    outer loop
      vertex 5.47735 45.0154 6
      vertex 7.50989 44.1735 6
      vertex 6.49821 47.2685 6
    endloop
  endfacet
  facet normal 0 0 1
    outer loop
      vertex 7.50989 44.1735 6
      vertex 5.47735 45.0154 6
      vertex 6.68929 41.9932 6
    endloop
  endfacet
  facet normal -0 0 1
    outer loop
      vertex 4.60604 42.7004 6
      vertex 6.68929 41.9932 6
      vertex 5.47735 45.0154 6
    endloop
  endfacet
  facet normal 0 0 1
    outer loop
      vertex 6.68929 41.9932 6
      vertex 4.60604 42.7004 6
      vertex 6.01304 39.764 6
    endloop
  endfacet
  facet normal -0 0 1
    outer loop
      vertex 3.888 40.3334 6
      vertex 6.01304 39.764 6
      vertex 4.60604 42.7004 6
    endloop
  endfacet
  facet normal 0 0 1
    outer loop
      vertex 6.01304 39.764 6
      vertex 3.888 40.3334 6
      vertex 5.48404 37.4952 6
    endloop
  endfacet
  facet normal 0 0 1
    outer loop
      vertex 5.48404 37.4952 6
      vertex 3.32632 37.9244 6
      vertex 5.10456 35.1967 6
    endloop
  endfacet
  facet normal -0 0 1
    outer loop
      vertex 3.32632 37.9244 6
      vertex 5.48404 37.4952 6
      vertex 3.888 40.3334 6
    endloop
  endfacet
  facet normal -0 0 1
    outer loop
      vertex 75.316 23.6048 6
      vertex 77.4737 23.1756 6
      vertex 75.6954 25.9033 6
    endloop
  endfacet
  facet normal 0 0 1
    outer loop
      vertex 77.4737 23.1756 6
      vertex 75.316 23.6048 6
      vertex 76.912 20.7666 6
    endloop
  endfacet
  facet normal -0 0 1
    outer loop
      vertex 74.787 21.336 6
      vertex 76.912 20.7666 6
      vertex 75.316 23.6048 6
    endloop
  endfacet
  facet normal 0 0 1
    outer loop
      vertex 76.912 20.7666 6
      vertex 74.787 21.336 6
      vertex 76.194 18.3996 6
    endloop
  endfacet
  facet normal -0 0 1
    outer loop
      vertex 74.1107 19.1068 6
      vertex 76.194 18.3996 6
      vertex 74.787 21.336 6
    endloop
  endfacet
  facet normal 0 0 1
    outer loop
      vertex 76.194 18.3996 6
      vertex 74.1107 19.1068 6
      vertex 75.3226 16.0846 6
    endloop
  endfacet
  facet normal -0 0 1
    outer loop
      vertex 73.2901 16.9265 6
      vertex 75.3226 16.0846 6
      vertex 74.1107 19.1068 6
    endloop
  endfacet
  facet normal 0 0 1
    outer loop
      vertex 75.3226 16.0846 6
      vertex 73.2901 16.9265 6
      vertex 74.3018 13.8315 6
    endloop
  endfacet
  facet normal -0 0 1
    outer loop
      vertex 72.3287 14.8045 6
      vertex 74.3018 13.8315 6
      vertex 73.2901 16.9265 6
    endloop
  endfacet
  facet normal 0 0 1
    outer loop
      vertex 74.3018 13.8315 6
      vertex 72.3287 14.8045 6
      vertex 73.1358 11.65 6
    endloop
  endfacet
  facet normal -0 0 1
    outer loop
      vertex 71.2305 12.75 6
      vertex 73.1358 11.65 6
      vertex 72.3287 14.8045 6
    endloop
  endfacet
  facet normal 0 0 1
    outer loop
      vertex 73.1358 11.65 6
      vertex 71.2305 12.75 6
      vertex 71.8296 9.54945 6
    endloop
  endfacet
  facet normal -0 0 1
    outer loop
      vertex 70.0003 10.7717 6
      vertex 71.8296 9.54945 6
      vertex 71.2305 12.75 6
    endloop
  endfacet
  facet normal 0 0 1
    outer loop
      vertex 71.8296 9.54945 6
      vertex 70.0003 10.7717 6
      vertex 70.3888 7.53882 6
    endloop
  endfacet
  facet normal -0 0 1
    outer loop
      vertex 68.6434 8.87809 6
      vertex 70.3888 7.53882 6
      vertex 70.0003 10.7717 6
    endloop
  endfacet
  facet normal 0 0 1
    outer loop
      vertex 70.3888 7.53882 6
      vertex 68.6434 8.87809 6
      vertex 68.8195 5.62673 6
    endloop
  endfacet
  facet normal -0 0 1
    outer loop
      vertex 67.1655 7.07729 6
      vertex 68.8195 5.62673 6
      vertex 68.6434 8.87809 6
    endloop
  endfacet
  facet normal 0 0 1
    outer loop
      vertex 67.1655 7.07729 6
      vertex 67.1286 3.82136 6
      vertex 68.8195 5.62673 6
    endloop
  endfacet
  facet normal -0 0 1
    outer loop
      vertex 65.573 5.377 6
      vertex 67.1286 3.82136 6
      vertex 67.1655 7.07729 6
    endloop
  endfacet
  facet normal 0 0 1
    outer loop
      vertex 65.573 5.377 6
      vertex 65.3233 2.13046 6
      vertex 67.1286 3.82136 6
    endloop
  endfacet
  facet normal -0 0 1
    outer loop
      vertex 63.8727 3.7845 6
      vertex 65.3233 2.13046 6
      vertex 65.573 5.377 6
    endloop
  endfacet
  facet normal 0 0 1
    outer loop
      vertex 63.8727 3.7845 6
      vertex 63.4112 0.561243 6
      vertex 65.3233 2.13046 6
    endloop
  endfacet
  facet normal -0 0 1
    outer loop
      vertex 62.0719 2.30662 6
      vertex 63.4112 0.561243 6
      vertex 63.8727 3.7845 6
    endloop
  endfacet
  facet normal 0 0 1
    outer loop
      vertex 62.0719 2.30662 6
      vertex 61.4006 -0.879551 6
      vertex 63.4112 0.561243 6
    endloop
  endfacet
  facet normal -0 0 1
    outer loop
      vertex 60.1783 0.949682 6
      vertex 61.4006 -0.879551 6
      vertex 62.0719 2.30662 6
    endloop
  endfacet
  facet normal 0 0 1
    outer loop
      vertex 60.1783 0.949682 6
      vertex 59.3 -2.18576 6
      vertex 61.4006 -0.879551 6
    endloop
  endfacet
  facet normal -0 0 1
    outer loop
      vertex 58.2 -0.280503 6
      vertex 59.3 -2.18576 6
      vertex 60.1783 0.949682 6
    endloop
  endfacet
  facet normal 0 0 1
    outer loop
      vertex 58.2 -0.280503 6
      vertex 57.1185 -3.35179 6
      vertex 59.3 -2.18576 6
    endloop
  endfacet
  facet normal -0 0 1
    outer loop
      vertex 56.1455 -1.37867 6
      vertex 57.1185 -3.35179 6
      vertex 58.2 -0.280503 6
    endloop
  endfacet
  facet normal 0 0 1
    outer loop
      vertex 56.1455 -1.37867 6
      vertex 54.8654 -4.37265 6
      vertex 57.1185 -3.35179 6
    endloop
  endfacet
  facet normal -0 0 1
    outer loop
      vertex 54.0235 -2.34011 6
      vertex 54.8654 -4.37265 6
      vertex 56.1455 -1.37867 6
    endloop
  endfacet
  facet normal 0 0 1
    outer loop
      vertex 54.0235 -2.34011 6
      vertex 52.5504 -5.24396 6
      vertex 54.8654 -4.37265 6
    endloop
  endfacet
  facet normal -0 0 1
    outer loop
      vertex 51.8432 -3.16071 6
      vertex 52.5504 -5.24396 6
      vertex 54.0235 -2.34011 6
    endloop
  endfacet
  facet normal 0 0 1
    outer loop
      vertex 51.8432 -3.16071 6
      vertex 50.1834 -5.962 6
      vertex 52.5504 -5.24396 6
    endloop
  endfacet
  facet normal -0 0 1
    outer loop
      vertex 49.614 -3.83696 6
      vertex 50.1834 -5.962 6
      vertex 51.8432 -3.16071 6
    endloop
  endfacet
  facet normal 0 0 1
    outer loop
      vertex 49.614 -3.83696 6
      vertex 47.7744 -6.52368 6
      vertex 50.1834 -5.962 6
    endloop
  endfacet
  facet normal -0 0 1
    outer loop
      vertex 47.3452 -4.36596 6
      vertex 47.7744 -6.52368 6
      vertex 49.614 -3.83696 6
    endloop
  endfacet
  facet normal 0 0 1
    outer loop
      vertex 47.3452 -4.36596 6
      vertex 45.3339 -6.92662 6
      vertex 47.7744 -6.52368 6
    endloop
  endfacet
  facet normal -0 0 1
    outer loop
      vertex 45.0467 -4.74544 6
      vertex 45.3339 -6.92662 6
      vertex 47.3452 -4.36596 6
    endloop
  endfacet
  facet normal 0 0 1
    outer loop
      vertex 45.0467 -4.74544 6
      vertex 42.8722 -7.16907 6
      vertex 45.3339 -6.92662 6
    endloop
  endfacet
  facet normal -0 0 1
    outer loop
      vertex 42.7284 -4.97378 6
      vertex 42.8722 -7.16907 6
      vertex 45.0467 -4.74544 6
    endloop
  endfacet
  facet normal -0 0 1
    outer loop
      vertex 40.4 -5.05 6
      vertex 42.8722 -7.16907 6
      vertex 42.7284 -4.97378 6
    endloop
  endfacet
  facet normal 0 0 1
    outer loop
      vertex 40.4 -5.05 6
      vertex 40.4 -7.25 6
      vertex 42.8722 -7.16907 6
    endloop
  endfacet
  facet normal 0 0 1
    outer loop
      vertex 38.0716 -4.97378 6
      vertex 40.4 -7.25 6
      vertex 40.4 -5.05 6
    endloop
  endfacet
  facet normal 0 0 1
    outer loop
      vertex 38.0716 -4.97378 6
      vertex 37.9278 -7.16907 6
      vertex 40.4 -7.25 6
    endloop
  endfacet
  facet normal 0 0 1
    outer loop
      vertex 35.7533 -4.74544 6
      vertex 37.9278 -7.16907 6
      vertex 38.0716 -4.97378 6
    endloop
  endfacet
  facet normal 0 0 1
    outer loop
      vertex 35.7533 -4.74544 6
      vertex 35.4661 -6.92662 6
      vertex 37.9278 -7.16907 6
    endloop
  endfacet
  facet normal 0 0 1
    outer loop
      vertex 33.4548 -4.36596 6
      vertex 35.4661 -6.92662 6
      vertex 35.7533 -4.74544 6
    endloop
  endfacet
  facet normal 0 0 1
    outer loop
      vertex 33.4548 -4.36596 6
      vertex 33.0256 -6.52368 6
      vertex 35.4661 -6.92662 6
    endloop
  endfacet
  facet normal 0 0 1
    outer loop
      vertex 31.186 -3.83696 6
      vertex 33.0256 -6.52368 6
      vertex 33.4548 -4.36596 6
    endloop
  endfacet
  facet normal 0 0 1
    outer loop
      vertex 31.186 -3.83696 6
      vertex 30.6166 -5.962 6
      vertex 33.0256 -6.52368 6
    endloop
  endfacet
  facet normal 0 0 1
    outer loop
      vertex 28.9568 -3.16071 6
      vertex 30.6166 -5.962 6
      vertex 31.186 -3.83696 6
    endloop
  endfacet
  facet normal 0 0 1
    outer loop
      vertex 28.9568 -3.16071 6
      vertex 28.2496 -5.24396 6
      vertex 30.6166 -5.962 6
    endloop
  endfacet
  facet normal 0 0 1
    outer loop
      vertex 26.7765 -2.34011 6
      vertex 28.2496 -5.24396 6
      vertex 28.9568 -3.16071 6
    endloop
  endfacet
  facet normal 0 0 1
    outer loop
      vertex 26.7765 -2.34011 6
      vertex 25.9346 -4.37265 6
      vertex 28.2496 -5.24396 6
    endloop
  endfacet
  facet normal 0 0 1
    outer loop
      vertex 24.6545 -1.37867 6
      vertex 25.9346 -4.37265 6
      vertex 26.7765 -2.34011 6
    endloop
  endfacet
  facet normal 0 0 1
    outer loop
      vertex 24.6545 -1.37867 6
      vertex 23.6815 -3.35179 6
      vertex 25.9346 -4.37265 6
    endloop
  endfacet
  facet normal 0 0 1
    outer loop
      vertex 22.6 -0.280503 6
      vertex 23.6815 -3.35179 6
      vertex 24.6545 -1.37867 6
    endloop
  endfacet
  facet normal 0 0 1
    outer loop
      vertex 22.6 -0.280503 6
      vertex 21.5 -2.18576 6
      vertex 23.6815 -3.35179 6
    endloop
  endfacet
  facet normal 0 0 1
    outer loop
      vertex 20.6217 0.949682 6
      vertex 21.5 -2.18576 6
      vertex 22.6 -0.280503 6
    endloop
  endfacet
  facet normal 0 0 1
    outer loop
      vertex 20.6217 0.949682 6
      vertex 19.3994 -0.879551 6
      vertex 21.5 -2.18576 6
    endloop
  endfacet
  facet normal 0 0 1
    outer loop
      vertex 18.7281 2.30662 6
      vertex 19.3994 -0.879551 6
      vertex 20.6217 0.949682 6
    endloop
  endfacet
  facet normal 0 0 1
    outer loop
      vertex 18.7281 2.30662 6
      vertex 17.3888 0.561243 6
      vertex 19.3994 -0.879551 6
    endloop
  endfacet
  facet normal 0 0 1
    outer loop
      vertex 16.9273 3.7845 6
      vertex 17.3888 0.561243 6
      vertex 18.7281 2.30662 6
    endloop
  endfacet
  facet normal 0 0 1
    outer loop
      vertex 16.9273 3.7845 6
      vertex 15.4767 2.13046 6
      vertex 17.3888 0.561243 6
    endloop
  endfacet
  facet normal 0 0 1
    outer loop
      vertex 15.227 5.377 6
      vertex 15.4767 2.13046 6
      vertex 16.9273 3.7845 6
    endloop
  endfacet
  facet normal 0 0 1
    outer loop
      vertex 15.227 5.377 6
      vertex 13.6714 3.82136 6
      vertex 15.4767 2.13046 6
    endloop
  endfacet
  facet normal 0 0 1
    outer loop
      vertex 13.6345 7.07729 6
      vertex 13.6714 3.82136 6
      vertex 15.227 5.377 6
    endloop
  endfacet
  facet normal 0 0 1
    outer loop
      vertex 11.9805 5.62673 6
      vertex 13.6345 7.07729 6
      vertex 12.1566 8.87809 6
    endloop
  endfacet
  facet normal 0 0 1
    outer loop
      vertex 13.6345 7.07729 6
      vertex 11.9805 5.62673 6
      vertex 13.6714 3.82136 6
    endloop
  endfacet
  facet normal 0 0 1
    outer loop
      vertex 10.4112 7.53882 6
      vertex 12.1566 8.87809 6
      vertex 10.7997 10.7717 6
    endloop
  endfacet
  facet normal 0 0 1
    outer loop
      vertex 12.1566 8.87809 6
      vertex 10.4112 7.53882 6
      vertex 11.9805 5.62673 6
    endloop
  endfacet
  facet normal 0 0 1
    outer loop
      vertex 8.97045 9.54945 6
      vertex 10.7997 10.7717 6
      vertex 9.5695 12.75 6
    endloop
  endfacet
  facet normal 0 0 1
    outer loop
      vertex 10.7997 10.7717 6
      vertex 8.97045 9.54945 6
      vertex 10.4112 7.53882 6
    endloop
  endfacet
  facet normal 0 0 1
    outer loop
      vertex 7.66424 11.65 6
      vertex 9.5695 12.75 6
      vertex 8.47133 14.8045 6
    endloop
  endfacet
  facet normal 0 0 1
    outer loop
      vertex 9.5695 12.75 6
      vertex 7.66424 11.65 6
      vertex 8.97045 9.54945 6
    endloop
  endfacet
  facet normal 0 0 1
    outer loop
      vertex 6.49821 13.8315 6
      vertex 8.47133 14.8045 6
      vertex 7.50989 16.9265 6
    endloop
  endfacet
  facet normal 0 0 1
    outer loop
      vertex 5.47735 16.0846 6
      vertex 7.50989 16.9265 6
      vertex 6.68929 19.1068 6
    endloop
  endfacet
  facet normal 0 0 1
    outer loop
      vertex 8.47133 14.8045 6
      vertex 6.49821 13.8315 6
      vertex 7.66424 11.65 6
    endloop
  endfacet
  facet normal 0 0 1
    outer loop
      vertex 4.60604 18.3996 6
      vertex 6.68929 19.1068 6
      vertex 6.01304 21.336 6
    endloop
  endfacet
  facet normal 0 0 1
    outer loop
      vertex 3.888 20.7666 6
      vertex 6.01304 21.336 6
      vertex 5.48404 23.6048 6
    endloop
  endfacet
  facet normal 0 0 1
    outer loop
      vertex 7.50989 16.9265 6
      vertex 5.47735 16.0846 6
      vertex 6.49821 13.8315 6
    endloop
  endfacet
  facet normal 0 0 1
    outer loop
      vertex 3.32632 23.1756 6
      vertex 5.48404 23.6048 6
      vertex 5.10456 25.9033 6
    endloop
  endfacet
  facet normal 0 0 1
    outer loop
      vertex 2.92338 25.6161 6
      vertex 5.10456 25.9033 6
      vertex 4.87622 28.2216 6
    endloop
  endfacet
  facet normal 0 0 1
    outer loop
      vertex 6.68929 19.1068 6
      vertex 4.60604 18.3996 6
      vertex 5.47735 16.0846 6
    endloop
  endfacet
  facet normal 0 0 1
    outer loop
      vertex 2.68093 28.0778 6
      vertex 4.87622 28.2216 6
      vertex 4.8 30.55 6
    endloop
  endfacet
  facet normal -0 0 1
    outer loop
      vertex 2.92338 35.4839 6
      vertex 5.10456 35.1967 6
      vertex 3.32632 37.9244 6
    endloop
  endfacet
  facet normal 0 0 1
    outer loop
      vertex 5.10456 35.1967 6
      vertex 2.92338 35.4839 6
      vertex 4.87622 32.8783 6
    endloop
  endfacet
  facet normal 0 0 1
    outer loop
      vertex 6.01304 21.336 6
      vertex 3.888 20.7666 6
      vertex 4.60604 18.3996 6
    endloop
  endfacet
  facet normal -0 0 1
    outer loop
      vertex 2.68093 33.0222 6
      vertex 4.87622 32.8783 6
      vertex 2.92338 35.4839 6
    endloop
  endfacet
  facet normal 0 0 1
    outer loop
      vertex 5.48404 23.6048 6
      vertex 3.32632 23.1756 6
      vertex 3.888 20.7666 6
    endloop
  endfacet
  facet normal 0 0 1
    outer loop
      vertex 4.87622 32.8783 6
      vertex 2.68093 33.0222 6
      vertex 4.8 30.55 6
    endloop
  endfacet
  facet normal 0 0 1
    outer loop
      vertex 5.10456 25.9033 6
      vertex 2.92338 25.6161 6
      vertex 3.32632 23.1756 6
    endloop
  endfacet
  facet normal 0 0 1
    outer loop
      vertex 2.6 30.55 6
      vertex 4.8 30.55 6
      vertex 2.68093 33.0222 6
    endloop
  endfacet
  facet normal 0 0 1
    outer loop
      vertex 4.87622 28.2216 6
      vertex 2.68093 28.0778 6
      vertex 2.92338 25.6161 6
    endloop
  endfacet
  facet normal 0 0 1
    outer loop
      vertex 4.8 30.55 6
      vertex 2.6 30.55 6
      vertex 2.68093 28.0778 6
    endloop
  endfacet
  facet normal -0 0 1
    outer loop
      vertex 72.7293 32.6606 6
      vertex 72.8 30.55 6
      vertex 72.7306 32.6691 6
    endloop
  endfacet
  facet normal 0 0 1
    outer loop
      vertex 72.8 30.55 6
      vertex 72.7293 32.6606 6
      vertex 72.7984 30.55 6
    endloop
  endfacet
  facet normal 0 0 1
    outer loop
      vertex 72.7306 32.6691 6
      vertex 72.729 32.669 6
      vertex 72.7293 32.6606 6
    endloop
  endfacet
  facet normal 0 0 1
    outer loop
      vertex 72.7306 32.6691 6
      vertex 72.7282 32.6773 6
      vertex 72.729 32.669 6
    endloop
  endfacet
  facet normal 0 0 1
    outer loop
      vertex 72.5228 34.779 6
      vertex 72.7282 32.6773 6
      vertex 72.7306 32.6691 6
    endloop
  endfacet
  facet normal 0 0 1
    outer loop
      vertex 72.5228 34.779 6
      vertex 72.5212 34.7788 6
      vertex 72.7282 32.6773 6
    endloop
  endfacet
  facet normal -0 0 1
    outer loop
      vertex 72.1772 36.8624 6
      vertex 72.5228 34.779 6
      vertex 72.1774 36.8709 6
    endloop
  endfacet
  facet normal 0 0 1
    outer loop
      vertex 72.5228 34.779 6
      vertex 72.1772 36.8624 6
      vertex 72.5212 34.7788 6
    endloop
  endfacet
  facet normal 0 0 1
    outer loop
      vertex 72.1774 36.8709 6
      vertex 72.1759 36.8706 6
      vertex 72.1772 36.8624 6
    endloop
  endfacet
  facet normal 0 0 1
    outer loop
      vertex 72.1774 36.8709 6
      vertex 71.6964 38.9272 6
      vertex 72.1759 36.8706 6
    endloop
  endfacet
  facet normal 0 0 1
    outer loop
      vertex 71.696 38.9357 6
      vertex 71.6964 38.9272 6
      vertex 72.1774 36.8709 6
    endloop
  endfacet
  facet normal 0 0 1
    outer loop
      vertex 71.696 38.9357 6
      vertex 71.6945 38.9353 6
      vertex 71.6964 38.9272 6
    endloop
  endfacet
  facet normal 0 0 1
    outer loop
      vertex 71.696 38.9357 6
      vertex 71.692 38.9433 6
      vertex 71.6945 38.9353 6
    endloop
  endfacet
  facet normal 0 0 1
    outer loop
      vertex 71.0805 40.9646 6
      vertex 71.692 38.9433 6
      vertex 71.696 38.9357 6
    endloop
  endfacet
  facet normal 0 0 1
    outer loop
      vertex 71.0805 40.9646 6
      vertex 71.079 40.9641 6
      vertex 71.692 38.9433 6
    endloop
  endfacet
  facet normal 0 0 1
    outer loop
      vertex 71.0805 40.9646 6
      vertex 70.3352 42.9405 6
      vertex 71.079 40.9641 6
    endloop
  endfacet
  facet normal 0 0 1
    outer loop
      vertex 70.3337 42.9489 6
      vertex 70.3352 42.9405 6
      vertex 71.0805 40.9646 6
    endloop
  endfacet
  facet normal 0 0 1
    outer loop
      vertex 70.3337 42.9489 6
      vertex 70.3322 42.9483 6
      vertex 70.3352 42.9405 6
    endloop
  endfacet
  facet normal 0 0 1
    outer loop
      vertex 70.3337 42.9489 6
      vertex 69.4607 44.8718 6
      vertex 70.3322 42.9483 6
    endloop
  endfacet
  facet normal 0 0 1
    outer loop
      vertex 69.4587 44.8802 6
      vertex 69.4607 44.8718 6
      vertex 70.3337 42.9489 6
    endloop
  endfacet
  facet normal 0 0 1
    outer loop
      vertex 69.4587 44.8802 6
      vertex 69.4572 44.8794 6
      vertex 69.4607 44.8718 6
    endloop
  endfacet
  facet normal 0 0 1
    outer loop
      vertex 69.4587 44.8802 6
      vertex 68.4618 46.7418 6
      vertex 69.4572 44.8794 6
    endloop
  endfacet
  facet normal 0 0 1
    outer loop
      vertex 68.4592 46.75 6
      vertex 68.4618 46.7418 6
      vertex 69.4587 44.8802 6
    endloop
  endfacet
  facet normal 0 0 1
    outer loop
      vertex 68.4592 46.75 6
      vertex 68.4578 46.7492 6
      vertex 68.4618 46.7418 6
    endloop
  endfacet
  facet normal 0 0 1
    outer loop
      vertex 68.4592 46.75 6
      vertex 68.4534 46.7563 6
      vertex 68.4578 46.7492 6
    endloop
  endfacet
  facet normal 0 0 1
    outer loop
      vertex 67.3396 48.5505 6
      vertex 68.4534 46.7563 6
      vertex 68.4592 46.75 6
    endloop
  endfacet
  facet normal 0 0 1
    outer loop
      vertex 67.3396 48.5505 6
      vertex 67.3383 48.5496 6
      vertex 68.4534 46.7563 6
    endloop
  endfacet
  facet normal 0 0 1
    outer loop
      vertex 67.3396 48.5505 6
      vertex 67.3334 48.5564 6
      vertex 67.3383 48.5496 6
    endloop
  endfacet
  facet normal 0 0 1
    outer loop
      vertex 66.1046 50.2739 6
      vertex 67.3334 48.5564 6
      vertex 67.3396 48.5505 6
    endloop
  endfacet
  facet normal 0 0 1
    outer loop
      vertex 66.1046 50.2739 6
      vertex 66.1034 50.2729 6
      vertex 67.3334 48.5564 6
    endloop
  endfacet
  facet normal 0 0 1
    outer loop
      vertex 66.1046 50.2739 6
      vertex 66.0981 50.2793 6
      vertex 66.1034 50.2729 6
    endloop
  endfacet
  facet normal 0 0 1
    outer loop
      vertex 64.7596 51.9128 6
      vertex 66.0981 50.2793 6
      vertex 66.1046 50.2739 6
    endloop
  endfacet
  facet normal 0 0 1
    outer loop
      vertex 64.7596 51.9128 6
      vertex 64.7584 51.9118 6
      vertex 66.0981 50.2793 6
    endloop
  endfacet
  facet normal 0 0 1
    outer loop
      vertex 64.7596 51.9128 6
      vertex 63.3148 53.453 6
      vertex 64.7584 51.9118 6
    endloop
  endfacet
  facet normal 0 0 1
    outer loop
      vertex 63.3103 53.4603 6
      vertex 63.3148 53.453 6
      vertex 64.7596 51.9128 6
    endloop
  endfacet
  facet normal 0 0 1
    outer loop
      vertex 63.3103 53.4603 6
      vertex 63.3091 53.4591 6
      vertex 63.3148 53.453 6
    endloop
  endfacet
  facet normal 0 0 1
    outer loop
      vertex 63.3103 53.4603 6
      vertex 63.303 53.4648 6
      vertex 63.3091 53.4591 6
    endloop
  endfacet
  facet normal 0 0 1
    outer loop
      vertex 61.7628 54.9096 6
      vertex 63.303 53.4648 6
      vertex 63.3103 53.4603 6
    endloop
  endfacet
  facet normal 0 0 1
    outer loop
      vertex 61.7628 54.9096 6
      vertex 61.7618 54.9084 6
      vertex 63.303 53.4648 6
    endloop
  endfacet
  facet normal 0 0 1
    outer loop
      vertex 61.7628 54.9096 6
      vertex 60.1293 56.2481 6
      vertex 61.7618 54.9084 6
    endloop
  endfacet
  facet normal 0 0 1
    outer loop
      vertex 60.1239 56.2546 6
      vertex 60.1293 56.2481 6
      vertex 61.7628 54.9096 6
    endloop
  endfacet
  facet normal 0 0 1
    outer loop
      vertex 60.1239 56.2546 6
      vertex 60.1229 56.2534 6
      vertex 60.1293 56.2481 6
    endloop
  endfacet
  facet normal 0 0 1
    outer loop
      vertex 60.1239 56.2546 6
      vertex 60.1161 56.2582 6
      vertex 60.1229 56.2534 6
    endloop
  endfacet
  facet normal 0 0 1
    outer loop
      vertex 58.4005 57.4896 6
      vertex 60.1161 56.2582 6
      vertex 60.1239 56.2546 6
    endloop
  endfacet
  facet normal 0 0 1
    outer loop
      vertex 58.4005 57.4896 6
      vertex 58.3996 57.4883 6
      vertex 60.1161 56.2582 6
    endloop
  endfacet
  facet normal 0 0 1
    outer loop
      vertex 58.4005 57.4896 6
      vertex 56.6063 58.6034 6
      vertex 58.3996 57.4883 6
    endloop
  endfacet
  facet normal 0 0 1
    outer loop
      vertex 56.6 58.6092 6
      vertex 56.6063 58.6034 6
      vertex 58.4005 57.4896 6
    endloop
  endfacet
  facet normal 0 0 1
    outer loop
      vertex 56.6 58.6092 6
      vertex 56.5992 58.6078 6
      vertex 56.6063 58.6034 6
    endloop
  endfacet
  facet normal 0 0 1
    outer loop
      vertex 56.6 58.6092 6
      vertex 56.5918 58.6118 6
      vertex 56.5992 58.6078 6
    endloop
  endfacet
  facet normal 0 0 1
    outer loop
      vertex 54.7302 59.6087 6
      vertex 56.5918 58.6118 6
      vertex 56.6 58.6092 6
    endloop
  endfacet
  facet normal 0 0 1
    outer loop
      vertex 54.7302 59.6087 6
      vertex 54.7294 59.6072 6
      vertex 56.5918 58.6118 6
    endloop
  endfacet
  facet normal 0 0 1
    outer loop
      vertex 54.7302 59.6087 6
      vertex 52.8059 60.4788 6
      vertex 54.7294 59.6072 6
    endloop
  endfacet
  facet normal 0 0 1
    outer loop
      vertex 52.7989 60.4837 6
      vertex 52.8059 60.4788 6
      vertex 54.7302 59.6087 6
    endloop
  endfacet
  facet normal 0 0 1
    outer loop
      vertex 52.7989 60.4837 6
      vertex 52.7983 60.4822 6
      vertex 52.8059 60.4788 6
    endloop
  endfacet
  facet normal 0 0 1
    outer loop
      vertex 52.7989 60.4837 6
      vertex 52.7905 60.4852 6
      vertex 52.7983 60.4822 6
    endloop
  endfacet
  facet normal 0 0 1
    outer loop
      vertex 50.8146 61.2305 6
      vertex 52.7905 60.4852 6
      vertex 52.7989 60.4837 6
    endloop
  endfacet
  facet normal 0 0 1
    outer loop
      vertex 50.8146 61.2305 6
      vertex 50.8141 61.229 6
      vertex 52.7905 60.4852 6
    endloop
  endfacet
  facet normal 0 0 1
    outer loop
      vertex 50.8146 61.2305 6
      vertex 50.8061 61.2314 6
      vertex 50.8141 61.229 6
    endloop
  endfacet
  facet normal 0 0 1
    outer loop
      vertex 48.7857 61.846 6
      vertex 50.8061 61.2314 6
      vertex 50.8146 61.2305 6
    endloop
  endfacet
  facet normal 0 0 1
    outer loop
      vertex 48.7857 61.846 6
      vertex 48.7853 61.8445 6
      vertex 50.8061 61.2314 6
    endloop
  endfacet
  facet normal 0 0 1
    outer loop
      vertex 48.7857 61.846 6
      vertex 46.7287 62.324 6
      vertex 48.7853 61.8445 6
    endloop
  endfacet
  facet normal 0 0 1
    outer loop
      vertex 46.7209 62.3274 6
      vertex 46.7287 62.324 6
      vertex 48.7857 61.846 6
    endloop
  endfacet
  facet normal 0 0 1
    outer loop
      vertex 46.7209 62.3274 6
      vertex 46.7206 62.3259 6
      vertex 46.7287 62.324 6
    endloop
  endfacet
  facet normal 0 0 1
    outer loop
      vertex 46.7209 62.3274 6
      vertex 44.6371 62.6699 6
      vertex 46.7206 62.3259 6
    endloop
  endfacet
  facet normal 0 0 1
    outer loop
      vertex 44.629 62.6728 6
      vertex 44.6371 62.6699 6
      vertex 46.7209 62.3274 6
    endloop
  endfacet
  facet normal 0 0 1
    outer loop
      vertex 44.629 62.6728 6
      vertex 44.6288 62.6712 6
      vertex 44.6371 62.6699 6
    endloop
  endfacet
  facet normal 0 0 1
    outer loop
      vertex 44.629 62.6728 6
      vertex 44.6205 62.6721 6
      vertex 44.6288 62.6712 6
    endloop
  endfacet
  facet normal 0 0 1
    outer loop
      vertex 42.5191 62.8806 6
      vertex 44.6205 62.6721 6
      vertex 44.629 62.6728 6
    endloop
  endfacet
  facet normal 0 0 1
    outer loop
      vertex 42.5191 62.8806 6
      vertex 42.519 62.879 6
      vertex 44.6205 62.6721 6
    endloop
  endfacet
  facet normal 0 0 1
    outer loop
      vertex 42.5191 62.8806 6
      vertex 40.4083 62.9481 6
      vertex 42.519 62.879 6
    endloop
  endfacet
  facet normal 0 0 1
    outer loop
      vertex 40.4 62.95 6
      vertex 40.4083 62.9481 6
      vertex 42.5191 62.8806 6
    endloop
  endfacet
  facet normal 0 0 1
    outer loop
      vertex 40.4 62.95 6
      vertex 40.4 62.9484 6
      vertex 40.4083 62.9481 6
    endloop
  endfacet
  facet normal 0 0 1
    outer loop
      vertex 40.4 62.95 6
      vertex 40.3917 62.9481 6
      vertex 40.4 62.9484 6
    endloop
  endfacet
  facet normal 0 0 1
    outer loop
      vertex 38.2809 62.8806 6
      vertex 40.3917 62.9481 6
      vertex 40.4 62.95 6
    endloop
  endfacet
  facet normal 0 0 1
    outer loop
      vertex 40.3917 62.9481 6
      vertex 38.2809 62.8806 6
      vertex 38.281 62.879 6
    endloop
  endfacet
  facet normal 0 0 1
    outer loop
      vertex 38.2809 62.8806 6
      vertex 36.1795 62.6721 6
      vertex 38.281 62.879 6
    endloop
  endfacet
  facet normal -0 0 1
    outer loop
      vertex 36.171 62.6728 6
      vertex 36.1795 62.6721 6
      vertex 38.2809 62.8806 6
    endloop
  endfacet
  facet normal 0 0 1
    outer loop
      vertex 36.1795 62.6721 6
      vertex 36.171 62.6728 6
      vertex 36.1712 62.6712 6
    endloop
  endfacet
  facet normal 0 0 1
    outer loop
      vertex 36.171 62.6728 6
      vertex 36.1629 62.6699 6
      vertex 36.1712 62.6712 6
    endloop
  endfacet
  facet normal 0 0 1
    outer loop
      vertex 34.0791 62.3274 6
      vertex 36.1629 62.6699 6
      vertex 36.171 62.6728 6
    endloop
  endfacet
  facet normal 0 0 1
    outer loop
      vertex 36.1629 62.6699 6
      vertex 34.0791 62.3274 6
      vertex 34.0794 62.3259 6
    endloop
  endfacet
  facet normal 0 0 1
    outer loop
      vertex 34.0791 62.3274 6
      vertex 34.0713 62.324 6
      vertex 34.0794 62.3259 6
    endloop
  endfacet
  facet normal 0 0 1
    outer loop
      vertex 32.0143 61.846 6
      vertex 34.0713 62.324 6
      vertex 34.0791 62.3274 6
    endloop
  endfacet
  facet normal 0 0 1
    outer loop
      vertex 34.0713 62.324 6
      vertex 32.0143 61.846 6
      vertex 32.0147 61.8445 6
    endloop
  endfacet
  facet normal 0 0 1
    outer loop
      vertex 32.0143 61.846 6
      vertex 29.9939 61.2314 6
      vertex 32.0147 61.8445 6
    endloop
  endfacet
  facet normal 0 0 1
    outer loop
      vertex 29.9854 61.2305 6
      vertex 29.9939 61.2314 6
      vertex 32.0143 61.846 6
    endloop
  endfacet
  facet normal 0 0 1
    outer loop
      vertex 29.9939 61.2314 6
      vertex 29.9854 61.2305 6
      vertex 29.9859 61.229 6
    endloop
  endfacet
  facet normal 0 0 1
    outer loop
      vertex 29.9854 61.2305 6
      vertex 28.0095 60.4852 6
      vertex 29.9859 61.229 6
    endloop
  endfacet
  facet normal 0 0 1
    outer loop
      vertex 28.0011 60.4837 6
      vertex 28.0095 60.4852 6
      vertex 29.9854 61.2305 6
    endloop
  endfacet
  facet normal 0 0 1
    outer loop
      vertex 28.0095 60.4852 6
      vertex 28.0011 60.4837 6
      vertex 28.0017 60.4822 6
    endloop
  endfacet
  facet normal 0 0 1
    outer loop
      vertex 28.0011 60.4837 6
      vertex 27.9941 60.4788 6
      vertex 28.0017 60.4822 6
    endloop
  endfacet
  facet normal 0 0 1
    outer loop
      vertex 26.0698 59.6087 6
      vertex 27.9941 60.4788 6
      vertex 28.0011 60.4837 6
    endloop
  endfacet
  facet normal 0 0 1
    outer loop
      vertex 27.9941 60.4788 6
      vertex 26.0698 59.6087 6
      vertex 26.0706 59.6072 6
    endloop
  endfacet
  facet normal 0 0 1
    outer loop
      vertex 26.0698 59.6087 6
      vertex 24.2082 58.6118 6
      vertex 26.0706 59.6072 6
    endloop
  endfacet
  facet normal 0 0 1
    outer loop
      vertex 24.2 58.6092 6
      vertex 24.2082 58.6118 6
      vertex 26.0698 59.6087 6
    endloop
  endfacet
  facet normal 0 0 1
    outer loop
      vertex 24.2082 58.6118 6
      vertex 24.2 58.6092 6
      vertex 24.2008 58.6078 6
    endloop
  endfacet
  facet normal 0 0 1
    outer loop
      vertex 24.2 58.6092 6
      vertex 24.1937 58.6034 6
      vertex 24.2008 58.6078 6
    endloop
  endfacet
  facet normal 0 0 1
    outer loop
      vertex 22.3995 57.4896 6
      vertex 24.1937 58.6034 6
      vertex 24.2 58.6092 6
    endloop
  endfacet
  facet normal 0 0 1
    outer loop
      vertex 24.1937 58.6034 6
      vertex 22.3995 57.4896 6
      vertex 22.4004 57.4883 6
    endloop
  endfacet
  facet normal 0 0 1
    outer loop
      vertex 22.3995 57.4896 6
      vertex 20.6839 56.2582 6
      vertex 22.4004 57.4883 6
    endloop
  endfacet
  facet normal 0 0 1
    outer loop
      vertex 20.6761 56.2546 6
      vertex 20.6839 56.2582 6
      vertex 22.3995 57.4896 6
    endloop
  endfacet
  facet normal 0 0 1
    outer loop
      vertex 20.6839 56.2582 6
      vertex 20.6761 56.2546 6
      vertex 20.6771 56.2534 6
    endloop
  endfacet
  facet normal 0 0 1
    outer loop
      vertex 20.6761 56.2546 6
      vertex 20.6707 56.2481 6
      vertex 20.6771 56.2534 6
    endloop
  endfacet
  facet normal 0 0 1
    outer loop
      vertex 19.0372 54.9096 6
      vertex 20.6707 56.2481 6
      vertex 20.6761 56.2546 6
    endloop
  endfacet
  facet normal 0 0 1
    outer loop
      vertex 20.6707 56.2481 6
      vertex 19.0372 54.9096 6
      vertex 19.0382 54.9084 6
    endloop
  endfacet
  facet normal 0 0 1
    outer loop
      vertex 19.0372 54.9096 6
      vertex 17.497 53.4648 6
      vertex 19.0382 54.9084 6
    endloop
  endfacet
  facet normal 0 0 1
    outer loop
      vertex 17.4897 53.4603 6
      vertex 17.497 53.4648 6
      vertex 19.0372 54.9096 6
    endloop
  endfacet
  facet normal 0 0 1
    outer loop
      vertex 17.497 53.4648 6
      vertex 17.4897 53.4603 6
      vertex 17.4909 53.4591 6
    endloop
  endfacet
  facet normal 0 0 1
    outer loop
      vertex 17.4897 53.4603 6
      vertex 17.4852 53.453 6
      vertex 17.4909 53.4591 6
    endloop
  endfacet
  facet normal 0 0 1
    outer loop
      vertex 16.0404 51.9128 6
      vertex 17.4852 53.453 6
      vertex 17.4897 53.4603 6
    endloop
  endfacet
  facet normal 0 0 1
    outer loop
      vertex 17.4852 53.453 6
      vertex 16.0404 51.9128 6
      vertex 16.0416 51.9118 6
    endloop
  endfacet
  facet normal 0 0 1
    outer loop
      vertex 16.0404 51.9128 6
      vertex 14.7019 50.2793 6
      vertex 16.0416 51.9118 6
    endloop
  endfacet
  facet normal 0 0 1
    outer loop
      vertex 14.6954 50.2739 6
      vertex 14.7019 50.2793 6
      vertex 16.0404 51.9128 6
    endloop
  endfacet
  facet normal 0 0 1
    outer loop
      vertex 14.7019 50.2793 6
      vertex 14.6954 50.2739 6
      vertex 14.6966 50.2729 6
    endloop
  endfacet
  facet normal 0 0 1
    outer loop
      vertex 14.6954 50.2739 6
      vertex 14.6918 50.2661 6
      vertex 14.6966 50.2729 6
    endloop
  endfacet
  facet normal 0 0 1
    outer loop
      vertex 13.4604 48.5505 6
      vertex 14.6918 50.2661 6
      vertex 14.6954 50.2739 6
    endloop
  endfacet
  facet normal 0 0 1
    outer loop
      vertex 14.6918 50.2661 6
      vertex 13.4604 48.5505 6
      vertex 13.4617 48.5496 6
    endloop
  endfacet
  facet normal 0 0 1
    outer loop
      vertex 13.4604 48.5505 6
      vertex 12.3466 46.7563 6
      vertex 13.4617 48.5496 6
    endloop
  endfacet
  facet normal 0 0 1
    outer loop
      vertex 12.3408 46.75 6
      vertex 12.3466 46.7563 6
      vertex 13.4604 48.5505 6
    endloop
  endfacet
  facet normal 0 0 1
    outer loop
      vertex 12.3466 46.7563 6
      vertex 12.3408 46.75 6
      vertex 12.3422 46.7492 6
    endloop
  endfacet
  facet normal 0 0 1
    outer loop
      vertex 12.3408 46.75 6
      vertex 12.3382 46.7418 6
      vertex 12.3422 46.7492 6
    endloop
  endfacet
  facet normal 0 0 1
    outer loop
      vertex 11.3413 44.8802 6
      vertex 12.3382 46.7418 6
      vertex 12.3408 46.75 6
    endloop
  endfacet
  facet normal 0 0 1
    outer loop
      vertex 12.3382 46.7418 6
      vertex 11.3413 44.8802 6
      vertex 11.3428 44.8794 6
    endloop
  endfacet
  facet normal 0 0 1
    outer loop
      vertex 11.3413 44.8802 6
      vertex 10.4712 42.9559 6
      vertex 11.3428 44.8794 6
    endloop
  endfacet
  facet normal 0 0 1
    outer loop
      vertex 10.4663 42.9489 6
      vertex 10.4712 42.9559 6
      vertex 11.3413 44.8802 6
    endloop
  endfacet
  facet normal 0 0 1
    outer loop
      vertex 10.4712 42.9559 6
      vertex 10.4663 42.9489 6
      vertex 10.4678 42.9483 6
    endloop
  endfacet
  facet normal 0 0 1
    outer loop
      vertex 10.4663 42.9489 6
      vertex 10.4648 42.9405 6
      vertex 10.4678 42.9483 6
    endloop
  endfacet
  facet normal 0 0 1
    outer loop
      vertex 9.71946 40.9646 6
      vertex 10.4648 42.9405 6
      vertex 10.4663 42.9489 6
    endloop
  endfacet
  facet normal 0 0 1
    outer loop
      vertex 10.4648 42.9405 6
      vertex 9.71946 40.9646 6
      vertex 9.72097 40.9641 6
    endloop
  endfacet
  facet normal 0 0 1
    outer loop
      vertex 9.71946 40.9646 6
      vertex 9.71855 40.9561 6
      vertex 9.72097 40.9641 6
    endloop
  endfacet
  facet normal 0 0 1
    outer loop
      vertex 9.104 38.9357 6
      vertex 9.71855 40.9561 6
      vertex 9.71946 40.9646 6
    endloop
  endfacet
  facet normal 0 0 1
    outer loop
      vertex 9.71855 40.9561 6
      vertex 9.104 38.9357 6
      vertex 9.10554 38.9353 6
    endloop
  endfacet
  facet normal 0 0 1
    outer loop
      vertex 9.104 38.9357 6
      vertex 8.62601 36.8787 6
      vertex 9.10554 38.9353 6
    endloop
  endfacet
  facet normal 0 0 1
    outer loop
      vertex 8.62256 36.8709 6
      vertex 8.62601 36.8787 6
      vertex 9.104 38.9357 6
    endloop
  endfacet
  facet normal 0 0 1
    outer loop
      vertex 8.62601 36.8787 6
      vertex 8.62256 36.8709 6
      vertex 8.62412 36.8706 6
    endloop
  endfacet
  facet normal 0 0 1
    outer loop
      vertex 8.62256 36.8709 6
      vertex 8.62276 36.8624 6
      vertex 8.62412 36.8706 6
    endloop
  endfacet
  facet normal 0 0 1
    outer loop
      vertex 8.27719 34.779 6
      vertex 8.62276 36.8624 6
      vertex 8.62256 36.8709 6
    endloop
  endfacet
  facet normal 0 0 1
    outer loop
      vertex 8.62276 36.8624 6
      vertex 8.27719 34.779 6
      vertex 8.27877 34.7788 6
    endloop
  endfacet
  facet normal 0 0 1
    outer loop
      vertex 8.27719 34.779 6
      vertex 8.07178 32.6773 6
      vertex 8.27877 34.7788 6
    endloop
  endfacet
  facet normal 0 0 1
    outer loop
      vertex 8.06937 32.6691 6
      vertex 8.07178 32.6773 6
      vertex 8.27719 34.779 6
    endloop
  endfacet
  facet normal 0 0 1
    outer loop
      vertex 8.07178 32.6773 6
      vertex 8.06937 32.6691 6
      vertex 8.07096 32.669 6
    endloop
  endfacet
  facet normal 0 0 1
    outer loop
      vertex 8.06937 32.6691 6
      vertex 8.07069 32.6606 6
      vertex 8.07096 32.669 6
    endloop
  endfacet
  facet normal 0 0 1
    outer loop
      vertex 8 30.55 6
      vertex 8.07069 32.6606 6
      vertex 8.06937 32.6691 6
    endloop
  endfacet
  facet normal 0 0 1
    outer loop
      vertex 8.07069 32.6606 6
      vertex 8 30.55 6
      vertex 8.00159 30.55 6
    endloop
  endfacet
  facet normal 0 0 1
    outer loop
      vertex 72.7293 28.4394 6
      vertex 72.8 30.55 6
      vertex 72.7984 30.55 6
    endloop
  endfacet
  facet normal 0 0 1
    outer loop
      vertex 72.8 30.55 6
      vertex 72.7293 28.4394 6
      vertex 72.7306 28.4309 6
    endloop
  endfacet
  facet normal -0 0 1
    outer loop
      vertex 72.729 28.431 6
      vertex 72.7306 28.4309 6
      vertex 72.7293 28.4394 6
    endloop
  endfacet
  facet normal 0 0 1
    outer loop
      vertex 72.7282 28.4227 6
      vertex 72.7306 28.4309 6
      vertex 72.729 28.431 6
    endloop
  endfacet
  facet normal -0 0 1
    outer loop
      vertex 72.7282 28.4227 6
      vertex 72.5228 26.321 6
      vertex 72.7306 28.4309 6
    endloop
  endfacet
  facet normal -0 0 1
    outer loop
      vertex 72.5212 26.3212 6
      vertex 72.5228 26.321 6
      vertex 72.7282 28.4227 6
    endloop
  endfacet
  facet normal 0 0 1
    outer loop
      vertex 72.5199 26.3129 6
      vertex 72.5228 26.321 6
      vertex 72.5212 26.3212 6
    endloop
  endfacet
  facet normal -0 0 1
    outer loop
      vertex 72.5199 26.3129 6
      vertex 72.1774 24.2291 6
      vertex 72.5228 26.321 6
    endloop
  endfacet
  facet normal -0 0 1
    outer loop
      vertex 72.1759 24.2294 6
      vertex 72.1774 24.2291 6
      vertex 72.5199 26.3129 6
    endloop
  endfacet
  facet normal 0 0 1
    outer loop
      vertex 71.6964 22.1728 6
      vertex 72.1774 24.2291 6
      vertex 72.1759 24.2294 6
    endloop
  endfacet
  facet normal -0 0 1
    outer loop
      vertex 71.6964 22.1728 6
      vertex 71.696 22.1643 6
      vertex 72.1774 24.2291 6
    endloop
  endfacet
  facet normal -0 0 1
    outer loop
      vertex 71.6945 22.1647 6
      vertex 71.696 22.1643 6
      vertex 71.6964 22.1728 6
    endloop
  endfacet
  facet normal 0 0 1
    outer loop
      vertex 71.692 22.1567 6
      vertex 71.696 22.1643 6
      vertex 71.6945 22.1647 6
    endloop
  endfacet
  facet normal -0 0 1
    outer loop
      vertex 71.692 22.1567 6
      vertex 71.0805 20.1354 6
      vertex 71.696 22.1643 6
    endloop
  endfacet
  facet normal -0 0 1
    outer loop
      vertex 71.079 20.1359 6
      vertex 71.0805 20.1354 6
      vertex 71.692 22.1567 6
    endloop
  endfacet
  facet normal 0 0 1
    outer loop
      vertex 71.0761 20.1281 6
      vertex 71.0805 20.1354 6
      vertex 71.079 20.1359 6
    endloop
  endfacet
  facet normal -0 0 1
    outer loop
      vertex 71.0761 20.1281 6
      vertex 70.3337 18.1511 6
      vertex 71.0805 20.1354 6
    endloop
  endfacet
  facet normal -0 0 1
    outer loop
      vertex 70.3322 18.1517 6
      vertex 70.3337 18.1511 6
      vertex 71.0761 20.1281 6
    endloop
  endfacet
  facet normal 0 0 1
    outer loop
      vertex 69.4607 16.2281 6
      vertex 70.3337 18.1511 6
      vertex 70.3322 18.1517 6
    endloop
  endfacet
  facet normal -0 0 1
    outer loop
      vertex 69.4607 16.2281 6
      vertex 69.4587 16.2198 6
      vertex 70.3337 18.1511 6
    endloop
  endfacet
  facet normal -0 0 1
    outer loop
      vertex 69.4572 16.2206 6
      vertex 69.4587 16.2198 6
      vertex 69.4607 16.2281 6
    endloop
  endfacet
  facet normal 0 0 1
    outer loop
      vertex 69.4533 16.2132 6
      vertex 69.4587 16.2198 6
      vertex 69.4572 16.2206 6
    endloop
  endfacet
  facet normal -0 0 1
    outer loop
      vertex 69.4533 16.2132 6
      vertex 68.4592 14.35 6
      vertex 69.4587 16.2198 6
    endloop
  endfacet
  facet normal -0 0 1
    outer loop
      vertex 68.4578 14.3508 6
      vertex 68.4592 14.35 6
      vertex 69.4533 16.2132 6
    endloop
  endfacet
  facet normal 0 0 1
    outer loop
      vertex 68.4534 14.3437 6
      vertex 68.4592 14.35 6
      vertex 68.4578 14.3508 6
    endloop
  endfacet
  facet normal -0 0 1
    outer loop
      vertex 68.4534 14.3437 6
      vertex 67.3396 12.5495 6
      vertex 68.4592 14.35 6
    endloop
  endfacet
  facet normal -0 0 1
    outer loop
      vertex 67.3383 12.5504 6
      vertex 67.3396 12.5495 6
      vertex 68.4534 14.3437 6
    endloop
  endfacet
  facet normal 0 0 1
    outer loop
      vertex 67.3334 12.5436 6
      vertex 67.3396 12.5495 6
      vertex 67.3383 12.5504 6
    endloop
  endfacet
  facet normal -0 0 1
    outer loop
      vertex 67.3334 12.5436 6
      vertex 66.1046 10.8261 6
      vertex 67.3396 12.5495 6
    endloop
  endfacet
  facet normal -0 0 1
    outer loop
      vertex 66.1034 10.8271 6
      vertex 66.1046 10.8261 6
      vertex 67.3334 12.5436 6
    endloop
  endfacet
  facet normal 0 0 1
    outer loop
      vertex 64.7637 9.19469 6
      vertex 66.1046 10.8261 6
      vertex 66.1034 10.8271 6
    endloop
  endfacet
  facet normal -0 0 1
    outer loop
      vertex 64.7637 9.19469 6
      vertex 64.7596 9.1872 6
      vertex 66.1046 10.8261 6
    endloop
  endfacet
  facet normal -0 0 1
    outer loop
      vertex 64.7584 9.18825 6
      vertex 64.7596 9.1872 6
      vertex 64.7637 9.19469 6
    endloop
  endfacet
  facet normal 0 0 1
    outer loop
      vertex 63.3148 7.64696 6
      vertex 64.7596 9.1872 6
      vertex 64.7584 9.18825 6
    endloop
  endfacet
  facet normal -0 0 1
    outer loop
      vertex 63.3148 7.64696 6
      vertex 63.3103 7.63974 6
      vertex 64.7596 9.1872 6
    endloop
  endfacet
  facet normal -0 0 1
    outer loop
      vertex 63.3091 7.64087 6
      vertex 63.3103 7.63974 6
      vertex 63.3148 7.64696 6
    endloop
  endfacet
  facet normal 0 0 1
    outer loop
      vertex 61.7678 6.19729 6
      vertex 63.3103 7.63974 6
      vertex 63.3091 7.64087 6
    endloop
  endfacet
  facet normal -0 0 1
    outer loop
      vertex 61.7678 6.19729 6
      vertex 61.7628 6.19039 6
      vertex 63.3103 7.63974 6
    endloop
  endfacet
  facet normal -0 0 1
    outer loop
      vertex 61.7618 6.19159 6
      vertex 61.7628 6.19039 6
      vertex 61.7678 6.19729 6
    endloop
  endfacet
  facet normal 0 0 1
    outer loop
      vertex 61.7553 6.1863 6
      vertex 61.7628 6.19039 6
      vertex 61.7618 6.19159 6
    endloop
  endfacet
  facet normal -0 0 1
    outer loop
      vertex 61.7553 6.1863 6
      vertex 60.1239 4.84535 6
      vertex 61.7628 6.19039 6
    endloop
  endfacet
  facet normal -0 0 1
    outer loop
      vertex 60.1229 4.84662 6
      vertex 60.1239 4.84535 6
      vertex 61.7553 6.1863 6
    endloop
  endfacet
  facet normal 0 0 1
    outer loop
      vertex 60.1161 4.84176 6
      vertex 60.1239 4.84535 6
      vertex 60.1229 4.84662 6
    endloop
  endfacet
  facet normal -0 0 1
    outer loop
      vertex 60.1161 4.84176 6
      vertex 58.4005 3.61038 6
      vertex 60.1239 4.84535 6
    endloop
  endfacet
  facet normal -0 0 1
    outer loop
      vertex 58.3996 3.61171 6
      vertex 58.4005 3.61038 6
      vertex 60.1161 4.84176 6
    endloop
  endfacet
  facet normal 0 0 1
    outer loop
      vertex 56.6063 2.49656 6
      vertex 58.4005 3.61038 6
      vertex 58.3996 3.61171 6
    endloop
  endfacet
  facet normal -0 0 1
    outer loop
      vertex 56.6063 2.49656 6
      vertex 56.6 2.49078 6
      vertex 58.4005 3.61038 6
    endloop
  endfacet
  facet normal -0 0 1
    outer loop
      vertex 56.5992 2.49216 6
      vertex 56.6 2.49078 6
      vertex 56.6063 2.49656 6
    endloop
  endfacet
  facet normal 0 0 1
    outer loop
      vertex 56.5918 2.48822 6
      vertex 56.6 2.49078 6
      vertex 56.5992 2.49216 6
    endloop
  endfacet
  facet normal -0 0 1
    outer loop
      vertex 56.5918 2.48822 6
      vertex 54.7302 1.49132 6
      vertex 56.6 2.49078 6
    endloop
  endfacet
  facet normal -0 0 1
    outer loop
      vertex 54.7294 1.49275 6
      vertex 54.7302 1.49132 6
      vertex 56.5918 2.48822 6
    endloop
  endfacet
  facet normal 0 0 1
    outer loop
      vertex 54.7219 1.48931 6
      vertex 54.7302 1.49132 6
      vertex 54.7294 1.49275 6
    endloop
  endfacet
  facet normal -0 0 1
    outer loop
      vertex 54.7219 1.48931 6
      vertex 52.7989 0.616303 6
      vertex 54.7302 1.49132 6
    endloop
  endfacet
  facet normal -0 0 1
    outer loop
      vertex 52.7983 0.617775 6
      vertex 52.7989 0.616303 6
      vertex 54.7219 1.48931 6
    endloop
  endfacet
  facet normal 0 0 1
    outer loop
      vertex 52.7905 0.614836 6
      vertex 52.7989 0.616303 6
      vertex 52.7983 0.617775 6
    endloop
  endfacet
  facet normal -0 0 1
    outer loop
      vertex 52.7905 0.614836 6
      vertex 50.8146 -0.130535 6
      vertex 52.7989 0.616303 6
    endloop
  endfacet
  facet normal -0 0 1
    outer loop
      vertex 50.8141 -0.129027 6
      vertex 50.8146 -0.130535 6
      vertex 52.7905 0.614836 6
    endloop
  endfacet
  facet normal 0 0 1
    outer loop
      vertex 48.7933 -0.742036 6
      vertex 50.8146 -0.130535 6
      vertex 50.8141 -0.129027 6
    endloop
  endfacet
  facet normal -0 0 1
    outer loop
      vertex 48.7933 -0.742036 6
      vertex 48.7857 -0.745997 6
      vertex 50.8146 -0.130535 6
    endloop
  endfacet
  facet normal -0 0 1
    outer loop
      vertex 48.7853 -0.744457 6
      vertex 48.7857 -0.745997 6
      vertex 48.7933 -0.742036 6
    endloop
  endfacet
  facet normal 0 0 1
    outer loop
      vertex 48.7772 -0.746352 6
      vertex 48.7857 -0.745997 6
      vertex 48.7853 -0.744457 6
    endloop
  endfacet
  facet normal -0 0 1
    outer loop
      vertex 48.7772 -0.746352 6
      vertex 46.7209 -1.22744 6
      vertex 48.7857 -0.745997 6
    endloop
  endfacet
  facet normal -0 0 1
    outer loop
      vertex 46.7206 -1.22588 6
      vertex 46.7209 -1.22744 6
      vertex 48.7772 -0.746352 6
    endloop
  endfacet
  facet normal 0 0 1
    outer loop
      vertex 44.6371 -1.56987 6
      vertex 46.7209 -1.22744 6
      vertex 46.7206 -1.22588 6
    endloop
  endfacet
  facet normal -0 0 1
    outer loop
      vertex 44.6371 -1.56987 6
      vertex 44.629 -1.57281 6
      vertex 46.7209 -1.22744 6
    endloop
  endfacet
  facet normal -0 0 1
    outer loop
      vertex 44.6288 -1.57123 6
      vertex 44.629 -1.57281 6
      vertex 44.6371 -1.56987 6
    endloop
  endfacet
  facet normal -0 0 1
    outer loop
      vertex 44.6205 -1.57205 6
      vertex 44.629 -1.57281 6
      vertex 44.6288 -1.57123 6
    endloop
  endfacet
  facet normal 0 0 1
    outer loop
      vertex 44.6205 -1.57205 6
      vertex 42.5191 -1.78063 6
      vertex 44.629 -1.57281 6
    endloop
  endfacet
  facet normal -0 0 1
    outer loop
      vertex 42.519 -1.77904 6
      vertex 42.5191 -1.78063 6
      vertex 44.6205 -1.57205 6
    endloop
  endfacet
  facet normal -0 0 1
    outer loop
      vertex 42.5106 -1.77931 6
      vertex 42.5191 -1.78063 6
      vertex 42.519 -1.77904 6
    endloop
  endfacet
  facet normal 0 0 1
    outer loop
      vertex 40.4 -1.85 6
      vertex 42.5106 -1.77931 6
      vertex 40.4 -1.84841 6
    endloop
  endfacet
  facet normal 0 0 1
    outer loop
      vertex 42.5106 -1.77931 6
      vertex 40.4 -1.85 6
      vertex 42.5191 -1.78063 6
    endloop
  endfacet
  facet normal 0 0 1
    outer loop
      vertex 38.2894 -1.77931 6
      vertex 40.4 -1.85 6
      vertex 40.4 -1.84841 6
    endloop
  endfacet
  facet normal 0 0 1
    outer loop
      vertex 38.2809 -1.78063 6
      vertex 38.2894 -1.77931 6
      vertex 38.281 -1.77904 6
    endloop
  endfacet
  facet normal 0 0 1
    outer loop
      vertex 38.2894 -1.77931 6
      vertex 38.2809 -1.78063 6
      vertex 40.4 -1.85 6
    endloop
  endfacet
  facet normal 0 0 1
    outer loop
      vertex 36.1795 -1.57205 6
      vertex 38.2809 -1.78063 6
      vertex 38.281 -1.77904 6
    endloop
  endfacet
  facet normal 0 0 1
    outer loop
      vertex 36.171 -1.57281 6
      vertex 36.1795 -1.57205 6
      vertex 36.1712 -1.57123 6
    endloop
  endfacet
  facet normal 0 0 1
    outer loop
      vertex 36.1795 -1.57205 6
      vertex 36.171 -1.57281 6
      vertex 38.2809 -1.78063 6
    endloop
  endfacet
  facet normal 0 0 1
    outer loop
      vertex 36.1629 -1.56987 6
      vertex 36.171 -1.57281 6
      vertex 36.1712 -1.57123 6
    endloop
  endfacet
  facet normal -0 0 1
    outer loop
      vertex 34.0791 -1.22744 6
      vertex 36.1629 -1.56987 6
      vertex 34.0794 -1.22588 6
    endloop
  endfacet
  facet normal 0 0 1
    outer loop
      vertex 36.1629 -1.56987 6
      vertex 34.0791 -1.22744 6
      vertex 36.171 -1.57281 6
    endloop
  endfacet
  facet normal 0 0 1
    outer loop
      vertex 32.0228 -0.746352 6
      vertex 34.0791 -1.22744 6
      vertex 34.0794 -1.22588 6
    endloop
  endfacet
  facet normal -0 0 1
    outer loop
      vertex 32.0143 -0.745997 6
      vertex 32.0228 -0.746352 6
      vertex 32.0147 -0.744457 6
    endloop
  endfacet
  facet normal 0 0 1
    outer loop
      vertex 32.0228 -0.746352 6
      vertex 32.0143 -0.745997 6
      vertex 34.0791 -1.22744 6
    endloop
  endfacet
  facet normal 0 0 1
    outer loop
      vertex 32.0067 -0.742036 6
      vertex 32.0143 -0.745997 6
      vertex 32.0147 -0.744457 6
    endloop
  endfacet
  facet normal -0 0 1
    outer loop
      vertex 29.9854 -0.130535 6
      vertex 32.0067 -0.742036 6
      vertex 29.9859 -0.129027 6
    endloop
  endfacet
  facet normal 0 0 1
    outer loop
      vertex 32.0067 -0.742036 6
      vertex 29.9854 -0.130535 6
      vertex 32.0143 -0.745997 6
    endloop
  endfacet
  facet normal 0 0 1
    outer loop
      vertex 28.0095 0.614836 6
      vertex 29.9854 -0.130535 6
      vertex 29.9859 -0.129027 6
    endloop
  endfacet
  facet normal -0 0 1
    outer loop
      vertex 28.0011 0.616303 6
      vertex 28.0095 0.614836 6
      vertex 28.0017 0.617775 6
    endloop
  endfacet
  facet normal 0 0 1
    outer loop
      vertex 28.0095 0.614836 6
      vertex 28.0011 0.616303 6
      vertex 29.9854 -0.130535 6
    endloop
  endfacet
  facet normal 0 0 1
    outer loop
      vertex 26.0781 1.48931 6
      vertex 28.0011 0.616303 6
      vertex 28.0017 0.617775 6
    endloop
  endfacet
  facet normal -0 0 1
    outer loop
      vertex 26.0698 1.49132 6
      vertex 26.0781 1.48931 6
      vertex 26.0706 1.49275 6
    endloop
  endfacet
  facet normal 0 0 1
    outer loop
      vertex 26.0781 1.48931 6
      vertex 26.0698 1.49132 6
      vertex 28.0011 0.616303 6
    endloop
  endfacet
  facet normal 0 0 1
    outer loop
      vertex 24.2082 2.48822 6
      vertex 26.0698 1.49132 6
      vertex 26.0706 1.49275 6
    endloop
  endfacet
  facet normal -0 0 1
    outer loop
      vertex 24.2 2.49078 6
      vertex 24.2082 2.48822 6
      vertex 24.2008 2.49216 6
    endloop
  endfacet
  facet normal 0 0 1
    outer loop
      vertex 24.2082 2.48822 6
      vertex 24.2 2.49078 6
      vertex 26.0698 1.49132 6
    endloop
  endfacet
  facet normal 0 0 1
    outer loop
      vertex 24.1937 2.49656 6
      vertex 24.2 2.49078 6
      vertex 24.2008 2.49216 6
    endloop
  endfacet
  facet normal -0 0 1
    outer loop
      vertex 22.3995 3.61038 6
      vertex 24.1937 2.49656 6
      vertex 22.4004 3.61171 6
    endloop
  endfacet
  facet normal 0 0 1
    outer loop
      vertex 24.1937 2.49656 6
      vertex 22.3995 3.61038 6
      vertex 24.2 2.49078 6
    endloop
  endfacet
  facet normal 0 0 1
    outer loop
      vertex 20.6839 4.84176 6
      vertex 22.3995 3.61038 6
      vertex 22.4004 3.61171 6
    endloop
  endfacet
  facet normal -0 0 1
    outer loop
      vertex 20.6761 4.84535 6
      vertex 20.6839 4.84176 6
      vertex 20.6771 4.84662 6
    endloop
  endfacet
  facet normal 0 0 1
    outer loop
      vertex 20.6839 4.84176 6
      vertex 20.6761 4.84535 6
      vertex 22.3995 3.61038 6
    endloop
  endfacet
  facet normal 0 0 1
    outer loop
      vertex 19.0447 6.1863 6
      vertex 20.6761 4.84535 6
      vertex 20.6771 4.84662 6
    endloop
  endfacet
  facet normal -0 0 1
    outer loop
      vertex 19.0372 6.19039 6
      vertex 19.0447 6.1863 6
      vertex 19.0382 6.19159 6
    endloop
  endfacet
  facet normal 0 0 1
    outer loop
      vertex 19.0447 6.1863 6
      vertex 19.0372 6.19039 6
      vertex 20.6761 4.84535 6
    endloop
  endfacet
  facet normal 0 0 1
    outer loop
      vertex 19.0322 6.19729 6
      vertex 19.0372 6.19039 6
      vertex 19.0382 6.19159 6
    endloop
  endfacet
  facet normal -0 0 1
    outer loop
      vertex 17.4897 7.63974 6
      vertex 19.0322 6.19729 6
      vertex 17.4909 7.64087 6
    endloop
  endfacet
  facet normal 0 0 1
    outer loop
      vertex 19.0322 6.19729 6
      vertex 17.4897 7.63974 6
      vertex 19.0372 6.19039 6
    endloop
  endfacet
  facet normal 0 0 1
    outer loop
      vertex 17.4852 7.64696 6
      vertex 17.4897 7.63974 6
      vertex 17.4909 7.64087 6
    endloop
  endfacet
  facet normal -0 0 1
    outer loop
      vertex 16.0404 9.1872 6
      vertex 17.4852 7.64696 6
      vertex 16.0416 9.18825 6
    endloop
  endfacet
  facet normal 0 0 1
    outer loop
      vertex 17.4852 7.64696 6
      vertex 16.0404 9.1872 6
      vertex 17.4897 7.63974 6
    endloop
  endfacet
  facet normal 0 0 1
    outer loop
      vertex 16.0363 9.19469 6
      vertex 16.0404 9.1872 6
      vertex 16.0416 9.18825 6
    endloop
  endfacet
  facet normal -0 0 1
    outer loop
      vertex 14.6954 10.8261 6
      vertex 16.0363 9.19469 6
      vertex 14.6966 10.8271 6
    endloop
  endfacet
  facet normal 0 0 1
    outer loop
      vertex 16.0363 9.19469 6
      vertex 14.6954 10.8261 6
      vertex 16.0404 9.1872 6
    endloop
  endfacet
  facet normal 0 0 1
    outer loop
      vertex 14.6918 10.8339 6
      vertex 14.6954 10.8261 6
      vertex 14.6966 10.8271 6
    endloop
  endfacet
  facet normal -0 0 1
    outer loop
      vertex 13.4604 12.5495 6
      vertex 14.6918 10.8339 6
      vertex 13.4617 12.5504 6
    endloop
  endfacet
  facet normal 0 0 1
    outer loop
      vertex 14.6918 10.8339 6
      vertex 13.4604 12.5495 6
      vertex 14.6954 10.8261 6
    endloop
  endfacet
  facet normal 0 0 1
    outer loop
      vertex 12.3466 14.3437 6
      vertex 13.4604 12.5495 6
      vertex 13.4617 12.5504 6
    endloop
  endfacet
  facet normal -0 0 1
    outer loop
      vertex 12.3408 14.35 6
      vertex 12.3466 14.3437 6
      vertex 12.3422 14.3508 6
    endloop
  endfacet
  facet normal 0 0 1
    outer loop
      vertex 12.3466 14.3437 6
      vertex 12.3408 14.35 6
      vertex 13.4604 12.5495 6
    endloop
  endfacet
  facet normal 0 0 1
    outer loop
      vertex 11.3467 16.2132 6
      vertex 12.3408 14.35 6
      vertex 12.3422 14.3508 6
    endloop
  endfacet
  facet normal -0 0 1
    outer loop
      vertex 11.3413 16.2198 6
      vertex 11.3467 16.2132 6
      vertex 11.3428 16.2206 6
    endloop
  endfacet
  facet normal 0 0 1
    outer loop
      vertex 11.3467 16.2132 6
      vertex 11.3413 16.2198 6
      vertex 12.3408 14.35 6
    endloop
  endfacet
  facet normal 0 0 1
    outer loop
      vertex 10.4712 18.1441 6
      vertex 11.3413 16.2198 6
      vertex 11.3428 16.2206 6
    endloop
  endfacet
  facet normal -0 0 1
    outer loop
      vertex 10.4663 18.1511 6
      vertex 10.4712 18.1441 6
      vertex 10.4678 18.1517 6
    endloop
  endfacet
  facet normal 0 0 1
    outer loop
      vertex 10.4712 18.1441 6
      vertex 10.4663 18.1511 6
      vertex 11.3413 16.2198 6
    endloop
  endfacet
  facet normal 0 0 1
    outer loop
      vertex 9.72391 20.1281 6
      vertex 10.4663 18.1511 6
      vertex 10.4678 18.1517 6
    endloop
  endfacet
  facet normal -0 0 1
    outer loop
      vertex 9.71946 20.1354 6
      vertex 9.72391 20.1281 6
      vertex 9.72097 20.1359 6
    endloop
  endfacet
  facet normal 0 0 1
    outer loop
      vertex 9.72391 20.1281 6
      vertex 9.71946 20.1354 6
      vertex 10.4663 18.1511 6
    endloop
  endfacet
  facet normal 0 0 1
    outer loop
      vertex 9.71855 20.1439 6
      vertex 9.71946 20.1354 6
      vertex 9.72097 20.1359 6
    endloop
  endfacet
  facet normal -0 0 1
    outer loop
      vertex 9.104 22.1643 6
      vertex 9.71855 20.1439 6
      vertex 9.10554 22.1647 6
    endloop
  endfacet
  facet normal 0 0 1
    outer loop
      vertex 9.71855 20.1439 6
      vertex 9.104 22.1643 6
      vertex 9.71946 20.1354 6
    endloop
  endfacet
  facet normal 0 0 1
    outer loop
      vertex 8.62601 24.2213 6
      vertex 9.104 22.1643 6
      vertex 9.10554 22.1647 6
    endloop
  endfacet
  facet normal -0 0 1
    outer loop
      vertex 8.62256 24.2291 6
      vertex 8.62601 24.2213 6
      vertex 8.62412 24.2294 6
    endloop
  endfacet
  facet normal 0 0 1
    outer loop
      vertex 8.62601 24.2213 6
      vertex 8.62256 24.2291 6
      vertex 9.104 22.1643 6
    endloop
  endfacet
  facet normal 0 0 1
    outer loop
      vertex 8.28013 26.3129 6
      vertex 8.62256 24.2291 6
      vertex 8.62412 24.2294 6
    endloop
  endfacet
  facet normal -0 0 1
    outer loop
      vertex 8.27719 26.321 6
      vertex 8.28013 26.3129 6
      vertex 8.27877 26.3212 6
    endloop
  endfacet
  facet normal 0 0 1
    outer loop
      vertex 8.28013 26.3129 6
      vertex 8.27719 26.321 6
      vertex 8.62256 24.2291 6
    endloop
  endfacet
  facet normal 0 0 1
    outer loop
      vertex 8.07178 28.4227 6
      vertex 8.27719 26.321 6
      vertex 8.27877 26.3212 6
    endloop
  endfacet
  facet normal -0 0 1
    outer loop
      vertex 8.06937 28.4309 6
      vertex 8.07178 28.4227 6
      vertex 8.07096 28.431 6
    endloop
  endfacet
  facet normal 0 0 1
    outer loop
      vertex 8.07178 28.4227 6
      vertex 8.06937 28.4309 6
      vertex 8.27719 26.321 6
    endloop
  endfacet
  facet normal 0 0 1
    outer loop
      vertex 8.07069 28.4394 6
      vertex 8.06937 28.4309 6
      vertex 8.07096 28.431 6
    endloop
  endfacet
  facet normal -0 0 1
    outer loop
      vertex 8 30.55 6
      vertex 8.07069 28.4394 6
      vertex 8.00159 30.55 6
    endloop
  endfacet
  facet normal 0 0 1
    outer loop
      vertex 8.07069 28.4394 6
      vertex 8 30.55 6
      vertex 8.06937 28.4309 6
    endloop
  endfacet
  facet normal 0.0606804 -0.113538 0.991679
    outer loop
      vertex 97.55 -7.94615 3
      vertex 57.1185 -3.35179 6
      vertex 97.2037 -8.13123 3
    endloop
  endfacet
  facet normal 0.064734 -0.0903501 0.993804
    outer loop
      vertex 98.2026 -7.51012 3
      vertex 61.4006 -0.879551 6
      vertex 97.8834 -7.73882 3
    endloop
  endfacet
  facet normal 0 -1 0
    outer loop
      vertex 2.51999 -8.75 0
      vertex 94.55 -8.75 3
      vertex 2.51999 -8.75 3
    endloop
  endfacet
  facet normal 0 -1 -0
    outer loop
      vertex 94.55 -8.75 3
      vertex 2.51999 -8.75 0
      vertex 94.55 -8.75 0
    endloop
  endfacet
  facet normal -0.0241705 -0.738113 0.674244
    outer loop
      vertex 37.9278 -7.16907 6
      vertex 2.12758 -8.73715 3
      vertex 2.51999 -8.75 3
    endloop
  endfacet
  facet normal -0.634415 -0.772993 0
    outer loop
      vertex -1.43607 -7.26103 0
      vertex -1.13257 -7.51012 3
      vertex -1.43607 -7.26103 3
    endloop
  endfacet
  facet normal -0.634415 -0.772993 -0
    outer loop
      vertex -1.13257 -7.51012 3
      vertex -1.43607 -7.26103 0
      vertex -1.13257 -7.51012 0
    endloop
  endfacet
  facet normal -0.290278 -0.956942 0
    outer loop
      vertex 0.591354 -8.43158 0
      vertex 0.967072 -8.54555 3
      vertex 0.591354 -8.43158 3
    endloop
  endfacet
  facet normal -0.290278 -0.956942 -0
    outer loop
      vertex 0.967072 -8.54555 3
      vertex 0.591354 -8.43158 0
      vertex 0.967072 -8.54555 0
    endloop
  endfacet
  facet normal -0.227051 -0.973883 0
    outer loop
      vertex 0.967072 -8.54555 0
      vertex 1.34946 -8.6347 3
      vertex 0.967072 -8.54555 3
    endloop
  endfacet
  facet normal -0.227051 -0.973883 -0
    outer loop
      vertex 1.34946 -8.6347 3
      vertex 0.967072 -8.54555 0
      vertex 1.34946 -8.6347 0
    endloop
  endfacet
  facet normal -0.683602 -0.729855 0
    outer loop
      vertex -1.72263 -6.99263 0
      vertex -1.43607 -7.26103 3
      vertex -1.72263 -6.99263 3
    endloop
  endfacet
  facet normal -0.683602 -0.729855 -0
    outer loop
      vertex -1.43607 -7.26103 3
      vertex -1.72263 -6.99263 0
      vertex -1.43607 -7.26103 0
    endloop
  endfacet
  facet normal -0.122934 -0.100888 0.987273
    outer loop
      vertex -2.24011 -6.40256 3
      vertex 0.259004 -4.12175 3.54426
      vertex 0.249404 -4.10056 3.54523
    endloop
  endfacet
  facet normal -0.122931 -0.100892 0.987273
    outer loop
      vertex -2.24011 -6.40256 3
      vertex 0.249404 -4.10056 3.54523
      vertex 0.210218 -3.99645 3.55099
    endloop
  endfacet
  facet normal -0.122921 -0.100902 0.987274
    outer loop
      vertex -2.24011 -6.40256 3
      vertex 0.210218 -3.99645 3.55099
      vertex 0.177926 -3.88999 3.55785
    endloop
  endfacet
  facet normal -0.122901 -0.100921 0.987274
    outer loop
      vertex -2.24011 -6.40256 3
      vertex 0.177926 -3.88999 3.55785
      vertex 0.152664 -3.78165 3.56578
    endloop
  endfacet
  facet normal -0.123246 -0.100604 0.987264
    outer loop
      vertex -2.24011 -6.40256 3
      vertex 0.152664 -3.78165 3.56578
      vertex 0.150449 -3.76824 3.56687
    endloop
  endfacet
  facet normal -0.122934 -0.100888 0.987273
    outer loop
      vertex 0.259004 -4.12175 3.54426
      vertex -2.24011 -6.40256 3
      vertex -1.99103 -6.70607 3
    endloop
  endfacet
  facet normal -0.122753 -0.10105 0.987279
    outer loop
      vertex 10.4112 7.53882 6
      vertex 2.25999 -1.80793 4.02987
      vertex 2.2707 -1.81117 4.03087
    endloop
  endfacet
  facet normal -0.122949 -0.100877 0.987273
    outer loop
      vertex 10.4112 7.53882 6
      vertex 2.15165 -1.78266 4.01896
      vertex 2.25999 -1.80793 4.02987
    endloop
  endfacet
  facet normal -0.122891 -0.100929 0.987275
    outer loop
      vertex 10.4112 7.53882 6
      vertex 2.04189 -1.76454 4.00715
      vertex 2.15165 -1.78266 4.01896
    endloop
  endfacet
  facet normal -0.122988 -0.100841 0.987272
    outer loop
      vertex 2.04189 -1.76454 4.00715
      vertex 10.4112 7.53882 6
      vertex 1.97474 -1.75793 3.99946
    endloop
  endfacet
  facet normal -1 0 0
    outer loop
      vertex -3.48 -2.75 0
      vertex -3.48 63.85 3
      vertex -3.48 63.85 0
    endloop
  endfacet
  facet normal -1 -0 0
    outer loop
      vertex -3.48 63.85 3
      vertex -3.48 -2.75 0
      vertex -3.48 -2.75 3
    endloop
  endfacet
  facet normal -0.63443 0.77298 0
    outer loop
      vertex -1.13257 68.6101 0
      vertex -1.43607 68.361 3
      vertex -1.13257 68.6101 3
    endloop
  endfacet
  facet normal -0.63443 0.77298 0
    outer loop
      vertex -1.43607 68.361 3
      vertex -1.13257 68.6101 0
      vertex -1.43607 68.361 0
    endloop
  endfacet
  facet normal -0.995185 0.0980156 0
    outer loop
      vertex -3.46715 64.2424 0
      vertex -3.42867 64.6331 3
      vertex -3.42867 64.6331 0
    endloop
  endfacet
  facet normal -0.995185 0.0980156 0
    outer loop
      vertex -3.42867 64.6331 3
      vertex -3.46715 64.2424 0
      vertex -3.46715 64.2424 3
    endloop
  endfacet
  facet normal 0.683678 -0.729783 0
    outer loop
      vertex 98.5061 -7.26103 0
      vertex 98.7926 -6.99263 3
      vertex 98.5061 -7.26103 3
    endloop
  endfacet
  facet normal 0.683678 -0.729783 0
    outer loop
      vertex 98.7926 -6.99263 3
      vertex 98.5061 -7.26103 0
      vertex 98.7926 -6.99263 0
    endloop
  endfacet
  facet normal 0.973965 -0.226699 0
    outer loop
      vertex 100.346 -4.3029 3
      vertex 100.435 -3.92053 0
      vertex 100.435 -3.92053 3
    endloop
  endfacet
  facet normal 0.973965 -0.226699 0
    outer loop
      vertex 100.435 -3.92053 0
      vertex 100.346 -4.3029 3
      vertex 100.346 -4.3029 0
    endloop
  endfacet
  facet normal 1 0 0
    outer loop
      vertex 100.55 63.85 3
      vertex 100.55 36.55 0.2
      vertex 100.55 63.85 0
    endloop
  endfacet
  facet normal 1 0 0
    outer loop
      vertex 100.55 63.85 3
      vertex 100.55 24.55 0.2
      vertex 100.55 36.55 0.2
    endloop
  endfacet
  facet normal 1 -0 0
    outer loop
      vertex 100.55 -2.75 3
      vertex 100.55 24.55 0.2
      vertex 100.55 63.85 3
    endloop
  endfacet
  facet normal 1 0 0
    outer loop
      vertex 100.55 -2.75 0
      vertex 100.55 24.55 0.2
      vertex 100.55 -2.75 3
    endloop
  endfacet
  facet normal 1 0 0
    outer loop
      vertex 100.55 24.55 0.2
      vertex 100.55 -2.75 0
      vertex 100.55 24.55 0
    endloop
  endfacet
  facet normal 1 0 0
    outer loop
      vertex 100.55 63.85 0
      vertex 100.55 36.55 0.2
      vertex 100.55 36.55 0
    endloop
  endfacet
  facet normal 0.995303 0.0968045 0
    outer loop
      vertex 100.537 64.2424 3
      vertex 100.499 64.6331 0
      vertex 100.499 64.6331 3
    endloop
  endfacet
  facet normal 0.995303 0.0968045 0
    outer loop
      vertex 100.499 64.6331 0
      vertex 100.537 64.2424 3
      vertex 100.537 64.2424 0
    endloop
  endfacet
  facet normal 0.881911 -0.471416 0
    outer loop
      vertex 99.7461 -5.75 3
      vertex 99.9312 -5.40372 0
      vertex 99.9312 -5.40372 3
    endloop
  endfacet
  facet normal 0.881911 -0.471416 0
    outer loop
      vertex 99.9312 -5.40372 0
      vertex 99.7461 -5.75 3
      vertex 99.7461 -5.75 0
    endloop
  endfacet
  facet normal 0.0668514 -0.081454 0.994433
    outer loop
      vertex 98.5061 -7.26103 3
      vertex 63.4112 0.561243 6
      vertex 98.2026 -7.51012 3
    endloop
  endfacet
  facet normal -0.198707 0.0602788 0.978203
    outer loop
      vertex 4.60604 42.7004 6
      vertex -3.16158 65.7786 3
      vertex 3.888 40.3334 6
    endloop
  endfacet
  facet normal 0.0961648 0.0291704 0.994938
    outer loop
      vertex 100.346 65.4029 3
      vertex 76.194 42.7004 6
      vertex 76.912 40.3334 6
    endloop
  endfacet
  facet normal 0.0647364 0.090338 0.993805
    outer loop
      vertex 98.2026 68.6101 3
      vertex 61.4006 61.9796 6
      vertex 63.4112 60.5388 6
    endloop
  endfacet
  facet normal 0.0739834 0.0607225 0.995409
    outer loop
      vertex 99.061 67.8061 3
      vertex 95.8528 66.1386 3.34017
      vertex 99.3101 67.5026 3
    endloop
  endfacet
  facet normal 0.0738945 0.0608928 0.995405
    outer loop
      vertex 99.061 67.8061 3
      vertex 95.7964 66.1598 3.34306
      vertex 95.8528 66.1386 3.34017
    endloop
  endfacet
  facet normal 0.0740542 0.0605777 0.995413
    outer loop
      vertex 99.061 67.8061 3
      vertex 95.69 66.1921 3.34901
      vertex 95.7964 66.1598 3.34306
    endloop
  endfacet
  facet normal 0.0739246 0.0608468 0.995406
    outer loop
      vertex 99.061 67.8061 3
      vertex 95.5816 66.2173 3.35552
      vertex 95.69 66.1921 3.34901
    endloop
  endfacet
  facet normal 0.0740287 0.0606203 0.995412
    outer loop
      vertex 99.061 67.8061 3
      vertex 95.4719 66.2355 3.36257
      vertex 95.5816 66.2173 3.35552
    endloop
  endfacet
  facet normal 0.0739627 0.06077 0.995408
    outer loop
      vertex 99.061 67.8061 3
      vertex 95.3612 66.2464 3.37013
      vertex 95.4719 66.2355 3.36257
    endloop
  endfacet
  facet normal 0.0740227 0.0606286 0.995412
    outer loop
      vertex 99.061 67.8061 3
      vertex 95.25 66.25 3.37818
      vertex 95.3612 66.2464 3.37013
    endloop
  endfacet
  facet normal 0.0731346 0.0627871 0.995344
    outer loop
      vertex 95.25 66.25 3.37818
      vertex 99.061 67.8061 3
      vertex 95.245 66.2498 3.37856
    endloop
  endfacet
  facet normal 0.0743906 0.0596972 0.995441
    outer loop
      vertex 93.7253 65.3019 3.54933
      vertex 68.8195 55.4733 6
      vertex 93.7238 65.2986 3.54964
    endloop
  endfacet
  facet normal 0.0740153 0.0606408 0.995412
    outer loop
      vertex 93.7778 65.4 3.53945
      vertex 68.8195 55.4733 6
      vertex 93.7253 65.3019 3.54933
    endloop
  endfacet
  facet normal 0.0739689 0.0607567 0.995408
    outer loop
      vertex 93.8365 65.4945 3.52932
      vertex 68.8195 55.4733 6
      vertex 93.7778 65.4 3.53945
    endloop
  endfacet
  facet normal 0.0739878 0.0607099 0.99541
    outer loop
      vertex 93.9013 65.5849 3.51899
      vertex 68.8195 55.4733 6
      vertex 93.8365 65.4945 3.52932
    endloop
  endfacet
  facet normal 0.0740071 0.0606623 0.995411
    outer loop
      vertex 93.9719 65.6709 3.5085
      vertex 68.8195 55.4733 6
      vertex 93.9013 65.5849 3.51899
    endloop
  endfacet
  facet normal 0.0739182 0.06088 0.995404
    outer loop
      vertex 94.0479 65.7521 3.49789
      vertex 68.8195 55.4733 6
      vertex 93.9719 65.6709 3.5085
    endloop
  endfacet
  facet normal 0.0740807 0.0604842 0.995416
    outer loop
      vertex 68.8195 55.4733 6
      vertex 94.0479 65.7521 3.49789
      vertex 94.066 65.7691 3.49551
    endloop
  endfacet
  facet normal 0.101936 0.0237246 0.994508
    outer loop
      vertex 100.346 65.4029 3
      vertex 76.912 40.3334 6
      vertex 100.435 65.0205 3
    endloop
  endfacet
  facet normal -0.139833 0.0869618 0.986349
    outer loop
      vertex -2.46881 67.1834 3
      vertex -2.67615 66.85 3
      vertex 8.97045 51.5506 6
    endloop
  endfacet
  facet normal -0.123875 0.100026 0.987244
    outer loop
      vertex 0.152664 64.8817 3.56578
      vertex -2.24011 67.5026 3
      vertex 0.15045 64.8682 3.56687
    endloop
  endfacet
  facet normal -0.122869 0.100951 0.987275
    outer loop
      vertex 0.177926 64.99 3.55785
      vertex -2.24011 67.5026 3
      vertex 0.152664 64.8817 3.56578
    endloop
  endfacet
  facet normal -0.12295 0.100873 0.987273
    outer loop
      vertex 0.210218 65.0965 3.55099
      vertex -2.24011 67.5026 3
      vertex 0.177926 64.99 3.55785
    endloop
  endfacet
  facet normal -0.122924 0.100899 0.987274
    outer loop
      vertex 0.249404 65.2006 3.54523
      vertex -2.24011 67.5026 3
      vertex 0.210218 65.0965 3.55099
    endloop
  endfacet
  facet normal -0.122965 0.100855 0.987273
    outer loop
      vertex 0.295316 65.3019 3.5406
      vertex -2.24011 67.5026 3
      vertex 0.249404 65.2006 3.54523
    endloop
  endfacet
  facet normal -0.122794 0.101052 0.987274
    outer loop
      vertex -2.24011 67.5026 3
      vertex 0.295316 65.3019 3.5406
      vertex 0.315904 65.3404 3.53922
    endloop
  endfacet
  facet normal -0.122931 0.100892 0.987273
    outer loop
      vertex 2.84936 63.1973 4.07369
      vertex 10.4112 53.5612 6
      vertex 11.9805 55.4733 6
    endloop
  endfacet
  facet normal -0.122955 0.100874 0.987272
    outer loop
      vertex 2.76447 63.1365 4.06933
      vertex 10.4112 53.5612 6
      vertex 2.84936 63.1973 4.07369
    endloop
  endfacet
  facet normal -0.122902 0.100917 0.987275
    outer loop
      vertex 2.67 63.0778 4.06357
      vertex 10.4112 53.5612 6
      vertex 2.76447 63.1365 4.06933
    endloop
  endfacet
  facet normal -0.122993 0.100841 0.987271
    outer loop
      vertex 2.57189 63.0253 4.05671
      vertex 10.4112 53.5612 6
      vertex 2.67 63.0778 4.06357
    endloop
  endfacet
  facet normal -0.122885 0.100931 0.987275
    outer loop
      vertex 2.47056 62.9794 4.04879
      vertex 10.4112 53.5612 6
      vertex 2.57189 63.0253 4.05671
    endloop
  endfacet
  facet normal -0.12295 0.100876 0.987273
    outer loop
      vertex 2.36645 62.9402 4.03983
      vertex 10.4112 53.5612 6
      vertex 2.47056 62.9794 4.04879
    endloop
  endfacet
  facet normal -0.122967 0.100862 0.987272
    outer loop
      vertex 2.25999 62.9079 4.02987
      vertex 10.4112 53.5612 6
      vertex 2.36645 62.9402 4.03983
    endloop
  endfacet
  facet normal -0.122895 0.100925 0.987274
    outer loop
      vertex 2.15165 62.8827 4.01896
      vertex 10.4112 53.5612 6
      vertex 2.25999 62.9079 4.02987
    endloop
  endfacet
  facet normal -0.122955 0.100871 0.987273
    outer loop
      vertex 2.04189 62.8645 4.00715
      vertex 10.4112 53.5612 6
      vertex 2.15165 62.8827 4.01896
    endloop
  endfacet
  facet normal -0.122975 0.100854 0.987272
    outer loop
      vertex 10.4112 53.5612 6
      vertex 2.04189 62.8645 4.00715
      vertex 1.97474 62.8579 3.99946
    endloop
  endfacet
  facet normal -0.881954 0.471335 0
    outer loop
      vertex -2.86122 66.5037 0
      vertex -2.67615 66.85 3
      vertex -2.67615 66.85 0
    endloop
  endfacet
  facet normal -0.881954 0.471335 0
    outer loop
      vertex -2.67615 66.85 3
      vertex -2.86122 66.5037 0
      vertex -2.86122 66.5037 3
    endloop
  endfacet
  facet normal -0.385934 0.0126382 0.92244
    outer loop
      vertex -3.46715 64.2424 3
      vertex -3.48 63.85 3
      vertex 2.68093 33.0222 6
    endloop
  endfacet
  facet normal -0.385949 0.0126345 0.922433
    outer loop
      vertex 2.68093 33.0222 6
      vertex -3.48 63.85 3
      vertex 2.6 30.55 6
    endloop
  endfacet
  facet normal 0.471355 -0.881944 0
    outer loop
      vertex 97.2037 -8.13123 0
      vertex 97.55 -7.94615 3
      vertex 97.2037 -8.13123 3
    endloop
  endfacet
  facet normal 0.471355 -0.881944 0
    outer loop
      vertex 97.55 -7.94615 3
      vertex 97.2037 -8.13123 0
      vertex 97.55 -7.94615 0
    endloop
  endfacet
  facet normal 0.227044 -0.973884 0
    outer loop
      vertex 95.7205 -8.6347 0
      vertex 96.1029 -8.54555 3
      vertex 95.7205 -8.6347 3
    endloop
  endfacet
  facet normal 0.227044 -0.973884 0
    outer loop
      vertex 96.1029 -8.54555 3
      vertex 95.7205 -8.6347 0
      vertex 96.1029 -8.54555 0
    endloop
  endfacet
  facet normal 0.352234 -0.935912 0
    outer loop
      vertex 96.4786 -8.43158 0
      vertex 96.8461 -8.29327 3
      vertex 96.4786 -8.43158 3
    endloop
  endfacet
  facet normal 0.352234 -0.935912 0
    outer loop
      vertex 96.8461 -8.29327 3
      vertex 96.4786 -8.43158 0
      vertex 96.8461 -8.29327 0
    endloop
  endfacet
  facet normal 0.290291 -0.956938 0
    outer loop
      vertex 96.1029 -8.54555 0
      vertex 96.4786 -8.43158 3
      vertex 96.1029 -8.54555 3
    endloop
  endfacet
  facet normal 0.290291 -0.956938 0
    outer loop
      vertex 96.4786 -8.43158 3
      vertex 96.1029 -8.54555 0
      vertex 96.4786 -8.43158 0
    endloop
  endfacet
  facet normal -0.104355 -0.127157 0.986378
    outer loop
      vertex 15.4767 2.13046 6
      vertex -1.13257 -7.51012 3
      vertex 17.3888 0.561243 6
    endloop
  endfacet
  facet normal -0.0944705 -0.151924 0.983867
    outer loop
      vertex 19.3994 -0.879551 6
      vertex -0.813416 -7.73882 3
      vertex -0.479996 -7.94615 3
    endloop
  endfacet
  facet normal -0.582473 -0.81285 0
    outer loop
      vertex -1.13257 -7.51012 0
      vertex -0.813416 -7.73882 3
      vertex -1.13257 -7.51012 3
    endloop
  endfacet
  facet normal -0.582473 -0.81285 -0
    outer loop
      vertex -0.813416 -7.73882 3
      vertex -1.13257 -7.51012 0
      vertex -0.813416 -7.73882 0
    endloop
  endfacet
  facet normal 0.0402343 -0.408516 0.911864
    outer loop
      vertex 45.3339 -6.92662 6
      vertex 42.8722 -7.16907 6
      vertex 94.9424 -8.73715 3
    endloop
  endfacet
  facet normal -0.528061 -0.849207 0
    outer loop
      vertex -0.813416 -7.73882 0
      vertex -0.479996 -7.94615 3
      vertex -0.813416 -7.73882 3
    endloop
  endfacet
  facet normal -0.528061 -0.849207 -0
    outer loop
      vertex -0.479996 -7.94615 3
      vertex -0.813416 -7.73882 0
      vertex -0.479996 -7.94615 0
    endloop
  endfacet
  facet normal -0.080825 -0.214736 0.973322
    outer loop
      vertex 25.9346 -4.37265 6
      vertex 0.223892 -8.29327 3
      vertex 0.591354 -8.43158 3
    endloop
  endfacet
  facet normal -0.729855 -0.683602 0
    outer loop
      vertex -1.72263 -6.99263 0
      vertex -1.99103 -6.70607 3
      vertex -1.99103 -6.70607 0
    endloop
  endfacet
  facet normal -0.729855 -0.683602 0
    outer loop
      vertex -1.99103 -6.70607 3
      vertex -1.72263 -6.99263 0
      vertex -1.72263 -6.99263 3
    endloop
  endfacet
  facet normal -0.849195 -0.528079 0
    outer loop
      vertex -2.46881 -6.08342 0
      vertex -2.67615 -5.75 3
      vertex -2.67615 -5.75 0
    endloop
  endfacet
  facet normal -0.849195 -0.528079 0
    outer loop
      vertex -2.67615 -5.75 3
      vertex -2.46881 -6.08342 0
      vertex -2.46881 -6.08342 3
    endloop
  endfacet
  facet normal -0.163289 -0.0739846 0.9838
    outer loop
      vertex 5.47735 16.0846 6
      vertex -3.02327 -5.0461 3
      vertex 6.49821 13.8315 6
    endloop
  endfacet
  facet normal -0.178963 -0.067359 0.981547
    outer loop
      vertex 5.47735 16.0846 6
      vertex -3.16158 -4.67863 3
      vertex -3.02327 -5.0461 3
    endloop
  endfacet
  facet normal -0.259246 -0.0428094 0.964862
    outer loop
      vertex 3.32632 23.1756 6
      vertex -3.42867 -3.53314 3
      vertex -3.3647 -3.92053 3
    endloop
  endfacet
  facet normal -0.150502 0.0804448 0.985331
    outer loop
      vertex 7.66424 49.45 6
      vertex -2.67615 66.85 3
      vertex 6.49821 47.2685 6
    endloop
  endfacet
  facet normal 0.772991 -0.634417 0
    outer loop
      vertex 99.061 -6.70607 3
      vertex 99.3101 -6.40256 0
      vertex 99.3101 -6.40256 3
    endloop
  endfacet
  facet normal 0.772991 -0.634417 0
    outer loop
      vertex 99.3101 -6.40256 0
      vertex 99.061 -6.70607 3
      vertex 99.061 -6.70607 0
    endloop
  endfacet
  facet normal 0.116861 -0.0115119 0.993082
    outer loop
      vertex 78.1191 28.0778 6
      vertex 77.8766 25.6161 6
      vertex 100.499 -3.53314 3
    endloop
  endfacet
  facet normal 0.0767781 -0.0549484 0.995533
    outer loop
      vertex 93.5645 -3.2281 3.61835
      vertex 70.3888 7.53882 6
      vertex 93.5536 -3.33881 3.61308
    endloop
  endfacet
  facet normal 0.0767153 -0.0550829 0.99553
    outer loop
      vertex 93.5827 -3.11835 3.62302
      vertex 70.3888 7.53882 6
      vertex 93.5645 -3.2281 3.61835
    endloop
  endfacet
  facet normal 0.0767558 -0.0549953 0.995532
    outer loop
      vertex 93.591 -3.08269 3.62435
      vertex 70.3888 7.53882 6
      vertex 93.5827 -3.11835 3.62302
    endloop
  endfacet
  facet normal 0.0767533 -0.0550007 0.995532
    outer loop
      vertex 70.3888 7.53882 6
      vertex 93.591 -3.08269 3.62435
      vertex 71.8296 9.54945 6
    endloop
  endfacet
  facet normal 0.0767344 -0.055041 0.995531
    outer loop
      vertex 93.5536 -3.33881 3.61308
      vertex 70.3888 7.53882 6
      vertex 93.55 -3.45 3.60721
    endloop
  endfacet
  facet normal 0.0767535 -0.0550009 0.995532
    outer loop
      vertex 93.55 -3.45 3.60721
      vertex 70.3888 7.53882 6
      vertex 93.5536 -3.56118 3.60079
    endloop
  endfacet
  facet normal 0.0767451 -0.0550185 0.995532
    outer loop
      vertex 93.5536 -3.56118 3.60079
      vertex 70.3888 7.53882 6
      vertex 93.5605 -3.63099 3.5964
    endloop
  endfacet
  facet normal 0.0767818 -0.0549544 0.995532
    outer loop
      vertex 96.3709 -4.72813 3.31912
      vertex 99.3101 -6.40256 3
      vertex 96.3918 -4.70853 3.31859
    endloop
  endfacet
  facet normal 0.0767469 -0.0550154 0.995532
    outer loop
      vertex 96.2849 -4.7987 3.32185
      vertex 99.3101 -6.40256 3
      vertex 96.3709 -4.72813 3.31912
    endloop
  endfacet
  facet normal 0.076756 -0.0549983 0.995532
    outer loop
      vertex 96.1945 -4.8635 3.32524
      vertex 99.3101 -6.40256 3
      vertex 96.2849 -4.7987 3.32185
    endloop
  endfacet
  facet normal 0.076737 -0.0550368 0.995531
    outer loop
      vertex 99.3101 -6.40256 3
      vertex 96.1945 -4.8635 3.32524
      vertex 96.1608 -4.88444 3.32668
    endloop
  endfacet
  facet normal 0.0739873 -0.0607128 0.995409
    outer loop
      vertex 93.6402 -3.99645 3.56819
      vertex 70.3888 7.53882 6
      vertex 93.6478 -4.0167 3.56639
    endloop
  endfacet
  facet normal 0.0740098 -0.0606677 0.99541
    outer loop
      vertex 93.6079 -3.88999 3.57708
      vertex 70.3888 7.53882 6
      vertex 93.6402 -3.99645 3.56819
    endloop
  endfacet
  facet normal 0.0739415 -0.0608056 0.995407
    outer loop
      vertex 93.5827 -3.78165 3.58557
      vertex 70.3888 7.53882 6
      vertex 93.6079 -3.88999 3.57708
    endloop
  endfacet
  facet normal 0.0740226 -0.0606404 0.995411
    outer loop
      vertex 93.5645 -3.67189 3.59361
      vertex 70.3888 7.53882 6
      vertex 93.5827 -3.78165 3.58557
    endloop
  endfacet
  facet normal 0.0740112 -0.0606638 0.995411
    outer loop
      vertex 70.3888 7.53882 6
      vertex 93.5645 -3.67189 3.59361
      vertex 93.5605 -3.63099 3.5964
    endloop
  endfacet
  facet normal 0.0739842 -0.0607211 0.995409
    outer loop
      vertex 96.1608 -4.88444 3.32668
      vertex 99.061 -6.70607 3
      vertex 99.3101 -6.40256 3
    endloop
  endfacet
  facet normal 0.0739583 -0.0607622 0.995409
    outer loop
      vertex 96.1 -4.92224 3.32889
      vertex 99.061 -6.70607 3
      vertex 96.1608 -4.88444 3.32668
    endloop
  endfacet
  facet normal 0.0739706 -0.0607418 0.995409
    outer loop
      vertex 96.0019 -4.97468 3.33298
      vertex 99.061 -6.70607 3
      vertex 96.1 -4.92224 3.32889
    endloop
  endfacet
  facet normal 0.0740457 -0.0606095 0.995411
    outer loop
      vertex 95.9006 -5.02059 3.33772
      vertex 99.061 -6.70607 3
      vertex 96.0019 -4.97468 3.33298
    endloop
  endfacet
  facet normal 0.0739059 -0.0608707 0.995406
    outer loop
      vertex 95.7964 -5.05978 3.34306
      vertex 99.061 -6.70607 3
      vertex 95.9006 -5.02059 3.33772
    endloop
  endfacet
  facet normal 0.074081 -0.0605252 0.995414
    outer loop
      vertex 99.061 -6.70607 3
      vertex 95.7964 -5.05978 3.34306
      vertex 95.766 -5.06903 3.34476
    endloop
  endfacet
  facet normal 0.0961598 -0.0291758 0.994938
    outer loop
      vertex 100.346 -4.3029 3
      vertex 76.194 18.3996 6
      vertex 100.232 -4.67863 3
    endloop
  endfacet
  facet normal 0.0797528 -0.0496824 0.995576
    outer loop
      vertex 73.1358 11.65 6
      vertex 94.1291 -2.17187 3.62853
      vertex 94.1934 -2.11915 3.62601
    endloop
  endfacet
  facet normal 0.0798056 -0.0496022 0.995576
    outer loop
      vertex 73.1358 11.65 6
      vertex 94.0479 -2.24792 3.63125
      vertex 94.1291 -2.17187 3.62853
    endloop
  endfacet
  facet normal 0.0798202 -0.0495801 0.995575
    outer loop
      vertex 73.1358 11.65 6
      vertex 93.9719 -2.32911 3.6333
      vertex 94.0479 -2.24792 3.63125
    endloop
  endfacet
  facet normal 0.0797801 -0.0496399 0.995576
    outer loop
      vertex 73.1358 11.65 6
      vertex 93.9013 -2.4151 3.63467
      vertex 93.9719 -2.32911 3.6333
    endloop
  endfacet
  facet normal 0.0797609 -0.0496684 0.995576
    outer loop
      vertex 73.1358 11.65 6
      vertex 93.8365 -2.50553 3.63535
      vertex 93.9013 -2.4151 3.63467
    endloop
  endfacet
  facet normal 0.0794514 -0.0501212 0.995578
    outer loop
      vertex 73.1358 11.65 6
      vertex 93.8338 -2.50981 3.63535
      vertex 93.8365 -2.50553 3.63535
    endloop
  endfacet
  facet normal 0.0797946 -0.0496192 0.995576
    outer loop
      vertex 93.8338 -2.50981 3.63535
      vertex 73.1358 11.65 6
      vertex 71.8296 9.54945 6
    endloop
  endfacet
  facet normal 0.0800533 -0.0492229 0.995574
    outer loop
      vertex 96.8921 -3.88999 3.32145
      vertex 99.7461 -5.75 3
      vertex 96.8933 -3.8846 3.32162
    endloop
  endfacet
  facet normal 0.0797804 -0.0496419 0.995576
    outer loop
      vertex 96.8598 -3.99645 3.31873
      vertex 99.7461 -5.75 3
      vertex 96.8921 -3.88999 3.32145
    endloop
  endfacet
  facet normal 0.0798272 -0.0495649 0.995576
    outer loop
      vertex 96.8206 -4.10056 3.31669
      vertex 99.7461 -5.75 3
      vertex 96.8598 -3.99645 3.31873
    endloop
  endfacet
  facet normal 0.0798336 -0.0495537 0.995576
    outer loop
      vertex 99.7461 -5.75 3
      vertex 96.8206 -4.10056 3.31669
      vertex 96.8039 -4.13751 3.31619
    endloop
  endfacet
  facet normal 0.986626 -0.162999 0
    outer loop
      vertex 100.435 -3.92053 3
      vertex 100.499 -3.53314 0
      vertex 100.499 -3.53314 3
    endloop
  endfacet
  facet normal 0.986626 -0.162999 0
    outer loop
      vertex 100.499 -3.53314 0
      vertex 100.435 -3.92053 3
      vertex 100.435 -3.92053 0
    endloop
  endfacet
  facet normal 0.995304 -0.0967972 0
    outer loop
      vertex 100.499 -3.53314 3
      vertex 100.537 -3.14241 0
      vertex 100.537 -3.14241 3
    endloop
  endfacet
  facet normal 0.995304 -0.0967972 0
    outer loop
      vertex 100.537 -3.14241 0
      vertex 100.499 -3.53314 3
      vertex 100.499 -3.53314 0
    endloop
  endfacet
  facet normal 0.0690735 -0.0737468 0.994882
    outer loop
      vertex 67.1286 3.82136 6
      vertex 65.3233 2.13046 6
      vertex 98.5061 -7.26103 3
    endloop
  endfacet
  facet normal 0.0606817 -0.113528 0.99168
    outer loop
      vertex 59.3 -2.18576 6
      vertex 57.1185 -3.35179 6
      vertex 97.55 -7.94615 3
    endloop
  endfacet
  facet normal 0.0647362 -0.0903381 0.993805
    outer loop
      vertex 63.4112 0.561243 6
      vertex 61.4006 -0.879551 6
      vertex 98.2026 -7.51012 3
    endloop
  endfacet
  facet normal -0.13984 0.0869565 0.986348
    outer loop
      vertex 8.97045 51.5506 6
      vertex -2.67615 66.85 3
      vertex 7.66424 49.45 6
    endloop
  endfacet
  facet normal 0.0690775 0.0737358 0.994883
    outer loop
      vertex 98.5061 68.361 3
      vertex 67.1286 57.2786 6
      vertex 98.7926 68.0926 3
    endloop
  endfacet
  facet normal 0.0221827 0.674767 0.737697
    outer loop
      vertex 94.55 69.85 3
      vertex 42.8722 68.2691 6
      vertex 94.9424 69.8371 3
    endloop
  endfacet
  facet normal 0.0402372 0.408462 0.911888
    outer loop
      vertex 95.3331 69.7987 3
      vertex 42.8722 68.2691 6
      vertex 45.3339 68.0266 6
    endloop
  endfacet
  facet normal 0.935332 0.353772 0
    outer loop
      vertex 100.232 65.7786 3
      vertex 100.093 66.1461 0
      vertex 100.093 66.1461 3
    endloop
  endfacet
  facet normal 0.935332 0.353772 0
    outer loop
      vertex 100.093 66.1461 0
      vertex 100.232 65.7786 3
      vertex 100.232 65.7786 0
    endloop
  endfacet
  facet normal -0.683602 0.729855 0
    outer loop
      vertex -1.43607 68.361 0
      vertex -1.72263 68.0926 3
      vertex -1.43607 68.361 3
    endloop
  endfacet
  facet normal -0.683602 0.729855 0
    outer loop
      vertex -1.72263 68.0926 3
      vertex -1.43607 68.361 0
      vertex -1.72263 68.0926 0
    endloop
  endfacet
  facet normal -0.163289 0.0739846 0.9838
    outer loop
      vertex 6.49821 47.2685 6
      vertex -3.02327 66.1461 3
      vertex 5.47735 45.0154 6
    endloop
  endfacet
  facet normal -0.25926 0.0428053 0.964858
    outer loop
      vertex 3.32632 37.9244 6
      vertex -3.42867 64.6331 3
      vertex 2.92338 35.4839 6
    endloop
  endfacet
  facet normal 0.0541434 -0.178483 0.982452
    outer loop
      vertex 96.4786 -8.43158 3
      vertex 50.1834 -5.962 6
      vertex 96.1029 -8.54555 3
    endloop
  endfacet
  facet normal 0.162871 -0.986647 0
    outer loop
      vertex 95.3331 -8.69865 0
      vertex 95.7205 -8.6347 3
      vertex 95.3331 -8.69865 3
    endloop
  endfacet
  facet normal 0.162871 -0.986647 0
    outer loop
      vertex 95.7205 -8.6347 3
      vertex 95.3331 -8.69865 0
      vertex 95.7205 -8.6347 0
    endloop
  endfacet
  facet normal -0.139837 -0.0869588 0.986349
    outer loop
      vertex 8.97045 9.54945 6
      vertex -2.67615 -5.75 3
      vertex -2.46881 -6.08342 3
    endloop
  endfacet
  facet normal -0.412717 -0.91086 0
    outer loop
      vertex -0.133728 -8.13123 0
      vertex 0.223892 -8.29327 3
      vertex -0.133728 -8.13123 3
    endloop
  endfacet
  facet normal -0.412717 -0.91086 -0
    outer loop
      vertex 0.223892 -8.29327 3
      vertex -0.133728 -8.13123 0
      vertex 0.223892 -8.29327 0
    endloop
  endfacet
  facet normal -0.0854113 -0.188508 0.978351
    outer loop
      vertex 23.6815 -3.35179 6
      vertex 0.223892 -8.29327 3
      vertex 25.9346 -4.37265 6
    endloop
  endfacet
  facet normal -0.0758715 -0.250108 0.965241
    outer loop
      vertex 28.2496 -5.24396 6
      vertex 0.591354 -8.43158 3
      vertex 30.6166 -5.962 6
    endloop
  endfacet
  facet normal -0.0499172 -0.506831 0.860599
    outer loop
      vertex 35.4661 -6.92662 6
      vertex 2.12758 -8.73715 3
      vertex 37.9278 -7.16907 6
    endloop
  endfacet
  facet normal 0.0541434 -0.178482 0.982452
    outer loop
      vertex 52.5504 -5.24396 6
      vertex 50.1834 -5.962 6
      vertex 96.4786 -8.43158 3
    endloop
  endfacet
  facet normal -0.0623352 -0.377589 0.923873
    outer loop
      vertex 35.4661 -6.92662 6
      vertex 1.34946 -8.6347 3
      vertex 1.73683 -8.69865 3
    endloop
  endfacet
  facet normal -0.0992489 -0.138503 0.985376
    outer loop
      vertex 19.3994 -0.879551 6
      vertex -1.13257 -7.51012 3
      vertex -0.813416 -7.73882 3
    endloop
  endfacet
  facet normal -0.116033 -0.108713 0.987278
    outer loop
      vertex 13.6714 3.82136 6
      vertex 3.50546 -3.2281 4.02897
      vertex 3.51392 -3.31405 4.0205
    endloop
  endfacet
  facet normal -0.116001 -0.10876 0.987277
    outer loop
      vertex 13.6714 3.82136 6
      vertex 3.48733 -3.11835 4.03893
      vertex 3.50546 -3.2281 4.02897
    endloop
  endfacet
  facet normal -0.116117 -0.10859 0.987282
    outer loop
      vertex 3.48733 -3.11835 4.03893
      vertex 13.6714 3.82136 6
      vertex 3.46828 -3.03661 4.04568
    endloop
  endfacet
  facet normal -0.116092 -0.10863 0.98728
    outer loop
      vertex 1.06811 -4.97468 3.55019
      vertex -1.72263 -6.99263 3
      vertex 1.11787 -4.99723 3.55356
    endloop
  endfacet
  facet normal -0.116053 -0.108683 0.987279
    outer loop
      vertex 0.969999 -4.92224 3.54443
      vertex -1.72263 -6.99263 3
      vertex 1.06811 -4.97468 3.55019
    endloop
  endfacet
  facet normal -0.116005 -0.108746 0.987278
    outer loop
      vertex 0.87553 -4.8635 3.5398
      vertex -1.72263 -6.99263 3
      vertex 0.969999 -4.92224 3.54443
    endloop
  endfacet
  facet normal -0.116028 -0.108717 0.987278
    outer loop
      vertex 0.814916 -4.82006 3.53746
      vertex -1.72263 -6.99263 3
      vertex 0.87553 -4.8635 3.5398
    endloop
  endfacet
  facet normal -0.116048 -0.108694 0.987278
    outer loop
      vertex -1.72263 -6.99263 3
      vertex 0.814916 -4.82006 3.53746
      vertex -1.99103 -6.70607 3
    endloop
  endfacet
  facet normal -0.109883 -0.117385 0.986989
    outer loop
      vertex 1.38001 -5.09207 3.57148
      vertex -1.43607 -7.26103 3
      vertex 1.48672 -5.11696 3.5804
    endloop
  endfacet
  facet normal -0.109936 -0.117317 0.986991
    outer loop
      vertex 1.27355 -5.05978 3.56346
      vertex -1.43607 -7.26103 3
      vertex 1.38001 -5.09207 3.57148
    endloop
  endfacet
  facet normal -0.109949 -0.117302 0.986991
    outer loop
      vertex 1.16944 -5.02059 3.55652
      vertex -1.43607 -7.26103 3
      vertex 1.27355 -5.05978 3.56346
    endloop
  endfacet
  facet normal -0.109842 -0.117425 0.986988
    outer loop
      vertex 1.11787 -4.99723 3.55356
      vertex -1.43607 -7.26103 3
      vertex 1.16944 -5.02059 3.55652
    endloop
  endfacet
  facet normal -0.109911 -0.117348 0.98699
    outer loop
      vertex -1.43607 -7.26103 3
      vertex 1.11787 -4.99723 3.55356
      vertex -1.72263 -6.99263 3
    endloop
  endfacet
  facet normal -0.109939 -0.117309 0.986991
    outer loop
      vertex 13.6714 3.82136 6
      vertex 3.51636 -3.33881 4.01783
      vertex 3.52 -3.45 4.00502
    endloop
  endfacet
  facet normal -0.109967 -0.117269 0.986993
    outer loop
      vertex 3.51636 -3.33881 4.01783
      vertex 13.6714 3.82136 6
      vertex 3.51392 -3.31405 4.0205
    endloop
  endfacet
  facet normal -0.109872 -0.117402 0.986988
    outer loop
      vertex 3.51636 -3.56118 3.99139
      vertex 13.6714 3.82136 6
      vertex 3.52 -3.45 4.00502
    endloop
  endfacet
  facet normal -0.109943 -0.117304 0.986991
    outer loop
      vertex 13.6714 3.82136 6
      vertex 3.51636 -3.56118 3.99139
      vertex 3.50926 -3.63328 3.98203
    endloop
  endfacet
  facet normal -0.116049 -0.10869 0.987279
    outer loop
      vertex 3.29224 -2.6 4.07306
      vertex 13.6714 3.82136 6
      vertex 11.9805 5.62673 6
    endloop
  endfacet
  facet normal -0.116016 -0.108739 0.987277
    outer loop
      vertex 13.6714 3.82136 6
      vertex 3.46207 -3.01001 4.04788
      vertex 3.46828 -3.03661 4.04568
    endloop
  endfacet
  facet normal -0.116022 -0.108731 0.987277
    outer loop
      vertex 13.6714 3.82136 6
      vertex 3.42978 -2.90355 4.05581
      vertex 3.46207 -3.01001 4.04788
    endloop
  endfacet
  facet normal -0.116074 -0.108652 0.98728
    outer loop
      vertex 13.6714 3.82136 6
      vertex 3.39059 -2.79944 4.06266
      vertex 3.42978 -2.90355 4.05581
    endloop
  endfacet
  facet normal -0.116044 -0.108697 0.987278
    outer loop
      vertex 13.6714 3.82136 6
      vertex 3.34468 -2.69811 4.06842
      vertex 3.39059 -2.79944 4.06266
    endloop
  endfacet
  facet normal -0.116035 -0.108713 0.987278
    outer loop
      vertex 13.6714 3.82136 6
      vertex 3.29224 -2.6 4.07306
      vertex 3.34468 -2.69811 4.06842
    endloop
  endfacet
  facet normal -0.116022 -0.108718 0.987279
    outer loop
      vertex 11.9805 5.62673 6
      vertex 3.2335 -2.50553 4.07656
      vertex 3.29224 -2.6 4.07306
    endloop
  endfacet
  facet normal -0.116101 -0.108633 0.987279
    outer loop
      vertex 11.9805 5.62673 6
      vertex 3.1687 -2.4151 4.07889
      vertex 3.2335 -2.50553 4.07656
    endloop
  endfacet
  facet normal -0.115999 -0.108745 0.987278
    outer loop
      vertex 11.9805 5.62673 6
      vertex 3.09813 -2.32911 4.08007
      vertex 3.1687 -2.4151 4.07889
    endloop
  endfacet
  facet normal -0.116046 -0.108692 0.987279
    outer loop
      vertex 3.09813 -2.32911 4.08007
      vertex 11.9805 5.62673 6
      vertex 3.03901 -2.26599 4.08007
    endloop
  endfacet
  facet normal -0.116169 -0.108515 0.987284
    outer loop
      vertex 0.785105 -4.7987 3.5363
      vertex -1.99103 -6.70607 3
      vertex 0.814916 -4.82006 3.53746
    endloop
  endfacet
  facet normal -0.116054 -0.108681 0.987279
    outer loop
      vertex 0.699112 -4.72813 3.53396
      vertex -1.99103 -6.70607 3
      vertex 0.785105 -4.7987 3.5363
    endloop
  endfacet
  facet normal -0.11604 -0.1087 0.987279
    outer loop
      vertex 0.617918 -4.65208 3.53279
      vertex -1.99103 -6.70607 3
      vertex 0.699112 -4.72813 3.53396
    endloop
  endfacet
  facet normal -0.116046 -0.108693 0.987279
    outer loop
      vertex 0.541872 -4.57089 3.53279
      vertex -1.99103 -6.70607 3
      vertex 0.617918 -4.65208 3.53279
    endloop
  endfacet
  facet normal -0.116006 -0.10874 0.987278
    outer loop
      vertex -1.99103 -6.70607 3
      vertex 0.541872 -4.57089 3.53279
      vertex 0.493976 -4.51253 3.53359
    endloop
  endfacet
  facet normal -0.198724 -0.0602737 0.9782
    outer loop
      vertex 3.888 20.7666 6
      vertex -3.27554 -4.3029 3
      vertex -3.16158 -4.67863 3
    endloop
  endfacet
  facet normal -0.973875 -0.227085 0
    outer loop
      vertex -3.27554 -4.3029 0
      vertex -3.3647 -3.92053 3
      vertex -3.3647 -3.92053 0
    endloop
  endfacet
  facet normal -0.973875 -0.227085 0
    outer loop
      vertex -3.3647 -3.92053 3
      vertex -3.27554 -4.3029 0
      vertex -3.27554 -4.3029 3
    endloop
  endfacet
  facet normal -0.139839 -0.0869575 0.986349
    outer loop
      vertex 7.66424 11.65 6
      vertex -2.67615 -5.75 3
      vertex 8.97045 9.54945 6
    endloop
  endfacet
  facet normal -0.935902 -0.352259 0
    outer loop
      vertex -3.02327 -5.0461 0
      vertex -3.16158 -4.67863 3
      vertex -3.16158 -4.67863 0
    endloop
  endfacet
  facet normal -0.935902 -0.352259 0
    outer loop
      vertex -3.16158 -4.67863 3
      vertex -3.02327 -5.0461 0
      vertex -3.02327 -5.0461 3
    endloop
  endfacet
  facet normal -0.12288 0.100949 0.987274
    outer loop
      vertex -1.99103 67.8061 3
      vertex 0.471299 65.5849 3.53359
      vertex 0.493973 65.6125 3.53359
    endloop
  endfacet
  facet normal -0.122933 0.10089 0.987273
    outer loop
      vertex -2.24011 67.5026 3
      vertex 0.471299 65.5849 3.53359
      vertex -1.99103 67.8061 3
    endloop
  endfacet
  facet normal -0.122931 0.100894 0.987273
    outer loop
      vertex 0.471299 65.5849 3.53359
      vertex -2.24011 67.5026 3
      vertex 0.406501 65.4945 3.53476
    endloop
  endfacet
  facet normal -0.122945 0.100874 0.987273
    outer loop
      vertex 0.406501 65.4945 3.53476
      vertex -2.24011 67.5026 3
      vertex 0.347756 65.4 3.5371
    endloop
  endfacet
  facet normal -0.122974 0.100839 0.987273
    outer loop
      vertex 0.347756 65.4 3.5371
      vertex -2.24011 67.5026 3
      vertex 0.315904 65.3404 3.53922
    endloop
  endfacet
  facet normal -0.122975 0.100844 0.987273
    outer loop
      vertex 3.02208 63.3479 4.0798
      vertex 11.9805 55.4733 6
      vertex 3.03901 63.366 4.08006
    endloop
  endfacet
  facet normal -0.122856 0.100978 0.987274
    outer loop
      vertex 2.94089 63.2719 4.07747
      vertex 11.9805 55.4733 6
      vertex 3.02208 63.3479 4.0798
    endloop
  endfacet
  facet normal -0.122969 0.100848 0.987273
    outer loop
      vertex 2.85489 63.2013 4.07397
      vertex 11.9805 55.4733 6
      vertex 2.94089 63.2719 4.07747
    endloop
  endfacet
  facet normal -0.12295 0.10087 0.987273
    outer loop
      vertex 11.9805 55.4733 6
      vertex 2.85489 63.2013 4.07397
      vertex 2.84936 63.1973 4.07369
    endloop
  endfacet
  facet normal 0.126885 -0.00420352 0.991909
    outer loop
      vertex 100.55 -2.75 3
      vertex 78.1191 28.0778 6
      vertex 100.537 -3.14241 3
    endloop
  endfacet
  facet normal 0.126951 -0.00415434 0.9919
    outer loop
      vertex 78.2 30.55 6
      vertex 78.1191 28.0778 6
      vertex 100.55 -2.75 3
    endloop
  endfacet
  facet normal 0.999452 0.0331113 0
    outer loop
      vertex 100.55 63.85 3
      vertex 100.537 64.2424 0
      vertex 100.537 64.2424 3
    endloop
  endfacet
  facet normal 0.999452 0.0331113 0
    outer loop
      vertex 100.537 64.2424 0
      vertex 100.55 63.85 3
      vertex 100.55 63.85 0
    endloop
  endfacet
  facet normal 0.07137 -0.0670797 0.995192
    outer loop
      vertex 95.1388 -5.14636 3.38641
      vertex 99.061 -6.70607 3
      vertex 95.245 -5.14983 3.37856
    endloop
  endfacet
  facet normal 0.0714478 -0.0668857 0.995199
    outer loop
      vertex 95.0281 -5.13546 3.39509
      vertex 99.061 -6.70607 3
      vertex 95.1388 -5.14636 3.38641
    endloop
  endfacet
  facet normal 0.0715411 -0.0666485 0.995208
    outer loop
      vertex 94.9184 -5.11733 3.40419
      vertex 99.061 -6.70607 3
      vertex 95.0281 -5.13546 3.39509
    endloop
  endfacet
  facet normal 0.0714459 -0.0668943 0.995199
    outer loop
      vertex 94.81 -5.09207 3.41367
      vertex 99.061 -6.70607 3
      vertex 94.9184 -5.11733 3.40419
    endloop
  endfacet
  facet normal 0.071495 -0.0667663 0.995204
    outer loop
      vertex 94.7036 -5.05978 3.42348
      vertex 99.061 -6.70607 3
      vertex 94.81 -5.09207 3.41367
    endloop
  endfacet
  facet normal 0.0611526 -0.0937575 0.993715
    outer loop
      vertex 94.5994 -5.02059 3.43359
      vertex 99.061 -6.70607 3
      vertex 94.7036 -5.05978 3.42348
    endloop
  endfacet
  facet normal 0.0714388 -0.0669092 0.995198
    outer loop
      vertex 67.1286 3.82136 6
      vertex 94.066 -4.66906 3.49551
      vertex 68.8195 5.62673 6
    endloop
  endfacet
  facet normal 0.0714464 -0.0668855 0.995199
    outer loop
      vertex 94.066 -4.66906 3.49551
      vertex 67.1286 3.82136 6
      vertex 94.1291 -4.72813 3.48701
    endloop
  endfacet
  facet normal 0.0714237 -0.0669562 0.995196
    outer loop
      vertex 94.1291 -4.72813 3.48701
      vertex 67.1286 3.82136 6
      vertex 94.2151 -4.7987 3.47609
    endloop
  endfacet
  facet normal 0.071491 -0.0667475 0.995205
    outer loop
      vertex 94.2151 -4.7987 3.47609
      vertex 67.1286 3.82136 6
      vertex 94.3055 -4.8635 3.46525
    endloop
  endfacet
  facet normal 0.0714695 -0.066814 0.995202
    outer loop
      vertex 94.3055 -4.8635 3.46525
      vertex 67.1286 3.82136 6
      vertex 94.4 -4.92224 3.45452
    endloop
  endfacet
  facet normal 0.0714015 -0.0670234 0.995193
    outer loop
      vertex 94.4 -4.92224 3.45452
      vertex 67.1286 3.82136 6
      vertex 94.4981 -4.97468 3.44395
    endloop
  endfacet
  facet normal 0.071435 -0.0669207 0.995198
    outer loop
      vertex 94.5994 -5.02059 3.43359
      vertex 67.1286 3.82136 6
      vertex 99.061 -6.70607 3
    endloop
  endfacet
  facet normal 0.071397 -0.0670373 0.995193
    outer loop
      vertex 94.4981 -4.97468 3.44395
      vertex 67.1286 3.82136 6
      vertex 94.5994 -5.02059 3.43359
    endloop
  endfacet
  facet normal 0.729855 -0.683602 0
    outer loop
      vertex 98.7926 -6.99263 3
      vertex 99.061 -6.70607 0
      vertex 99.061 -6.70607 3
    endloop
  endfacet
  facet normal 0.729855 -0.683602 0
    outer loop
      vertex 99.061 -6.70607 0
      vertex 98.7926 -6.99263 3
      vertex 98.7926 -6.99263 0
    endloop
  endfacet
  facet normal 0.812838 -0.58249 0
    outer loop
      vertex 99.3101 -6.40256 3
      vertex 99.5388 -6.08342 0
      vertex 99.5388 -6.08342 3
    endloop
  endfacet
  facet normal 0.812838 -0.58249 0
    outer loop
      vertex 99.5388 -6.08342 0
      vertex 99.3101 -6.40256 3
      vertex 99.3101 -6.40256 0
    endloop
  endfacet
  facet normal 0.849241 -0.528006 0
    outer loop
      vertex 99.5388 -6.08342 3
      vertex 99.7461 -5.75 0
      vertex 99.7461 -5.75 3
    endloop
  endfacet
  facet normal 0.849241 -0.528006 0
    outer loop
      vertex 99.7461 -5.75 0
      vertex 99.5388 -6.08342 3
      vertex 99.5388 -6.08342 0
    endloop
  endfacet
  facet normal 0.935322 -0.353797 0
    outer loop
      vertex 100.093 -5.0461 3
      vertex 100.232 -4.67863 0
      vertex 100.232 -4.67863 3
    endloop
  endfacet
  facet normal 0.935322 -0.353797 0
    outer loop
      vertex 100.232 -4.67863 0
      vertex 100.093 -5.0461 3
      vertex 100.093 -5.0461 0
    endloop
  endfacet
  facet normal 0.911089 -0.412209 0
    outer loop
      vertex 99.9312 -5.40372 3
      vertex 100.093 -5.0461 0
      vertex 100.093 -5.0461 3
    endloop
  endfacet
  facet normal 0.911089 -0.412209 0
    outer loop
      vertex 100.093 -5.0461 0
      vertex 99.9312 -5.40372 3
      vertex 99.9312 -5.40372 0
    endloop
  endfacet
  facet normal 0.0869085 -0.0394637 0.995434
    outer loop
      vertex 100.093 -5.0461 3
      vertex 96.6635 -2.50553 3.40014
      vertex 96.698 -2.56097 3.39493
    endloop
  endfacet
  facet normal 0.0869531 -0.0394033 0.995433
    outer loop
      vertex 100.093 -5.0461 3
      vertex 96.5987 -2.4151 3.40938
      vertex 96.6635 -2.50553 3.40014
    endloop
  endfacet
  facet normal 0.0869734 -0.0393763 0.995432
    outer loop
      vertex 100.093 -5.0461 3
      vertex 96.5281 -2.32911 3.41895
      vertex 96.5987 -2.4151 3.40938
    endloop
  endfacet
  facet normal 0.0870364 -0.0392933 0.99543
    outer loop
      vertex 100.093 -5.0461 3
      vertex 96.4521 -2.24792 3.4288
      vertex 96.5281 -2.32911 3.41895
    endloop
  endfacet
  facet normal 0.0871354 -0.0391638 0.995426
    outer loop
      vertex 100.093 -5.0461 3
      vertex 96.3709 -2.17187 3.4389
      vertex 96.4521 -2.24792 3.4288
    endloop
  endfacet
  facet normal 0.0861347 -0.0404651 0.995461
    outer loop
      vertex 100.093 -5.0461 3
      vertex 96.2849 -2.1013 3.44921
      vertex 96.3709 -2.17187 3.4389
    endloop
  endfacet
  facet normal 0.0870177 -0.0393186 0.995431
    outer loop
      vertex 75.3226 16.0846 6
      vertex 96.2849 -2.1013 3.44921
      vertex 100.093 -5.0461 3
    endloop
  endfacet
  facet normal 0.0868884 -0.0394683 0.995436
    outer loop
      vertex 75.3226 16.0846 6
      vertex 96.1945 -2.0365 3.45967
      vertex 96.2849 -2.1013 3.44921
    endloop
  endfacet
  facet normal 0.086977 -0.0393657 0.995432
    outer loop
      vertex 75.3226 16.0846 6
      vertex 96.1 -1.97776 3.47025
      vertex 96.1945 -2.0365 3.45967
    endloop
  endfacet
  facet normal 0.0868349 -0.03953 0.995438
    outer loop
      vertex 75.3226 16.0846 6
      vertex 96.0019 -1.92532 3.48089
      vertex 96.1 -1.97776 3.47025
    endloop
  endfacet
  facet normal 0.0870345 -0.0392997 0.99543
    outer loop
      vertex 75.3226 16.0846 6
      vertex 95.9006 -1.8794 3.49156
      vertex 96.0019 -1.92532 3.48089
    endloop
  endfacet
  facet normal 0.0869097 -0.0394434 0.995435
    outer loop
      vertex 75.3226 16.0846 6
      vertex 95.7964 -1.84022 3.50221
      vertex 95.9006 -1.8794 3.49156
    endloop
  endfacet
  facet normal 0.086923 -0.0394281 0.995434
    outer loop
      vertex 75.3226 16.0846 6
      vertex 95.69 -1.80793 3.51278
      vertex 95.7964 -1.84022 3.50221
    endloop
  endfacet
  facet normal 0.0871502 -0.0391681 0.995425
    outer loop
      vertex 75.3226 16.0846 6
      vertex 95.6594 -1.80079 3.51574
      vertex 95.69 -1.80793 3.51278
    endloop
  endfacet
  facet normal 0.0869519 -0.0393948 0.995433
    outer loop
      vertex 95.6594 -1.80079 3.51574
      vertex 75.3226 16.0846 6
      vertex 74.3018 13.8315 6
    endloop
  endfacet
  facet normal 0.117041 -0.0113827 0.993062
    outer loop
      vertex 100.537 -3.14241 3
      vertex 78.1191 28.0778 6
      vertex 100.499 -3.53314 3
    endloop
  endfacet
  facet normal 0.108672 -0.0179535 0.993916
    outer loop
      vertex 100.499 -3.53314 3
      vertex 77.8766 25.6161 6
      vertex 100.435 -3.92053 3
    endloop
  endfacet
  facet normal 0.108686 -0.0179428 0.993914
    outer loop
      vertex 77.8766 25.6161 6
      vertex 77.4737 23.1756 6
      vertex 100.435 -3.92053 3
    endloop
  endfacet
  facet normal 0.0668505 -0.0814577 0.994432
    outer loop
      vertex 65.3233 2.13046 6
      vertex 63.4112 0.561243 6
      vertex 98.5061 -7.26103 3
    endloop
  endfacet
  facet normal 0.634415 -0.772993 0
    outer loop
      vertex 98.2026 -7.51012 0
      vertex 98.5061 -7.26103 3
      vertex 98.2026 -7.51012 3
    endloop
  endfacet
  facet normal 0.634415 -0.772993 0
    outer loop
      vertex 98.5061 -7.26103 3
      vertex 98.2026 -7.51012 0
      vertex 98.5061 -7.26103 0
    endloop
  endfacet
  facet normal 0.0626932 -0.100821 0.992927
    outer loop
      vertex 61.4006 -0.879551 6
      vertex 59.3 -2.18576 6
      vertex 97.55 -7.94615 3
    endloop
  endfacet
  facet normal -0.17897 0.0673561 0.981546
    outer loop
      vertex -3.02327 66.1461 3
      vertex -3.16158 65.7786 3
      vertex 5.47735 45.0154 6
    endloop
  endfacet
  facet normal -0.0944706 0.151925 0.983867
    outer loop
      vertex 21.5 63.2858 6
      vertex -0.479996 69.0461 3
      vertex 19.3994 61.9796 6
    endloop
  endfacet
  facet normal 0 0.894427 0.447214
    outer loop
      vertex 94.55 69.85 3
      vertex 2.51999 69.85 3
      vertex 40.4 68.35 6
    endloop
  endfacet
  facet normal 0.0869663 0.039385 0.995432
    outer loop
      vertex 96.6635 63.6055 3.40014
      vertex 100.093 66.1461 3
      vertex 96.698 63.661 3.39493
    endloop
  endfacet
  facet normal 0.0869318 0.0394317 0.995434
    outer loop
      vertex 96.5987 63.5151 3.40938
      vertex 100.093 66.1461 3
      vertex 96.6635 63.6055 3.40014
    endloop
  endfacet
  facet normal 0.0869824 0.0393643 0.995432
    outer loop
      vertex 96.5281 63.4291 3.41895
      vertex 100.093 66.1461 3
      vertex 96.5987 63.5151 3.40938
    endloop
  endfacet
  facet normal 0.0870488 0.0392767 0.995429
    outer loop
      vertex 96.4521 63.3479 3.4288
      vertex 100.093 66.1461 3
      vertex 96.5281 63.4291 3.41895
    endloop
  endfacet
  facet normal 0.0870239 0.0393093 0.99543
    outer loop
      vertex 96.3709 63.2719 3.4389
      vertex 100.093 66.1461 3
      vertex 96.4521 63.3479 3.4288
    endloop
  endfacet
  facet normal 0.0863632 0.0401684 0.995454
    outer loop
      vertex 96.2849 63.2013 3.44921
      vertex 100.093 66.1461 3
      vertex 96.3709 63.2719 3.4389
    endloop
  endfacet
  facet normal 0.0870177 0.0393186 0.995431
    outer loop
      vertex 96.2849 63.2013 3.44921
      vertex 75.3226 45.0154 6
      vertex 100.093 66.1461 3
    endloop
  endfacet
  facet normal 0.0868884 0.0394683 0.995436
    outer loop
      vertex 96.1945 63.1365 3.45967
      vertex 75.3226 45.0154 6
      vertex 96.2849 63.2013 3.44921
    endloop
  endfacet
  facet normal 0.0870354 0.0392982 0.99543
    outer loop
      vertex 96.1 63.0778 3.47025
      vertex 75.3226 45.0154 6
      vertex 96.1945 63.1365 3.45967
    endloop
  endfacet
  facet normal 0.0867724 0.0396022 0.995441
    outer loop
      vertex 96.0019 63.0253 3.48089
      vertex 75.3226 45.0154 6
      vertex 96.1 63.0778 3.47025
    endloop
  endfacet
  facet normal 0.0870505 0.0392812 0.995429
    outer loop
      vertex 95.9006 62.9794 3.49156
      vertex 75.3226 45.0154 6
      vertex 96.0019 63.0253 3.48089
    endloop
  endfacet
  facet normal 0.0868964 0.0394587 0.995436
    outer loop
      vertex 95.7964 62.9402 3.50221
      vertex 75.3226 45.0154 6
      vertex 95.9006 62.9794 3.49156
    endloop
  endfacet
  facet normal 0.0869173 0.0394347 0.995435
    outer loop
      vertex 95.69 62.9079 3.51278
      vertex 75.3226 45.0154 6
      vertex 95.7964 62.9402 3.50221
    endloop
  endfacet
  facet normal 0.0872195 0.0390889 0.995422
    outer loop
      vertex 95.6594 62.9008 3.51574
      vertex 75.3226 45.0154 6
      vertex 95.69 62.9079 3.51278
    endloop
  endfacet
  facet normal 0.0869519 0.0393948 0.995433
    outer loop
      vertex 75.3226 45.0154 6
      vertex 95.6594 62.9008 3.51574
      vertex 74.3018 47.2685 6
    endloop
  endfacet
  facet normal 0.0797803 0.0496405 0.995576
    outer loop
      vertex 94.1291 63.2719 3.62853
      vertex 73.1358 49.45 6
      vertex 94.1934 63.2191 3.62601
    endloop
  endfacet
  facet normal 0.0797929 0.0496213 0.995576
    outer loop
      vertex 94.0479 63.3479 3.63125
      vertex 73.1358 49.45 6
      vertex 94.1291 63.2719 3.62853
    endloop
  endfacet
  facet normal 0.0798228 0.0495764 0.995575
    outer loop
      vertex 93.9719 63.4291 3.6333
      vertex 73.1358 49.45 6
      vertex 94.0479 63.3479 3.63125
    endloop
  endfacet
  facet normal 0.0797826 0.0496362 0.995576
    outer loop
      vertex 93.9013 63.5151 3.63467
      vertex 73.1358 49.45 6
      vertex 93.9719 63.4291 3.6333
    endloop
  endfacet
  facet normal 0.0797534 0.0496795 0.995576
    outer loop
      vertex 93.8365 63.6055 3.63535
      vertex 73.1358 49.45 6
      vertex 93.9013 63.5151 3.63467
    endloop
  endfacet
  facet normal 0.079563 0.0499581 0.995577
    outer loop
      vertex 93.8338 63.6098 3.63535
      vertex 73.1358 49.45 6
      vertex 93.8365 63.6055 3.63535
    endloop
  endfacet
  facet normal 0.0797952 0.0496184 0.995576
    outer loop
      vertex 73.1358 49.45 6
      vertex 93.8338 63.6098 3.63535
      vertex 71.8296 51.5506 6
    endloop
  endfacet
  facet normal 0.0801054 0.0491433 0.995574
    outer loop
      vertex 99.7461 66.85 3
      vertex 96.8921 64.99 3.32145
      vertex 96.8933 64.9846 3.32162
    endloop
  endfacet
  facet normal 0.0797907 0.0496263 0.995576
    outer loop
      vertex 99.7461 66.85 3
      vertex 96.8598 65.0965 3.31873
      vertex 96.8921 64.99 3.32145
    endloop
  endfacet
  facet normal 0.0798256 0.049569 0.995576
    outer loop
      vertex 99.7461 66.85 3
      vertex 96.8206 65.2006 3.31669
      vertex 96.8598 65.0965 3.31873
    endloop
  endfacet
  facet normal 0.0798039 0.0496074 0.995575
    outer loop
      vertex 96.8206 65.2006 3.31669
      vertex 99.7461 66.85 3
      vertex 96.8039 65.2375 3.31619
    endloop
  endfacet
  facet normal 0.0831366 0.0444959 0.995544
    outer loop
      vertex 95.0281 62.8645 3.57211
      vertex 74.3018 47.2685 6
      vertex 95.076 62.8598 3.56832
    endloop
  endfacet
  facet normal 0.0832297 0.0443718 0.995542
    outer loop
      vertex 94.9184 62.8827 3.58047
      vertex 74.3018 47.2685 6
      vertex 95.0281 62.8645 3.57211
    endloop
  endfacet
  facet normal 0.0830942 0.0445512 0.995545
    outer loop
      vertex 94.81 62.9079 3.58839
      vertex 74.3018 47.2685 6
      vertex 94.9184 62.8827 3.58047
    endloop
  endfacet
  facet normal 0.0831921 0.0444225 0.995543
    outer loop
      vertex 94.7036 62.9402 3.59584
      vertex 74.3018 47.2685 6
      vertex 94.81 62.9079 3.58839
    endloop
  endfacet
  facet normal 0.0831392 0.0444916 0.995544
    outer loop
      vertex 94.5994 62.9794 3.60279
      vertex 74.3018 47.2685 6
      vertex 94.7036 62.9402 3.59584
    endloop
  endfacet
  facet normal 0.083211 0.0443985 0.995542
    outer loop
      vertex 94.4981 63.0253 3.60921
      vertex 74.3018 47.2685 6
      vertex 94.5994 62.9794 3.60279
    endloop
  endfacet
  facet normal 0.0830934 0.0445497 0.995545
    outer loop
      vertex 94.4806 63.0347 3.61025
      vertex 74.3018 47.2685 6
      vertex 94.4981 63.0253 3.60921
    endloop
  endfacet
  facet normal 0.0831686 0.0444532 0.995544
    outer loop
      vertex 74.3018 47.2685 6
      vertex 94.4806 63.0347 3.61025
      vertex 73.1358 49.45 6
    endloop
  endfacet
  facet normal 0.0832201 0.044375 0.995543
    outer loop
      vertex 99.9312 66.5037 3
      vertex 96.9482 64.6052 3.33398
      vertex 96.95 64.55 3.33629
    endloop
  endfacet
  facet normal 0.0831454 0.0444891 0.995544
    outer loop
      vertex 96.9464 64.4388 3.34156
      vertex 99.9312 66.5037 3
      vertex 96.95 64.55 3.33629
    endloop
  endfacet
  facet normal 0.0831276 0.0445149 0.995544
    outer loop
      vertex 96.9355 64.3281 3.34742
      vertex 99.9312 66.5037 3
      vertex 96.9464 64.4388 3.34156
    endloop
  endfacet
  facet normal 0.0832618 0.0443297 0.995541
    outer loop
      vertex 99.9312 66.5037 3
      vertex 96.9355 64.3281 3.34742
      vertex 96.9217 64.2451 3.35227
    endloop
  endfacet
  facet normal 0.77298 0.63443 0
    outer loop
      vertex 99.3101 67.5026 3
      vertex 99.061 67.8061 0
      vertex 99.061 67.8061 3
    endloop
  endfacet
  facet normal 0.77298 0.63443 0
    outer loop
      vertex 99.061 67.8061 0
      vertex 99.3101 67.5026 3
      vertex 99.3101 67.5026 0
    endloop
  endfacet
  facet normal 0.0512726 0.219896 0.974175
    outer loop
      vertex 95.7205 69.7347 3
      vertex 47.7744 67.6237 6
      vertex 50.1834 67.062 6
    endloop
  endfacet
  facet normal 0 1 -0
    outer loop
      vertex 94.55 69.85 0
      vertex 2.51999 69.85 3
      vertex 94.55 69.85 3
    endloop
  endfacet
  facet normal 0 1 0
    outer loop
      vertex 2.51999 69.85 3
      vertex 94.55 69.85 0
      vertex 2.51999 69.85 0
    endloop
  endfacet
  facet normal 0.0328569 0.99946 -0
    outer loop
      vertex 94.9424 69.8371 0
      vertex 94.55 69.85 3
      vertex 94.9424 69.8371 3
    endloop
  endfacet
  facet normal 0.0328569 0.99946 0
    outer loop
      vertex 94.55 69.85 3
      vertex 94.9424 69.8371 0
      vertex 94.55 69.85 0
    endloop
  endfacet
  facet normal 0.0586525 0.12939 0.989858
    outer loop
      vertex 96.8461 69.3933 3
      vertex 54.8654 65.4726 6
      vertex 97.2037 69.2312 3
    endloop
  endfacet
  facet normal 0.0961581 0.0291776 0.994938
    outer loop
      vertex 100.232 65.7786 3
      vertex 76.194 42.7004 6
      vertex 100.346 65.4029 3
    endloop
  endfacet
  facet normal 0.0911203 0.0344646 0.995243
    outer loop
      vertex 100.093 66.1461 3
      vertex 76.194 42.7004 6
      vertex 100.232 65.7786 3
    endloop
  endfacet
  facet normal 0.911081 0.412228 0
    outer loop
      vertex 100.093 66.1461 3
      vertex 99.9312 66.5037 0
      vertex 99.9312 66.5037 3
    endloop
  endfacet
  facet normal 0.911081 0.412228 0
    outer loop
      vertex 99.9312 66.5037 0
      vertex 100.093 66.1461 3
      vertex 100.093 66.1461 0
    endloop
  endfacet
  facet normal 0.973969 0.226682 0
    outer loop
      vertex 100.435 65.0205 3
      vertex 100.346 65.4029 0
      vertex 100.346 65.4029 3
    endloop
  endfacet
  facet normal 0.973969 0.226682 0
    outer loop
      vertex 100.346 65.4029 0
      vertex 100.435 65.0205 3
      vertex 100.435 65.0205 0
    endloop
  endfacet
  facet normal 0.986627 0.162995 0
    outer loop
      vertex 100.499 64.6331 3
      vertex 100.435 65.0205 0
      vertex 100.435 65.0205 3
    endloop
  endfacet
  facet normal 0.986627 0.162995 0
    outer loop
      vertex 100.435 65.0205 0
      vertex 100.499 64.6331 3
      vertex 100.499 64.6331 0
    endloop
  endfacet
  facet normal 0.412736 -0.910851 0
    outer loop
      vertex 96.8461 -8.29327 0
      vertex 97.2037 -8.13123 3
      vertex 96.8461 -8.29327 3
    endloop
  endfacet
  facet normal 0.412736 -0.910851 0
    outer loop
      vertex 97.2037 -8.13123 3
      vertex 96.8461 -8.29327 0
      vertex 97.2037 -8.13123 0
    endloop
  endfacet
  facet normal 0.0402426 -0.408384 0.911923
    outer loop
      vertex 95.3331 -8.69865 3
      vertex 45.3339 -6.92662 6
      vertex 94.9424 -8.73715 3
    endloop
  endfacet
  facet normal 0.0980661 -0.99518 0
    outer loop
      vertex 94.9424 -8.73715 0
      vertex 95.3331 -8.69865 3
      vertex 94.9424 -8.73715 3
    endloop
  endfacet
  facet normal 0.0980661 -0.99518 0
    outer loop
      vertex 95.3331 -8.69865 3
      vertex 94.9424 -8.73715 0
      vertex 95.3331 -8.69865 0
    endloop
  endfacet
  facet normal 0.0327297 -0.999464 0
    outer loop
      vertex 94.55 -8.75 0
      vertex 94.9424 -8.73715 3
      vertex 94.55 -8.75 3
    endloop
  endfacet
  facet normal 0.0327297 -0.999464 0
    outer loop
      vertex 94.9424 -8.73715 3
      vertex 94.55 -8.75 0
      vertex 94.9424 -8.73715 0
    endloop
  endfacet
  facet normal -0.812838 -0.58249 0
    outer loop
      vertex -2.24011 -6.40256 0
      vertex -2.46881 -6.08342 3
      vertex -2.46881 -6.08342 0
    endloop
  endfacet
  facet normal -0.812838 -0.58249 0
    outer loop
      vertex -2.46881 -6.08342 3
      vertex -2.24011 -6.40256 0
      vertex -2.24011 -6.40256 3
    endloop
  endfacet
  facet normal -0.471389 -0.881926 0
    outer loop
      vertex -0.479996 -7.94615 0
      vertex -0.133728 -8.13123 3
      vertex -0.479996 -7.94615 3
    endloop
  endfacet
  facet normal -0.471389 -0.881926 -0
    outer loop
      vertex -0.133728 -8.13123 3
      vertex -0.479996 -7.94615 0
      vertex -0.133728 -8.13123 0
    endloop
  endfacet
  facet normal -0.0241644 -0.738158 0.674195
    outer loop
      vertex 37.9278 -7.16907 6
      vertex 2.51999 -8.75 3
      vertex 40.4 -7.25 6
    endloop
  endfacet
  facet normal 0 -0.894427 0.447214
    outer loop
      vertex 40.4 -7.25 6
      vertex 2.51999 -8.75 3
      vertex 94.55 -8.75 3
    endloop
  endfacet
  facet normal -0.0808238 -0.214742 0.973321
    outer loop
      vertex 25.9346 -4.37265 6
      vertex 0.591354 -8.43158 3
      vertex 28.2496 -5.24396 6
    endloop
  endfacet
  facet normal -0.162883 -0.986645 0
    outer loop
      vertex 1.34946 -8.6347 0
      vertex 1.73683 -8.69865 3
      vertex 1.34946 -8.6347 3
    endloop
  endfacet
  facet normal -0.162883 -0.986645 -0
    outer loop
      vertex 1.73683 -8.69865 3
      vertex 1.34946 -8.6347 0
      vertex 1.73683 -8.69865 0
    endloop
  endfacet
  facet normal 0.0472718 -0.286312 0.956969
    outer loop
      vertex 47.7744 -6.52368 6
      vertex 45.3339 -6.92662 6
      vertex 95.7205 -8.6347 3
    endloop
  endfacet
  facet normal 0.0512722 -0.219902 0.974174
    outer loop
      vertex 50.1834 -5.962 6
      vertex 47.7744 -6.52368 6
      vertex 95.7205 -8.6347 3
    endloop
  endfacet
  facet normal 0.0512708 -0.219921 0.974169
    outer loop
      vertex 96.1029 -8.54555 3
      vertex 50.1834 -5.962 6
      vertex 95.7205 -8.6347 3
    endloop
  endfacet
  facet normal 0.0565125 -0.150158 0.987046
    outer loop
      vertex 96.8461 -8.29327 3
      vertex 52.5504 -5.24396 6
      vertex 96.4786 -8.43158 3
    endloop
  endfacet
  facet normal -0.0980537 -0.995181 0
    outer loop
      vertex 1.73683 -8.69865 0
      vertex 2.12758 -8.73715 3
      vertex 1.73683 -8.69865 3
    endloop
  endfacet
  facet normal -0.0980537 -0.995181 -0
    outer loop
      vertex 2.12758 -8.73715 3
      vertex 1.73683 -8.69865 0
      vertex 2.12758 -8.73715 0
    endloop
  endfacet
  facet normal -0.109911 -0.117347 0.98699
    outer loop
      vertex 3.50926 -3.63328 3.98203
      vertex 15.4767 2.13046 6
      vertex 13.6714 3.82136 6
    endloop
  endfacet
  facet normal -0.109959 -0.11725 0.986996
    outer loop
      vertex 3.50546 -3.67189 3.97702
      vertex 15.4767 2.13046 6
      vertex 3.50926 -3.63328 3.98203
    endloop
  endfacet
  facet normal -0.109905 -0.117359 0.986989
    outer loop
      vertex 3.48733 -3.78165 3.96195
      vertex 15.4767 2.13046 6
      vertex 3.50546 -3.67189 3.97702
    endloop
  endfacet
  facet normal -0.10988 -0.117409 0.986986
    outer loop
      vertex 3.46207 -3.88999 3.94625
      vertex 15.4767 2.13046 6
      vertex 3.48733 -3.78165 3.96195
    endloop
  endfacet
  facet normal -0.10993 -0.117312 0.986992
    outer loop
      vertex 3.42978 -3.99645 3.93
      vertex 15.4767 2.13046 6
      vertex 3.46207 -3.88999 3.94625
    endloop
  endfacet
  facet normal -0.109925 -0.117321 0.986992
    outer loop
      vertex 3.39059 -4.10056 3.91326
      vertex 15.4767 2.13046 6
      vertex 3.42978 -3.99645 3.93
    endloop
  endfacet
  facet normal -0.109912 -0.117346 0.98699
    outer loop
      vertex 3.34468 -4.20189 3.8961
      vertex 15.4767 2.13046 6
      vertex 3.39059 -4.10056 3.91326
    endloop
  endfacet
  facet normal -0.10987 -0.117425 0.986985
    outer loop
      vertex 3.29224 -4.3 3.87859
      vertex 15.4767 2.13046 6
      vertex 3.34468 -4.20189 3.8961
    endloop
  endfacet
  facet normal -0.109938 -0.117297 0.986993
    outer loop
      vertex 3.2335 -4.39447 3.86082
      vertex 15.4767 2.13046 6
      vertex 3.29224 -4.3 3.87859
    endloop
  endfacet
  facet normal -0.109878 -0.117408 0.986986
    outer loop
      vertex 3.1687 -4.48489 3.84285
      vertex 15.4767 2.13046 6
      vertex 3.2335 -4.39447 3.86082
    endloop
  endfacet
  facet normal -0.109952 -0.117274 0.986994
    outer loop
      vertex 3.09813 -4.57089 3.82477
      vertex 15.4767 2.13046 6
      vertex 3.1687 -4.48489 3.84285
    endloop
  endfacet
  facet normal -0.109938 -0.1173 0.986993
    outer loop
      vertex 3.02208 -4.65208 3.80665
      vertex 15.4767 2.13046 6
      vertex 3.09813 -4.57089 3.82477
    endloop
  endfacet
  facet normal -0.109795 -0.117556 0.986978
    outer loop
      vertex 2.94089 -4.72813 3.78856
      vertex 15.4767 2.13046 6
      vertex 3.02208 -4.65208 3.80665
    endloop
  endfacet
  facet normal -0.110083 -0.11704 0.987007
    outer loop
      vertex 2.85489 -4.7987 3.7706
      vertex 15.4767 2.13046 6
      vertex 2.94089 -4.72813 3.78856
    endloop
  endfacet
  facet normal -0.109676 -0.117767 0.986966
    outer loop
      vertex 2.76447 -4.8635 3.75282
      vertex 15.4767 2.13046 6
      vertex 2.85489 -4.7987 3.7706
    endloop
  endfacet
  facet normal -0.110241 -0.116759 0.987023
    outer loop
      vertex 2.67 -4.92224 3.73532
      vertex 15.4767 2.13046 6
      vertex 2.76447 -4.8635 3.75282
    endloop
  endfacet
  facet normal -0.109917 -0.117338 0.98699
    outer loop
      vertex 2.67 -4.92224 3.73532
      vertex -1.43607 -7.26103 3
      vertex 15.4767 2.13046 6
    endloop
  endfacet
  facet normal -0.109857 -0.117441 0.986985
    outer loop
      vertex 2.57189 -4.97468 3.71816
      vertex -1.43607 -7.26103 3
      vertex 2.67 -4.92224 3.73532
    endloop
  endfacet
  facet normal -0.10979 -0.117557 0.986979
    outer loop
      vertex 2.47056 -5.02059 3.70142
      vertex -1.43607 -7.26103 3
      vertex 2.57189 -4.97468 3.71816
    endloop
  endfacet
  facet normal -0.110101 -0.117023 0.987007
    outer loop
      vertex 2.36645 -5.05978 3.68516
      vertex -1.43607 -7.26103 3
      vertex 2.47056 -5.02059 3.70142
    endloop
  endfacet
  facet normal -0.109824 -0.117493 0.986982
    outer loop
      vertex 2.25999 -5.09207 3.66947
      vertex -1.43607 -7.26103 3
      vertex 2.36645 -5.05978 3.68516
    endloop
  endfacet
  facet normal -0.109942 -0.117296 0.986993
    outer loop
      vertex 2.15165 -5.11733 3.6544
      vertex -1.43607 -7.26103 3
      vertex 2.25999 -5.09207 3.66947
    endloop
  endfacet
  facet normal -0.109931 -0.117314 0.986992
    outer loop
      vertex 2.04189 -5.13546 3.64002
      vertex -1.43607 -7.26103 3
      vertex 2.15165 -5.11733 3.6544
    endloop
  endfacet
  facet normal -0.109862 -0.117425 0.986986
    outer loop
      vertex 1.93118 -5.14636 3.6264
      vertex -1.43607 -7.26103 3
      vertex 2.04189 -5.13546 3.64002
    endloop
  endfacet
  facet normal -0.109875 -0.117404 0.986987
    outer loop
      vertex 1.82 -5.15 3.61359
      vertex -1.43607 -7.26103 3
      vertex 1.93118 -5.14636 3.6264
    endloop
  endfacet
  facet normal -0.109917 -0.117341 0.98699
    outer loop
      vertex 1.70881 -5.14636 3.60164
      vertex -1.43607 -7.26103 3
      vertex 1.82 -5.15 3.61359
    endloop
  endfacet
  facet normal -0.109977 -0.117252 0.986994
    outer loop
      vertex 1.59811 -5.13546 3.5906
      vertex -1.43607 -7.26103 3
      vertex 1.70881 -5.14636 3.60164
    endloop
  endfacet
  facet normal -0.109857 -0.117422 0.986987
    outer loop
      vertex 1.48835 -5.11733 3.58054
      vertex -1.43607 -7.26103 3
      vertex 1.59811 -5.13546 3.5906
    endloop
  endfacet
  facet normal -0.111061 -0.115794 0.987045
    outer loop
      vertex -1.43607 -7.26103 3
      vertex 1.48835 -5.11733 3.58054
      vertex 1.48672 -5.11696 3.5804
    endloop
  endfacet
  facet normal -0.12295 -0.100873 0.987273
    outer loop
      vertex 0.471299 -4.48489 3.53359
      vertex -1.99103 -6.70607 3
      vertex 0.493976 -4.51253 3.53359
    endloop
  endfacet
  facet normal -0.122943 -0.10088 0.987273
    outer loop
      vertex 0.406501 -4.39447 3.53476
      vertex -1.99103 -6.70607 3
      vertex 0.471299 -4.48489 3.53359
    endloop
  endfacet
  facet normal -0.122928 -0.100896 0.987273
    outer loop
      vertex 0.347756 -4.3 3.5371
      vertex -1.99103 -6.70607 3
      vertex 0.406501 -4.39447 3.53476
    endloop
  endfacet
  facet normal -0.122975 -0.10085 0.987272
    outer loop
      vertex 0.295316 -4.20189 3.54059
      vertex -1.99103 -6.70607 3
      vertex 0.347756 -4.3 3.5371
    endloop
  endfacet
  facet normal -0.122914 -0.100905 0.987274
    outer loop
      vertex -1.99103 -6.70607 3
      vertex 0.295316 -4.20189 3.54059
      vertex 0.259004 -4.12175 3.54426
    endloop
  endfacet
  facet normal -0.122931 -0.100892 0.987273
    outer loop
      vertex 2.85489 -2.1013 4.07397
      vertex 11.9805 5.62673 6
      vertex 10.4112 7.53882 6
    endloop
  endfacet
  facet normal -0.123157 -0.100635 0.987271
    outer loop
      vertex 11.9805 5.62673 6
      vertex 3.02208 -2.24792 4.0798
      vertex 3.03901 -2.26599 4.08007
    endloop
  endfacet
  facet normal -0.122886 -0.100944 0.987274
    outer loop
      vertex 11.9805 5.62673 6
      vertex 2.94089 -2.17187 4.07747
      vertex 3.02208 -2.24792 4.0798
    endloop
  endfacet
  facet normal -0.122951 -0.100869 0.987273
    outer loop
      vertex 11.9805 5.62673 6
      vertex 2.85489 -2.1013 4.07397
      vertex 2.94089 -2.17187 4.07747
    endloop
  endfacet
  facet normal -0.122955 -0.100874 0.987272
    outer loop
      vertex 10.4112 7.53882 6
      vertex 2.76447 -2.0365 4.06933
      vertex 2.85489 -2.1013 4.07397
    endloop
  endfacet
  facet normal -0.12293 -0.100894 0.987273
    outer loop
      vertex 10.4112 7.53882 6
      vertex 2.67 -1.97776 4.06357
      vertex 2.76447 -2.0365 4.06933
    endloop
  endfacet
  facet normal -0.12295 -0.100877 0.987273
    outer loop
      vertex 10.4112 7.53882 6
      vertex 2.57189 -1.92532 4.05671
      vertex 2.67 -1.97776 4.06357
    endloop
  endfacet
  facet normal -0.1229 -0.100919 0.987275
    outer loop
      vertex 10.4112 7.53882 6
      vertex 2.47056 -1.8794 4.04879
      vertex 2.57189 -1.92532 4.05671
    endloop
  endfacet
  facet normal -0.122935 -0.100889 0.987273
    outer loop
      vertex 10.4112 7.53882 6
      vertex 2.36645 -1.84022 4.03983
      vertex 2.47056 -1.8794 4.04879
    endloop
  endfacet
  facet normal -0.122983 -0.100848 0.987271
    outer loop
      vertex 2.36645 -1.84022 4.03983
      vertex 10.4112 7.53882 6
      vertex 2.2707 -1.81117 4.03087
    endloop
  endfacet
  facet normal -0.956952 -0.290246 0
    outer loop
      vertex -3.16158 -4.67863 0
      vertex -3.27554 -4.3029 3
      vertex -3.27554 -4.3029 0
    endloop
  endfacet
  facet normal -0.956952 -0.290246 0
    outer loop
      vertex -3.27554 -4.3029 3
      vertex -3.16158 -4.67863 0
      vertex -3.16158 -4.67863 3
    endloop
  endfacet
  facet normal -0.224401 -0.0523252 0.973091
    outer loop
      vertex 3.888 20.7666 6
      vertex -3.3647 -3.92053 3
      vertex -3.27554 -4.3029 3
    endloop
  endfacet
  facet normal -0.198707 -0.0602788 0.978203
    outer loop
      vertex 3.888 20.7666 6
      vertex -3.16158 -4.67863 3
      vertex 4.60604 18.3996 6
    endloop
  endfacet
  facet normal -0.150502 -0.0804448 0.985331
    outer loop
      vertex 6.49821 13.8315 6
      vertex -2.67615 -5.75 3
      vertex 7.66424 11.65 6
    endloop
  endfacet
  facet normal -0.881943 -0.471356 0
    outer loop
      vertex -2.67615 -5.75 0
      vertex -2.86122 -5.40372 3
      vertex -2.86122 -5.40372 0
    endloop
  endfacet
  facet normal -0.881943 -0.471356 0
    outer loop
      vertex -2.86122 -5.40372 3
      vertex -2.67615 -5.75 0
      vertex -2.67615 -5.75 3
    endloop
  endfacet
  facet normal -0.91085 -0.412738 0
    outer loop
      vertex -2.86122 -5.40372 0
      vertex -3.02327 -5.0461 3
      vertex -3.02327 -5.0461 0
    endloop
  endfacet
  facet normal -0.91085 -0.412738 0
    outer loop
      vertex -3.02327 -5.0461 3
      vertex -2.86122 -5.40372 0
      vertex -2.86122 -5.40372 3
    endloop
  endfacet
  facet normal -0.973879 0.227069 0
    outer loop
      vertex -3.3647 65.0205 0
      vertex -3.27554 65.4029 3
      vertex -3.27554 65.4029 0
    endloop
  endfacet
  facet normal -0.973879 0.227069 0
    outer loop
      vertex -3.27554 65.4029 3
      vertex -3.3647 65.0205 0
      vertex -3.3647 65.0205 3
    endloop
  endfacet
  facet normal 0.126885 0.00420362 0.991909
    outer loop
      vertex 100.537 64.2424 3
      vertex 78.1191 33.0222 6
      vertex 100.55 63.85 3
    endloop
  endfacet
  facet normal 0.108672 0.0179531 0.993915
    outer loop
      vertex 100.435 65.0205 3
      vertex 77.8766 35.4839 6
      vertex 100.499 64.6331 3
    endloop
  endfacet
  facet normal 0.0714382 -0.066911 0.995198
    outer loop
      vertex 99.061 -6.70607 3
      vertex 67.1286 3.82136 6
      vertex 98.7926 -6.99263 3
    endloop
  endfacet
  facet normal 0.0690775 -0.0737358 0.994883
    outer loop
      vertex 98.7926 -6.99263 3
      vertex 67.1286 3.82136 6
      vertex 98.5061 -7.26103 3
    endloop
  endfacet
  facet normal 0.0739836 -0.0607202 0.995409
    outer loop
      vertex 68.8195 5.62673 6
      vertex 93.6478 -4.0167 3.56639
      vertex 70.3888 7.53882 6
    endloop
  endfacet
  facet normal 0.0739518 -0.0608015 0.995407
    outer loop
      vertex 93.6478 -4.0167 3.56639
      vertex 68.8195 5.62673 6
      vertex 93.6794 -4.10056 3.55892
    endloop
  endfacet
  facet normal 0.0739964 -0.0606883 0.99541
    outer loop
      vertex 93.6794 -4.10056 3.55892
      vertex 68.8195 5.62673 6
      vertex 93.7253 -4.20189 3.54933
    endloop
  endfacet
  facet normal 0.0740184 -0.060633 0.995412
    outer loop
      vertex 93.7253 -4.20189 3.54933
      vertex 68.8195 5.62673 6
      vertex 93.7778 -4.3 3.53945
    endloop
  endfacet
  facet normal 0.0739585 -0.0607824 0.995407
    outer loop
      vertex 93.7778 -4.3 3.53945
      vertex 68.8195 5.62673 6
      vertex 93.8365 -4.39447 3.52932
    endloop
  endfacet
  facet normal 0.0739954 -0.0606911 0.99541
    outer loop
      vertex 93.8365 -4.39447 3.52932
      vertex 68.8195 5.62673 6
      vertex 93.9013 -4.48489 3.51899
    endloop
  endfacet
  facet normal 0.074007 -0.0606624 0.995411
    outer loop
      vertex 93.9013 -4.48489 3.51899
      vertex 68.8195 5.62673 6
      vertex 93.9719 -4.57089 3.5085
    endloop
  endfacet
  facet normal 0.0739132 -0.0608922 0.995404
    outer loop
      vertex 93.9719 -4.57089 3.5085
      vertex 68.8195 5.62673 6
      vertex 94.0479 -4.65208 3.49789
    endloop
  endfacet
  facet normal 0.074029 -0.0606099 0.995413
    outer loop
      vertex 94.0479 -4.65208 3.49789
      vertex 68.8195 5.62673 6
      vertex 94.066 -4.66906 3.49551
    endloop
  endfacet
  facet normal 0.0740388 -0.0606097 0.995412
    outer loop
      vertex 95.69 -5.09207 3.34901
      vertex 99.061 -6.70607 3
      vertex 95.766 -5.06903 3.34476
    endloop
  endfacet
  facet normal 0.0739474 -0.0607995 0.995407
    outer loop
      vertex 95.5816 -5.11733 3.35552
      vertex 99.061 -6.70607 3
      vertex 95.69 -5.09207 3.34901
    endloop
  endfacet
  facet normal 0.0740004 -0.0606841 0.99541
    outer loop
      vertex 95.4719 -5.13546 3.36257
      vertex 99.061 -6.70607 3
      vertex 95.5816 -5.11733 3.35552
    endloop
  endfacet
  facet normal 0.0739627 -0.0607697 0.995408
    outer loop
      vertex 95.3612 -5.14636 3.37013
      vertex 99.061 -6.70607 3
      vertex 95.4719 -5.13546 3.36257
    endloop
  endfacet
  facet normal 0.0740431 -0.0605803 0.995413
    outer loop
      vertex 95.25 -5.15 3.37818
      vertex 99.061 -6.70607 3
      vertex 95.3612 -5.14636 3.37013
    endloop
  endfacet
  facet normal 0.0735479 -0.061784 0.995376
    outer loop
      vertex 99.061 -6.70607 3
      vertex 95.25 -5.15 3.37818
      vertex 95.245 -5.14983 3.37856
    endloop
  endfacet
  facet normal 0.0912383 -0.0343434 0.995237
    outer loop
      vertex 76.194 18.3996 6
      vertex 75.3226 16.0846 6
      vertex 100.093 -5.0461 3
    endloop
  endfacet
  facet normal 0.101934 -0.0237261 0.994508
    outer loop
      vertex 100.435 -3.92053 3
      vertex 76.912 20.7666 6
      vertex 100.346 -4.3029 3
    endloop
  endfacet
  facet normal 0.101899 -0.0237596 0.994511
    outer loop
      vertex 77.4737 23.1756 6
      vertex 76.912 20.7666 6
      vertex 100.435 -3.92053 3
    endloop
  endfacet
  facet normal 0.0626941 -0.100816 0.992928
    outer loop
      vertex 97.8834 -7.73882 3
      vertex 61.4006 -0.879551 6
      vertex 97.55 -7.94615 3
    endloop
  endfacet
  facet normal -0.935912 0.352234 0
    outer loop
      vertex -3.16158 65.7786 0
      vertex -3.02327 66.1461 3
      vertex -3.02327 66.1461 0
    endloop
  endfacet
  facet normal -0.935912 0.352234 0
    outer loop
      vertex -3.02327 66.1461 3
      vertex -3.16158 65.7786 0
      vertex -3.16158 65.7786 3
    endloop
  endfacet
  facet normal -0.178965 0.0673582 0.981547
    outer loop
      vertex 5.47735 45.0154 6
      vertex -3.16158 65.7786 3
      vertex 4.60604 42.7004 6
    endloop
  endfacet
  facet normal -0.116283 0.108439 0.987279
    outer loop
      vertex -1.72263 68.0926 3
      vertex 0.699112 65.8281 3.53396
      vertex 0.718804 65.8443 3.5345
    endloop
  endfacet
  facet normal -0.116006 0.108735 0.987279
    outer loop
      vertex -1.72263 68.0926 3
      vertex 0.617918 65.7521 3.53279
      vertex 0.699112 65.8281 3.53396
    endloop
  endfacet
  facet normal -0.116054 0.108687 0.987278
    outer loop
      vertex -1.72263 68.0926 3
      vertex 0.541872 65.6709 3.53279
      vertex 0.617918 65.7521 3.53279
    endloop
  endfacet
  facet normal -0.116035 0.108705 0.987279
    outer loop
      vertex -1.99103 67.8061 3
      vertex 0.541872 65.6709 3.53279
      vertex -1.72263 68.0926 3
    endloop
  endfacet
  facet normal -0.11604 0.108699 0.987279
    outer loop
      vertex 0.541872 65.6709 3.53279
      vertex -1.99103 67.8061 3
      vertex 0.493973 65.6125 3.53359
    endloop
  endfacet
  facet normal -0.116146 0.108584 0.987279
    outer loop
      vertex 3.1687 63.5151 4.07889
      vertex 11.9805 55.4733 6
      vertex 3.20023 63.5591 4.07776
    endloop
  endfacet
  facet normal -0.116066 0.108673 0.987279
    outer loop
      vertex 3.09813 63.4291 4.08006
      vertex 11.9805 55.4733 6
      vertex 3.1687 63.5151 4.07889
    endloop
  endfacet
  facet normal -0.11603 0.108712 0.987278
    outer loop
      vertex 11.9805 55.4733 6
      vertex 3.09813 63.4291 4.08006
      vertex 3.03901 63.366 4.08006
    endloop
  endfacet
  facet normal -0.729783 0.683678 0
    outer loop
      vertex -1.99103 67.8061 0
      vertex -1.72263 68.0926 3
      vertex -1.72263 68.0926 0
    endloop
  endfacet
  facet normal -0.729783 0.683678 0
    outer loop
      vertex -1.72263 68.0926 3
      vertex -1.99103 67.8061 0
      vertex -1.99103 67.8061 3
    endloop
  endfacet
  facet normal -0.116074 0.108654 0.98728
    outer loop
      vertex 3.50546 64.3281 4.02897
      vertex 13.6714 57.2786 6
      vertex 3.51392 64.4141 4.0205
    endloop
  endfacet
  facet normal -0.116031 0.108715 0.987278
    outer loop
      vertex 3.48733 64.2183 4.03893
      vertex 13.6714 57.2786 6
      vertex 3.50546 64.3281 4.02897
    endloop
  endfacet
  facet normal -0.116068 0.108661 0.98728
    outer loop
      vertex 3.46207 64.11 4.04788
      vertex 13.6714 57.2786 6
      vertex 3.48733 64.2183 4.03893
    endloop
  endfacet
  facet normal -0.115987 0.108781 0.987276
    outer loop
      vertex 3.42978 64.0036 4.05581
      vertex 13.6714 57.2786 6
      vertex 3.46207 64.11 4.04788
    endloop
  endfacet
  facet normal -0.116123 0.108577 0.987282
    outer loop
      vertex 3.39059 63.8994 4.06266
      vertex 13.6714 57.2786 6
      vertex 3.42978 64.0036 4.05581
    endloop
  endfacet
  facet normal -0.116028 0.108722 0.987278
    outer loop
      vertex 3.34468 63.7981 4.06842
      vertex 13.6714 57.2786 6
      vertex 3.39059 63.8994 4.06266
    endloop
  endfacet
  facet normal -0.116029 0.108721 0.987278
    outer loop
      vertex 3.29224 63.7 4.07306
      vertex 13.6714 57.2786 6
      vertex 3.34468 63.7981 4.06842
    endloop
  endfacet
  facet normal -0.116047 0.108693 0.987279
    outer loop
      vertex 13.6714 57.2786 6
      vertex 3.29224 63.7 4.07306
      vertex 11.9805 55.4733 6
    endloop
  endfacet
  facet normal -0.116105 0.108631 0.987279
    outer loop
      vertex 3.2335 63.6055 4.07655
      vertex 11.9805 55.4733 6
      vertex 3.29224 63.7 4.07306
    endloop
  endfacet
  facet normal -0.115901 0.10885 0.987278
    outer loop
      vertex 11.9805 55.4733 6
      vertex 3.2335 63.6055 4.07655
      vertex 3.20023 63.5591 4.07776
    endloop
  endfacet
  facet normal -0.116016 0.108729 0.987278
    outer loop
      vertex 0.785105 65.8987 3.5363
      vertex -1.72263 68.0926 3
      vertex 0.718804 65.8443 3.5345
    endloop
  endfacet
  facet normal -0.116079 0.108657 0.987279
    outer loop
      vertex 0.87553 65.9635 3.5398
      vertex -1.72263 68.0926 3
      vertex 0.785105 65.8987 3.5363
    endloop
  endfacet
  facet normal -0.115979 0.108779 0.987277
    outer loop
      vertex 0.969999 66.0222 3.54443
      vertex -1.72263 68.0926 3
      vertex 0.87553 65.9635 3.5398
    endloop
  endfacet
  facet normal -0.116092 0.108632 0.98728
    outer loop
      vertex 1.06811 66.0747 3.55019
      vertex -1.72263 68.0926 3
      vertex 0.969999 66.0222 3.54443
    endloop
  endfacet
  facet normal -0.116011 0.108744 0.987277
    outer loop
      vertex -1.72263 68.0926 3
      vertex 1.06811 66.0747 3.55019
      vertex 1.11788 66.0972 3.55356
    endloop
  endfacet
  facet normal -0.812889 0.582418 0
    outer loop
      vertex -2.46881 67.1834 0
      vertex -2.24011 67.5026 3
      vertex -2.24011 67.5026 0
    endloop
  endfacet
  facet normal -0.812889 0.582418 0
    outer loop
      vertex -2.24011 67.5026 3
      vertex -2.46881 67.1834 0
      vertex -2.46881 67.1834 3
    endloop
  endfacet
  facet normal -0.109911 0.117347 0.98699
    outer loop
      vertex 15.4767 58.9695 6
      vertex 3.50926 64.7333 3.98203
      vertex 13.6714 57.2786 6
    endloop
  endfacet
  facet normal -0.109943 0.117281 0.986994
    outer loop
      vertex 15.4767 58.9695 6
      vertex 3.50546 64.7719 3.97702
      vertex 3.50926 64.7333 3.98203
    endloop
  endfacet
  facet normal -0.109927 0.117313 0.986992
    outer loop
      vertex 15.4767 58.9695 6
      vertex 3.48733 64.8817 3.96195
      vertex 3.50546 64.7719 3.97702
    endloop
  endfacet
  facet normal -0.109906 0.117356 0.98699
    outer loop
      vertex 15.4767 58.9695 6
      vertex 3.46207 64.99 3.94626
      vertex 3.48733 64.8817 3.96195
    endloop
  endfacet
  facet normal -0.109899 0.117369 0.986989
    outer loop
      vertex 15.4767 58.9695 6
      vertex 3.42978 65.0965 3.93
      vertex 3.46207 64.99 3.94626
    endloop
  endfacet
  facet normal -0.109917 0.117335 0.986991
    outer loop
      vertex 15.4767 58.9695 6
      vertex 3.39059 65.2006 3.91326
      vertex 3.42978 65.0965 3.93
    endloop
  endfacet
  facet normal -0.109887 0.117392 0.986987
    outer loop
      vertex 15.4767 58.9695 6
      vertex 3.34468 65.3019 3.8961
      vertex 3.39059 65.2006 3.91326
    endloop
  endfacet
  facet normal -0.109861 0.117442 0.986984
    outer loop
      vertex 15.4767 58.9695 6
      vertex 3.29224 65.4 3.87859
      vertex 3.34468 65.3019 3.8961
    endloop
  endfacet
  facet normal -0.109967 0.117243 0.986996
    outer loop
      vertex 15.4767 58.9695 6
      vertex 3.2335 65.4945 3.86082
      vertex 3.29224 65.4 3.87859
    endloop
  endfacet
  facet normal -0.109855 0.11745 0.986984
    outer loop
      vertex 15.4767 58.9695 6
      vertex 3.1687 65.5849 3.84285
      vertex 3.2335 65.4945 3.86082
    endloop
  endfacet
  facet normal -0.109951 0.117275 0.986994
    outer loop
      vertex 15.4767 58.9695 6
      vertex 3.09813 65.6709 3.82477
      vertex 3.1687 65.5849 3.84285
    endloop
  endfacet
  facet normal -0.109953 0.117271 0.986994
    outer loop
      vertex 15.4767 58.9695 6
      vertex 3.02208 65.7521 3.80665
      vertex 3.09813 65.6709 3.82477
    endloop
  endfacet
  facet normal -0.109863 0.117433 0.986985
    outer loop
      vertex 15.4767 58.9695 6
      vertex 2.94089 65.8281 3.78857
      vertex 3.02208 65.7521 3.80665
    endloop
  endfacet
  facet normal -0.109931 0.117312 0.986992
    outer loop
      vertex 15.4767 58.9695 6
      vertex 2.85489 65.8987 3.7706
      vertex 2.94089 65.8281 3.78857
    endloop
  endfacet
  facet normal -0.109675 0.11777 0.986966
    outer loop
      vertex 15.4767 58.9695 6
      vertex 2.76447 65.9635 3.75282
      vertex 2.85489 65.8987 3.7706
    endloop
  endfacet
  facet normal -0.109851 0.117454 0.986984
    outer loop
      vertex 15.4767 58.9695 6
      vertex 2.67 66.0222 3.73532
      vertex 2.76447 65.9635 3.75282
    endloop
  endfacet
  facet normal -0.107595 0.120475 0.986868
    outer loop
      vertex 1.48835 66.2173 3.58054
      vertex -1.43607 68.361 3
      vertex 1.48673 66.217 3.5804
    endloop
  endfacet
  facet normal -0.109992 0.117239 0.986994
    outer loop
      vertex 1.59811 66.2355 3.59061
      vertex -1.43607 68.361 3
      vertex 1.48835 66.2173 3.58054
    endloop
  endfacet
  facet normal -0.109899 0.117371 0.986988
    outer loop
      vertex 1.70881 66.2464 3.60164
      vertex -1.43607 68.361 3
      vertex 1.59811 66.2355 3.59061
    endloop
  endfacet
  facet normal -0.109876 0.117404 0.986987
    outer loop
      vertex 1.82 66.25 3.61359
      vertex -1.43607 68.361 3
      vertex 1.70881 66.2464 3.60164
    endloop
  endfacet
  facet normal -0.10992 0.117337 0.98699
    outer loop
      vertex 1.93118 66.2464 3.6264
      vertex -1.43607 68.361 3
      vertex 1.82 66.25 3.61359
    endloop
  endfacet
  facet normal -0.109861 0.11743 0.986986
    outer loop
      vertex 2.04189 66.2355 3.64002
      vertex -1.43607 68.361 3
      vertex 1.93118 66.2464 3.6264
    endloop
  endfacet
  facet normal -0.109827 0.117486 0.986983
    outer loop
      vertex 2.15165 66.2173 3.6544
      vertex -1.43607 68.361 3
      vertex 2.04189 66.2355 3.64002
    endloop
  endfacet
  facet normal -0.110049 0.117119 0.987002
    outer loop
      vertex 2.25999 66.1921 3.66947
      vertex -1.43607 68.361 3
      vertex 2.15165 66.2173 3.6544
    endloop
  endfacet
  facet normal -0.109799 0.117538 0.98698
    outer loop
      vertex 2.36645 66.1598 3.68516
      vertex -1.43607 68.361 3
      vertex 2.25999 66.1921 3.66947
    endloop
  endfacet
  facet normal -0.110065 0.117086 0.987004
    outer loop
      vertex 2.47056 66.1206 3.70142
      vertex -1.43607 68.361 3
      vertex 2.36645 66.1598 3.68516
    endloop
  endfacet
  facet normal -0.109841 0.117471 0.986983
    outer loop
      vertex 2.57189 66.0747 3.71816
      vertex -1.43607 68.361 3
      vertex 2.47056 66.1206 3.70142
    endloop
  endfacet
  facet normal -0.108662 0.119502 0.98687
    outer loop
      vertex 2.67 66.0222 3.73532
      vertex -1.43607 68.361 3
      vertex 2.57189 66.0747 3.71816
    endloop
  endfacet
  facet normal -0.109925 0.117323 0.986991
    outer loop
      vertex -1.43607 68.361 3
      vertex 2.67 66.0222 3.73532
      vertex 15.4767 58.9695 6
    endloop
  endfacet
  facet normal -0.582473 0.81285 0
    outer loop
      vertex -0.813416 68.8388 0
      vertex -1.13257 68.6101 3
      vertex -0.813416 68.8388 3
    endloop
  endfacet
  facet normal -0.582473 0.81285 0
    outer loop
      vertex -1.13257 68.6101 3
      vertex -0.813416 68.8388 0
      vertex -1.13257 68.6101 0
    endloop
  endfacet
  facet normal 0.0767583 0.0549909 0.995532
    outer loop
      vertex 70.3888 53.5612 6
      vertex 93.55 64.55 3.60721
      vertex 93.5536 64.6612 3.60079
    endloop
  endfacet
  facet normal 0.0767411 0.0550268 0.995531
    outer loop
      vertex 70.3888 53.5612 6
      vertex 93.5536 64.6612 3.60079
      vertex 93.5605 64.731 3.5964
    endloop
  endfacet
  facet normal 0.0767533 0.0550015 0.995532
    outer loop
      vertex 93.55 64.55 3.60721
      vertex 70.3888 53.5612 6
      vertex 71.8296 51.5506 6
    endloop
  endfacet
  facet normal 0.076709 0.055077 0.995531
    outer loop
      vertex 93.5827 64.2183 3.62302
      vertex 71.8296 51.5506 6
      vertex 93.591 64.1827 3.62435
    endloop
  endfacet
  facet normal 0.0767198 0.0550586 0.995531
    outer loop
      vertex 93.5645 64.3281 3.61835
      vertex 71.8296 51.5506 6
      vertex 93.5827 64.2183 3.62302
    endloop
  endfacet
  facet normal 0.0767815 0.0549537 0.995532
    outer loop
      vertex 93.5536 64.4388 3.61308
      vertex 71.8296 51.5506 6
      vertex 93.5645 64.3281 3.61835
    endloop
  endfacet
  facet normal 0.0767326 0.055036 0.995532
    outer loop
      vertex 71.8296 51.5506 6
      vertex 93.5536 64.4388 3.61308
      vertex 93.55 64.55 3.60721
    endloop
  endfacet
  facet normal 0.076781 0.0549536 0.995532
    outer loop
      vertex 99.3101 67.5026 3
      vertex 96.3709 65.8281 3.31912
      vertex 96.3918 65.8085 3.31859
    endloop
  endfacet
  facet normal 0.0767541 0.0550007 0.995532
    outer loop
      vertex 99.3101 67.5026 3
      vertex 96.2849 65.8987 3.32185
      vertex 96.3709 65.8281 3.31912
    endloop
  endfacet
  facet normal 0.0767556 0.0549977 0.995532
    outer loop
      vertex 99.3101 67.5026 3
      vertex 96.1945 65.9635 3.32524
      vertex 96.2849 65.8987 3.32185
    endloop
  endfacet
  facet normal 0.0767075 0.0550947 0.99553
    outer loop
      vertex 96.1945 65.9635 3.32524
      vertex 99.3101 67.5026 3
      vertex 96.1608 65.9844 3.32668
    endloop
  endfacet
  facet normal 0.0740049 0.0606645 0.995411
    outer loop
      vertex 68.8195 55.4733 6
      vertex 93.5605 64.731 3.5964
      vertex 93.5645 64.7719 3.59361
    endloop
  endfacet
  facet normal 0.0740224 0.0606185 0.995413
    outer loop
      vertex 68.8195 55.4733 6
      vertex 93.5645 64.7719 3.59361
      vertex 93.5827 64.8817 3.58557
    endloop
  endfacet
  facet normal 0.0739422 0.0608278 0.995406
    outer loop
      vertex 68.8195 55.4733 6
      vertex 93.5827 64.8817 3.58557
      vertex 93.6079 64.99 3.57708
    endloop
  endfacet
  facet normal 0.0740134 0.0606439 0.995412
    outer loop
      vertex 68.8195 55.4733 6
      vertex 93.6079 64.99 3.57708
      vertex 93.6402 65.0965 3.56819
    endloop
  endfacet
  facet normal 0.0739995 0.0606794 0.995411
    outer loop
      vertex 68.8195 55.4733 6
      vertex 93.6402 65.0965 3.56819
      vertex 93.6794 65.2006 3.55893
    endloop
  endfacet
  facet normal 0.0739253 0.0608676 0.995405
    outer loop
      vertex 68.8195 55.4733 6
      vertex 93.6794 65.2006 3.55893
      vertex 93.7238 65.2986 3.54964
    endloop
  endfacet
  facet normal 0.0739839 0.0607201 0.995409
    outer loop
      vertex 93.5605 64.731 3.5964
      vertex 68.8195 55.4733 6
      vertex 70.3888 53.5612 6
    endloop
  endfacet
  facet normal 0.0739608 0.0607662 0.995408
    outer loop
      vertex 99.3101 67.5026 3
      vertex 96.1 66.0222 3.32889
      vertex 96.1608 65.9844 3.32668
    endloop
  endfacet
  facet normal 0.0739887 0.060706 0.99541
    outer loop
      vertex 99.3101 67.5026 3
      vertex 96.0019 66.0747 3.33298
      vertex 96.1 66.0222 3.32889
    endloop
  endfacet
  facet normal 0.0740351 0.0605992 0.995413
    outer loop
      vertex 99.3101 67.5026 3
      vertex 95.9006 66.1206 3.33772
      vertex 96.0019 66.0747 3.33298
    endloop
  endfacet
  facet normal 0.0739333 0.0608484 0.995405
    outer loop
      vertex 95.9006 66.1206 3.33772
      vertex 99.3101 67.5026 3
      vertex 95.8528 66.1386 3.34017
    endloop
  endfacet
  facet normal 0.0831761 0.0444414 0.995543
    outer loop
      vertex 94.4 63.0778 3.61506
      vertex 73.1358 49.45 6
      vertex 94.4806 63.0347 3.61025
    endloop
  endfacet
  facet normal 0.0831497 0.0444826 0.995544
    outer loop
      vertex 94.3055 63.1365 3.62033
      vertex 73.1358 49.45 6
      vertex 94.4 63.0778 3.61506
    endloop
  endfacet
  facet normal 0.0831758 0.0444422 0.995543
    outer loop
      vertex 94.2151 63.2013 3.62499
      vertex 73.1358 49.45 6
      vertex 94.3055 63.1365 3.62033
    endloop
  endfacet
  facet normal 0.0832086 0.0443918 0.995543
    outer loop
      vertex 73.1358 49.45 6
      vertex 94.2151 63.2013 3.62499
      vertex 94.1934 63.2191 3.62601
    endloop
  endfacet
  facet normal 0.0831682 0.044454 0.995544
    outer loop
      vertex 96.8933 64.9846 3.32162
      vertex 99.9312 66.5037 3
      vertex 99.7461 66.85 3
    endloop
  endfacet
  facet normal 0.083172 0.0444507 0.995543
    outer loop
      vertex 99.9312 66.5037 3
      vertex 96.9464 64.6612 3.33163
      vertex 96.9482 64.6052 3.33398
    endloop
  endfacet
  facet normal 0.0831829 0.044433 0.995543
    outer loop
      vertex 99.9312 66.5037 3
      vertex 96.9355 64.7719 3.3276
      vertex 96.9464 64.6612 3.33163
    endloop
  endfacet
  facet normal 0.0831345 0.0445168 0.995544
    outer loop
      vertex 99.9312 66.5037 3
      vertex 96.9173 64.8817 3.32421
      vertex 96.9355 64.7719 3.3276
    endloop
  endfacet
  facet normal 0.0831674 0.0444555 0.995544
    outer loop
      vertex 99.9312 66.5037 3
      vertex 96.8933 64.9846 3.32162
      vertex 96.9173 64.8817 3.32421
    endloop
  endfacet
  facet normal 0.881923 0.471394 0
    outer loop
      vertex 99.9312 66.5037 3
      vertex 99.7461 66.85 0
      vertex 99.7461 66.85 3
    endloop
  endfacet
  facet normal 0.881923 0.471394 0
    outer loop
      vertex 99.7461 66.85 0
      vertex 99.9312 66.5037 3
      vertex 99.9312 66.5037 0
    endloop
  endfacet
  facet normal 0.0766684 0.0551512 0.99553
    outer loop
      vertex 93.6794 63.8994 3.63318
      vertex 71.8296 51.5506 6
      vertex 93.6873 63.8821 3.63353
    endloop
  endfacet
  facet normal 0.0767739 0.0549649 0.995532
    outer loop
      vertex 93.6402 64.0036 3.63045
      vertex 71.8296 51.5506 6
      vertex 93.6794 63.8994 3.63318
    endloop
  endfacet
  facet normal 0.0767447 0.055016 0.995532
    outer loop
      vertex 93.6079 64.11 3.62706
      vertex 71.8296 51.5506 6
      vertex 93.6402 64.0036 3.63045
    endloop
  endfacet
  facet normal 0.0767782 0.054958 0.995532
    outer loop
      vertex 71.8296 51.5506 6
      vertex 93.6079 64.11 3.62706
      vertex 93.591 64.1827 3.62435
    endloop
  endfacet
  facet normal 0.0767564 0.0549943 0.995532
    outer loop
      vertex 99.3101 67.5026 3
      vertex 96.6294 65.542 3.31499
      vertex 99.5388 67.1834 3
    endloop
  endfacet
  facet normal 0.0767881 0.0549509 0.995532
    outer loop
      vertex 99.3101 67.5026 3
      vertex 96.5987 65.5849 3.31499
      vertex 96.6294 65.542 3.31499
    endloop
  endfacet
  facet normal 0.0767436 0.0550138 0.995532
    outer loop
      vertex 99.3101 67.5026 3
      vertex 96.5281 65.6709 3.31568
      vertex 96.5987 65.5849 3.31499
    endloop
  endfacet
  facet normal 0.076786 0.0549495 0.995532
    outer loop
      vertex 99.3101 67.5026 3
      vertex 96.4521 65.7521 3.31706
      vertex 96.5281 65.6709 3.31568
    endloop
  endfacet
  facet normal 0.0767342 0.0550339 0.995532
    outer loop
      vertex 96.4521 65.7521 3.31706
      vertex 99.3101 67.5026 3
      vertex 96.3918 65.8085 3.31859
    endloop
  endfacet
  facet normal 0.683678 0.729783 -0
    outer loop
      vertex 98.7926 68.0926 0
      vertex 98.5061 68.361 3
      vertex 98.7926 68.0926 3
    endloop
  endfacet
  facet normal 0.683678 0.729783 0
    outer loop
      vertex 98.5061 68.361 3
      vertex 98.7926 68.0926 0
      vertex 98.5061 68.361 0
    endloop
  endfacet
  facet normal 0.729783 0.683678 0
    outer loop
      vertex 99.061 67.8061 3
      vertex 98.7926 68.0926 0
      vertex 98.7926 68.0926 3
    endloop
  endfacet
  facet normal 0.729783 0.683678 0
    outer loop
      vertex 98.7926 68.0926 0
      vertex 99.061 67.8061 3
      vertex 99.061 67.8061 0
    endloop
  endfacet
  facet normal 0.0606819 0.113529 0.99168
    outer loop
      vertex 97.2037 69.2312 3
      vertex 59.3 63.2858 6
      vertex 97.55 69.0461 3
    endloop
  endfacet
  facet normal 0.471394 0.881923 -0
    outer loop
      vertex 97.55 69.0461 0
      vertex 97.2037 69.2312 3
      vertex 97.55 69.0461 3
    endloop
  endfacet
  facet normal 0.471394 0.881923 0
    outer loop
      vertex 97.2037 69.2312 3
      vertex 97.55 69.0461 0
      vertex 97.2037 69.2312 0
    endloop
  endfacet
  facet normal 0.0541427 0.17849 0.982451
    outer loop
      vertex 96.1029 69.6456 3
      vertex 50.1834 67.062 6
      vertex 52.5504 66.344 6
    endloop
  endfacet
  facet normal 0.0586471 0.129445 0.989851
    outer loop
      vertex 97.2037 69.2312 3
      vertex 54.8654 65.4726 6
      vertex 57.1185 64.4518 6
    endloop
  endfacet
  facet normal 0.0565141 0.150138 0.987049
    outer loop
      vertex 96.8461 69.3933 3
      vertex 52.5504 66.344 6
      vertex 54.8654 65.4726 6
    endloop
  endfacet
  facet normal 0.0221096 0.675641 0.736899
    outer loop
      vertex 94.55 69.85 3
      vertex 40.4 68.35 6
      vertex 42.8722 68.2691 6
    endloop
  endfacet
  facet normal 0.290361 0.956917 -0
    outer loop
      vertex 96.4786 69.5316 0
      vertex 96.1029 69.6456 3
      vertex 96.4786 69.5316 3
    endloop
  endfacet
  facet normal 0.290361 0.956917 0
    outer loop
      vertex 96.1029 69.6456 3
      vertex 96.4786 69.5316 0
      vertex 96.1029 69.6456 0
    endloop
  endfacet
  facet normal 0.226924 0.973913 -0
    outer loop
      vertex 96.1029 69.6456 0
      vertex 95.7205 69.7347 3
      vertex 96.1029 69.6456 3
    endloop
  endfacet
  facet normal 0.226924 0.973913 0
    outer loop
      vertex 95.7205 69.7347 3
      vertex 96.1029 69.6456 0
      vertex 95.7205 69.7347 0
    endloop
  endfacet
  facet normal 0.956917 0.290361 0
    outer loop
      vertex 100.346 65.4029 3
      vertex 100.232 65.7786 0
      vertex 100.232 65.7786 3
    endloop
  endfacet
  facet normal 0.956917 0.290361 0
    outer loop
      vertex 100.232 65.7786 0
      vertex 100.346 65.4029 3
      vertex 100.346 65.4029 0
    endloop
  endfacet
  facet normal -0.773016 -0.634387 0
    outer loop
      vertex -1.99103 -6.70607 0
      vertex -2.24011 -6.40256 3
      vertex -2.24011 -6.40256 0
    endloop
  endfacet
  facet normal -0.773016 -0.634387 0
    outer loop
      vertex -2.24011 -6.40256 3
      vertex -1.99103 -6.70607 0
      vertex -1.99103 -6.70607 3
    endloop
  endfacet
  facet normal 0.0221154 -0.675567 0.736966
    outer loop
      vertex 42.8722 -7.16907 6
      vertex 40.4 -7.25 6
      vertex 94.55 -8.75 3
    endloop
  endfacet
  facet normal -0.0623375 -0.377562 0.923884
    outer loop
      vertex 33.0256 -6.52368 6
      vertex 1.34946 -8.6347 3
      vertex 35.4661 -6.92662 6
    endloop
  endfacet
  facet normal -0.0499276 -0.506733 0.860656
    outer loop
      vertex 35.4661 -6.92662 6
      vertex 1.73683 -8.69865 3
      vertex 2.12758 -8.73715 3
    endloop
  endfacet
  facet normal 0.056513 -0.150151 0.987047
    outer loop
      vertex 54.8654 -4.37265 6
      vertex 52.5504 -5.24396 6
      vertex 96.8461 -8.29327 3
    endloop
  endfacet
  facet normal 0.0586477 -0.129439 0.989851
    outer loop
      vertex 57.1185 -3.35179 6
      vertex 54.8654 -4.37265 6
      vertex 96.8461 -8.29327 3
    endloop
  endfacet
  facet normal -0.0992496 -0.138501 0.985377
    outer loop
      vertex 17.3888 0.561243 6
      vertex -1.13257 -7.51012 3
      vertex 19.3994 -0.879551 6
    endloop
  endfacet
  facet normal -0.130775 -0.0937092 0.986973
    outer loop
      vertex 8.97045 9.54945 6
      vertex 1.61647 -1.76273 3.95154
      vertex 10.4112 7.53882 6
    endloop
  endfacet
  facet normal -0.131084 -0.0935048 0.986952
    outer loop
      vertex 8.97045 9.54945 6
      vertex 1.59811 -1.76454 3.94893
      vertex 1.61647 -1.76273 3.95154
    endloop
  endfacet
  facet normal -0.130738 -0.0937348 0.986976
    outer loop
      vertex 8.97045 9.54945 6
      vertex 1.48835 -1.78266 3.93267
      vertex 1.59811 -1.76454 3.94893
    endloop
  endfacet
  facet normal -0.130834 -0.0936699 0.986969
    outer loop
      vertex 8.97045 9.54945 6
      vertex 1.38001 -1.80793 3.91591
      vertex 1.48835 -1.78266 3.93267
    endloop
  endfacet
  facet normal -0.130753 -0.093725 0.986975
    outer loop
      vertex 8.97045 9.54945 6
      vertex 1.27355 -1.84022 3.89874
      vertex 1.38001 -1.80793 3.91591
    endloop
  endfacet
  facet normal -0.130716 -0.0937507 0.986977
    outer loop
      vertex 8.97045 9.54945 6
      vertex 1.16944 -1.8794 3.88123
      vertex 1.27355 -1.84022 3.89874
    endloop
  endfacet
  facet normal -0.130827 -0.0936733 0.98697
    outer loop
      vertex 8.97045 9.54945 6
      vertex 1.06811 -1.92532 3.86344
      vertex 1.16944 -1.8794 3.88123
    endloop
  endfacet
  facet normal -0.130794 -0.0936968 0.986972
    outer loop
      vertex 8.97045 9.54945 6
      vertex 0.969999 -1.97776 3.84546
      vertex 1.06811 -1.92532 3.86344
    endloop
  endfacet
  facet normal -0.130695 -0.0937668 0.986979
    outer loop
      vertex 8.97045 9.54945 6
      vertex 0.87553 -2.0365 3.82737
      vertex 0.969999 -1.97776 3.84546
    endloop
  endfacet
  facet normal -0.13069 -0.0937702 0.986979
    outer loop
      vertex 8.97045 9.54945 6
      vertex 0.785105 -2.1013 3.80924
      vertex 0.87553 -2.0365 3.82737
    endloop
  endfacet
  facet normal -0.130923 -0.0936038 0.986964
    outer loop
      vertex 8.97045 9.54945 6
      vertex 0.699112 -2.17187 3.79114
      vertex 0.785105 -2.1013 3.80924
    endloop
  endfacet
  facet normal -0.130811 -0.0936836 0.986971
    outer loop
      vertex 8.97045 9.54945 6
      vertex 0.617918 -2.24792 3.77316
      vertex 0.699112 -2.17187 3.79114
    endloop
  endfacet
  facet normal -0.130517 -0.0938956 0.98699
    outer loop
      vertex 8.97045 9.54945 6
      vertex 0.541872 -2.32911 3.75538
      vertex 0.617918 -2.24792 3.77316
    endloop
  endfacet
  facet normal -0.131244 -0.0933712 0.986943
    outer loop
      vertex 8.97045 9.54945 6
      vertex 0.471299 -2.4151 3.73786
      vertex 0.541872 -2.32911 3.75538
    endloop
  endfacet
  facet normal -0.130769 -0.0937142 0.986974
    outer loop
      vertex -2.46881 -6.08342 3
      vertex 0.471299 -2.4151 3.73786
      vertex 8.97045 9.54945 6
    endloop
  endfacet
  facet normal -0.132978 -0.0916061 0.986876
    outer loop
      vertex 0.123639 -3.33881 3.60409
      vertex -2.46881 -6.08342 3
      vertex 0.123545 -3.34169 3.60381
    endloop
  endfacet
  facet normal -0.130735 -0.0937466 0.986975
    outer loop
      vertex 0.134543 -3.2281 3.61605
      vertex -2.46881 -6.08342 3
      vertex 0.123639 -3.33881 3.60409
    endloop
  endfacet
  facet normal -0.130792 -0.0936939 0.986973
    outer loop
      vertex 0.152664 -3.11835 3.62887
      vertex -2.46881 -6.08342 3
      vertex 0.134543 -3.2281 3.61605
    endloop
  endfacet
  facet normal -0.130827 -0.0936632 0.986971
    outer loop
      vertex 0.177926 -3.01001 3.6425
      vertex -2.46881 -6.08342 3
      vertex 0.152664 -3.11835 3.62887
    endloop
  endfacet
  facet normal -0.130718 -0.0937576 0.986976
    outer loop
      vertex 0.210218 -2.90355 3.65689
      vertex -2.46881 -6.08342 3
      vertex 0.177926 -3.01001 3.6425
    endloop
  endfacet
  facet normal -0.130715 -0.0937606 0.986976
    outer loop
      vertex 0.249404 -2.79944 3.67197
      vertex -2.46881 -6.08342 3
      vertex 0.210218 -2.90355 3.65689
    endloop
  endfacet
  facet normal -0.130888 -0.0936157 0.986967
    outer loop
      vertex 0.295316 -2.69811 3.68767
      vertex -2.46881 -6.08342 3
      vertex 0.249404 -2.79944 3.67197
    endloop
  endfacet
  facet normal -0.130544 -0.0939002 0.986986
    outer loop
      vertex 0.347756 -2.6 3.70394
      vertex -2.46881 -6.08342 3
      vertex 0.295316 -2.69811 3.68767
    endloop
  endfacet
  facet normal -0.130967 -0.0935529 0.986963
    outer loop
      vertex 0.406501 -2.50553 3.72069
      vertex -2.46881 -6.08342 3
      vertex 0.347756 -2.6 3.70394
    endloop
  endfacet
  facet normal -0.131001 -0.0935253 0.986961
    outer loop
      vertex 0.471299 -2.4151 3.73786
      vertex -2.46881 -6.08342 3
      vertex 0.406501 -2.50553 3.72069
    endloop
  endfacet
  facet normal -0.13071 -0.0937724 0.986976
    outer loop
      vertex -2.46881 -6.08342 3
      vertex 0.12 -3.45 3.59305
      vertex 0.123545 -3.34169 3.60381
    endloop
  endfacet
  facet normal -0.130771 -0.0937122 0.986974
    outer loop
      vertex 0.12 -3.45 3.59305
      vertex -2.46881 -6.08342 3
      vertex -2.24011 -6.40256 3
    endloop
  endfacet
  facet normal -0.13078 -0.093705 0.986973
    outer loop
      vertex 0.134543 -3.67189 3.57391
      vertex -2.24011 -6.40256 3
      vertex 0.150449 -3.76824 3.56687
    endloop
  endfacet
  facet normal -0.130745 -0.0937359 0.986975
    outer loop
      vertex 0.123639 -3.56118 3.58298
      vertex -2.24011 -6.40256 3
      vertex 0.134543 -3.67189 3.57391
    endloop
  endfacet
  facet normal -0.130816 -0.0936755 0.986971
    outer loop
      vertex -2.24011 -6.40256 3
      vertex 0.123639 -3.56118 3.58298
      vertex 0.12 -3.45 3.59305
    endloop
  endfacet
  facet normal -0.130684 -0.0937942 0.986977
    outer loop
      vertex 10.4112 7.53882 6
      vertex 1.93118 -1.75364 3.9941
      vertex 1.97474 -1.75793 3.99946
    endloop
  endfacet
  facet normal -0.13081 -0.0936772 0.986972
    outer loop
      vertex 10.4112 7.53882 6
      vertex 1.82 -1.75 3.97971
      vertex 1.93118 -1.75364 3.9941
    endloop
  endfacet
  facet normal -0.130699 -0.0937817 0.986977
    outer loop
      vertex 10.4112 7.53882 6
      vertex 1.70881 -1.75364 3.96464
      vertex 1.82 -1.75 3.97971
    endloop
  endfacet
  facet normal -0.130796 -0.0936896 0.986972
    outer loop
      vertex 1.70881 -1.75364 3.96464
      vertex 10.4112 7.53882 6
      vertex 1.61647 -1.76273 3.95154
    endloop
  endfacet
  facet normal -0.178965 -0.0673582 0.981547
    outer loop
      vertex 4.60604 18.3996 6
      vertex -3.16158 -4.67863 3
      vertex 5.47735 16.0846 6
    endloop
  endfacet
  facet normal -0.163281 -0.0739884 0.983801
    outer loop
      vertex 6.49821 13.8315 6
      vertex -3.02327 -5.0461 3
      vertex -2.86122 -5.40372 3
    endloop
  endfacet
  facet normal -0.150511 -0.0804408 0.98533
    outer loop
      vertex 6.49821 13.8315 6
      vertex -2.86122 -5.40372 3
      vertex -2.67615 -5.75 3
    endloop
  endfacet
  facet normal 0.108686 0.0179428 0.993914
    outer loop
      vertex 100.435 65.0205 3
      vertex 77.4737 37.9244 6
      vertex 77.8766 35.4839 6
    endloop
  endfacet
  facet normal 0.11704 0.0113835 0.993062
    outer loop
      vertex 100.499 64.6331 3
      vertex 78.1191 33.0222 6
      vertex 100.537 64.2424 3
    endloop
  endfacet
  facet normal 0.116861 0.0115119 0.993082
    outer loop
      vertex 100.499 64.6331 3
      vertex 77.8766 35.4839 6
      vertex 78.1191 33.0222 6
    endloop
  endfacet
  facet normal 0.0869825 -0.039354 0.995432
    outer loop
      vertex 100.093 -5.0461 3
      vertex 96.9217 -3.14506 3.35227
      vertex 99.9312 -5.40372 3
    endloop
  endfacet
  facet normal 0.0869935 -0.0393355 0.995432
    outer loop
      vertex 100.093 -5.0461 3
      vertex 96.9173 -3.11835 3.35371
      vertex 96.9217 -3.14506 3.35227
    endloop
  endfacet
  facet normal 0.0868863 -0.0395125 0.995434
    outer loop
      vertex 100.093 -5.0461 3
      vertex 96.8921 -3.01001 3.36021
      vertex 96.9173 -3.11835 3.35371
    endloop
  endfacet
  facet normal 0.0869973 -0.0393375 0.995432
    outer loop
      vertex 100.093 -5.0461 3
      vertex 96.8598 -2.90355 3.36724
      vertex 96.8921 -3.01001 3.36021
    endloop
  endfacet
  facet normal 0.0869987 -0.0393353 0.995432
    outer loop
      vertex 100.093 -5.0461 3
      vertex 96.8206 -2.79944 3.37478
      vertex 96.8598 -2.90355 3.36724
    endloop
  endfacet
  facet normal 0.0869569 -0.0393965 0.995433
    outer loop
      vertex 100.093 -5.0461 3
      vertex 96.7747 -2.69811 3.3828
      vertex 96.8206 -2.79944 3.37478
    endloop
  endfacet
  facet normal 0.0869466 -0.0394111 0.995433
    outer loop
      vertex 100.093 -5.0461 3
      vertex 96.7222 -2.6 3.39127
      vertex 96.7747 -2.69811 3.3828
    endloop
  endfacet
  facet normal 0.0869142 -0.039456 0.995434
    outer loop
      vertex 96.7222 -2.6 3.39127
      vertex 100.093 -5.0461 3
      vertex 96.698 -2.56097 3.39493
    endloop
  endfacet
  facet normal 0.0869372 -0.0394146 0.995434
    outer loop
      vertex 95.1388 -1.75364 3.56308
      vertex 74.3018 13.8315 6
      vertex 95.076 -1.75982 3.56832
    endloop
  endfacet
  facet normal 0.0869574 -0.0393875 0.995433
    outer loop
      vertex 95.25 -1.75 3.55351
      vertex 74.3018 13.8315 6
      vertex 95.1388 -1.75364 3.56308
    endloop
  endfacet
  facet normal 0.0869756 -0.039363 0.995432
    outer loop
      vertex 95.3612 -1.75364 3.54365
      vertex 74.3018 13.8315 6
      vertex 95.25 -1.75 3.55351
    endloop
  endfacet
  facet normal 0.0869404 -0.0394107 0.995434
    outer loop
      vertex 95.4719 -1.76454 3.53355
      vertex 74.3018 13.8315 6
      vertex 95.3612 -1.75364 3.54365
    endloop
  endfacet
  facet normal 0.0869578 -0.039387 0.995433
    outer loop
      vertex 95.5816 -1.78266 3.52325
      vertex 74.3018 13.8315 6
      vertex 95.4719 -1.76454 3.53355
    endloop
  endfacet
  facet normal 0.0868883 -0.039482 0.995435
    outer loop
      vertex 74.3018 13.8315 6
      vertex 95.5816 -1.78266 3.52325
      vertex 95.6594 -1.80079 3.51574
    endloop
  endfacet
  facet normal 0.0831897 -0.0444209 0.995543
    outer loop
      vertex 96.9464 -3.56118 3.33163
      vertex 99.9312 -5.40372 3
      vertex 96.95 -3.45 3.33629
    endloop
  endfacet
  facet normal 0.0831424 -0.0444932 0.995544
    outer loop
      vertex 99.9312 -5.40372 3
      vertex 96.9464 -3.33881 3.34156
      vertex 96.95 -3.45 3.33629
    endloop
  endfacet
  facet normal 0.0831304 -0.0445106 0.995544
    outer loop
      vertex 99.9312 -5.40372 3
      vertex 96.9355 -3.2281 3.34742
      vertex 96.9464 -3.33881 3.34156
    endloop
  endfacet
  facet normal 0.083279 -0.0443054 0.995541
    outer loop
      vertex 96.9355 -3.2281 3.34742
      vertex 99.9312 -5.40372 3
      vertex 96.9217 -3.14506 3.35227
    endloop
  endfacet
  facet normal 0.0831847 -0.044429 0.995543
    outer loop
      vertex 96.9432 -3.59294 3.33048
      vertex 99.9312 -5.40372 3
      vertex 96.9464 -3.56118 3.33163
    endloop
  endfacet
  facet normal 0.0831681 -0.0444565 0.995543
    outer loop
      vertex 99.9312 -5.40372 3
      vertex 96.9432 -3.59294 3.33048
      vertex 99.7461 -5.75 3
    endloop
  endfacet
  facet normal 0.0832982 -0.044284 0.99554
    outer loop
      vertex 94.7036 -1.84022 3.59584
      vertex 74.3018 13.8315 6
      vertex 94.6782 -1.84978 3.59754
    endloop
  endfacet
  facet normal 0.0831891 -0.0444263 0.995543
    outer loop
      vertex 94.81 -1.80793 3.58839
      vertex 74.3018 13.8315 6
      vertex 94.7036 -1.84022 3.59584
    endloop
  endfacet
  facet normal 0.0831162 -0.0445223 0.995545
    outer loop
      vertex 94.9184 -1.78266 3.58047
      vertex 74.3018 13.8315 6
      vertex 94.81 -1.80793 3.58839
    endloop
  endfacet
  facet normal 0.0832032 -0.044407 0.995543
    outer loop
      vertex 95.0281 -1.76454 3.57211
      vertex 74.3018 13.8315 6
      vertex 94.9184 -1.78266 3.58047
    endloop
  endfacet
  facet normal 0.083153 -0.0444739 0.995544
    outer loop
      vertex 74.3018 13.8315 6
      vertex 95.0281 -1.76454 3.57211
      vertex 95.076 -1.75982 3.56832
    endloop
  endfacet
  facet normal 0.0767704 -0.0549713 0.995532
    outer loop
      vertex 93.6079 -3.01001 3.62706
      vertex 71.8296 9.54945 6
      vertex 93.591 -3.08269 3.62435
    endloop
  endfacet
  facet normal 0.0767598 -0.0549896 0.995532
    outer loop
      vertex 93.6402 -2.90355 3.63045
      vertex 71.8296 9.54945 6
      vertex 93.6079 -3.01001 3.62706
    endloop
  endfacet
  facet normal 0.0767516 -0.055004 0.995532
    outer loop
      vertex 93.6794 -2.79944 3.63318
      vertex 71.8296 9.54945 6
      vertex 93.6402 -2.90355 3.63045
    endloop
  endfacet
  facet normal 0.0768967 -0.0547478 0.995535
    outer loop
      vertex 71.8296 9.54945 6
      vertex 93.6794 -2.79944 3.63318
      vertex 93.6872 -2.78212 3.63353
    endloop
  endfacet
  facet normal 0.0767522 -0.0550017 0.995532
    outer loop
      vertex 96.6294 -4.44202 3.31499
      vertex 99.3101 -6.40256 3
      vertex 99.5388 -6.08342 3
    endloop
  endfacet
  facet normal 0.0767704 -0.0549767 0.995532
    outer loop
      vertex 96.5987 -4.48489 3.31499
      vertex 99.3101 -6.40256 3
      vertex 96.6294 -4.44202 3.31499
    endloop
  endfacet
  facet normal 0.076744 -0.0550141 0.995532
    outer loop
      vertex 96.5281 -4.57089 3.31568
      vertex 99.3101 -6.40256 3
      vertex 96.5987 -4.48489 3.31499
    endloop
  endfacet
  facet normal 0.0767836 -0.054954 0.995532
    outer loop
      vertex 96.4521 -4.65208 3.31706
      vertex 99.3101 -6.40256 3
      vertex 96.5281 -4.57089 3.31568
    endloop
  endfacet
  facet normal 0.0767525 -0.0550047 0.995532
    outer loop
      vertex 99.3101 -6.40256 3
      vertex 96.4521 -4.65208 3.31706
      vertex 96.3918 -4.70853 3.31859
    endloop
  endfacet
  facet normal 0.0797591 -0.0496819 0.995575
    outer loop
      vertex 93.7253 -2.69811 3.63467
      vertex 71.8296 9.54945 6
      vertex 93.6872 -2.78212 3.63353
    endloop
  endfacet
  facet normal 0.0798028 -0.0496039 0.995576
    outer loop
      vertex 93.7778 -2.6 3.63535
      vertex 71.8296 9.54945 6
      vertex 93.7253 -2.69811 3.63467
    endloop
  endfacet
  facet normal 0.0798248 -0.0495641 0.995576
    outer loop
      vertex 71.8296 9.54945 6
      vertex 93.7778 -2.6 3.63535
      vertex 93.8338 -2.50981 3.63535
    endloop
  endfacet
  facet normal 0.0797856 -0.049641 0.995575
    outer loop
      vertex 96.7747 -4.20189 3.31532
      vertex 99.7461 -5.75 3
      vertex 96.8039 -4.13751 3.31619
    endloop
  endfacet
  facet normal 0.0797995 -0.0496144 0.995575
    outer loop
      vertex 99.7461 -5.75 3
      vertex 96.7747 -4.20189 3.31532
      vertex 99.5388 -6.08342 3
    endloop
  endfacet
  facet normal 0.079755 -0.0496798 0.995576
    outer loop
      vertex 96.7222 -4.3 3.31463
      vertex 99.5388 -6.08342 3
      vertex 96.7747 -4.20189 3.31532
    endloop
  endfacet
  facet normal 0.079811 -0.0495914 0.995576
    outer loop
      vertex 96.6635 -4.39447 3.31463
      vertex 99.5388 -6.08342 3
      vertex 96.7222 -4.3 3.31463
    endloop
  endfacet
  facet normal 0.0797669 -0.0496665 0.995575
    outer loop
      vertex 99.5388 -6.08342 3
      vertex 96.6635 -4.39447 3.31463
      vertex 96.6294 -4.44202 3.31499
    endloop
  endfacet
  facet normal 0.0911183 -0.0344666 0.995243
    outer loop
      vertex 100.232 -4.67863 3
      vertex 76.194 18.3996 6
      vertex 100.093 -5.0461 3
    endloop
  endfacet
  facet normal -0.956946 0.290268 0
    outer loop
      vertex -3.27554 65.4029 0
      vertex -3.16158 65.7786 3
      vertex -3.16158 65.7786 0
    endloop
  endfacet
  facet normal -0.956946 0.290268 0
    outer loop
      vertex -3.16158 65.7786 3
      vertex -3.27554 65.4029 0
      vertex -3.27554 65.4029 3
    endloop
  endfacet
  facet normal -0.198716 0.0602761 0.978202
    outer loop
      vertex -3.16158 65.7786 3
      vertex -3.27554 65.4029 3
      vertex 3.888 40.3334 6
    endloop
  endfacet
  facet normal -0.910841 0.412757 0
    outer loop
      vertex -3.02327 66.1461 0
      vertex -2.86122 66.5037 3
      vertex -2.86122 66.5037 0
    endloop
  endfacet
  facet normal -0.910841 0.412757 0
    outer loop
      vertex -2.86122 66.5037 3
      vertex -3.02327 66.1461 0
      vertex -3.02327 66.1461 3
    endloop
  endfacet
  facet normal -0.130727 0.0937443 0.986976
    outer loop
      vertex 0.699112 63.2719 3.79114
      vertex 8.97045 51.5506 6
      vertex 0.779373 63.206 3.80803
    endloop
  endfacet
  facet normal -0.130979 0.0935631 0.98696
    outer loop
      vertex 0.617918 63.3479 3.77316
      vertex 8.97045 51.5506 6
      vertex 0.699112 63.2719 3.79114
    endloop
  endfacet
  facet normal -0.130464 0.093934 0.986993
    outer loop
      vertex 0.541872 63.4291 3.75538
      vertex 8.97045 51.5506 6
      vertex 0.617918 63.3479 3.77316
    endloop
  endfacet
  facet normal -0.131142 0.0934447 0.98695
    outer loop
      vertex 0.471299 63.5151 3.73786
      vertex 8.97045 51.5506 6
      vertex 0.541872 63.4291 3.75538
    endloop
  endfacet
  facet normal -0.130643 0.0938166 0.986981
    outer loop
      vertex -2.46881 67.1834 3
      vertex 0.471299 63.5151 3.73786
      vertex 0.406501 63.6055 3.72069
    endloop
  endfacet
  facet normal -0.130782 0.0937027 0.986973
    outer loop
      vertex -2.46881 67.1834 3
      vertex 0.20364 64.0252 3.65396
      vertex -2.24011 67.5026 3
    endloop
  endfacet
  facet normal -0.13014 0.0942531 0.987006
    outer loop
      vertex 0.20364 64.0252 3.65396
      vertex -2.46881 67.1834 3
      vertex 0.210218 64.0036 3.65689
    endloop
  endfacet
  facet normal -0.130892 0.0936118 0.986967
    outer loop
      vertex 0.210218 64.0036 3.65689
      vertex -2.46881 67.1834 3
      vertex 0.249404 63.8994 3.67197
    endloop
  endfacet
  facet normal -0.130813 0.093678 0.986971
    outer loop
      vertex 0.249404 63.8994 3.67197
      vertex -2.46881 67.1834 3
      vertex 0.295316 63.7981 3.68767
    endloop
  endfacet
  facet normal -0.130511 0.0939275 0.986988
    outer loop
      vertex 0.295316 63.7981 3.68767
      vertex -2.46881 67.1834 3
      vertex 0.347756 63.7 3.70394
    endloop
  endfacet
  facet normal -0.13077 0.0937137 0.986974
    outer loop
      vertex 0.471299 63.5151 3.73786
      vertex -2.46881 67.1834 3
      vertex 8.97045 51.5506 6
    endloop
  endfacet
  facet normal -0.131128 0.0934218 0.986954
    outer loop
      vertex 0.347756 63.7 3.70394
      vertex -2.46881 67.1834 3
      vertex 0.406501 63.6055 3.72069
    endloop
  endfacet
  facet normal -0.130835 0.0936592 0.98697
    outer loop
      vertex 0.123639 64.6612 3.58298
      vertex -2.24011 67.5026 3
      vertex 0.12 64.55 3.59305
    endloop
  endfacet
  facet normal -0.130735 0.0937435 0.986975
    outer loop
      vertex 0.134543 64.7719 3.57391
      vertex -2.24011 67.5026 3
      vertex 0.123639 64.6612 3.58298
    endloop
  endfacet
  facet normal -0.130731 0.0937471 0.986976
    outer loop
      vertex -2.24011 67.5026 3
      vertex 0.134543 64.7719 3.57391
      vertex 0.15045 64.8682 3.56687
    endloop
  endfacet
  facet normal -0.13073 0.0937401 0.986976
    outer loop
      vertex 0.177926 64.11 3.6425
      vertex -2.24011 67.5026 3
      vertex 0.20364 64.0252 3.65396
    endloop
  endfacet
  facet normal -0.130769 0.0937115 0.986974
    outer loop
      vertex 0.152664 64.2183 3.62887
      vertex -2.24011 67.5026 3
      vertex 0.177926 64.11 3.6425
    endloop
  endfacet
  facet normal -0.130869 0.093638 0.986968
    outer loop
      vertex 0.134543 64.3281 3.61605
      vertex -2.24011 67.5026 3
      vertex 0.152664 64.2183 3.62887
    endloop
  endfacet
  facet normal -0.130711 0.0937577 0.986977
    outer loop
      vertex 0.123639 64.4388 3.60409
      vertex -2.24011 67.5026 3
      vertex 0.134543 64.3281 3.61605
    endloop
  endfacet
  facet normal -0.130775 0.0937077 0.986974
    outer loop
      vertex -2.24011 67.5026 3
      vertex 0.123639 64.4388 3.60409
      vertex 0.12 64.55 3.59305
    endloop
  endfacet
  facet normal -0.130775 0.0937106 0.986973
    outer loop
      vertex 1.97474 62.8579 3.99946
      vertex 8.97045 51.5506 6
      vertex 10.4112 53.5612 6
    endloop
  endfacet
  facet normal -0.130702 0.0937571 0.986979
    outer loop
      vertex 1.93118 62.8536 3.9941
      vertex 8.97045 51.5506 6
      vertex 1.97474 62.8579 3.99946
    endloop
  endfacet
  facet normal -0.130778 0.0937086 0.986973
    outer loop
      vertex 1.82 62.85 3.97971
      vertex 8.97045 51.5506 6
      vertex 1.93118 62.8536 3.9941
    endloop
  endfacet
  facet normal -0.130734 0.0937371 0.986976
    outer loop
      vertex 1.70881 62.8536 3.96464
      vertex 8.97045 51.5506 6
      vertex 1.82 62.85 3.97971
    endloop
  endfacet
  facet normal -0.130843 0.0936655 0.986969
    outer loop
      vertex 1.59811 62.8645 3.94893
      vertex 8.97045 51.5506 6
      vertex 1.70881 62.8536 3.96464
    endloop
  endfacet
  facet normal -0.130662 0.0937861 0.986981
    outer loop
      vertex 1.48835 62.8827 3.93267
      vertex 8.97045 51.5506 6
      vertex 1.59811 62.8645 3.94893
    endloop
  endfacet
  facet normal -0.130905 0.0936223 0.986964
    outer loop
      vertex 1.38001 62.9079 3.91591
      vertex 8.97045 51.5506 6
      vertex 1.48835 62.8827 3.93267
    endloop
  endfacet
  facet normal -0.130742 0.0937333 0.986975
    outer loop
      vertex 1.27355 62.9402 3.89874
      vertex 8.97045 51.5506 6
      vertex 1.38001 62.9079 3.91591
    endloop
  endfacet
  facet normal -0.130692 0.093768 0.986979
    outer loop
      vertex 1.16944 62.9794 3.88123
      vertex 8.97045 51.5506 6
      vertex 1.27355 62.9402 3.89874
    endloop
  endfacet
  facet normal -0.130853 0.0936555 0.986968
    outer loop
      vertex 1.06811 63.0253 3.86344
      vertex 8.97045 51.5506 6
      vertex 1.16944 62.9794 3.88123
    endloop
  endfacet
  facet normal -0.130703 0.0937607 0.986978
    outer loop
      vertex 0.969999 63.0778 3.84546
      vertex 8.97045 51.5506 6
      vertex 1.06811 63.0253 3.86344
    endloop
  endfacet
  facet normal -0.130764 0.0937181 0.986974
    outer loop
      vertex 0.87553 63.1365 3.82737
      vertex 8.97045 51.5506 6
      vertex 0.969999 63.0778 3.84546
    endloop
  endfacet
  facet normal -0.130906 0.093617 0.986965
    outer loop
      vertex 0.785105 63.2013 3.80923
      vertex 8.97045 51.5506 6
      vertex 0.87553 63.1365 3.82737
    endloop
  endfacet
  facet normal -0.128459 0.095365 0.987119
    outer loop
      vertex 8.97045 51.5506 6
      vertex 0.785105 63.2013 3.80923
      vertex 0.779373 63.206 3.80803
    endloop
  endfacet
  facet normal -0.773005 0.634399 0
    outer loop
      vertex -2.24011 67.5026 0
      vertex -1.99103 67.8061 3
      vertex -1.99103 67.8061 0
    endloop
  endfacet
  facet normal -0.773005 0.634399 0
    outer loop
      vertex -1.99103 67.8061 3
      vertex -2.24011 67.5026 0
      vertex -2.24011 67.5026 3
    endloop
  endfacet
  facet normal -0.352244 0.935908 0
    outer loop
      vertex 0.591354 69.5316 0
      vertex 0.223892 69.3933 3
      vertex 0.591354 69.5316 3
    endloop
  endfacet
  facet normal -0.352244 0.935908 0
    outer loop
      vertex 0.223892 69.3933 3
      vertex 0.591354 69.5316 0
      vertex 0.223892 69.3933 0
    endloop
  endfacet
  facet normal -0.471428 0.881904 0
    outer loop
      vertex -0.133728 69.2312 0
      vertex -0.479996 69.0461 3
      vertex -0.133728 69.2312 3
    endloop
  endfacet
  facet normal -0.471428 0.881904 0
    outer loop
      vertex -0.479996 69.0461 3
      vertex -0.133728 69.2312 0
      vertex -0.479996 69.0461 0
    endloop
  endfacet
  facet normal -0.0992501 0.138501 0.985377
    outer loop
      vertex 19.3994 61.9796 6
      vertex -1.13257 68.6101 3
      vertex 17.3888 60.5388 6
    endloop
  endfacet
  facet normal -0.0992492 0.138504 0.985376
    outer loop
      vertex -0.813416 68.8388 3
      vertex -1.13257 68.6101 3
      vertex 19.3994 61.9796 6
    endloop
  endfacet
  facet normal -0.0241573 0.738215 0.674133
    outer loop
      vertex 40.4 68.35 6
      vertex 2.51999 69.85 3
      vertex 37.9278 68.2691 6
    endloop
  endfacet
  facet normal -0.0242465 0.737563 0.674843
    outer loop
      vertex 2.51999 69.85 3
      vertex 2.12758 69.8371 3
      vertex 37.9278 68.2691 6
    endloop
  endfacet
  facet normal -0.0758767 0.250072 0.965249
    outer loop
      vertex 0.967072 69.6456 3
      vertex 0.591354 69.5316 3
      vertex 28.2496 66.344 6
    endloop
  endfacet
  facet normal -0.0944659 0.151938 0.983865
    outer loop
      vertex -0.479996 69.0461 3
      vertex -0.813416 68.8388 3
      vertex 19.3994 61.9796 6
    endloop
  endfacet
  facet normal -0.0899021 0.1682 0.981645
    outer loop
      vertex 23.6815 64.4518 6
      vertex -0.133728 69.2312 3
      vertex 21.5 63.2858 6
    endloop
  endfacet
  facet normal -0.412843 0.910802 0
    outer loop
      vertex 0.223892 69.3933 0
      vertex -0.133728 69.2312 3
      vertex 0.223892 69.3933 3
    endloop
  endfacet
  facet normal -0.412843 0.910802 0
    outer loop
      vertex -0.133728 69.2312 3
      vertex 0.223892 69.3933 0
      vertex -0.133728 69.2312 0
    endloop
  endfacet
  facet normal 0.0798272 0.0495601 0.995576
    outer loop
      vertex 93.7778 63.7 3.63535
      vertex 71.8296 51.5506 6
      vertex 93.8338 63.6098 3.63535
    endloop
  endfacet
  facet normal 0.0798007 0.0496078 0.995576
    outer loop
      vertex 93.7253 63.7981 3.63467
      vertex 71.8296 51.5506 6
      vertex 93.7778 63.7 3.63535
    endloop
  endfacet
  facet normal 0.079799 0.0496109 0.995576
    outer loop
      vertex 71.8296 51.5506 6
      vertex 93.7253 63.7981 3.63467
      vertex 93.6873 63.8821 3.63353
    endloop
  endfacet
  facet normal 0.0797985 0.0496167 0.995575
    outer loop
      vertex 96.7747 65.3019 3.31532
      vertex 99.7461 66.85 3
      vertex 99.5388 67.1834 3
    endloop
  endfacet
  facet normal 0.0797923 0.0496286 0.995575
    outer loop
      vertex 99.7461 66.85 3
      vertex 96.7747 65.3019 3.31532
      vertex 96.8039 65.2375 3.31619
    endloop
  endfacet
  facet normal 0.0797529 0.0496837 0.995576
    outer loop
      vertex 99.5388 67.1834 3
      vertex 96.7222 65.4 3.31463
      vertex 96.7747 65.3019 3.31532
    endloop
  endfacet
  facet normal 0.0798184 0.0495803 0.995576
    outer loop
      vertex 99.5388 67.1834 3
      vertex 96.6635 65.4945 3.31463
      vertex 96.7222 65.4 3.31463
    endloop
  endfacet
  facet normal 0.0797459 0.0497037 0.995575
    outer loop
      vertex 96.6635 65.4945 3.31463
      vertex 99.5388 67.1834 3
      vertex 96.6294 65.542 3.31499
    endloop
  endfacet
  facet normal 0.0714381 0.0669112 0.995198
    outer loop
      vertex 98.7926 68.0926 3
      vertex 67.1286 57.2786 6
      vertex 68.8195 55.4733 6
    endloop
  endfacet
  facet normal 0.528028 0.849227 -0
    outer loop
      vertex 97.8834 68.8388 0
      vertex 97.55 69.0461 3
      vertex 97.8834 68.8388 3
    endloop
  endfacet
  facet normal 0.528028 0.849227 0
    outer loop
      vertex 97.55 69.0461 3
      vertex 97.8834 68.8388 0
      vertex 97.55 69.0461 0
    endloop
  endfacet
  facet normal 0.0626921 0.100828 0.992927
    outer loop
      vertex 97.55 69.0461 3
      vertex 61.4006 61.9796 6
      vertex 97.8834 68.8388 3
    endloop
  endfacet
  facet normal 0.0626933 0.100822 0.992927
    outer loop
      vertex 97.55 69.0461 3
      vertex 59.3 63.2858 6
      vertex 61.4006 61.9796 6
    endloop
  endfacet
  facet normal 0.051264 0.220015 0.974149
    outer loop
      vertex 95.7205 69.7347 3
      vertex 50.1834 67.062 6
      vertex 96.1029 69.6456 3
    endloop
  endfacet
  facet normal 0.0541466 0.178446 0.982459
    outer loop
      vertex 96.1029 69.6456 3
      vertex 52.5504 66.344 6
      vertex 96.4786 69.5316 3
    endloop
  endfacet
  facet normal -0.0899021 -0.168199 0.981645
    outer loop
      vertex 23.6815 -3.35179 6
      vertex -0.479996 -7.94615 3
      vertex -0.133728 -8.13123 3
    endloop
  endfacet
  facet normal -0.0854122 -0.188504 0.978351
    outer loop
      vertex 23.6815 -3.35179 6
      vertex -0.133728 -8.13123 3
      vertex 0.223892 -8.29327 3
    endloop
  endfacet
  facet normal -0.0700617 -0.300489 0.951209
    outer loop
      vertex 30.6166 -5.962 6
      vertex 0.967072 -8.54555 3
      vertex 33.0256 -6.52368 6
    endloop
  endfacet
  facet normal -0.0700601 -0.300506 0.951203
    outer loop
      vertex 33.0256 -6.52368 6
      vertex 0.967072 -8.54555 3
      vertex 1.34946 -8.6347 3
    endloop
  endfacet
  facet normal 0.133035 0 0.991111
    outer loop
      vertex 100.55 63.85 3
      vertex 78.2 30.55 6
      vertex 100.55 -2.75 3
    endloop
  endfacet
  facet normal 0.126951 0.00415434 0.9919
    outer loop
      vertex 100.55 63.85 3
      vertex 78.1191 33.0222 6
      vertex 78.2 30.55 6
    endloop
  endfacet
  facet normal 0.0830802 -0.044568 0.995546
    outer loop
      vertex 74.3018 13.8315 6
      vertex 94.5994 -1.8794 3.60279
      vertex 94.6782 -1.84978 3.59754
    endloop
  endfacet
  facet normal 0.0832165 -0.0443914 0.995542
    outer loop
      vertex 74.3018 13.8315 6
      vertex 94.4981 -1.92532 3.60921
      vertex 94.5994 -1.8794 3.60279
    endloop
  endfacet
  facet normal 0.0831457 -0.0444824 0.995544
    outer loop
      vertex 74.3018 13.8315 6
      vertex 94.4 -1.97776 3.61506
      vertex 94.4981 -1.92532 3.60921
    endloop
  endfacet
  facet normal 0.0831584 -0.0444663 0.995544
    outer loop
      vertex 74.3018 13.8315 6
      vertex 94.3055 -2.0365 3.62033
      vertex 94.4 -1.97776 3.61506
    endloop
  endfacet
  facet normal 0.0831765 -0.0444433 0.995543
    outer loop
      vertex 74.3018 13.8315 6
      vertex 94.2151 -2.1013 3.62499
      vertex 94.3055 -2.0365 3.62033
    endloop
  endfacet
  facet normal 0.0832635 -0.0443342 0.995541
    outer loop
      vertex 74.3018 13.8315 6
      vertex 94.1934 -2.11915 3.62601
      vertex 94.2151 -2.1013 3.62499
    endloop
  endfacet
  facet normal 0.0831685 -0.0444531 0.995544
    outer loop
      vertex 94.1934 -2.11915 3.62601
      vertex 74.3018 13.8315 6
      vertex 73.1358 11.65 6
    endloop
  endfacet
  facet normal 0.0831887 -0.0444296 0.995543
    outer loop
      vertex 96.9355 -3.67189 3.3276
      vertex 99.7461 -5.75 3
      vertex 96.9432 -3.59294 3.33048
    endloop
  endfacet
  facet normal 0.0831149 -0.0445298 0.995545
    outer loop
      vertex 96.9173 -3.78165 3.32421
      vertex 99.7461 -5.75 3
      vertex 96.9355 -3.67189 3.3276
    endloop
  endfacet
  facet normal 0.0831794 -0.0444368 0.995543
    outer loop
      vertex 99.7461 -5.75 3
      vertex 96.9173 -3.78165 3.32421
      vertex 96.8933 -3.8846 3.32162
    endloop
  endfacet
  facet normal 0.956924 -0.29034 0
    outer loop
      vertex 100.232 -4.67863 3
      vertex 100.346 -4.3029 0
      vertex 100.346 -4.3029 3
    endloop
  endfacet
  facet normal 0.956924 -0.29034 0
    outer loop
      vertex 100.346 -4.3029 0
      vertex 100.232 -4.67863 3
      vertex 100.232 -4.67863 0
    endloop
  endfacet
  facet normal -0.163277 0.0739906 0.983802
    outer loop
      vertex -2.86122 66.5037 3
      vertex -3.02327 66.1461 3
      vertex 6.49821 47.2685 6
    endloop
  endfacet
  facet normal -0.150515 0.0804386 0.98533
    outer loop
      vertex -2.67615 66.85 3
      vertex -2.86122 66.5037 3
      vertex 6.49821 47.2685 6
    endloop
  endfacet
  facet normal -0.104357 0.127153 0.986378
    outer loop
      vertex 17.3888 60.5388 6
      vertex -1.43607 68.361 3
      vertex 15.4767 58.9695 6
    endloop
  endfacet
  facet normal -0.104359 0.12715 0.986378
    outer loop
      vertex -1.13257 68.6101 3
      vertex -1.43607 68.361 3
      vertex 17.3888 60.5388 6
    endloop
  endfacet
  facet normal -0.0623352 0.377585 0.923874
    outer loop
      vertex 35.4661 68.0266 6
      vertex 1.34946 69.7347 3
      vertex 33.0256 67.6237 6
    endloop
  endfacet
  facet normal -0.22693 0.973911 0
    outer loop
      vertex 1.34946 69.7347 0
      vertex 0.967072 69.6456 3
      vertex 1.34946 69.7347 3
    endloop
  endfacet
  facet normal -0.22693 0.973911 0
    outer loop
      vertex 0.967072 69.6456 3
      vertex 1.34946 69.7347 0
      vertex 0.967072 69.6456 0
    endloop
  endfacet
  facet normal -0.163007 0.986625 0
    outer loop
      vertex 1.73683 69.7987 0
      vertex 1.34946 69.7347 3
      vertex 1.73683 69.7987 3
    endloop
  endfacet
  facet normal -0.163007 0.986625 0
    outer loop
      vertex 1.34946 69.7347 3
      vertex 1.73683 69.7987 0
      vertex 1.34946 69.7347 0
    endloop
  endfacet
  facet normal -0.0700622 0.300481 0.951211
    outer loop
      vertex 33.0256 67.6237 6
      vertex 0.967072 69.6456 3
      vertex 30.6166 67.062 6
    endloop
  endfacet
  facet normal -0.07587 0.250118 0.965238
    outer loop
      vertex 30.6166 67.062 6
      vertex 0.967072 69.6456 3
      vertex 28.2496 66.344 6
    endloop
  endfacet
  facet normal -0.0854204 0.188452 0.978361
    outer loop
      vertex 0.223892 69.3933 3
      vertex -0.133728 69.2312 3
      vertex 25.9346 65.4726 6
    endloop
  endfacet
  facet normal -0.0899058 0.168187 0.981647
    outer loop
      vertex -0.133728 69.2312 3
      vertex -0.479996 69.0461 3
      vertex 21.5 63.2858 6
    endloop
  endfacet
  facet normal -0.290348 0.956921 0
    outer loop
      vertex 0.967072 69.6456 0
      vertex 0.591354 69.5316 3
      vertex 0.967072 69.6456 3
    endloop
  endfacet
  facet normal -0.290348 0.956921 0
    outer loop
      vertex 0.591354 69.5316 3
      vertex 0.967072 69.6456 0
      vertex 0.591354 69.5316 0
    endloop
  endfacet
  facet normal 0.0714341 0.0669212 0.995198
    outer loop
      vertex 98.7926 68.0926 3
      vertex 95.245 66.2498 3.37856
      vertex 99.061 67.8061 3
    endloop
  endfacet
  facet normal 0.0714187 0.0669508 0.995197
    outer loop
      vertex 98.7926 68.0926 3
      vertex 95.1388 66.2464 3.38641
      vertex 95.245 66.2498 3.37856
    endloop
  endfacet
  facet normal 0.0714468 0.0668954 0.995199
    outer loop
      vertex 98.7926 68.0926 3
      vertex 95.0281 66.2355 3.39509
      vertex 95.1388 66.2464 3.38641
    endloop
  endfacet
  facet normal 0.0714619 0.066865 0.9952
    outer loop
      vertex 98.7926 68.0926 3
      vertex 94.9184 66.2173 3.40419
      vertex 95.0281 66.2355 3.39509
    endloop
  endfacet
  facet normal 0.0715158 0.0667544 0.995203
    outer loop
      vertex 98.7926 68.0926 3
      vertex 94.81 66.1921 3.41367
      vertex 94.9184 66.2173 3.40419
    endloop
  endfacet
  facet normal 0.0714507 0.0668899 0.995199
    outer loop
      vertex 98.7926 68.0926 3
      vertex 94.7036 66.1598 3.42348
      vertex 94.81 66.1921 3.41367
    endloop
  endfacet
  facet normal 0.0711772 0.0674644 0.99518
    outer loop
      vertex 98.7926 68.0926 3
      vertex 94.5994 66.1206 3.43359
      vertex 94.7036 66.1598 3.42348
    endloop
  endfacet
  facet normal 0.0720456 0.0656309 0.99524
    outer loop
      vertex 98.7926 68.0926 3
      vertex 94.4981 66.0747 3.44395
      vertex 94.5994 66.1206 3.43359
    endloop
  endfacet
  facet normal 0.0713925 0.0670217 0.995194
    outer loop
      vertex 94.1291 65.8281 3.48701
      vertex 68.8195 55.4733 6
      vertex 94.066 65.7691 3.49551
    endloop
  endfacet
  facet normal 0.0714387 0.0669099 0.995198
    outer loop
      vertex 94.2151 65.8987 3.47609
      vertex 68.8195 55.4733 6
      vertex 94.1291 65.8281 3.48701
    endloop
  endfacet
  facet normal 0.0715263 0.0666984 0.995206
    outer loop
      vertex 94.3055 65.9635 3.46525
      vertex 68.8195 55.4733 6
      vertex 94.2151 65.8987 3.47609
    endloop
  endfacet
  facet normal 0.0714399 0.0669065 0.995198
    outer loop
      vertex 94.4 66.0222 3.45452
      vertex 68.8195 55.4733 6
      vertex 94.3055 65.9635 3.46525
    endloop
  endfacet
  facet normal 0.0714949 0.0667744 0.995203
    outer loop
      vertex 94.4981 66.0747 3.44395
      vertex 68.8195 55.4733 6
      vertex 94.4 66.0222 3.45452
    endloop
  endfacet
  facet normal 0.0714238 0.0669449 0.995197
    outer loop
      vertex 68.8195 55.4733 6
      vertex 94.4981 66.0747 3.44395
      vertex 98.7926 68.0926 3
    endloop
  endfacet
  facet normal 0.0668521 0.0814517 0.994433
    outer loop
      vertex 98.2026 68.6101 3
      vertex 63.4112 60.5388 6
      vertex 98.5061 68.361 3
    endloop
  endfacet
  facet normal 0.63443 0.77298 -0
    outer loop
      vertex 98.5061 68.361 0
      vertex 98.2026 68.6101 3
      vertex 98.5061 68.361 3
    endloop
  endfacet
  facet normal 0.63443 0.77298 0
    outer loop
      vertex 98.2026 68.6101 3
      vertex 98.5061 68.361 0
      vertex 98.2026 68.6101 0
    endloop
  endfacet
  facet normal 0.0647341 0.0903503 0.993804
    outer loop
      vertex 97.8834 68.8388 3
      vertex 61.4006 61.9796 6
      vertex 98.2026 68.6101 3
    endloop
  endfacet
  facet normal 0.582418 0.812889 -0
    outer loop
      vertex 98.2026 68.6101 0
      vertex 97.8834 68.8388 3
      vertex 98.2026 68.6101 3
    endloop
  endfacet
  facet normal 0.582418 0.812889 0
    outer loop
      vertex 97.8834 68.8388 3
      vertex 98.2026 68.6101 0
      vertex 97.8834 68.8388 0
    endloop
  endfacet
  facet normal 0.412862 0.910793 -0
    outer loop
      vertex 97.2037 69.2312 0
      vertex 96.8461 69.3933 3
      vertex 97.2037 69.2312 3
    endloop
  endfacet
  facet normal 0.412862 0.910793 0
    outer loop
      vertex 96.8461 69.3933 3
      vertex 97.2037 69.2312 0
      vertex 96.8461 69.3933 0
    endloop
  endfacet
  facet normal 0.0606815 0.113531 0.99168
    outer loop
      vertex 97.2037 69.2312 3
      vertex 57.1185 64.4518 6
      vertex 59.3 63.2858 6
    endloop
  endfacet
  facet normal 0.162995 0.986627 -0
    outer loop
      vertex 95.7205 69.7347 0
      vertex 95.3331 69.7987 3
      vertex 95.7205 69.7347 3
    endloop
  endfacet
  facet normal 0.162995 0.986627 0
    outer loop
      vertex 95.3331 69.7987 3
      vertex 95.7205 69.7347 0
      vertex 95.3331 69.7987 0
    endloop
  endfacet
  facet normal 0.0978138 0.995205 -0
    outer loop
      vertex 95.3331 69.7987 0
      vertex 94.9424 69.8371 3
      vertex 95.3331 69.7987 3
    endloop
  endfacet
  facet normal 0.0978138 0.995205 0
    outer loop
      vertex 94.9424 69.8371 3
      vertex 95.3331 69.7987 0
      vertex 94.9424 69.8371 0
    endloop
  endfacet
  facet normal 0.0565118 0.150167 0.987044
    outer loop
      vertex 96.4786 69.5316 3
      vertex 52.5504 66.344 6
      vertex 96.8461 69.3933 3
    endloop
  endfacet
  facet normal 0.352212 0.93592 -0
    outer loop
      vertex 96.8461 69.3933 0
      vertex 96.4786 69.5316 3
      vertex 96.8461 69.3933 3
    endloop
  endfacet
  facet normal 0.352212 0.93592 0
    outer loop
      vertex 96.4786 69.5316 3
      vertex 96.8461 69.3933 0
      vertex 96.4786 69.5316 0
    endloop
  endfacet
  facet normal -0.352266 -0.9359 0
    outer loop
      vertex 0.223892 -8.29327 0
      vertex 0.591354 -8.43158 3
      vertex 0.223892 -8.29327 3
    endloop
  endfacet
  facet normal -0.352266 -0.9359 -0
    outer loop
      vertex 0.591354 -8.43158 3
      vertex 0.223892 -8.29327 0
      vertex 0.591354 -8.43158 0
    endloop
  endfacet
  facet normal -0.0944704 -0.151924 0.983867
    outer loop
      vertex 19.3994 -0.879551 6
      vertex -0.479996 -7.94615 3
      vertex 21.5 -2.18576 6
    endloop
  endfacet
  facet normal -0.0899025 -0.168197 0.981645
    outer loop
      vertex 21.5 -2.18576 6
      vertex -0.479996 -7.94615 3
      vertex 23.6815 -3.35179 6
    endloop
  endfacet
  facet normal -0.109887 0.11738 0.986989
    outer loop
      vertex 13.6714 57.2786 6
      vertex 3.51636 64.6612 3.99139
      vertex 3.52 64.55 4.00502
    endloop
  endfacet
  facet normal -0.109942 0.117304 0.986992
    outer loop
      vertex 3.51636 64.6612 3.99139
      vertex 13.6714 57.2786 6
      vertex 3.50926 64.7333 3.98203
    endloop
  endfacet
  facet normal -0.109946 0.117298 0.986992
    outer loop
      vertex 3.51636 64.4388 4.01783
      vertex 13.6714 57.2786 6
      vertex 3.52 64.55 4.00502
    endloop
  endfacet
  facet normal -0.109778 0.117534 0.986983
    outer loop
      vertex 13.6714 57.2786 6
      vertex 3.51636 64.4388 4.01783
      vertex 3.51392 64.4141 4.0205
    endloop
  endfacet
  facet normal -0.109884 0.117387 0.986988
    outer loop
      vertex -1.43607 68.361 3
      vertex 1.38001 66.1921 3.57148
      vertex 1.48673 66.217 3.5804
    endloop
  endfacet
  facet normal -0.109945 0.117309 0.986991
    outer loop
      vertex -1.43607 68.361 3
      vertex 1.27355 66.1598 3.56346
      vertex 1.38001 66.1921 3.57148
    endloop
  endfacet
  facet normal -0.109957 0.117294 0.986991
    outer loop
      vertex -1.43607 68.361 3
      vertex 1.16944 66.1206 3.55652
      vertex 1.27355 66.1598 3.56346
    endloop
  endfacet
  facet normal -0.109916 0.117341 0.98699
    outer loop
      vertex -1.43607 68.361 3
      vertex 1.11788 66.0972 3.55356
      vertex 1.16944 66.1206 3.55652
    endloop
  endfacet
  facet normal -0.109911 0.117347 0.98699
    outer loop
      vertex 1.11788 66.0972 3.55356
      vertex -1.43607 68.361 3
      vertex -1.72263 68.0926 3
    endloop
  endfacet
  facet normal -0.0700488 0.300626 0.951166
    outer loop
      vertex 1.34946 69.7347 3
      vertex 0.967072 69.6456 3
      vertex 33.0256 67.6237 6
    endloop
  endfacet
  facet normal -0.0808227 0.214745 0.97332
    outer loop
      vertex 0.591354 69.5316 3
      vertex 0.223892 69.3933 3
      vertex 25.9346 65.4726 6
    endloop
  endfacet
  facet normal -0.0808262 0.214726 0.973324
    outer loop
      vertex 28.2496 66.344 6
      vertex 0.591354 69.5316 3
      vertex 25.9346 65.4726 6
    endloop
  endfacet
  facet normal 0.812889 0.582418 0
    outer loop
      vertex 99.5388 67.1834 3
      vertex 99.3101 67.5026 0
      vertex 99.3101 67.5026 3
    endloop
  endfacet
  facet normal 0.812889 0.582418 0
    outer loop
      vertex 99.3101 67.5026 0
      vertex 99.5388 67.1834 3
      vertex 99.5388 67.1834 0
    endloop
  endfacet
  facet normal 0.849227 0.528028 0
    outer loop
      vertex 99.7461 66.85 3
      vertex 99.5388 67.1834 0
      vertex 99.5388 67.1834 3
    endloop
  endfacet
  facet normal 0.849227 0.528028 0
    outer loop
      vertex 99.5388 67.1834 0
      vertex 99.7461 66.85 3
      vertex 99.7461 66.85 0
    endloop
  endfacet
  facet normal 0.0690735 0.0737468 0.994882
    outer loop
      vertex 98.5061 68.361 3
      vertex 65.3233 58.9695 6
      vertex 67.1286 57.2786 6
    endloop
  endfacet
  facet normal 0.0668514 0.0814545 0.994433
    outer loop
      vertex 98.5061 68.361 3
      vertex 63.4112 60.5388 6
      vertex 65.3233 58.9695 6
    endloop
  endfacet
  facet normal 0.0402045 0.40906 0.911621
    outer loop
      vertex 94.9424 69.8371 3
      vertex 42.8722 68.2691 6
      vertex 95.3331 69.7987 3
    endloop
  endfacet
  facet normal 0.0472784 0.286182 0.957008
    outer loop
      vertex 95.3331 69.7987 3
      vertex 45.3339 68.0266 6
      vertex 95.7205 69.7347 3
    endloop
  endfacet
  facet normal -0.032856 0.99946 0
    outer loop
      vertex 2.51999 69.85 0
      vertex 2.12758 69.8371 3
      vertex 2.51999 69.85 3
    endloop
  endfacet
  facet normal -0.032856 0.99946 0
    outer loop
      vertex 2.12758 69.8371 3
      vertex 2.51999 69.85 0
      vertex 2.12758 69.8371 0
    endloop
  endfacet
  facet normal -0.0498645 0.507411 0.86026
    outer loop
      vertex 2.12758 69.8371 3
      vertex 1.73683 69.7987 3
      vertex 37.9278 68.2691 6
    endloop
  endfacet
  facet normal -0.0978014 0.995206 0
    outer loop
      vertex 2.12758 69.8371 0
      vertex 1.73683 69.7987 3
      vertex 2.12758 69.8371 3
    endloop
  endfacet
  facet normal -0.0978014 0.995206 0
    outer loop
      vertex 1.73683 69.7987 3
      vertex 2.12758 69.8371 0
      vertex 1.73683 69.7987 0
    endloop
  endfacet
  facet normal -0.0623517 0.377393 0.923952
    outer loop
      vertex 1.73683 69.7987 3
      vertex 1.34946 69.7347 3
      vertex 35.4661 68.0266 6
    endloop
  endfacet
  facet normal -0.0499221 0.506776 0.860631
    outer loop
      vertex 37.9278 68.2691 6
      vertex 1.73683 69.7987 3
      vertex 35.4661 68.0266 6
    endloop
  endfacet
  facet normal -0.634384 -0.773018 0
    outer loop
      vertex 59.8804 55.9373 0
      vertex 61.4991 54.6089 3.5
      vertex 59.8804 55.9373 3.5
    endloop
  endfacet
  facet normal -0.634384 -0.773018 -0
    outer loop
      vertex 61.4991 54.6089 3.5
      vertex 59.8804 55.9373 0
      vertex 61.4991 54.6089 0
    endloop
  endfacet
  facet normal 0.412712 -0.910861 0
    outer loop
      vertex 26.2468 59.2499 0
      vertex 28.1541 60.1141 3.5
      vertex 26.2468 59.2499 3.5
    endloop
  endfacet
  facet normal 0.412712 -0.910861 0
    outer loop
      vertex 28.1541 60.1141 3.5
      vertex 26.2468 59.2499 0
      vertex 28.1541 60.1141 0
    endloop
  endfacet
  facet normal 0.910861 -0.412712 0
    outer loop
      vertex 10.8359 42.7959 3.5
      vertex 11.7001 44.7032 0
      vertex 11.7001 44.7032 3.5
    endloop
  endfacet
  facet normal 0.910861 -0.412712 0
    outer loop
      vertex 11.7001 44.7032 0
      vertex 10.8359 42.7959 3.5
      vertex 10.8359 42.7959 0
    endloop
  endfacet
  facet normal 0.412719 0.910859 -0
    outer loop
      vertex 28.1541 0.985854 0
      vertex 26.2468 1.85007 3.5
      vertex 28.1541 0.985854 3.5
    endloop
  endfacet
  facet normal 0.412719 0.910859 0
    outer loop
      vertex 26.2468 1.85007 3.5
      vertex 28.1541 0.985854 0
      vertex 26.2468 1.85007 0
    endloop
  endfacet
  facet normal -0.95695 -0.290251 0
    outer loop
      vertex 71.3096 38.8322 0
      vertex 70.7018 40.8361 3.5
      vertex 70.7018 40.8361 0
    endloop
  endfacet
  facet normal -0.95695 -0.290251 0
    outer loop
      vertex 70.7018 40.8361 3.5
      vertex 71.3096 38.8322 0
      vertex 71.3096 38.8322 3.5
    endloop
  endfacet
  facet normal -0.881928 -0.471384 0
    outer loop
      vertex 69.0999 44.7032 0
      vertex 68.1128 46.55 3.5
      vertex 68.1128 46.55 0
    endloop
  endfacet
  facet normal -0.881928 -0.471384 0
    outer loop
      vertex 68.1128 46.55 3.5
      vertex 69.0999 44.7032 0
      vertex 69.0999 44.7032 3.5
    endloop
  endfacet
  facet normal -0.352285 -0.935893 0
    outer loop
      vertex 50.6861 60.8518 0
      vertex 52.6459 60.1141 3.5
      vertex 50.6861 60.8518 3.5
    endloop
  endfacet
  facet normal -0.352285 -0.935893 -0
    outer loop
      vertex 52.6459 60.1141 3.5
      vertex 50.6861 60.8518 0
      vertex 52.6459 60.1141 0
    endloop
  endfacet
  facet normal 0.729842 -0.683615 0
    outer loop
      vertex 16.3411 51.6491 3.5
      vertex 17.7726 53.1774 0
      vertex 17.7726 53.1774 3.5
    endloop
  endfacet
  facet normal 0.729842 -0.683615 0
    outer loop
      vertex 17.7726 53.1774 0
      vertex 16.3411 51.6491 3.5
      vertex 16.3411 51.6491 0
    endloop
  endfacet
  facet normal 0.227077 -0.973877 0
    outer loop
      vertex 32.1178 61.4596 0
      vertex 34.1571 61.9351 3.5
      vertex 32.1178 61.4596 3.5
    endloop
  endfacet
  facet normal 0.227077 -0.973877 0
    outer loop
      vertex 34.1571 61.9351 3.5
      vertex 32.1178 61.4596 0
      vertex 34.1571 61.9351 0
    endloop
  endfacet
  facet normal -0.995182 0.0980426 0
    outer loop
      vertex 72.1262 26.3732 0
      vertex 72.3315 28.4571 3.5
      vertex 72.3315 28.4571 0
    endloop
  endfacet
  facet normal -0.995182 0.0980426 0
    outer loop
      vertex 72.3315 28.4571 3.5
      vertex 72.1262 26.3732 0
      vertex 72.1262 26.3732 3.5
    endloop
  endfacet
  facet normal -0.773012 0.634391 0
    outer loop
      vertex 64.4589 9.45093 0
      vertex 65.7873 11.0696 3.5
      vertex 65.7873 11.0696 0
    endloop
  endfacet
  facet normal -0.773012 0.634391 0
    outer loop
      vertex 65.7873 11.0696 3.5
      vertex 64.4589 9.45093 0
      vertex 64.4589 9.45093 3.5
    endloop
  endfacet
  facet normal 0.162894 0.986644 -0
    outer loop
      vertex 36.2232 -1.17624 0
      vertex 34.1571 -0.835129 3.5
      vertex 36.2232 -1.17624 3.5
    endloop
  endfacet
  facet normal 0.162894 0.986644 0
    outer loop
      vertex 34.1571 -0.835129 3.5
      vertex 36.2232 -1.17624 0
      vertex 34.1571 -0.835129 0
    endloop
  endfacet
  facet normal 0.683603 0.729854 -0
    outer loop
      vertex 19.3009 6.49113 0
      vertex 17.7726 7.92258 3.5
      vertex 19.3009 6.49113 3.5
    endloop
  endfacet
  facet normal 0.683603 0.729854 0
    outer loop
      vertex 17.7726 7.92258 3.5
      vertex 19.3009 6.49113 0
      vertex 17.7726 7.92258 0
    endloop
  endfacet
  facet normal -0.973877 -0.227077 0
    outer loop
      vertex 71.7851 36.7929 0
      vertex 71.3096 38.8322 3.5
      vertex 71.3096 38.8322 0
    endloop
  endfacet
  facet normal -0.973877 -0.227077 0
    outer loop
      vertex 71.3096 38.8322 3.5
      vertex 71.7851 36.7929 0
      vertex 71.7851 36.7929 3.5
    endloop
  endfacet
  facet normal -0.773018 -0.634384 0
    outer loop
      vertex 65.7873 50.0304 0
      vertex 64.4589 51.6491 3.5
      vertex 64.4589 51.6491 0
    endloop
  endfacet
  facet normal -0.773018 -0.634384 0
    outer loop
      vertex 64.4589 51.6491 3.5
      vertex 65.7873 50.0304 0
      vertex 65.7873 50.0304 3.5
    endloop
  endfacet
  facet normal -0.812865 -0.582453 0
    outer loop
      vertex 67.007 48.3282 0
      vertex 65.7873 50.0304 3.5
      vertex 65.7873 50.0304 0
    endloop
  endfacet
  facet normal -0.812865 -0.582453 0
    outer loop
      vertex 65.7873 50.0304 3.5
      vertex 67.007 48.3282 0
      vertex 67.007 48.3282 3.5
    endloop
  endfacet
  facet normal -0.528083 -0.849193 0
    outer loop
      vertex 56.4 58.2628 0
      vertex 58.1782 57.157 3.5
      vertex 56.4 58.2628 3.5
    endloop
  endfacet
  facet normal -0.528083 -0.849193 -0
    outer loop
      vertex 58.1782 57.157 3.5
      vertex 56.4 58.2628 0
      vertex 58.1782 57.157 0
    endloop
  endfacet
  facet normal -0.471384 -0.881928 0
    outer loop
      vertex 54.5532 59.2499 0
      vertex 56.4 58.2628 3.5
      vertex 54.5532 59.2499 3.5
    endloop
  endfacet
  facet normal -0.471384 -0.881928 -0
    outer loop
      vertex 56.4 58.2628 3.5
      vertex 54.5532 59.2499 0
      vertex 56.4 58.2628 0
    endloop
  endfacet
  facet normal -0.0327122 -0.999465 0
    outer loop
      vertex 40.4 62.55 0
      vertex 42.4929 62.4815 3.5
      vertex 40.4 62.55 3.5
    endloop
  endfacet
  facet normal -0.0327122 -0.999465 -0
    outer loop
      vertex 42.4929 62.4815 3.5
      vertex 40.4 62.55 0
      vertex 42.4929 62.4815 0
    endloop
  endfacet
  facet normal -0.290251 -0.95695 0
    outer loop
      vertex 48.6822 61.4596 0
      vertex 50.6861 60.8518 3.5
      vertex 48.6822 61.4596 3.5
    endloop
  endfacet
  facet normal -0.290251 -0.95695 -0
    outer loop
      vertex 50.6861 60.8518 3.5
      vertex 48.6822 61.4596 0
      vertex 50.6861 60.8518 0
    endloop
  endfacet
  facet normal -0.162889 -0.986644 0
    outer loop
      vertex 44.5768 62.2762 0
      vertex 46.6429 61.9351 3.5
      vertex 44.5768 62.2762 3.5
    endloop
  endfacet
  facet normal -0.162889 -0.986644 -0
    outer loop
      vertex 46.6429 61.9351 3.5
      vertex 44.5768 62.2762 0
      vertex 46.6429 61.9351 0
    endloop
  endfacet
  facet normal 0.995185 -0.0980189 0
    outer loop
      vertex 8.46851 32.6429 3.5
      vertex 8.67376 34.7268 0
      vertex 8.67376 34.7268 3.5
    endloop
  endfacet
  facet normal 0.995185 -0.0980189 0
    outer loop
      vertex 8.67376 34.7268 0
      vertex 8.46851 32.6429 3.5
      vertex 8.46851 32.6429 0
    endloop
  endfacet
  facet normal 0.973877 -0.227077 0
    outer loop
      vertex 9.01487 36.7929 3.5
      vertex 9.49037 38.8322 0
      vertex 9.49037 38.8322 3.5
    endloop
  endfacet
  facet normal 0.973877 -0.227077 0
    outer loop
      vertex 9.49037 38.8322 0
      vertex 9.01487 36.7929 3.5
      vertex 9.01487 36.7929 0
    endloop
  endfacet
  facet normal 0.812865 -0.582453 0
    outer loop
      vertex 13.793 48.3282 3.5
      vertex 15.0127 50.0304 0
      vertex 15.0127 50.0304 3.5
    endloop
  endfacet
  facet normal 0.812865 -0.582453 0
    outer loop
      vertex 15.0127 50.0304 0
      vertex 13.793 48.3282 3.5
      vertex 13.793 48.3282 0
    endloop
  endfacet
  facet normal 0.290251 -0.95695 0
    outer loop
      vertex 30.1139 60.8518 0
      vertex 32.1178 61.4596 3.5
      vertex 30.1139 60.8518 3.5
    endloop
  endfacet
  facet normal 0.290251 -0.95695 0
    outer loop
      vertex 32.1178 61.4596 3.5
      vertex 30.1139 60.8518 0
      vertex 32.1178 61.4596 0
    endloop
  endfacet
  facet normal 0.162889 -0.986644 0
    outer loop
      vertex 34.1571 61.9351 0
      vertex 36.2232 62.2762 3.5
      vertex 34.1571 61.9351 3.5
    endloop
  endfacet
  facet normal 0.162889 -0.986644 0
    outer loop
      vertex 36.2232 62.2762 3.5
      vertex 34.1571 61.9351 0
      vertex 36.2232 62.2762 0
    endloop
  endfacet
  facet normal 0.528083 -0.849193 0
    outer loop
      vertex 22.6218 57.157 0
      vertex 24.4 58.2628 3.5
      vertex 22.6218 57.157 3.5
    endloop
  endfacet
  facet normal 0.528083 -0.849193 0
    outer loop
      vertex 24.4 58.2628 3.5
      vertex 22.6218 57.157 0
      vertex 24.4 58.2628 0
    endloop
  endfacet
  facet normal 0.582453 -0.812865 0
    outer loop
      vertex 20.9196 55.9373 0
      vertex 22.6218 57.157 3.5
      vertex 20.9196 55.9373 3.5
    endloop
  endfacet
  facet normal 0.582453 -0.812865 0
    outer loop
      vertex 22.6218 57.157 3.5
      vertex 20.9196 55.9373 0
      vertex 22.6218 57.157 0
    endloop
  endfacet
  facet normal 0.471384 -0.881928 0
    outer loop
      vertex 24.4 58.2628 0
      vertex 26.2468 59.2499 3.5
      vertex 24.4 58.2628 3.5
    endloop
  endfacet
  facet normal 0.471384 -0.881928 0
    outer loop
      vertex 26.2468 59.2499 3.5
      vertex 24.4 58.2628 0
      vertex 26.2468 59.2499 0
    endloop
  endfacet
  facet normal -0.999465 -0.0327122 0
    outer loop
      vertex 72.4 30.55 0
      vertex 72.3315 32.6429 3.5
      vertex 72.3315 32.6429 0
    endloop
  endfacet
  facet normal -0.999465 -0.0327122 0
    outer loop
      vertex 72.3315 32.6429 3.5
      vertex 72.4 30.55 0
      vertex 72.4 30.55 3.5
    endloop
  endfacet
  facet normal -0.162894 0.986644 0
    outer loop
      vertex 46.6429 -0.835129 0
      vertex 44.5768 -1.17624 3.5
      vertex 46.6429 -0.835129 3.5
    endloop
  endfacet
  facet normal -0.162894 0.986644 0
    outer loop
      vertex 44.5768 -1.17624 3.5
      vertex 46.6429 -0.835129 0
      vertex 44.5768 -1.17624 0
    endloop
  endfacet
  facet normal -0.412719 0.910859 0
    outer loop
      vertex 54.5532 1.85007 0
      vertex 52.6459 0.985854 3.5
      vertex 54.5532 1.85007 3.5
    endloop
  endfacet
  facet normal -0.412719 0.910859 0
    outer loop
      vertex 52.6459 0.985854 3.5
      vertex 54.5532 1.85007 0
      vertex 52.6459 0.985854 0
    endloop
  endfacet
  facet normal 0.0980142 0.995185 -0
    outer loop
      vertex 38.3071 -1.38148 0
      vertex 36.2232 -1.17624 3.5
      vertex 38.3071 -1.38148 3.5
    endloop
  endfacet
  facet normal 0.0980142 0.995185 0
    outer loop
      vertex 36.2232 -1.17624 3.5
      vertex 38.3071 -1.38148 0
      vertex 36.2232 -1.17624 0
    endloop
  endfacet
  facet normal 0.352251 0.935906 -0
    outer loop
      vertex 30.1139 0.248236 0
      vertex 28.1541 0.985854 3.5
      vertex 30.1139 0.248236 3.5
    endloop
  endfacet
  facet normal 0.352251 0.935906 0
    outer loop
      vertex 28.1541 0.985854 3.5
      vertex 30.1139 0.248236 0
      vertex 28.1541 0.985854 0
    endloop
  endfacet
  facet normal 0.999465 0.032717 0
    outer loop
      vertex 8.46851 28.4571 3.5
      vertex 8.4 30.55 0
      vertex 8.4 30.55 3.5
    endloop
  endfacet
  facet normal 0.999465 0.032717 0
    outer loop
      vertex 8.4 30.55 0
      vertex 8.46851 28.4571 3.5
      vertex 8.46851 28.4571 0
    endloop
  endfacet
  facet normal 0.973877 0.227077 0
    outer loop
      vertex 9.49037 22.2678 3.5
      vertex 9.01487 24.3071 0
      vertex 9.01487 24.3071 3.5
    endloop
  endfacet
  facet normal 0.973877 0.227077 0
    outer loop
      vertex 9.01487 24.3071 0
      vertex 9.49037 22.2678 3.5
      vertex 9.49037 22.2678 0
    endloop
  endfacet
  facet normal 0.812865 0.582453 0
    outer loop
      vertex 15.0127 11.0696 3.5
      vertex 13.793 12.7718 0
      vertex 13.793 12.7718 3.5
    endloop
  endfacet
  facet normal 0.812865 0.582453 0
    outer loop
      vertex 13.793 12.7718 0
      vertex 15.0127 11.0696 3.5
      vertex 15.0127 11.0696 0
    endloop
  endfacet
  facet normal -0.995182 -0.0980426 0
    outer loop
      vertex 72.3315 32.6429 0
      vertex 72.1262 34.7268 3.5
      vertex 72.1262 34.7268 0
    endloop
  endfacet
  facet normal -0.995182 -0.0980426 0
    outer loop
      vertex 72.1262 34.7268 3.5
      vertex 72.3315 32.6429 0
      vertex 72.3315 32.6429 3.5
    endloop
  endfacet
  facet normal -0.986644 -0.162889 0
    outer loop
      vertex 72.1262 34.7268 0
      vertex 71.7851 36.7929 3.5
      vertex 71.7851 36.7929 0
    endloop
  endfacet
  facet normal -0.986644 -0.162889 0
    outer loop
      vertex 71.7851 36.7929 3.5
      vertex 72.1262 34.7268 0
      vertex 72.1262 34.7268 3.5
    endloop
  endfacet
  facet normal -0.910861 -0.412712 0
    outer loop
      vertex 69.9641 42.7959 0
      vertex 69.0999 44.7032 3.5
      vertex 69.0999 44.7032 0
    endloop
  endfacet
  facet normal -0.910861 -0.412712 0
    outer loop
      vertex 69.0999 44.7032 3.5
      vertex 69.9641 42.7959 0
      vertex 69.9641 42.7959 3.5
    endloop
  endfacet
  facet normal -0.935893 -0.352285 0
    outer loop
      vertex 70.7018 40.8361 0
      vertex 69.9641 42.7959 3.5
      vertex 69.9641 42.7959 0
    endloop
  endfacet
  facet normal -0.935893 -0.352285 0
    outer loop
      vertex 69.9641 42.7959 3.5
      vertex 70.7018 40.8361 0
      vertex 70.7018 40.8361 3.5
    endloop
  endfacet
  facet normal -0.849193 -0.528083 0
    outer loop
      vertex 68.1128 46.55 0
      vertex 67.007 48.3282 3.5
      vertex 67.007 48.3282 0
    endloop
  endfacet
  facet normal -0.849193 -0.528083 0
    outer loop
      vertex 67.007 48.3282 3.5
      vertex 68.1128 46.55 0
      vertex 68.1128 46.55 3.5
    endloop
  endfacet
  facet normal -0.729842 -0.683615 0
    outer loop
      vertex 64.4589 51.6491 0
      vertex 63.0274 53.1774 3.5
      vertex 63.0274 53.1774 0
    endloop
  endfacet
  facet normal -0.729842 -0.683615 0
    outer loop
      vertex 63.0274 53.1774 3.5
      vertex 64.4589 51.6491 0
      vertex 64.4589 51.6491 3.5
    endloop
  endfacet
  facet normal -0.683615 -0.729842 0
    outer loop
      vertex 61.4991 54.6089 0
      vertex 63.0274 53.1774 3.5
      vertex 61.4991 54.6089 3.5
    endloop
  endfacet
  facet normal -0.683615 -0.729842 -0
    outer loop
      vertex 63.0274 53.1774 3.5
      vertex 61.4991 54.6089 0
      vertex 63.0274 53.1774 0
    endloop
  endfacet
  facet normal -0.582453 -0.812865 0
    outer loop
      vertex 58.1782 57.157 0
      vertex 59.8804 55.9373 3.5
      vertex 58.1782 57.157 3.5
    endloop
  endfacet
  facet normal -0.582453 -0.812865 -0
    outer loop
      vertex 59.8804 55.9373 3.5
      vertex 58.1782 57.157 0
      vertex 59.8804 55.9373 0
    endloop
  endfacet
  facet normal 0.0327122 -0.999465 0
    outer loop
      vertex 38.3071 62.4815 0
      vertex 40.4 62.55 3.5
      vertex 38.3071 62.4815 3.5
    endloop
  endfacet
  facet normal 0.0327122 -0.999465 0
    outer loop
      vertex 40.4 62.55 3.5
      vertex 38.3071 62.4815 0
      vertex 40.4 62.55 0
    endloop
  endfacet
  facet normal -0.412712 -0.910861 0
    outer loop
      vertex 52.6459 60.1141 0
      vertex 54.5532 59.2499 3.5
      vertex 52.6459 60.1141 3.5
    endloop
  endfacet
  facet normal -0.412712 -0.910861 -0
    outer loop
      vertex 54.5532 59.2499 3.5
      vertex 52.6459 60.1141 0
      vertex 54.5532 59.2499 0
    endloop
  endfacet
  facet normal -0.0980426 -0.995182 0
    outer loop
      vertex 42.4929 62.4815 0
      vertex 44.5768 62.2762 3.5
      vertex 42.4929 62.4815 3.5
    endloop
  endfacet
  facet normal -0.0980426 -0.995182 -0
    outer loop
      vertex 44.5768 62.2762 3.5
      vertex 42.4929 62.4815 0
      vertex 44.5768 62.2762 0
    endloop
  endfacet
  facet normal -0.227077 -0.973877 0
    outer loop
      vertex 46.6429 61.9351 0
      vertex 48.6822 61.4596 3.5
      vertex 46.6429 61.9351 3.5
    endloop
  endfacet
  facet normal -0.227077 -0.973877 -0
    outer loop
      vertex 48.6822 61.4596 3.5
      vertex 46.6429 61.9351 0
      vertex 48.6822 61.4596 0
    endloop
  endfacet
  facet normal 0.999465 -0.032717 0
    outer loop
      vertex 8.4 30.55 3.5
      vertex 8.46851 32.6429 0
      vertex 8.46851 32.6429 3.5
    endloop
  endfacet
  facet normal 0.999465 -0.032717 0
    outer loop
      vertex 8.46851 32.6429 0
      vertex 8.4 30.55 3.5
      vertex 8.4 30.55 0
    endloop
  endfacet
  facet normal 0.956946 -0.290264 0
    outer loop
      vertex 9.49037 38.8322 3.5
      vertex 10.0982 40.8361 0
      vertex 10.0982 40.8361 3.5
    endloop
  endfacet
  facet normal 0.956946 -0.290264 0
    outer loop
      vertex 10.0982 40.8361 0
      vertex 9.49037 38.8322 3.5
      vertex 9.49037 38.8322 0
    endloop
  endfacet
  facet normal 0.935893 -0.352285 0
    outer loop
      vertex 10.0982 40.8361 3.5
      vertex 10.8359 42.7959 0
      vertex 10.8359 42.7959 3.5
    endloop
  endfacet
  facet normal 0.935893 -0.352285 0
    outer loop
      vertex 10.8359 42.7959 0
      vertex 10.0982 40.8361 3.5
      vertex 10.0982 40.8361 0
    endloop
  endfacet
  facet normal 0.986644 -0.162893 0
    outer loop
      vertex 8.67376 34.7268 3.5
      vertex 9.01487 36.7929 0
      vertex 9.01487 36.7929 3.5
    endloop
  endfacet
  facet normal 0.986644 -0.162893 0
    outer loop
      vertex 9.01487 36.7929 0
      vertex 8.67376 34.7268 3.5
      vertex 8.67376 34.7268 0
    endloop
  endfacet
  facet normal 0.849193 -0.528083 0
    outer loop
      vertex 12.6872 46.55 3.5
      vertex 13.793 48.3282 0
      vertex 13.793 48.3282 3.5
    endloop
  endfacet
  facet normal 0.849193 -0.528083 0
    outer loop
      vertex 13.793 48.3282 0
      vertex 12.6872 46.55 3.5
      vertex 12.6872 46.55 0
    endloop
  endfacet
  facet normal 0.881928 -0.471384 0
    outer loop
      vertex 11.7001 44.7032 3.5
      vertex 12.6872 46.55 0
      vertex 12.6872 46.55 3.5
    endloop
  endfacet
  facet normal 0.881928 -0.471384 0
    outer loop
      vertex 12.6872 46.55 0
      vertex 11.7001 44.7032 3.5
      vertex 11.7001 44.7032 0
    endloop
  endfacet
  facet normal 0.773018 -0.634384 0
    outer loop
      vertex 15.0127 50.0304 3.5
      vertex 16.3411 51.6491 0
      vertex 16.3411 51.6491 3.5
    endloop
  endfacet
  facet normal 0.773018 -0.634384 0
    outer loop
      vertex 16.3411 51.6491 0
      vertex 15.0127 50.0304 3.5
      vertex 15.0127 50.0304 0
    endloop
  endfacet
  facet normal 0.352285 -0.935893 0
    outer loop
      vertex 28.1541 60.1141 0
      vertex 30.1139 60.8518 3.5
      vertex 28.1541 60.1141 3.5
    endloop
  endfacet
  facet normal 0.352285 -0.935893 0
    outer loop
      vertex 30.1139 60.8518 3.5
      vertex 28.1541 60.1141 0
      vertex 30.1139 60.8518 0
    endloop
  endfacet
  facet normal 0.0980426 -0.995182 0
    outer loop
      vertex 36.2232 62.2762 0
      vertex 38.3071 62.4815 3.5
      vertex 36.2232 62.2762 3.5
    endloop
  endfacet
  facet normal 0.0980426 -0.995182 0
    outer loop
      vertex 38.3071 62.4815 3.5
      vertex 36.2232 62.2762 0
      vertex 38.3071 62.4815 0
    endloop
  endfacet
  facet normal 0.634384 -0.773018 0
    outer loop
      vertex 19.3009 54.6089 0
      vertex 20.9196 55.9373 3.5
      vertex 19.3009 54.6089 3.5
    endloop
  endfacet
  facet normal 0.634384 -0.773018 0
    outer loop
      vertex 20.9196 55.9373 3.5
      vertex 19.3009 54.6089 0
      vertex 20.9196 55.9373 0
    endloop
  endfacet
  facet normal 0.683615 -0.729842 0
    outer loop
      vertex 17.7726 53.1774 0
      vertex 19.3009 54.6089 3.5
      vertex 17.7726 53.1774 3.5
    endloop
  endfacet
  facet normal 0.683615 -0.729842 0
    outer loop
      vertex 19.3009 54.6089 3.5
      vertex 17.7726 53.1774 0
      vertex 19.3009 54.6089 0
    endloop
  endfacet
  facet normal -0.0327217 0.999465 0
    outer loop
      vertex 42.4929 -1.38148 0
      vertex 40.4 -1.45 3.5
      vertex 42.4929 -1.38148 3.5
    endloop
  endfacet
  facet normal -0.0327217 0.999465 0
    outer loop
      vertex 40.4 -1.45 3.5
      vertex 42.4929 -1.38148 0
      vertex 40.4 -1.45 0
    endloop
  endfacet
  facet normal -0.986644 0.162889 0
    outer loop
      vertex 71.7851 24.3071 0
      vertex 72.1262 26.3732 3.5
      vertex 72.1262 26.3732 0
    endloop
  endfacet
  facet normal -0.986644 0.162889 0
    outer loop
      vertex 72.1262 26.3732 3.5
      vertex 71.7851 24.3071 0
      vertex 71.7851 24.3071 3.5
    endloop
  endfacet
  facet normal -0.95695 0.290251 0
    outer loop
      vertex 70.7018 20.2639 0
      vertex 71.3096 22.2678 3.5
      vertex 71.3096 22.2678 0
    endloop
  endfacet
  facet normal -0.95695 0.290251 0
    outer loop
      vertex 71.3096 22.2678 3.5
      vertex 70.7018 20.2639 0
      vertex 70.7018 20.2639 3.5
    endloop
  endfacet
  facet normal -0.352251 0.935906 0
    outer loop
      vertex 52.6459 0.985854 0
      vertex 50.6861 0.248236 3.5
      vertex 52.6459 0.985854 3.5
    endloop
  endfacet
  facet normal -0.352251 0.935906 0
    outer loop
      vertex 50.6861 0.248236 3.5
      vertex 52.6459 0.985854 0
      vertex 50.6861 0.248236 0
    endloop
  endfacet
  facet normal -0.227078 0.973876 0
    outer loop
      vertex 48.6822 -0.359626 0
      vertex 46.6429 -0.835129 3.5
      vertex 48.6822 -0.359626 3.5
    endloop
  endfacet
  facet normal -0.227078 0.973876 0
    outer loop
      vertex 46.6429 -0.835129 3.5
      vertex 48.6822 -0.359626 0
      vertex 46.6429 -0.835129 0
    endloop
  endfacet
  facet normal -0.729854 0.683603 0
    outer loop
      vertex 63.0274 7.92258 0
      vertex 64.4589 9.45093 3.5
      vertex 64.4589 9.45093 0
    endloop
  endfacet
  facet normal -0.729854 0.683603 0
    outer loop
      vertex 64.4589 9.45093 3.5
      vertex 63.0274 7.92258 0
      vertex 63.0274 7.92258 3.5
    endloop
  endfacet
  facet normal -0.582459 0.81286 0
    outer loop
      vertex 59.8804 5.16269 0
      vertex 58.1782 3.94297 3.5
      vertex 59.8804 5.16269 3.5
    endloop
  endfacet
  facet normal -0.582459 0.81286 0
    outer loop
      vertex 58.1782 3.94297 3.5
      vertex 59.8804 5.16269 0
      vertex 58.1782 3.94297 0
    endloop
  endfacet
  facet normal -0.683603 0.729854 0
    outer loop
      vertex 63.0274 7.92258 0
      vertex 61.4991 6.49113 3.5
      vertex 63.0274 7.92258 3.5
    endloop
  endfacet
  facet normal -0.683603 0.729854 0
    outer loop
      vertex 61.4991 6.49113 3.5
      vertex 63.0274 7.92258 0
      vertex 61.4991 6.49113 0
    endloop
  endfacet
  facet normal -0.471391 0.881924 0
    outer loop
      vertex 56.4 2.83719 0
      vertex 54.5532 1.85007 3.5
      vertex 56.4 2.83719 3.5
    endloop
  endfacet
  facet normal -0.471391 0.881924 0
    outer loop
      vertex 54.5532 1.85007 3.5
      vertex 56.4 2.83719 0
      vertex 54.5532 1.85007 0
    endloop
  endfacet
  facet normal -0.881928 0.471384 0
    outer loop
      vertex 68.1128 14.55 0
      vertex 69.0999 16.3968 3.5
      vertex 69.0999 16.3968 0
    endloop
  endfacet
  facet normal -0.881928 0.471384 0
    outer loop
      vertex 69.0999 16.3968 3.5
      vertex 68.1128 14.55 0
      vertex 68.1128 14.55 3.5
    endloop
  endfacet
  facet normal -0.935893 0.352285 0
    outer loop
      vertex 69.9641 18.3041 0
      vertex 70.7018 20.2639 3.5
      vertex 70.7018 20.2639 0
    endloop
  endfacet
  facet normal -0.935893 0.352285 0
    outer loop
      vertex 70.7018 20.2639 3.5
      vertex 69.9641 18.3041 0
      vertex 69.9641 18.3041 3.5
    endloop
  endfacet
  facet normal -0.812865 0.582453 0
    outer loop
      vertex 65.7873 11.0696 0
      vertex 67.007 12.7718 3.5
      vertex 67.007 12.7718 0
    endloop
  endfacet
  facet normal -0.812865 0.582453 0
    outer loop
      vertex 67.007 12.7718 3.5
      vertex 65.7873 11.0696 0
      vertex 65.7873 11.0696 3.5
    endloop
  endfacet
  facet normal 0.290278 0.956942 -0
    outer loop
      vertex 32.1178 -0.359626 0
      vertex 30.1139 0.248236 3.5
      vertex 32.1178 -0.359626 3.5
    endloop
  endfacet
  facet normal 0.290278 0.956942 0
    outer loop
      vertex 30.1139 0.248236 3.5
      vertex 32.1178 -0.359626 0
      vertex 30.1139 0.248236 0
    endloop
  endfacet
  facet normal 0.528076 0.849197 -0
    outer loop
      vertex 24.4 2.83719 0
      vertex 22.6218 3.94297 3.5
      vertex 24.4 2.83719 3.5
    endloop
  endfacet
  facet normal 0.528076 0.849197 0
    outer loop
      vertex 22.6218 3.94297 3.5
      vertex 24.4 2.83719 0
      vertex 22.6218 3.94297 0
    endloop
  endfacet
  facet normal 0.582459 0.81286 -0
    outer loop
      vertex 22.6218 3.94297 0
      vertex 20.9196 5.16269 3.5
      vertex 22.6218 3.94297 3.5
    endloop
  endfacet
  facet normal 0.582459 0.81286 0
    outer loop
      vertex 20.9196 5.16269 3.5
      vertex 22.6218 3.94297 0
      vertex 20.9196 5.16269 0
    endloop
  endfacet
  facet normal 0.956946 0.290264 0
    outer loop
      vertex 10.0982 20.2639 3.5
      vertex 9.49037 22.2678 0
      vertex 9.49037 22.2678 3.5
    endloop
  endfacet
  facet normal 0.956946 0.290264 0
    outer loop
      vertex 9.49037 22.2678 0
      vertex 10.0982 20.2639 3.5
      vertex 10.0982 20.2639 0
    endloop
  endfacet
  facet normal 0.986644 0.162893 0
    outer loop
      vertex 9.01487 24.3071 3.5
      vertex 8.67376 26.3732 0
      vertex 8.67376 26.3732 3.5
    endloop
  endfacet
  facet normal 0.986644 0.162893 0
    outer loop
      vertex 8.67376 26.3732 0
      vertex 9.01487 24.3071 3.5
      vertex 9.01487 24.3071 0
    endloop
  endfacet
  facet normal 0.995185 0.0980189 0
    outer loop
      vertex 8.67376 26.3732 3.5
      vertex 8.46851 28.4571 0
      vertex 8.46851 28.4571 3.5
    endloop
  endfacet
  facet normal 0.995185 0.0980189 0
    outer loop
      vertex 8.46851 28.4571 0
      vertex 8.67376 26.3732 3.5
      vertex 8.67376 26.3732 0
    endloop
  endfacet
  facet normal 0.849193 0.528083 0
    outer loop
      vertex 13.793 12.7718 3.5
      vertex 12.6872 14.55 0
      vertex 12.6872 14.55 3.5
    endloop
  endfacet
  facet normal 0.849193 0.528083 0
    outer loop
      vertex 12.6872 14.55 0
      vertex 13.793 12.7718 3.5
      vertex 13.793 12.7718 0
    endloop
  endfacet
  facet normal 0.910861 0.412712 0
    outer loop
      vertex 11.7001 16.3968 3.5
      vertex 10.8359 18.3041 0
      vertex 10.8359 18.3041 3.5
    endloop
  endfacet
  facet normal 0.910861 0.412712 0
    outer loop
      vertex 10.8359 18.3041 0
      vertex 11.7001 16.3968 3.5
      vertex 11.7001 16.3968 0
    endloop
  endfacet
  facet normal 0.773012 0.634391 0
    outer loop
      vertex 16.3411 9.45093 3.5
      vertex 15.0127 11.0696 0
      vertex 15.0127 11.0696 3.5
    endloop
  endfacet
  facet normal 0.773012 0.634391 0
    outer loop
      vertex 15.0127 11.0696 0
      vertex 16.3411 9.45093 3.5
      vertex 16.3411 9.45093 0
    endloop
  endfacet
  facet normal 0.729854 0.683603 0
    outer loop
      vertex 17.7726 7.92258 3.5
      vertex 16.3411 9.45093 0
      vertex 16.3411 9.45093 3.5
    endloop
  endfacet
  facet normal 0.729854 0.683603 0
    outer loop
      vertex 16.3411 9.45093 0
      vertex 17.7726 7.92258 3.5
      vertex 17.7726 7.92258 0
    endloop
  endfacet
  facet normal -0.973877 0.227077 0
    outer loop
      vertex 71.3096 22.2678 0
      vertex 71.7851 24.3071 3.5
      vertex 71.7851 24.3071 0
    endloop
  endfacet
  facet normal -0.973877 0.227077 0
    outer loop
      vertex 71.7851 24.3071 3.5
      vertex 71.3096 22.2678 0
      vertex 71.3096 22.2678 3.5
    endloop
  endfacet
  facet normal -0.0980142 0.995185 0
    outer loop
      vertex 44.5768 -1.17624 0
      vertex 42.4929 -1.38148 3.5
      vertex 44.5768 -1.17624 3.5
    endloop
  endfacet
  facet normal -0.0980142 0.995185 0
    outer loop
      vertex 42.4929 -1.38148 3.5
      vertex 44.5768 -1.17624 0
      vertex 42.4929 -1.38148 0
    endloop
  endfacet
  facet normal -0.290278 0.956942 0
    outer loop
      vertex 50.6861 0.248236 0
      vertex 48.6822 -0.359626 3.5
      vertex 50.6861 0.248236 3.5
    endloop
  endfacet
  facet normal -0.290278 0.956942 0
    outer loop
      vertex 48.6822 -0.359626 3.5
      vertex 50.6861 0.248236 0
      vertex 48.6822 -0.359626 0
    endloop
  endfacet
  facet normal -0.634395 0.773009 0
    outer loop
      vertex 61.4991 6.49113 0
      vertex 59.8804 5.16269 3.5
      vertex 61.4991 6.49113 3.5
    endloop
  endfacet
  facet normal -0.634395 0.773009 0
    outer loop
      vertex 59.8804 5.16269 3.5
      vertex 61.4991 6.49113 0
      vertex 59.8804 5.16269 0
    endloop
  endfacet
  facet normal -0.528076 0.849197 0
    outer loop
      vertex 58.1782 3.94297 0
      vertex 56.4 2.83719 3.5
      vertex 58.1782 3.94297 3.5
    endloop
  endfacet
  facet normal -0.528076 0.849197 0
    outer loop
      vertex 56.4 2.83719 3.5
      vertex 58.1782 3.94297 0
      vertex 56.4 2.83719 0
    endloop
  endfacet
  facet normal -0.910861 0.412712 0
    outer loop
      vertex 69.0999 16.3968 0
      vertex 69.9641 18.3041 3.5
      vertex 69.9641 18.3041 0
    endloop
  endfacet
  facet normal -0.910861 0.412712 0
    outer loop
      vertex 69.9641 18.3041 3.5
      vertex 69.0999 16.3968 0
      vertex 69.0999 16.3968 3.5
    endloop
  endfacet
  facet normal -0.849193 0.528083 0
    outer loop
      vertex 67.007 12.7718 0
      vertex 68.1128 14.55 3.5
      vertex 68.1128 14.55 0
    endloop
  endfacet
  facet normal -0.849193 0.528083 0
    outer loop
      vertex 68.1128 14.55 3.5
      vertex 67.007 12.7718 0
      vertex 67.007 12.7718 3.5
    endloop
  endfacet
  facet normal 0.0327217 0.999465 -0
    outer loop
      vertex 40.4 -1.45 0
      vertex 38.3071 -1.38148 3.5
      vertex 40.4 -1.45 3.5
    endloop
  endfacet
  facet normal 0.0327217 0.999465 0
    outer loop
      vertex 38.3071 -1.38148 3.5
      vertex 40.4 -1.45 0
      vertex 38.3071 -1.38148 0
    endloop
  endfacet
  facet normal 0.227078 0.973876 -0
    outer loop
      vertex 34.1571 -0.835129 0
      vertex 32.1178 -0.359626 3.5
      vertex 34.1571 -0.835129 3.5
    endloop
  endfacet
  facet normal 0.227078 0.973876 0
    outer loop
      vertex 32.1178 -0.359626 3.5
      vertex 34.1571 -0.835129 0
      vertex 32.1178 -0.359626 0
    endloop
  endfacet
  facet normal 0.471391 0.881924 -0
    outer loop
      vertex 26.2468 1.85007 0
      vertex 24.4 2.83719 3.5
      vertex 26.2468 1.85007 3.5
    endloop
  endfacet
  facet normal 0.471391 0.881924 0
    outer loop
      vertex 24.4 2.83719 3.5
      vertex 26.2468 1.85007 0
      vertex 24.4 2.83719 0
    endloop
  endfacet
  facet normal 0.634395 0.773009 -0
    outer loop
      vertex 20.9196 5.16269 0
      vertex 19.3009 6.49113 3.5
      vertex 20.9196 5.16269 3.5
    endloop
  endfacet
  facet normal 0.634395 0.773009 0
    outer loop
      vertex 19.3009 6.49113 3.5
      vertex 20.9196 5.16269 0
      vertex 19.3009 6.49113 0
    endloop
  endfacet
  facet normal 0.935893 0.352285 0
    outer loop
      vertex 10.8359 18.3041 3.5
      vertex 10.0982 20.2639 0
      vertex 10.0982 20.2639 3.5
    endloop
  endfacet
  facet normal 0.935893 0.352285 0
    outer loop
      vertex 10.0982 20.2639 0
      vertex 10.8359 18.3041 3.5
      vertex 10.8359 18.3041 0
    endloop
  endfacet
  facet normal 0.881928 0.471384 0
    outer loop
      vertex 12.6872 14.55 3.5
      vertex 11.7001 16.3968 0
      vertex 11.7001 16.3968 3.5
    endloop
  endfacet
  facet normal 0.881928 0.471384 0
    outer loop
      vertex 11.7001 16.3968 0
      vertex 12.6872 14.55 3.5
      vertex 12.6872 14.55 0
    endloop
  endfacet
  facet normal -0.999465 0.0327122 0
    outer loop
      vertex 72.3315 28.4571 0
      vertex 72.4 30.55 3.5
      vertex 72.4 30.55 0
    endloop
  endfacet
  facet normal -0.999465 0.0327122 0
    outer loop
      vertex 72.4 30.55 3.5
      vertex 72.3315 28.4571 0
      vertex 72.3315 28.4571 3.5
    endloop
  endfacet
  facet normal -0.0323146 0.987023 0.157296
    outer loop
      vertex 42.5106 -1.77931 6
      vertex 40.4 -1.45 3.5
      vertex 40.4 -1.84841 6
    endloop
  endfacet
  facet normal -0.987023 -0.0323147 0.157292
    outer loop
      vertex 72.7984 30.55 6
      vertex 72.7293 32.6606 6
      vertex 72.4 30.55 3.5
    endloop
  endfacet
  facet normal -0.986923 -0.0352473 0.157289
    outer loop
      vertex 72.3315 32.6429 3.5
      vertex 72.7293 32.6606 6
      vertex 72.729 32.669 6
    endloop
  endfacet
  facet normal -0.987025 -0.032305 0.157284
    outer loop
      vertex 72.7293 32.6606 6
      vertex 72.3315 32.6429 3.5
      vertex 72.4 30.55 3.5
    endloop
  endfacet
  facet normal -0.987025 0.032305 0.157284
    outer loop
      vertex 72.3315 28.4571 3.5
      vertex 72.7293 28.4394 6
      vertex 72.4 30.55 3.5
    endloop
  endfacet
  facet normal -0.986923 0.0352473 0.157289
    outer loop
      vertex 72.7293 28.4394 6
      vertex 72.3315 28.4571 3.5
      vertex 72.729 28.431 6
    endloop
  endfacet
  facet normal 0.987023 0.0323097 0.157292
    outer loop
      vertex 8.07069 28.4394 6
      vertex 8.46851 28.4571 3.5
      vertex 8.4 30.55 3.5
    endloop
  endfacet
  facet normal 0.987043 0.0317264 0.157291
    outer loop
      vertex 8.46851 28.4571 3.5
      vertex 8.07069 28.4394 6
      vertex 8.07096 28.431 6
    endloop
  endfacet
  facet normal 0.0967604 -0.982803 0.157276
    outer loop
      vertex 38.3071 62.4815 3.5
      vertex 38.281 62.879 6
      vertex 36.1795 62.6721 6
    endloop
  endfacet
  facet normal -0.974358 0.160873 0.157312
    outer loop
      vertex 72.1759 24.2294 6
      vertex 72.5199 26.3129 6
      vertex 71.7851 24.3071 3.5
    endloop
  endfacet
  facet normal -0.720769 0.675095 0.157287
    outer loop
      vertex 63.0274 7.92258 3.5
      vertex 63.3148 7.64696 6
      vertex 64.4589 9.45093 3.5
    endloop
  endfacet
  facet normal -0.72101 0.674837 0.157287
    outer loop
      vertex 63.3148 7.64696 6
      vertex 63.0274 7.92258 3.5
      vertex 63.3091 7.64087 6
    endloop
  endfacet
  facet normal -0.407556 0.899533 0.157284
    outer loop
      vertex 52.7983 0.617775 6
      vertex 54.7219 1.48931 6
      vertex 52.6459 0.985854 3.5
    endloop
  endfacet
  facet normal 0.0323144 0.987023 0.157296
    outer loop
      vertex 38.3071 -1.38148 3.5
      vertex 38.2894 -1.77931 6
      vertex 40.4 -1.45 3.5
    endloop
  endfacet
  facet normal 0.0317263 0.987042 0.157295
    outer loop
      vertex 38.2894 -1.77931 6
      vertex 38.3071 -1.38148 3.5
      vertex 38.281 -1.77904 6
    endloop
  endfacet
  facet normal 0.982796 0.0968018 0.157291
    outer loop
      vertex 8.27877 26.3212 6
      vertex 8.67376 26.3732 3.5
      vertex 8.07178 28.4227 6
    endloop
  endfacet
  facet normal 0.720769 0.675095 0.157287
    outer loop
      vertex 17.4852 7.64696 6
      vertex 17.7726 7.92258 3.5
      vertex 16.3411 9.45093 3.5
    endloop
  endfacet
  facet normal 0.72101 0.674837 0.157287
    outer loop
      vertex 17.7726 7.92258 3.5
      vertex 17.4852 7.64696 6
      vertex 17.4909 7.64087 6
    endloop
  endfacet
  facet normal -0.626481 -0.763402 0.157286
    outer loop
      vertex 61.4991 54.6089 3.5
      vertex 61.7618 54.9084 6
      vertex 60.1293 56.2481 6
    endloop
  endfacet
  facet normal 0.763402 -0.626481 0.157286
    outer loop
      vertex 16.3411 51.6491 3.5
      vertex 16.0416 51.9118 6
      vertex 14.7019 50.2793 6
    endloop
  endfacet
  facet normal -0.92425 0.34788 0.157293
    outer loop
      vertex 70.3322 18.1517 6
      vertex 71.0761 20.1281 6
      vertex 69.9641 18.3041 3.5
    endloop
  endfacet
  facet normal -0.987023 0.0323147 0.157292
    outer loop
      vertex 72.7293 28.4394 6
      vertex 72.7984 30.55 6
      vertex 72.4 30.55 3.5
    endloop
  endfacet
  facet normal -0.224248 0.961755 0.157292
    outer loop
      vertex 46.7206 -1.22588 6
      vertex 48.7772 -0.746352 6
      vertex 46.6429 -0.835129 3.5
    endloop
  endfacet
  facet normal -0.575233 0.802721 0.157306
    outer loop
      vertex 58.3996 3.61171 6
      vertex 60.1161 4.84176 6
      vertex 58.1782 3.94297 3.5
    endloop
  endfacet
  facet normal -0.347865 0.924257 0.157286
    outer loop
      vertex 50.8141 -0.129027 6
      vertex 52.7905 0.614836 6
      vertex 50.6861 0.248236 3.5
    endloop
  endfacet
  facet normal -0.160869 0.974361 0.157293
    outer loop
      vertex 46.7206 -1.22588 6
      vertex 46.6429 -0.835129 3.5
      vertex 44.6371 -1.56987 6
    endloop
  endfacet
  facet normal 0.899513 0.407599 0.157286
    outer loop
      vertex 11.3428 16.2206 6
      vertex 11.7001 16.3968 3.5
      vertex 10.4712 18.1441 6
    endloop
  endfacet
  facet normal 0.347865 0.924257 0.157286
    outer loop
      vertex 29.9859 -0.129027 6
      vertex 30.1139 0.248236 3.5
      vertex 28.0095 0.614836 6
    endloop
  endfacet
  facet normal 0.987043 -0.0317264 0.157291
    outer loop
      vertex 8.07069 32.6606 6
      vertex 8.46851 32.6429 3.5
      vertex 8.07096 32.669 6
    endloop
  endfacet
  facet normal 0.987023 -0.0323097 0.157292
    outer loop
      vertex 8.46851 32.6429 3.5
      vertex 8.07069 32.6606 6
      vertex 8.4 30.55 3.5
    endloop
  endfacet
  facet normal 0.347841 -0.92427 0.157263
    outer loop
      vertex 30.1139 60.8518 3.5
      vertex 29.9859 61.229 6
      vertex 28.0095 60.4852 6
    endloop
  endfacet
  facet normal -0.975651 0.152813 0.157331
    outer loop
      vertex 72.1262 26.3732 3.5
      vertex 72.5199 26.3129 6
      vertex 72.5212 26.3212 6
    endloop
  endfacet
  facet normal -0.974358 0.16086 0.157322
    outer loop
      vertex 72.5199 26.3129 6
      vertex 72.1262 26.3732 3.5
      vertex 71.7851 24.3071 3.5
    endloop
  endfacet
  facet normal -0.838637 0.521477 0.157318
    outer loop
      vertex 67.3383 12.5504 6
      vertex 68.4534 14.3437 6
      vertex 67.007 12.7718 3.5
    endloop
  endfacet
  facet normal -0.870939 0.465539 0.157284
    outer loop
      vertex 68.4578 14.3508 6
      vertex 69.4533 16.2132 6
      vertex 68.1128 14.55 3.5
    endloop
  endfacet
  facet normal -0.160866 0.974361 0.157295
    outer loop
      vertex 44.5768 -1.17624 3.5
      vertex 44.6371 -1.56987 6
      vertex 46.6429 -0.835129 3.5
    endloop
  endfacet
  facet normal -0.159686 0.974555 0.157297
    outer loop
      vertex 44.6371 -1.56987 6
      vertex 44.5768 -1.17624 3.5
      vertex 44.6288 -1.57123 6
    endloop
  endfacet
  facet normal -0.521495 0.838629 0.157305
    outer loop
      vertex 58.3996 3.61171 6
      vertex 58.1782 3.94297 3.5
      vertex 56.6063 2.49656 6
    endloop
  endfacet
  facet normal -0.675095 0.720771 0.157276
    outer loop
      vertex 61.4991 6.49113 3.5
      vertex 61.7678 6.19729 6
      vertex 63.0274 7.92258 3.5
    endloop
  endfacet
  facet normal -0.68018 0.715979 0.157259
    outer loop
      vertex 61.7678 6.19729 6
      vertex 61.4991 6.49113 3.5
      vertex 61.7618 6.19159 6
    endloop
  endfacet
  facet normal -0.675082 0.72078 0.157289
    outer loop
      vertex 63.3091 7.64087 6
      vertex 63.0274 7.92258 3.5
      vertex 61.7678 6.19729 6
    endloop
  endfacet
  facet normal -0.286674 0.945028 0.157287
    outer loop
      vertex 50.8141 -0.129027 6
      vertex 50.6861 0.248236 3.5
      vertex 48.7933 -0.742036 6
    endloop
  endfacet
  facet normal -0.224964 0.961587 0.157297
    outer loop
      vertex 48.6822 -0.359626 3.5
      vertex 48.7772 -0.746352 6
      vertex 48.7853 -0.744457 6
    endloop
  endfacet
  facet normal -0.224252 0.961753 0.157296
    outer loop
      vertex 48.7772 -0.746352 6
      vertex 48.6822 -0.359626 3.5
      vertex 46.6429 -0.835129 3.5
    endloop
  endfacet
  facet normal -0.348207 0.924128 0.157288
    outer loop
      vertex 52.6459 0.985854 3.5
      vertex 52.7905 0.614836 6
      vertex 52.7983 0.617775 6
    endloop
  endfacet
  facet normal -0.347866 0.924256 0.157287
    outer loop
      vertex 52.7905 0.614836 6
      vertex 52.6459 0.985854 3.5
      vertex 50.6861 0.248236 3.5
    endloop
  endfacet
  facet normal -0.0970927 0.982768 0.157293
    outer loop
      vertex 44.5768 -1.17624 3.5
      vertex 44.6205 -1.57205 6
      vertex 44.6288 -1.57123 6
    endloop
  endfacet
  facet normal -0.0967941 0.982797 0.157292
    outer loop
      vertex 44.6205 -1.57205 6
      vertex 44.5768 -1.17624 3.5
      vertex 42.4929 -1.38148 3.5
    endloop
  endfacet
  facet normal 0.961719 0.224401 0.157291
    outer loop
      vertex 8.62601 24.2213 6
      vertex 9.01487 24.3071 3.5
      vertex 8.62412 24.2294 6
    endloop
  endfacet
  facet normal 0.961754 0.224251 0.157291
    outer loop
      vertex 9.01487 24.3071 3.5
      vertex 8.62601 24.2213 6
      vertex 9.49037 22.2678 3.5
    endloop
  endfacet
  facet normal 0.924252 0.347876 0.157293
    outer loop
      vertex 10.4678 18.1517 6
      vertex 10.8359 18.3041 3.5
      vertex 9.72391 20.1281 6
    endloop
  endfacet
  facet normal 0.802749 0.575204 0.157271
    outer loop
      vertex 14.6918 10.8339 6
      vertex 15.0127 11.0696 3.5
      vertex 13.793 12.7718 3.5
    endloop
  endfacet
  facet normal 0.806803 0.569508 0.157254
    outer loop
      vertex 15.0127 11.0696 3.5
      vertex 14.6918 10.8339 6
      vertex 14.6966 10.8271 6
    endloop
  endfacet
  facet normal 0.521495 0.838629 0.157305
    outer loop
      vertex 24.1937 2.49656 6
      vertex 22.6218 3.94297 3.5
      vertex 22.4004 3.61171 6
    endloop
  endfacet
  facet normal 0.160869 0.974361 0.157293
    outer loop
      vertex 36.1629 -1.56987 6
      vertex 34.1571 -0.835129 3.5
      vertex 34.0794 -1.22588 6
    endloop
  endfacet
  facet normal -0.870958 -0.465503 0.157286
    outer loop
      vertex 69.0999 44.7032 3.5
      vertex 69.4572 44.8794 6
      vertex 68.4618 46.7418 6
    endloop
  endfacet
  facet normal 0.674248 -0.721563 0.15728
    outer loop
      vertex 17.7726 53.1774 3.5
      vertex 17.497 53.4648 6
      vertex 17.4909 53.4591 6
    endloop
  endfacet
  facet normal 0.675107 -0.720759 0.157282
    outer loop
      vertex 17.497 53.4648 6
      vertex 17.7726 53.1774 3.5
      vertex 19.3009 54.6089 3.5
    endloop
  endfacet
  facet normal 0.160873 -0.974358 0.157312
    outer loop
      vertex 34.1571 61.9351 3.5
      vertex 36.1629 62.6699 6
      vertex 34.0794 62.3259 6
    endloop
  endfacet
  facet normal -0.982998 0.0947468 0.157286
    outer loop
      vertex 72.3315 28.4571 3.5
      vertex 72.7282 28.4227 6
      vertex 72.729 28.431 6
    endloop
  endfacet
  facet normal -0.982796 0.0968223 0.157282
    outer loop
      vertex 72.7282 28.4227 6
      vertex 72.3315 28.4571 3.5
      vertex 72.1262 26.3732 3.5
    endloop
  endfacet
  facet normal -0.982795 0.0968064 0.157295
    outer loop
      vertex 72.5212 26.3212 6
      vertex 72.7282 28.4227 6
      vertex 72.1262 26.3732 3.5
    endloop
  endfacet
  facet normal -0.945033 0.286671 0.157264
    outer loop
      vertex 71.079 20.1359 6
      vertex 71.692 22.1567 6
      vertex 70.7018 20.2639 3.5
    endloop
  endfacet
  facet normal -0.925647 0.344151 0.157282
    outer loop
      vertex 70.7018 20.2639 3.5
      vertex 71.0761 20.1281 6
      vertex 71.079 20.1359 6
    endloop
  endfacet
  facet normal -0.924245 0.347901 0.157276
    outer loop
      vertex 71.0761 20.1281 6
      vertex 70.7018 20.2639 3.5
      vertex 69.9641 18.3041 3.5
    endloop
  endfacet
  facet normal -0.961749 0.224249 0.157323
    outer loop
      vertex 71.3096 22.2678 3.5
      vertex 71.6964 22.1728 6
      vertex 71.7851 24.3071 3.5
    endloop
  endfacet
  facet normal -0.96145 0.225525 0.157326
    outer loop
      vertex 71.6964 22.1728 6
      vertex 71.3096 22.2678 3.5
      vertex 71.6945 22.1647 6
    endloop
  endfacet
  facet normal -0.961755 0.224235 0.157311
    outer loop
      vertex 72.1759 24.2294 6
      vertex 71.7851 24.3071 3.5
      vertex 71.6964 22.1728 6
    endloop
  endfacet
  facet normal -0.802734 0.575219 0.157294
    outer loop
      vertex 66.1034 10.8271 6
      vertex 67.3334 12.5436 6
      vertex 65.7873 11.0696 3.5
    endloop
  endfacet
  facet normal -0.720774 0.67509 0.157282
    outer loop
      vertex 64.7584 9.18825 6
      vertex 64.4589 9.45093 3.5
      vertex 63.3148 7.64696 6
    endloop
  endfacet
  facet normal -0.839429 0.52021 0.157292
    outer loop
      vertex 68.1128 14.55 3.5
      vertex 68.4534 14.3437 6
      vertex 68.4578 14.3508 6
    endloop
  endfacet
  facet normal -0.838623 0.52151 0.157289
    outer loop
      vertex 68.4534 14.3437 6
      vertex 68.1128 14.55 3.5
      vertex 67.007 12.7718 3.5
    endloop
  endfacet
  facet normal -0.899519 0.407573 0.157322
    outer loop
      vertex 69.0999 16.3968 3.5
      vertex 69.4607 16.2281 6
      vertex 69.9641 18.3041 3.5
    endloop
  endfacet
  facet normal -0.894897 0.417619 0.157332
    outer loop
      vertex 69.4607 16.2281 6
      vertex 69.0999 16.3968 3.5
      vertex 69.4572 16.2206 6
    endloop
  endfacet
  facet normal -0.899538 0.407542 0.157292
    outer loop
      vertex 70.3322 18.1517 6
      vertex 69.9641 18.3041 3.5
      vertex 69.4607 16.2281 6
    endloop
  endfacet
  facet normal -0.521502 0.838625 0.157299
    outer loop
      vertex 56.4 2.83719 3.5
      vertex 56.6063 2.49656 6
      vertex 58.1782 3.94297 3.5
    endloop
  endfacet
  facet normal -0.520209 0.839428 0.157301
    outer loop
      vertex 56.6063 2.49656 6
      vertex 56.4 2.83719 3.5
      vertex 56.5992 2.49216 6
    endloop
  endfacet
  facet normal -0.464119 0.871696 0.157286
    outer loop
      vertex 56.4 2.83719 3.5
      vertex 56.5918 2.48822 6
      vertex 56.5992 2.49216 6
    endloop
  endfacet
  facet normal -0.465524 0.870947 0.157289
    outer loop
      vertex 56.5918 2.48822 6
      vertex 56.4 2.83719 3.5
      vertex 54.5532 1.85007 3.5
    endloop
  endfacet
  facet normal -0.623366 0.76595 0.157276
    outer loop
      vertex 61.4991 6.49113 3.5
      vertex 61.7553 6.1863 6
      vertex 61.7618 6.19159 6
    endloop
  endfacet
  facet normal -0.626499 0.763387 0.157285
    outer loop
      vertex 61.7553 6.1863 6
      vertex 61.4991 6.49113 3.5
      vertex 59.8804 5.16269 3.5
    endloop
  endfacet
  facet normal -0.286665 0.94503 0.157295
    outer loop
      vertex 48.6822 -0.359626 3.5
      vertex 48.7933 -0.742036 6
      vertex 50.6861 0.248236 3.5
    endloop
  endfacet
  facet normal -0.286046 0.945217 0.157296
    outer loop
      vertex 48.7933 -0.742036 6
      vertex 48.6822 -0.359626 3.5
      vertex 48.7853 -0.744457 6
    endloop
  endfacet
  facet normal -0.0968017 0.982795 0.157299
    outer loop
      vertex 42.519 -1.77904 6
      vertex 44.6205 -1.57205 6
      vertex 42.4929 -1.38148 3.5
    endloop
  endfacet
  facet normal -0.0317263 0.987042 0.157295
    outer loop
      vertex 42.4929 -1.38148 3.5
      vertex 42.5106 -1.77931 6
      vertex 42.519 -1.77904 6
    endloop
  endfacet
  facet normal -0.0323144 0.987023 0.157296
    outer loop
      vertex 42.5106 -1.77931 6
      vertex 42.4929 -1.38148 3.5
      vertex 40.4 -1.45 3.5
    endloop
  endfacet
  facet normal 0.982767 0.0970927 0.157293
    outer loop
      vertex 8.07178 28.4227 6
      vertex 8.46851 28.4571 3.5
      vertex 8.07096 28.431 6
    endloop
  endfacet
  facet normal 0.982796 0.0967988 0.157294
    outer loop
      vertex 8.46851 28.4571 3.5
      vertex 8.07178 28.4227 6
      vertex 8.67376 26.3732 3.5
    endloop
  endfacet
  facet normal 0.961754 0.224249 0.157293
    outer loop
      vertex 9.10554 22.1647 6
      vertex 9.49037 22.2678 3.5
      vertex 8.62601 24.2213 6
    endloop
  endfacet
  facet normal 0.945037 0.286652 0.157273
    outer loop
      vertex 9.71855 20.1439 6
      vertex 10.0982 20.2639 3.5
      vertex 9.49037 22.2678 3.5
    endloop
  endfacet
  facet normal 0.945254 0.285939 0.157271
    outer loop
      vertex 10.0982 20.2639 3.5
      vertex 9.71855 20.1439 6
      vertex 9.72097 20.1359 6
    endloop
  endfacet
  facet normal 0.901452 0.403281 0.157314
    outer loop
      vertex 10.4712 18.1441 6
      vertex 10.8359 18.3041 3.5
      vertex 10.4678 18.1517 6
    endloop
  endfacet
  facet normal 0.899521 0.407574 0.157307
    outer loop
      vertex 10.8359 18.3041 3.5
      vertex 10.4712 18.1441 6
      vertex 11.7001 16.3968 3.5
    endloop
  endfacet
  facet normal 0.839429 0.52021 0.157292
    outer loop
      vertex 12.3466 14.3437 6
      vertex 12.6872 14.55 3.5
      vertex 12.3422 14.3508 6
    endloop
  endfacet
  facet normal 0.838623 0.52151 0.157289
    outer loop
      vertex 12.6872 14.55 3.5
      vertex 12.3466 14.3437 6
      vertex 13.793 12.7718 3.5
    endloop
  endfacet
  facet normal 0.224248 0.961755 0.157292
    outer loop
      vertex 34.0794 -1.22588 6
      vertex 34.1571 -0.835129 3.5
      vertex 32.0228 -0.746352 6
    endloop
  endfacet
  facet normal 0.465528 0.870944 0.157293
    outer loop
      vertex 26.0706 1.49275 6
      vertex 26.2468 1.85007 3.5
      vertex 24.2082 2.48822 6
    endloop
  endfacet
  facet normal 0.575233 0.802721 0.157306
    outer loop
      vertex 22.4004 3.61171 6
      vertex 22.6218 3.94297 3.5
      vertex 20.6839 4.84176 6
    endloop
  endfacet
  facet normal 0.720774 0.67509 0.157282
    outer loop
      vertex 17.4852 7.64696 6
      vertex 16.3411 9.45093 3.5
      vertex 16.0416 9.18825 6
    endloop
  endfacet
  facet normal 0.0968017 0.982795 0.157299
    outer loop
      vertex 38.281 -1.77904 6
      vertex 38.3071 -1.38148 3.5
      vertex 36.1795 -1.57205 6
    endloop
  endfacet
  facet normal 0.0323146 0.987023 0.157296
    outer loop
      vertex 40.4 -1.84841 6
      vertex 40.4 -1.45 3.5
      vertex 38.2894 -1.77931 6
    endloop
  endfacet
  facet normal -0.347841 -0.92427 0.157263
    outer loop
      vertex 52.7905 60.4852 6
      vertex 50.8141 61.229 6
      vertex 50.6861 60.8518 3.5
    endloop
  endfacet
  facet normal -0.286712 -0.945012 0.157318
    outer loop
      vertex 50.8061 61.2314 6
      vertex 48.7853 61.8445 6
      vertex 48.6822 61.4596 3.5
    endloop
  endfacet
  facet normal 0.868754 -0.469597 0.157306
    outer loop
      vertex 12.3382 46.7418 6
      vertex 12.6872 46.55 3.5
      vertex 12.3422 46.7492 6
    endloop
  endfacet
  facet normal 0.870949 -0.465515 0.157299
    outer loop
      vertex 12.6872 46.55 3.5
      vertex 12.3382 46.7418 6
      vertex 11.7001 44.7032 3.5
    endloop
  endfacet
  facet normal 0.924264 -0.347852 0.157274
    outer loop
      vertex 10.0982 40.8361 3.5
      vertex 10.4648 42.9405 6
      vertex 9.72097 40.9641 6
    endloop
  endfacet
  facet normal 0.839429 -0.52021 0.157292
    outer loop
      vertex 12.6872 46.55 3.5
      vertex 12.3466 46.7563 6
      vertex 12.3422 46.7492 6
    endloop
  endfacet
  facet normal 0.838623 -0.52151 0.157289
    outer loop
      vertex 12.3466 46.7563 6
      vertex 12.6872 46.55 3.5
      vertex 13.793 48.3282 3.5
    endloop
  endfacet
  facet normal 0.982796 -0.0968018 0.157291
    outer loop
      vertex 8.67376 34.7268 3.5
      vertex 8.27877 34.7788 6
      vertex 8.07178 32.6773 6
    endloop
  endfacet
  facet normal 0.974363 -0.160862 0.157291
    outer loop
      vertex 8.67376 34.7268 3.5
      vertex 8.62276 36.8624 6
      vertex 8.27877 34.7788 6
    endloop
  endfacet
  facet normal 0.760606 -0.629877 0.157269
    outer loop
      vertex 15.0127 50.0304 3.5
      vertex 14.7019 50.2793 6
      vertex 14.6966 50.2729 6
    endloop
  endfacet
  facet normal 0.763397 -0.626489 0.157279
    outer loop
      vertex 14.7019 50.2793 6
      vertex 15.0127 50.0304 3.5
      vertex 16.3411 51.6491 3.5
    endloop
  endfacet
  facet normal 0.569508 -0.806803 0.157254
    outer loop
      vertex 20.9196 55.9373 3.5
      vertex 20.6839 56.2582 6
      vertex 20.6771 56.2534 6
    endloop
  endfacet
  facet normal 0.575204 -0.802749 0.157271
    outer loop
      vertex 20.6839 56.2582 6
      vertex 20.9196 55.9373 3.5
      vertex 22.6218 57.157 3.5
    endloop
  endfacet
  facet normal 0.675111 -0.720754 0.157287
    outer loop
      vertex 19.3009 54.6089 3.5
      vertex 19.0382 54.9084 6
      vertex 17.497 53.4648 6
    endloop
  endfacet
  facet normal -0.942602 0.294563 0.157271
    outer loop
      vertex 71.3096 22.2678 3.5
      vertex 71.692 22.1567 6
      vertex 71.6945 22.1647 6
    endloop
  endfacet
  facet normal -0.945039 0.286638 0.157291
    outer loop
      vertex 71.692 22.1567 6
      vertex 71.3096 22.2678 3.5
      vertex 70.7018 20.2639 3.5
    endloop
  endfacet
  facet normal -0.763384 0.626501 0.157293
    outer loop
      vertex 66.1034 10.8271 6
      vertex 65.7873 11.0696 3.5
      vertex 64.7637 9.19469 6
    endloop
  endfacet
  facet normal -0.763391 0.626495 0.157286
    outer loop
      vertex 64.4589 9.45093 3.5
      vertex 64.7637 9.19469 6
      vertex 65.7873 11.0696 3.5
    endloop
  endfacet
  facet normal -0.762527 0.627545 0.157288
    outer loop
      vertex 64.7637 9.19469 6
      vertex 64.4589 9.45093 3.5
      vertex 64.7584 9.18825 6
    endloop
  endfacet
  facet normal -0.873644 0.460434 0.157313
    outer loop
      vertex 69.0999 16.3968 3.5
      vertex 69.4533 16.2132 6
      vertex 69.4572 16.2206 6
    endloop
  endfacet
  facet normal -0.870948 0.465515 0.157305
    outer loop
      vertex 69.4533 16.2132 6
      vertex 69.0999 16.3968 3.5
      vertex 68.1128 14.55 3.5
    endloop
  endfacet
  facet normal -0.465528 0.870944 0.157293
    outer loop
      vertex 54.7294 1.49275 6
      vertex 56.5918 2.48822 6
      vertex 54.5532 1.85007 3.5
    endloop
  endfacet
  facet normal -0.411714 0.897632 0.157314
    outer loop
      vertex 54.5532 1.85007 3.5
      vertex 54.7219 1.48931 6
      vertex 54.7294 1.49275 6
    endloop
  endfacet
  facet normal -0.40758 0.899518 0.157308
    outer loop
      vertex 54.7219 1.48931 6
      vertex 54.5532 1.85007 3.5
      vertex 52.6459 0.985854 3.5
    endloop
  endfacet
  facet normal -0.626498 0.763388 0.157284
    outer loop
      vertex 60.1229 4.84662 6
      vertex 61.7553 6.1863 6
      vertex 59.8804 5.16269 3.5
    endloop
  endfacet
  facet normal -0.574228 0.803446 0.157278
    outer loop
      vertex 59.8804 5.16269 3.5
      vertex 60.1161 4.84176 6
      vertex 60.1229 4.84662 6
    endloop
  endfacet
  facet normal -0.57521 0.802743 0.157281
    outer loop
      vertex 60.1161 4.84176 6
      vertex 59.8804 5.16269 3.5
      vertex 58.1782 3.94297 3.5
    endloop
  endfacet
  facet normal 0.974361 0.160869 0.157293
    outer loop
      vertex 8.62412 24.2294 6
      vertex 9.01487 24.3071 3.5
      vertex 8.28013 26.3129 6
    endloop
  endfacet
  facet normal 0.974555 0.159686 0.157297
    outer loop
      vertex 8.28013 26.3129 6
      vertex 8.67376 26.3732 3.5
      vertex 8.27877 26.3212 6
    endloop
  endfacet
  facet normal 0.974362 0.160866 0.157295
    outer loop
      vertex 8.67376 26.3732 3.5
      vertex 8.28013 26.3129 6
      vertex 9.01487 24.3071 3.5
    endloop
  endfacet
  facet normal 0.945027 0.286674 0.157292
    outer loop
      vertex 9.71855 20.1439 6
      vertex 9.49037 22.2678 3.5
      vertex 9.10554 22.1647 6
    endloop
  endfacet
  facet normal 0.924091 0.348311 0.157272
    outer loop
      vertex 9.72391 20.1281 6
      vertex 10.0982 20.2639 3.5
      vertex 9.72097 20.1359 6
    endloop
  endfacet
  facet normal 0.924246 0.347901 0.157272
    outer loop
      vertex 10.0982 20.2639 3.5
      vertex 9.72391 20.1281 6
      vertex 10.8359 18.3041 3.5
    endloop
  endfacet
  facet normal 0.159686 0.974555 0.157297
    outer loop
      vertex 36.2232 -1.17624 3.5
      vertex 36.1629 -1.56987 6
      vertex 36.1712 -1.57123 6
    endloop
  endfacet
  facet normal 0.160866 0.974361 0.157295
    outer loop
      vertex 36.1629 -1.56987 6
      vertex 36.2232 -1.17624 3.5
      vertex 34.1571 -0.835129 3.5
    endloop
  endfacet
  facet normal 0.286674 0.945028 0.157287
    outer loop
      vertex 32.0067 -0.742036 6
      vertex 30.1139 0.248236 3.5
      vertex 29.9859 -0.129027 6
    endloop
  endfacet
  facet normal 0.224252 0.961753 0.157296
    outer loop
      vertex 32.1178 -0.359626 3.5
      vertex 32.0228 -0.746352 6
      vertex 34.1571 -0.835129 3.5
    endloop
  endfacet
  facet normal 0.224964 0.961587 0.157297
    outer loop
      vertex 32.0228 -0.746352 6
      vertex 32.1178 -0.359626 3.5
      vertex 32.0147 -0.744457 6
    endloop
  endfacet
  facet normal 0.286046 0.945217 0.157296
    outer loop
      vertex 32.1178 -0.359626 3.5
      vertex 32.0067 -0.742036 6
      vertex 32.0147 -0.744457 6
    endloop
  endfacet
  facet normal 0.286665 0.94503 0.157295
    outer loop
      vertex 32.0067 -0.742036 6
      vertex 32.1178 -0.359626 3.5
      vertex 30.1139 0.248236 3.5
    endloop
  endfacet
  facet normal 0.347866 0.924256 0.157287
    outer loop
      vertex 28.1541 0.985854 3.5
      vertex 28.0095 0.614836 6
      vertex 30.1139 0.248236 3.5
    endloop
  endfacet
  facet normal 0.348207 0.924128 0.157288
    outer loop
      vertex 28.0095 0.614836 6
      vertex 28.1541 0.985854 3.5
      vertex 28.0017 0.617775 6
    endloop
  endfacet
  facet normal 0.675082 0.72078 0.157289
    outer loop
      vertex 19.0322 6.19729 6
      vertex 17.7726 7.92258 3.5
      vertex 17.4909 7.64087 6
    endloop
  endfacet
  facet normal 0.57521 0.802743 0.157281
    outer loop
      vertex 20.9196 5.16269 3.5
      vertex 20.6839 4.84176 6
      vertex 22.6218 3.94297 3.5
    endloop
  endfacet
  facet normal 0.574228 0.803446 0.157278
    outer loop
      vertex 20.6839 4.84176 6
      vertex 20.9196 5.16269 3.5
      vertex 20.6771 4.84662 6
    endloop
  endfacet
  facet normal 0.626498 0.763388 0.157284
    outer loop
      vertex 20.6771 4.84662 6
      vertex 20.9196 5.16269 3.5
      vertex 19.0447 6.1863 6
    endloop
  endfacet
  facet normal -0.225526 -0.961454 0.157304
    outer loop
      vertex 46.6429 61.9351 3.5
      vertex 46.7287 62.324 6
      vertex 46.7206 62.3259 6
    endloop
  endfacet
  facet normal -0.22425 -0.961752 0.157306
    outer loop
      vertex 46.7287 62.324 6
      vertex 46.6429 61.9351 3.5
      vertex 48.6822 61.4596 3.5
    endloop
  endfacet
  facet normal 0.838637 -0.521477 0.157318
    outer loop
      vertex 13.793 48.3282 3.5
      vertex 13.4617 48.5496 6
      vertex 12.3466 46.7563 6
    endloop
  endfacet
  facet normal 0.921723 -0.354509 0.157325
    outer loop
      vertex 10.4648 42.9405 6
      vertex 10.8359 42.7959 3.5
      vertex 10.4678 42.9483 6
    endloop
  endfacet
  facet normal 0.924239 -0.347898 0.157317
    outer loop
      vertex 10.8359 42.7959 3.5
      vertex 10.4648 42.9405 6
      vertex 10.0982 40.8361 3.5
    endloop
  endfacet
  facet normal 0.870958 -0.465503 0.157286
    outer loop
      vertex 11.7001 44.7032 3.5
      vertex 12.3382 46.7418 6
      vertex 11.3428 44.8794 6
    endloop
  endfacet
  facet normal 0.802709 -0.575247 0.157319
    outer loop
      vertex 13.793 48.3282 3.5
      vertex 14.6918 50.2661 6
      vertex 13.4617 48.5496 6
    endloop
  endfacet
  facet normal 0.806803 -0.569508 0.157254
    outer loop
      vertex 14.6918 50.2661 6
      vertex 15.0127 50.0304 3.5
      vertex 14.6966 50.2729 6
    endloop
  endfacet
  facet normal 0.802749 -0.575204 0.157271
    outer loop
      vertex 15.0127 50.0304 3.5
      vertex 14.6918 50.2661 6
      vertex 13.793 48.3282 3.5
    endloop
  endfacet
  facet normal 0.945254 -0.285939 0.157271
    outer loop
      vertex 9.71855 40.9561 6
      vertex 10.0982 40.8361 3.5
      vertex 9.72097 40.9641 6
    endloop
  endfacet
  facet normal 0.945037 -0.286652 0.157273
    outer loop
      vertex 10.0982 40.8361 3.5
      vertex 9.71855 40.9561 6
      vertex 9.49037 38.8322 3.5
    endloop
  endfacet
  facet normal 0.987023 -0.0323146 0.157296
    outer loop
      vertex 8.4 30.55 3.5
      vertex 8.07069 32.6606 6
      vertex 8.00159 30.55 6
    endloop
  endfacet
  facet normal 0.987023 0.0323146 0.157296
    outer loop
      vertex 8.07069 28.4394 6
      vertex 8.4 30.55 3.5
      vertex 8.00159 30.55 6
    endloop
  endfacet
  facet normal 0.465503 -0.870958 0.157286
    outer loop
      vertex 26.2468 59.2499 3.5
      vertex 26.0706 59.6072 6
      vertex 24.2082 58.6118 6
    endloop
  endfacet
  facet normal 0.521477 -0.838637 0.157318
    outer loop
      vertex 22.6218 57.157 3.5
      vertex 24.1937 58.6034 6
      vertex 22.4004 57.4883 6
    endloop
  endfacet
  facet normal 0.575247 -0.802709 0.157319
    outer loop
      vertex 22.6218 57.157 3.5
      vertex 22.4004 57.4883 6
      vertex 20.6839 56.2582 6
    endloop
  endfacet
  facet normal 0.626481 -0.763402 0.157286
    outer loop
      vertex 19.3009 54.6089 3.5
      vertex 20.6707 56.2481 6
      vertex 19.0382 54.9084 6
    endloop
  endfacet
  facet normal 0.626489 -0.763397 0.157279
    outer loop
      vertex 20.9196 55.9373 3.5
      vertex 20.6707 56.2481 6
      vertex 19.3009 54.6089 3.5
    endloop
  endfacet
  facet normal 0.629877 -0.760606 0.157269
    outer loop
      vertex 20.6707 56.2481 6
      vertex 20.9196 55.9373 3.5
      vertex 20.6771 56.2534 6
    endloop
  endfacet
  facet normal 0.721563 -0.674248 0.15728
    outer loop
      vertex 17.4852 53.453 6
      vertex 17.7726 53.1774 3.5
      vertex 17.4909 53.4591 6
    endloop
  endfacet
  facet normal 0.720759 -0.675107 0.157282
    outer loop
      vertex 17.7726 53.1774 3.5
      vertex 17.4852 53.453 6
      vertex 16.3411 51.6491 3.5
    endloop
  endfacet
  facet normal 0.720754 -0.675111 0.157287
    outer loop
      vertex 16.3411 51.6491 3.5
      vertex 17.4852 53.453 6
      vertex 16.0416 51.9118 6
    endloop
  endfacet
  facet normal 0.283773 -0.94591 0.157248
    outer loop
      vertex 30.1139 60.8518 3.5
      vertex 29.9939 61.2314 6
      vertex 29.9859 61.229 6
    endloop
  endfacet
  facet normal 0.28664 -0.945044 0.157254
    outer loop
      vertex 29.9939 61.2314 6
      vertex 30.1139 60.8518 3.5
      vertex 32.1178 61.4596 3.5
    endloop
  endfacet
  facet normal 0.286712 -0.945012 0.157318
    outer loop
      vertex 32.1178 61.4596 3.5
      vertex 32.0147 61.8445 6
      vertex 29.9939 61.2314 6
    endloop
  endfacet
  facet normal 0.22425 -0.961752 0.157306
    outer loop
      vertex 34.1571 61.9351 3.5
      vertex 34.0713 62.324 6
      vertex 32.1178 61.4596 3.5
    endloop
  endfacet
  facet normal 0.225526 -0.961454 0.157304
    outer loop
      vertex 34.0713 62.324 6
      vertex 34.1571 61.9351 3.5
      vertex 34.0794 62.3259 6
    endloop
  endfacet
  facet normal 0.224235 -0.961753 0.157319
    outer loop
      vertex 32.1178 61.4596 3.5
      vertex 34.0713 62.324 6
      vertex 32.0147 61.8445 6
    endloop
  endfacet
  facet normal 0.16086 -0.974358 0.157322
    outer loop
      vertex 36.2232 62.2762 3.5
      vertex 36.1629 62.6699 6
      vertex 34.1571 61.9351 3.5
    endloop
  endfacet
  facet normal 0.152813 -0.975651 0.157331
    outer loop
      vertex 36.1629 62.6699 6
      vertex 36.2232 62.2762 3.5
      vertex 36.1712 62.6712 6
    endloop
  endfacet
  facet normal 0.106459 -0.98179 0.157337
    outer loop
      vertex 36.2232 62.2762 3.5
      vertex 36.1795 62.6721 6
      vertex 36.1712 62.6712 6
    endloop
  endfacet
  facet normal 0.0968216 -0.982789 0.157327
    outer loop
      vertex 36.1795 62.6721 6
      vertex 36.2232 62.2762 3.5
      vertex 38.3071 62.4815 3.5
    endloop
  endfacet
  facet normal -0.801207 0.57734 0.157305
    outer loop
      vertex 67.007 12.7718 3.5
      vertex 67.3334 12.5436 6
      vertex 67.3383 12.5504 6
    endloop
  endfacet
  facet normal -0.802744 0.575201 0.157311
    outer loop
      vertex 67.3334 12.5436 6
      vertex 67.007 12.7718 3.5
      vertex 65.7873 11.0696 3.5
    endloop
  endfacet
  facet normal 0.763391 0.626495 0.157286
    outer loop
      vertex 16.0363 9.19469 6
      vertex 16.3411 9.45093 3.5
      vertex 15.0127 11.0696 3.5
    endloop
  endfacet
  facet normal 0.762527 0.627545 0.157288
    outer loop
      vertex 16.3411 9.45093 3.5
      vertex 16.0363 9.19469 6
      vertex 16.0416 9.18825 6
    endloop
  endfacet
  facet normal 0.763384 0.626501 0.157293
    outer loop
      vertex 16.0363 9.19469 6
      vertex 15.0127 11.0696 3.5
      vertex 14.6966 10.8271 6
    endloop
  endfacet
  facet normal 0.838637 0.521477 0.157318
    outer loop
      vertex 13.4617 12.5504 6
      vertex 13.793 12.7718 3.5
      vertex 12.3466 14.3437 6
    endloop
  endfacet
  facet normal 0.802709 0.575247 0.157319
    outer loop
      vertex 14.6918 10.8339 6
      vertex 13.793 12.7718 3.5
      vertex 13.4617 12.5504 6
    endloop
  endfacet
  facet normal 0.870939 0.465539 0.157284
    outer loop
      vertex 12.3422 14.3508 6
      vertex 12.6872 14.55 3.5
      vertex 11.3467 16.2132 6
    endloop
  endfacet
  facet normal 0.873644 0.460434 0.157313
    outer loop
      vertex 11.3467 16.2132 6
      vertex 11.7001 16.3968 3.5
      vertex 11.3428 16.2206 6
    endloop
  endfacet
  facet normal 0.870948 0.465515 0.157305
    outer loop
      vertex 11.7001 16.3968 3.5
      vertex 11.3467 16.2132 6
      vertex 12.6872 14.55 3.5
    endloop
  endfacet
  facet normal 0.0967941 0.982797 0.157292
    outer loop
      vertex 36.2232 -1.17624 3.5
      vertex 36.1795 -1.57205 6
      vertex 38.3071 -1.38148 3.5
    endloop
  endfacet
  facet normal 0.0970927 0.982768 0.157293
    outer loop
      vertex 36.1795 -1.57205 6
      vertex 36.2232 -1.17624 3.5
      vertex 36.1712 -1.57123 6
    endloop
  endfacet
  facet normal 0.465524 0.870947 0.157289
    outer loop
      vertex 24.4 2.83719 3.5
      vertex 24.2082 2.48822 6
      vertex 26.2468 1.85007 3.5
    endloop
  endfacet
  facet normal 0.464119 0.871696 0.157286
    outer loop
      vertex 24.2082 2.48822 6
      vertex 24.4 2.83719 3.5
      vertex 24.2008 2.49216 6
    endloop
  endfacet
  facet normal 0.520209 0.839428 0.157301
    outer loop
      vertex 24.4 2.83719 3.5
      vertex 24.1937 2.49656 6
      vertex 24.2008 2.49216 6
    endloop
  endfacet
  facet normal 0.521502 0.838625 0.157299
    outer loop
      vertex 24.1937 2.49656 6
      vertex 24.4 2.83719 3.5
      vertex 22.6218 3.94297 3.5
    endloop
  endfacet
  facet normal 0.40758 0.899518 0.157308
    outer loop
      vertex 26.2468 1.85007 3.5
      vertex 26.0781 1.48931 6
      vertex 28.1541 0.985854 3.5
    endloop
  endfacet
  facet normal 0.411714 0.897632 0.157314
    outer loop
      vertex 26.0781 1.48931 6
      vertex 26.2468 1.85007 3.5
      vertex 26.0706 1.49275 6
    endloop
  endfacet
  facet normal 0.407556 0.899533 0.157284
    outer loop
      vertex 28.0017 0.617775 6
      vertex 28.1541 0.985854 3.5
      vertex 26.0781 1.48931 6
    endloop
  endfacet
  facet normal 0.68018 0.715979 0.157259
    outer loop
      vertex 19.3009 6.49113 3.5
      vertex 19.0322 6.19729 6
      vertex 19.0382 6.19159 6
    endloop
  endfacet
  facet normal 0.675095 0.720771 0.157276
    outer loop
      vertex 19.0322 6.19729 6
      vertex 19.3009 6.49113 3.5
      vertex 17.7726 7.92258 3.5
    endloop
  endfacet
  facet normal -0.28664 -0.945044 0.157254
    outer loop
      vertex 50.6861 60.8518 3.5
      vertex 50.8061 61.2314 6
      vertex 48.6822 61.4596 3.5
    endloop
  endfacet
  facet normal -0.283773 -0.94591 0.157248
    outer loop
      vertex 50.8061 61.2314 6
      vertex 50.6861 60.8518 3.5
      vertex 50.8141 61.229 6
    endloop
  endfacet
  facet normal -0.465503 -0.870958 0.157286
    outer loop
      vertex 56.5918 58.6118 6
      vertex 54.7294 59.6072 6
      vertex 54.5532 59.2499 3.5
    endloop
  endfacet
  facet normal -0.521477 -0.838637 0.157318
    outer loop
      vertex 58.1782 57.157 3.5
      vertex 58.3996 57.4883 6
      vertex 56.6063 58.6034 6
    endloop
  endfacet
  facet normal -0.575204 -0.802749 0.157271
    outer loop
      vertex 59.8804 55.9373 3.5
      vertex 60.1161 56.2582 6
      vertex 58.1782 57.157 3.5
    endloop
  endfacet
  facet normal -0.569508 -0.806803 0.157254
    outer loop
      vertex 60.1161 56.2582 6
      vertex 59.8804 55.9373 3.5
      vertex 60.1229 56.2534 6
    endloop
  endfacet
  facet normal -0.96145 -0.225525 0.157326
    outer loop
      vertex 71.3096 38.8322 3.5
      vertex 71.6964 38.9272 6
      vertex 71.6945 38.9353 6
    endloop
  endfacet
  facet normal -0.961749 -0.224249 0.157323
    outer loop
      vertex 71.6964 38.9272 6
      vertex 71.3096 38.8322 3.5
      vertex 71.7851 36.7929 3.5
    endloop
  endfacet
  facet normal -0.921723 -0.354509 0.157325
    outer loop
      vertex 69.9641 42.7959 3.5
      vertex 70.3352 42.9405 6
      vertex 70.3322 42.9483 6
    endloop
  endfacet
  facet normal -0.924239 -0.347898 0.157317
    outer loop
      vertex 70.3352 42.9405 6
      vertex 69.9641 42.7959 3.5
      vertex 70.7018 40.8361 3.5
    endloop
  endfacet
  facet normal -0.721563 -0.674248 0.15728
    outer loop
      vertex 63.0274 53.1774 3.5
      vertex 63.3148 53.453 6
      vertex 63.3091 53.4591 6
    endloop
  endfacet
  facet normal -0.720759 -0.675107 0.157282
    outer loop
      vertex 63.3148 53.453 6
      vertex 63.0274 53.1774 3.5
      vertex 64.4589 51.6491 3.5
    endloop
  endfacet
  facet normal -0.675111 -0.720754 0.157287
    outer loop
      vertex 63.303 53.4648 6
      vertex 61.7618 54.9084 6
      vertex 61.4991 54.6089 3.5
    endloop
  endfacet
  facet normal -0.802744 -0.575201 0.157311
    outer loop
      vertex 67.007 48.3282 3.5
      vertex 67.3334 48.5564 6
      vertex 65.7873 50.0304 3.5
    endloop
  endfacet
  facet normal -0.801207 -0.57734 0.157305
    outer loop
      vertex 67.3334 48.5564 6
      vertex 67.007 48.3282 3.5
      vertex 67.3383 48.5496 6
    endloop
  endfacet
  facet normal -0.838623 -0.52151 0.157289
    outer loop
      vertex 68.1128 46.55 3.5
      vertex 68.4534 46.7563 6
      vertex 67.007 48.3282 3.5
    endloop
  endfacet
  facet normal -0.839429 -0.52021 0.157292
    outer loop
      vertex 68.4534 46.7563 6
      vertex 68.1128 46.55 3.5
      vertex 68.4578 46.7492 6
    endloop
  endfacet
  facet normal 0.901452 -0.403281 0.157314
    outer loop
      vertex 10.8359 42.7959 3.5
      vertex 10.4712 42.9559 6
      vertex 10.4678 42.9483 6
    endloop
  endfacet
  facet normal 0.899521 -0.407574 0.157307
    outer loop
      vertex 10.4712 42.9559 6
      vertex 10.8359 42.7959 3.5
      vertex 11.7001 44.7032 3.5
    endloop
  endfacet
  facet normal 0.899513 -0.407599 0.157286
    outer loop
      vertex 11.7001 44.7032 3.5
      vertex 11.3428 44.8794 6
      vertex 10.4712 42.9559 6
    endloop
  endfacet
  facet normal 0.982767 -0.0970927 0.157293
    outer loop
      vertex 8.46851 32.6429 3.5
      vertex 8.07178 32.6773 6
      vertex 8.07096 32.669 6
    endloop
  endfacet
  facet normal 0.982796 -0.0967988 0.157294
    outer loop
      vertex 8.07178 32.6773 6
      vertex 8.46851 32.6429 3.5
      vertex 8.67376 34.7268 3.5
    endloop
  endfacet
  facet normal 0.961754 -0.224249 0.157293
    outer loop
      vertex 9.49037 38.8322 3.5
      vertex 9.10554 38.9353 6
      vertex 8.62601 36.8787 6
    endloop
  endfacet
  facet normal 0.945027 -0.286674 0.157292
    outer loop
      vertex 9.49037 38.8322 3.5
      vertex 9.71855 40.9561 6
      vertex 9.10554 38.9353 6
    endloop
  endfacet
  facet normal 0.354509 -0.921723 0.157325
    outer loop
      vertex 28.1541 60.1141 3.5
      vertex 28.0095 60.4852 6
      vertex 28.0017 60.4822 6
    endloop
  endfacet
  facet normal 0.347898 -0.924239 0.157317
    outer loop
      vertex 28.0095 60.4852 6
      vertex 28.1541 60.1141 3.5
      vertex 30.1139 60.8518 3.5
    endloop
  endfacet
  facet normal 0.407599 -0.899513 0.157286
    outer loop
      vertex 26.2468 59.2499 3.5
      vertex 27.9941 60.4788 6
      vertex 26.0706 59.6072 6
    endloop
  endfacet
  facet normal 0.52151 -0.838623 0.157289
    outer loop
      vertex 24.4 58.2628 3.5
      vertex 24.1937 58.6034 6
      vertex 22.6218 57.157 3.5
    endloop
  endfacet
  facet normal 0.52021 -0.839429 0.157292
    outer loop
      vertex 24.1937 58.6034 6
      vertex 24.4 58.2628 3.5
      vertex 24.2008 58.6078 6
    endloop
  endfacet
  facet normal 0.626499 0.763387 0.157285
    outer loop
      vertex 19.3009 6.49113 3.5
      vertex 19.0447 6.1863 6
      vertex 20.9196 5.16269 3.5
    endloop
  endfacet
  facet normal 0.623366 0.76595 0.157276
    outer loop
      vertex 19.0447 6.1863 6
      vertex 19.3009 6.49113 3.5
      vertex 19.0382 6.19159 6
    endloop
  endfacet
  facet normal -0.224235 -0.961753 0.157319
    outer loop
      vertex 48.6822 61.4596 3.5
      vertex 48.7853 61.8445 6
      vertex 46.7287 62.324 6
    endloop
  endfacet
  facet normal -0.0356715 -0.986911 0.157274
    outer loop
      vertex 40.4 62.55 3.5
      vertex 40.4083 62.9481 6
      vertex 40.4 62.9484 6
    endloop
  endfacet
  facet normal -0.032305 -0.987025 0.157281
    outer loop
      vertex 40.4083 62.9481 6
      vertex 40.4 62.55 3.5
      vertex 42.4929 62.4815 3.5
    endloop
  endfacet
  facet normal 0.0323132 -0.987026 0.157275
    outer loop
      vertex 38.3071 62.4815 3.5
      vertex 40.3917 62.9481 6
      vertex 38.281 62.879 6
    endloop
  endfacet
  facet normal -0.160873 -0.974358 0.157312
    outer loop
      vertex 46.6429 61.9351 3.5
      vertex 46.7206 62.3259 6
      vertex 44.6371 62.6699 6
    endloop
  endfacet
  facet normal -0.407599 -0.899513 0.157286
    outer loop
      vertex 54.5532 59.2499 3.5
      vertex 54.7294 59.6072 6
      vertex 52.8059 60.4788 6
    endloop
  endfacet
  facet normal -0.465515 -0.870949 0.157299
    outer loop
      vertex 56.4 58.2628 3.5
      vertex 56.5918 58.6118 6
      vertex 54.5532 59.2499 3.5
    endloop
  endfacet
  facet normal -0.469597 -0.868754 0.157306
    outer loop
      vertex 56.5918 58.6118 6
      vertex 56.4 58.2628 3.5
      vertex 56.5992 58.6078 6
    endloop
  endfacet
  facet normal -0.52021 -0.839429 0.157292
    outer loop
      vertex 56.4 58.2628 3.5
      vertex 56.6063 58.6034 6
      vertex 56.5992 58.6078 6
    endloop
  endfacet
  facet normal -0.52151 -0.838623 0.157289
    outer loop
      vertex 56.6063 58.6034 6
      vertex 56.4 58.2628 3.5
      vertex 58.1782 57.157 3.5
    endloop
  endfacet
  facet normal -0.575247 -0.802709 0.157319
    outer loop
      vertex 60.1161 56.2582 6
      vertex 58.3996 57.4883 6
      vertex 58.1782 57.157 3.5
    endloop
  endfacet
  facet normal -0.629877 -0.760606 0.157269
    outer loop
      vertex 59.8804 55.9373 3.5
      vertex 60.1293 56.2481 6
      vertex 60.1229 56.2534 6
    endloop
  endfacet
  facet normal -0.626489 -0.763397 0.157279
    outer loop
      vertex 60.1293 56.2481 6
      vertex 59.8804 55.9373 3.5
      vertex 61.4991 54.6089 3.5
    endloop
  endfacet
  facet normal -0.961755 -0.224235 0.157311
    outer loop
      vertex 71.7851 36.7929 3.5
      vertex 72.1759 36.8706 6
      vertex 71.6964 38.9272 6
    endloop
  endfacet
  facet normal -0.945039 -0.286638 0.157291
    outer loop
      vertex 71.3096 38.8322 3.5
      vertex 71.692 38.9433 6
      vertex 70.7018 40.8361 3.5
    endloop
  endfacet
  facet normal -0.942602 -0.294563 0.157271
    outer loop
      vertex 71.692 38.9433 6
      vertex 71.3096 38.8322 3.5
      vertex 71.6945 38.9353 6
    endloop
  endfacet
  facet normal -0.763402 -0.626481 0.157286
    outer loop
      vertex 66.0981 50.2793 6
      vertex 64.7584 51.9118 6
      vertex 64.4589 51.6491 3.5
    endloop
  endfacet
  facet normal -0.720754 -0.675111 0.157287
    outer loop
      vertex 64.4589 51.6491 3.5
      vertex 64.7584 51.9118 6
      vertex 63.3148 53.453 6
    endloop
  endfacet
  facet normal -0.675107 -0.720759 0.157282
    outer loop
      vertex 63.0274 53.1774 3.5
      vertex 63.303 53.4648 6
      vertex 61.4991 54.6089 3.5
    endloop
  endfacet
  facet normal -0.674248 -0.721563 0.15728
    outer loop
      vertex 63.303 53.4648 6
      vertex 63.0274 53.1774 3.5
      vertex 63.3091 53.4591 6
    endloop
  endfacet
  facet normal -0.763397 -0.626489 0.157279
    outer loop
      vertex 65.7873 50.0304 3.5
      vertex 66.0981 50.2793 6
      vertex 64.4589 51.6491 3.5
    endloop
  endfacet
  facet normal -0.760606 -0.629877 0.157269
    outer loop
      vertex 66.0981 50.2793 6
      vertex 65.7873 50.0304 3.5
      vertex 66.1034 50.2729 6
    endloop
  endfacet
  facet normal -0.802734 -0.575219 0.157294
    outer loop
      vertex 67.3334 48.5564 6
      vertex 66.1034 50.2729 6
      vertex 65.7873 50.0304 3.5
    endloop
  endfacet
  facet normal -0.838637 -0.521477 0.157318
    outer loop
      vertex 68.4534 46.7563 6
      vertex 67.3383 48.5496 6
      vertex 67.007 48.3282 3.5
    endloop
  endfacet
  facet normal -0.868754 -0.469597 0.157306
    outer loop
      vertex 68.1128 46.55 3.5
      vertex 68.4618 46.7418 6
      vertex 68.4578 46.7492 6
    endloop
  endfacet
  facet normal -0.870949 -0.465515 0.157299
    outer loop
      vertex 68.4618 46.7418 6
      vertex 68.1128 46.55 3.5
      vertex 69.0999 44.7032 3.5
    endloop
  endfacet
  facet normal 0.974243 -0.161582 0.157296
    outer loop
      vertex 8.62276 36.8624 6
      vertex 9.01487 36.7929 3.5
      vertex 8.62412 36.8706 6
    endloop
  endfacet
  facet normal 0.974362 -0.160866 0.157295
    outer loop
      vertex 9.01487 36.7929 3.5
      vertex 8.62276 36.8624 6
      vertex 8.67376 34.7268 3.5
    endloop
  endfacet
  facet normal 0.961719 -0.224401 0.157291
    outer loop
      vertex 9.01487 36.7929 3.5
      vertex 8.62601 36.8787 6
      vertex 8.62412 36.8706 6
    endloop
  endfacet
  facet normal 0.961754 -0.224251 0.157291
    outer loop
      vertex 8.62601 36.8787 6
      vertex 9.01487 36.7929 3.5
      vertex 9.49037 38.8322 3.5
    endloop
  endfacet
  facet normal 0.407574 -0.899521 0.157307
    outer loop
      vertex 28.1541 60.1141 3.5
      vertex 27.9941 60.4788 6
      vertex 26.2468 59.2499 3.5
    endloop
  endfacet
  facet normal 0.403281 -0.901452 0.157314
    outer loop
      vertex 27.9941 60.4788 6
      vertex 28.1541 60.1141 3.5
      vertex 28.0017 60.4822 6
    endloop
  endfacet
  facet normal 0.469597 -0.868754 0.157306
    outer loop
      vertex 24.4 58.2628 3.5
      vertex 24.2082 58.6118 6
      vertex 24.2008 58.6078 6
    endloop
  endfacet
  facet normal 0.465515 -0.870949 0.157299
    outer loop
      vertex 24.2082 58.6118 6
      vertex 24.4 58.2628 3.5
      vertex 26.2468 59.2499 3.5
    endloop
  endfacet
  facet normal -0.0967604 -0.982803 0.157276
    outer loop
      vertex 44.6205 62.6721 6
      vertex 42.519 62.879 6
      vertex 42.4929 62.4815 3.5
    endloop
  endfacet
  facet normal -0.0323132 -0.987026 0.157275
    outer loop
      vertex 42.4929 62.4815 3.5
      vertex 42.519 62.879 6
      vertex 40.4083 62.9481 6
    endloop
  endfacet
  facet normal 0.032305 -0.987025 0.157281
    outer loop
      vertex 40.4 62.55 3.5
      vertex 40.3917 62.9481 6
      vertex 38.3071 62.4815 3.5
    endloop
  endfacet
  facet normal 0.0356715 -0.986911 0.157274
    outer loop
      vertex 40.3917 62.9481 6
      vertex 40.4 62.55 3.5
      vertex 40.4 62.9484 6
    endloop
  endfacet
  facet normal -0.0968216 -0.982789 0.157327
    outer loop
      vertex 44.5768 62.2762 3.5
      vertex 44.6205 62.6721 6
      vertex 42.4929 62.4815 3.5
    endloop
  endfacet
  facet normal -0.106459 -0.98179 0.157337
    outer loop
      vertex 44.6205 62.6721 6
      vertex 44.5768 62.2762 3.5
      vertex 44.6288 62.6712 6
    endloop
  endfacet
  facet normal -0.152813 -0.975651 0.157331
    outer loop
      vertex 44.5768 62.2762 3.5
      vertex 44.6371 62.6699 6
      vertex 44.6288 62.6712 6
    endloop
  endfacet
  facet normal -0.16086 -0.974358 0.157322
    outer loop
      vertex 44.6371 62.6699 6
      vertex 44.5768 62.2762 3.5
      vertex 46.6429 61.9351 3.5
    endloop
  endfacet
  facet normal -0.403281 -0.901452 0.157314
    outer loop
      vertex 52.6459 60.1141 3.5
      vertex 52.8059 60.4788 6
      vertex 52.7983 60.4822 6
    endloop
  endfacet
  facet normal -0.407574 -0.899521 0.157307
    outer loop
      vertex 52.8059 60.4788 6
      vertex 52.6459 60.1141 3.5
      vertex 54.5532 59.2499 3.5
    endloop
  endfacet
  facet normal -0.347898 -0.924239 0.157317
    outer loop
      vertex 52.6459 60.1141 3.5
      vertex 52.7905 60.4852 6
      vertex 50.6861 60.8518 3.5
    endloop
  endfacet
  facet normal -0.354509 -0.921723 0.157325
    outer loop
      vertex 52.7905 60.4852 6
      vertex 52.6459 60.1141 3.5
      vertex 52.7983 60.4822 6
    endloop
  endfacet
  facet normal -0.974362 -0.160866 0.157295
    outer loop
      vertex 72.5212 34.7788 6
      vertex 72.1772 36.8624 6
      vertex 72.1262 34.7268 3.5
    endloop
  endfacet
  facet normal -0.896999 -0.413092 0.157314
    outer loop
      vertex 69.0999 44.7032 3.5
      vertex 69.4607 44.8718 6
      vertex 69.4572 44.8794 6
    endloop
  endfacet
  facet normal -0.899521 -0.407574 0.157306
    outer loop
      vertex 69.4607 44.8718 6
      vertex 69.0999 44.7032 3.5
      vertex 69.9641 42.7959 3.5
    endloop
  endfacet
  facet normal -0.89953 -0.407559 0.157292
    outer loop
      vertex 69.9641 42.7959 3.5
      vertex 70.3322 42.9483 6
      vertex 69.4607 44.8718 6
    endloop
  endfacet
  facet normal -0.945033 -0.286671 0.157264
    outer loop
      vertex 71.692 38.9433 6
      vertex 71.079 40.9641 6
      vertex 70.7018 40.8361 3.5
    endloop
  endfacet
  facet normal -0.92427 -0.347841 0.157263
    outer loop
      vertex 70.7018 40.8361 3.5
      vertex 71.079 40.9641 6
      vertex 70.3352 42.9405 6
    endloop
  endfacet
  facet normal -0.982795 -0.0968064 0.157295
    outer loop
      vertex 72.7282 32.6773 6
      vertex 72.5212 34.7788 6
      vertex 72.1262 34.7268 3.5
    endloop
  endfacet
  facet normal -0.982796 -0.0968223 0.157282
    outer loop
      vertex 72.3315 32.6429 3.5
      vertex 72.7282 32.6773 6
      vertex 72.1262 34.7268 3.5
    endloop
  endfacet
  facet normal -0.982998 -0.0947468 0.157286
    outer loop
      vertex 72.7282 32.6773 6
      vertex 72.3315 32.6429 3.5
      vertex 72.729 32.669 6
    endloop
  endfacet
  facet normal -0.975373 -0.154632 0.157276
    outer loop
      vertex 71.7851 36.7929 3.5
      vertex 72.1772 36.8624 6
      vertex 72.1759 36.8706 6
    endloop
  endfacet
  facet normal -0.974363 -0.160861 0.157291
    outer loop
      vertex 72.1772 36.8624 6
      vertex 71.7851 36.7929 3.5
      vertex 72.1262 34.7268 3.5
    endloop
  endfacet
  facet normal 1 -0 0
    outer loop
      vertex 97.15 24.55 0.2
      vertex 97.15 36.55 0
      vertex 97.15 36.55 0.2
    endloop
  endfacet
  facet normal 1 0 0
    outer loop
      vertex 97.15 36.55 0
      vertex 97.15 24.55 0.2
      vertex 97.15 24.55 0
    endloop
  endfacet
  facet normal 0 0 -1
    outer loop
      vertex 97.15 24.55 0.2
      vertex 100.55 36.55 0.2
      vertex 100.55 24.55 0.2
    endloop
  endfacet
  facet normal -0 0 -1
    outer loop
      vertex 100.55 36.55 0.2
      vertex 97.15 24.55 0.2
      vertex 97.15 36.55 0.2
    endloop
  endfacet
  facet normal 0 1 -0
    outer loop
      vertex 100.55 24.55 0
      vertex 97.15 24.55 0.2
      vertex 100.55 24.55 0.2
    endloop
  endfacet
  facet normal 0 1 0
    outer loop
      vertex 97.15 24.55 0.2
      vertex 100.55 24.55 0
      vertex 97.15 24.55 0
    endloop
  endfacet
  facet normal 0 -1 0
    outer loop
      vertex 97.15 36.55 0
      vertex 100.55 36.55 0.2
      vertex 97.15 36.55 0.2
    endloop
  endfacet
  facet normal 0 -1 -0
    outer loop
      vertex 100.55 36.55 0.2
      vertex 97.15 36.55 0
      vertex 100.55 36.55 0
    endloop
  endfacet
endsolid OpenSCAD_Model
