solid OpenSCAD_Model
  facet normal 0.999465 -0.0327064 0
    outer loop
      vertex 78.1191 28.0778 5
      vertex 78.2 30.55 1.8
      vertex 78.2 30.55 5
    endloop
  endfacet
  facet normal 0.999465 -0.0327064 0
    outer loop
      vertex 78.2 30.55 1.8
      vertex 78.1191 28.0778 5
      vertex 78.1191 28.0778 1.8
    endloop
  endfacet
  facet normal -0.999465 -0.0327185 0
    outer loop
      vertex 2.68093 28.0778 1.8
      vertex 2.6 30.55 5
      vertex 2.6 30.55 1.8
    endloop
  endfacet
  facet normal -0.999465 -0.0327185 0
    outer loop
      vertex 2.6 30.55 5
      vertex 2.68093 28.0778 1.8
      vertex 2.68093 28.0778 5
    endloop
  endfacet
  facet normal -0.0327185 -0.999465 0
    outer loop
      vertex 37.9278 -7.16907 1.8
      vertex 40.4 -7.25 5
      vertex 37.9278 -7.16907 5
    endloop
  endfacet
  facet normal -0.0327185 -0.999465 -0
    outer loop
      vertex 40.4 -7.25 5
      vertex 37.9278 -7.16907 1.8
      vertex 40.4 -7.25 1.8
    endloop
  endfacet
  facet normal 0.0327064 0.999465 -0
    outer loop
      vertex 42.8722 68.2691 1.8
      vertex 40.4 68.35 5
      vertex 42.8722 68.2691 5
    endloop
  endfacet
  facet normal 0.0327064 0.999465 0
    outer loop
      vertex 40.4 68.35 5
      vertex 42.8722 68.2691 1.8
      vertex 40.4 68.35 1.8
    endloop
  endfacet
  facet normal 0.683604 -0.729854 0
    outer loop
      vertex 65.3233 2.13046 1.8
      vertex 67.1286 3.82136 5
      vertex 65.3233 2.13046 5
    endloop
  endfacet
  facet normal 0.683604 -0.729854 0
    outer loop
      vertex 67.1286 3.82136 5
      vertex 65.3233 2.13046 1.8
      vertex 67.1286 3.82136 1.8
    endloop
  endfacet
  facet normal -0.683604 -0.729854 0
    outer loop
      vertex 13.6714 3.82136 1.8
      vertex 15.4767 2.13046 5
      vertex 13.6714 3.82136 5
    endloop
  endfacet
  facet normal -0.683604 -0.729854 -0
    outer loop
      vertex 15.4767 2.13046 5
      vertex 13.6714 3.82136 1.8
      vertex 15.4767 2.13046 1.8
    endloop
  endfacet
  facet normal -0.352252 -0.935905 0
    outer loop
      vertex 25.9346 -4.37265 1.8
      vertex 28.2496 -5.24396 5
      vertex 25.9346 -4.37265 5
    endloop
  endfacet
  facet normal -0.352252 -0.935905 -0
    outer loop
      vertex 28.2496 -5.24396 5
      vertex 25.9346 -4.37265 1.8
      vertex 28.2496 -5.24396 1.8
    endloop
  endfacet
  facet normal 0.910874 -0.412685 0
    outer loop
      vertex 74.3018 13.8315 5
      vertex 75.3226 16.0846 1.8
      vertex 75.3226 16.0846 5
    endloop
  endfacet
  facet normal 0.910874 -0.412685 0
    outer loop
      vertex 75.3226 16.0846 1.8
      vertex 74.3018 13.8315 5
      vertex 74.3018 13.8315 1.8
    endloop
  endfacet
  facet normal 0.352252 -0.935905 0
    outer loop
      vertex 52.5504 -5.24396 1.8
      vertex 54.8654 -4.37265 5
      vertex 52.5504 -5.24396 5
    endloop
  endfacet
  facet normal 0.352252 -0.935905 0
    outer loop
      vertex 54.8654 -4.37265 5
      vertex 52.5504 -5.24396 1.8
      vertex 54.8654 -4.37265 1.8
    endloop
  endfacet
  facet normal 0.52806 -0.849207 0
    outer loop
      vertex 59.3 -2.18576 1.8
      vertex 61.4006 -0.879551 5
      vertex 59.3 -2.18576 5
    endloop
  endfacet
  facet normal 0.52806 -0.849207 0
    outer loop
      vertex 61.4006 -0.879551 5
      vertex 59.3 -2.18576 1.8
      vertex 61.4006 -0.879551 1.8
    endloop
  endfacet
  facet normal -0.910865 -0.412705 0
    outer loop
      vertex 6.49821 13.8315 1.8
      vertex 5.47735 16.0846 5
      vertex 5.47735 16.0846 1.8
    endloop
  endfacet
  facet normal -0.910865 -0.412705 0
    outer loop
      vertex 5.47735 16.0846 5
      vertex 6.49821 13.8315 1.8
      vertex 6.49821 13.8315 5
    endloop
  endfacet
  facet normal -0.162896 -0.986643 0
    outer loop
      vertex 33.0256 -6.52368 1.8
      vertex 35.4661 -6.92661 5
      vertex 33.0256 -6.52368 5
    endloop
  endfacet
  facet normal -0.162896 -0.986643 -0
    outer loop
      vertex 35.4661 -6.92661 5
      vertex 33.0256 -6.52368 1.8
      vertex 35.4661 -6.92661 1.8
    endloop
  endfacet
  facet normal 0.973877 -0.227076 0
    outer loop
      vertex 76.912 20.7666 5
      vertex 77.4737 23.1756 1.8
      vertex 77.4737 23.1756 5
    endloop
  endfacet
  facet normal 0.973877 -0.227076 0
    outer loop
      vertex 77.4737 23.1756 1.8
      vertex 76.912 20.7666 5
      vertex 76.912 20.7666 1.8
    endloop
  endfacet
  facet normal 0.956943 -0.290277 0
    outer loop
      vertex 76.194 18.3996 5
      vertex 76.912 20.7666 1.8
      vertex 76.912 20.7666 5
    endloop
  endfacet
  facet normal 0.956943 -0.290277 0
    outer loop
      vertex 76.912 20.7666 1.8
      vertex 76.194 18.3996 5
      vertex 76.194 18.3996 1.8
    endloop
  endfacet
  facet normal 0.812846 -0.582478 0
    outer loop
      vertex 70.3888 7.53882 5
      vertex 71.8296 9.54945 1.8
      vertex 71.8296 9.54945 5
    endloop
  endfacet
  facet normal 0.812846 -0.582478 0
    outer loop
      vertex 71.8296 9.54945 1.8
      vertex 70.3888 7.53882 5
      vertex 70.3888 7.53882 1.8
    endloop
  endfacet
  facet normal 0.881927 -0.471385 0
    outer loop
      vertex 73.1358 11.65 5
      vertex 74.3018 13.8315 1.8
      vertex 74.3018 13.8315 5
    endloop
  endfacet
  facet normal 0.881927 -0.471385 0
    outer loop
      vertex 74.3018 13.8315 1.8
      vertex 73.1358 11.65 5
      vertex 73.1358 11.65 1.8
    endloop
  endfacet
  facet normal 0.162896 -0.986643 0
    outer loop
      vertex 45.3339 -6.92661 1.8
      vertex 47.7744 -6.52368 5
      vertex 45.3339 -6.92661 5
    endloop
  endfacet
  facet normal 0.162896 -0.986643 0
    outer loop
      vertex 47.7744 -6.52368 5
      vertex 45.3339 -6.92661 1.8
      vertex 47.7744 -6.52368 1.8
    endloop
  endfacet
  facet normal 0.0980186 -0.995185 0
    outer loop
      vertex 42.8722 -7.16907 1.8
      vertex 45.3339 -6.92661 5
      vertex 42.8722 -7.16907 5
    endloop
  endfacet
  facet normal 0.0980186 -0.995185 0
    outer loop
      vertex 45.3339 -6.92661 5
      vertex 42.8722 -7.16907 1.8
      vertex 45.3339 -6.92661 1.8
    endloop
  endfacet
  facet normal 0.634392 -0.773011 0
    outer loop
      vertex 63.4112 0.561244 1.8
      vertex 65.3233 2.13046 5
      vertex 63.4112 0.561244 5
    endloop
  endfacet
  facet normal 0.634392 -0.773011 0
    outer loop
      vertex 65.3233 2.13046 5
      vertex 63.4112 0.561244 1.8
      vertex 65.3233 2.13046 1.8
    endloop
  endfacet
  facet normal -0.973879 -0.227069 0
    outer loop
      vertex 3.888 20.7666 1.8
      vertex 3.32632 23.1756 5
      vertex 3.32632 23.1756 1.8
    endloop
  endfacet
  facet normal -0.973879 -0.227069 0
    outer loop
      vertex 3.32632 23.1756 5
      vertex 3.888 20.7666 1.8
      vertex 3.888 20.7666 5
    endloop
  endfacet
  facet normal -0.812856 -0.582465 0
    outer loop
      vertex 10.4112 7.53882 1.8
      vertex 8.97045 9.54945 5
      vertex 8.97045 9.54945 1.8
    endloop
  endfacet
  facet normal -0.812856 -0.582465 0
    outer loop
      vertex 8.97045 9.54945 5
      vertex 10.4112 7.53882 1.8
      vertex 10.4112 7.53882 5
    endloop
  endfacet
  facet normal -0.849201 -0.528069 0
    outer loop
      vertex 8.97045 9.54945 1.8
      vertex 7.66424 11.65 5
      vertex 7.66424 11.65 1.8
    endloop
  endfacet
  facet normal -0.849201 -0.528069 0
    outer loop
      vertex 7.66424 11.65 5
      vertex 8.97045 9.54945 1.8
      vertex 8.97045 9.54945 5
    endloop
  endfacet
  facet normal -0.935905 -0.352252 0
    outer loop
      vertex 5.47735 16.0846 1.8
      vertex 4.60604 18.3996 5
      vertex 4.60604 18.3996 1.8
    endloop
  endfacet
  facet normal -0.935905 -0.352252 0
    outer loop
      vertex 4.60604 18.3996 5
      vertex 5.47735 16.0846 1.8
      vertex 5.47735 16.0846 5
    endloop
  endfacet
  facet normal -0.52806 -0.849207 0
    outer loop
      vertex 19.3994 -0.879551 1.8
      vertex 21.5 -2.18576 5
      vertex 19.3994 -0.879551 5
    endloop
  endfacet
  facet normal -0.52806 -0.849207 -0
    outer loop
      vertex 21.5 -2.18576 5
      vertex 19.3994 -0.879551 1.8
      vertex 21.5 -2.18576 1.8
    endloop
  endfacet
  facet normal -0.582483 -0.812843 0
    outer loop
      vertex 17.3888 0.561244 1.8
      vertex 19.3994 -0.879551 5
      vertex 17.3888 0.561244 5
    endloop
  endfacet
  facet normal -0.582483 -0.812843 -0
    outer loop
      vertex 19.3994 -0.879551 5
      vertex 17.3888 0.561244 1.8
      vertex 19.3994 -0.879551 1.8
    endloop
  endfacet
  facet normal -0.0980186 -0.995185 0
    outer loop
      vertex 35.4661 -6.92661 1.8
      vertex 37.9278 -7.16907 5
      vertex 35.4661 -6.92661 5
    endloop
  endfacet
  facet normal -0.0980186 -0.995185 -0
    outer loop
      vertex 37.9278 -7.16907 5
      vertex 35.4661 -6.92661 1.8
      vertex 37.9278 -7.16907 1.8
    endloop
  endfacet
  facet normal 0.729854 0.683604 0
    outer loop
      vertex 68.8195 55.4733 5
      vertex 67.1286 57.2786 1.8
      vertex 67.1286 57.2786 5
    endloop
  endfacet
  facet normal 0.729854 0.683604 0
    outer loop
      vertex 67.1286 57.2786 1.8
      vertex 68.8195 55.4733 5
      vertex 68.8195 55.4733 1.8
    endloop
  endfacet
  facet normal -0.910865 0.412705 0
    outer loop
      vertex 5.47735 45.0154 1.8
      vertex 6.49821 47.2685 5
      vertex 6.49821 47.2685 1.8
    endloop
  endfacet
  facet normal -0.910865 0.412705 0
    outer loop
      vertex 6.49821 47.2685 5
      vertex 5.47735 45.0154 1.8
      vertex 5.47735 45.0154 5
    endloop
  endfacet
  facet normal -0.812852 0.582471 0
    outer loop
      vertex 8.97045 51.5506 1.8
      vertex 10.4112 53.5612 5
      vertex 10.4112 53.5612 1.8
    endloop
  endfacet
  facet normal -0.812852 0.582471 0
    outer loop
      vertex 10.4112 53.5612 5
      vertex 8.97045 51.5506 1.8
      vertex 8.97045 51.5506 5
    endloop
  endfacet
  facet normal 0 0 1
    outer loop
      vertex 76 30.55 5
      vertex 78.2 30.55 5
      vertex 78.1191 33.0222 5
    endloop
  endfacet
  facet normal 0 0 1
    outer loop
      vertex 75.9238 32.8783 5
      vertex 78.1191 33.0222 5
      vertex 77.8766 35.4839 5
    endloop
  endfacet
  facet normal 0 0 1
    outer loop
      vertex 78.2 30.55 5
      vertex 76 30.55 5
      vertex 78.1191 28.0778 5
    endloop
  endfacet
  facet normal 0 0 1
    outer loop
      vertex 75.6954 35.1967 5
      vertex 77.8766 35.4839 5
      vertex 77.4737 37.9244 5
    endloop
  endfacet
  facet normal -0 0 1
    outer loop
      vertex 75.9238 28.2216 5
      vertex 78.1191 28.0778 5
      vertex 76 30.55 5
    endloop
  endfacet
  facet normal 0 0 1
    outer loop
      vertex 75.316 37.4952 5
      vertex 77.4737 37.9244 5
      vertex 76.912 40.3334 5
    endloop
  endfacet
  facet normal 0 0 1
    outer loop
      vertex 78.1191 28.0778 5
      vertex 75.9238 28.2216 5
      vertex 77.8766 25.6161 5
    endloop
  endfacet
  facet normal 0 0 1
    outer loop
      vertex 74.787 39.764 5
      vertex 76.912 40.3334 5
      vertex 76.194 42.7004 5
    endloop
  endfacet
  facet normal -0 0 1
    outer loop
      vertex 75.6954 25.9033 5
      vertex 77.8766 25.6161 5
      vertex 75.9238 28.2216 5
    endloop
  endfacet
  facet normal 0 0 1
    outer loop
      vertex 77.8766 25.6161 5
      vertex 75.6954 25.9033 5
      vertex 77.4737 23.1756 5
    endloop
  endfacet
  facet normal 0 0 1
    outer loop
      vertex 78.1191 33.0222 5
      vertex 75.9238 32.8783 5
      vertex 76 30.55 5
    endloop
  endfacet
  facet normal 0 0 1
    outer loop
      vertex 77.8766 35.4839 5
      vertex 75.6954 35.1967 5
      vertex 75.9238 32.8783 5
    endloop
  endfacet
  facet normal 0 0 1
    outer loop
      vertex 74.1107 41.9932 5
      vertex 76.194 42.7004 5
      vertex 75.3226 45.0154 5
    endloop
  endfacet
  facet normal 0 0 1
    outer loop
      vertex 77.4737 37.9244 5
      vertex 75.316 37.4952 5
      vertex 75.6954 35.1967 5
    endloop
  endfacet
  facet normal 0 0 1
    outer loop
      vertex 76.912 40.3334 5
      vertex 74.787 39.764 5
      vertex 75.316 37.4952 5
    endloop
  endfacet
  facet normal 0 0 1
    outer loop
      vertex 73.2901 44.1735 5
      vertex 75.3226 45.0154 5
      vertex 74.3018 47.2685 5
    endloop
  endfacet
  facet normal 0 0 1
    outer loop
      vertex 76.194 42.7004 5
      vertex 74.1107 41.9932 5
      vertex 74.787 39.764 5
    endloop
  endfacet
  facet normal 0 0 1
    outer loop
      vertex 75.3226 45.0154 5
      vertex 73.2901 44.1735 5
      vertex 74.1107 41.9932 5
    endloop
  endfacet
  facet normal 0 0 1
    outer loop
      vertex 72.3287 46.2955 5
      vertex 74.3018 47.2685 5
      vertex 73.1358 49.45 5
    endloop
  endfacet
  facet normal 0 0 1
    outer loop
      vertex 74.3018 47.2685 5
      vertex 72.3287 46.2955 5
      vertex 73.2901 44.1735 5
    endloop
  endfacet
  facet normal 0 0 1
    outer loop
      vertex 71.2305 48.35 5
      vertex 73.1358 49.45 5
      vertex 71.8296 51.5506 5
    endloop
  endfacet
  facet normal 0 0 1
    outer loop
      vertex 73.1358 49.45 5
      vertex 71.2305 48.35 5
      vertex 72.3287 46.2955 5
    endloop
  endfacet
  facet normal 0 0 1
    outer loop
      vertex 70.0003 50.3283 5
      vertex 71.8296 51.5506 5
      vertex 70.3888 53.5612 5
    endloop
  endfacet
  facet normal 0 0 1
    outer loop
      vertex 71.8296 51.5506 5
      vertex 70.0003 50.3283 5
      vertex 71.2305 48.35 5
    endloop
  endfacet
  facet normal 0 0 1
    outer loop
      vertex 68.6434 52.2219 5
      vertex 70.3888 53.5612 5
      vertex 68.8195 55.4733 5
    endloop
  endfacet
  facet normal 0 0 1
    outer loop
      vertex 70.3888 53.5612 5
      vertex 68.6434 52.2219 5
      vertex 70.0003 50.3283 5
    endloop
  endfacet
  facet normal 0 0 1
    outer loop
      vertex 68.8195 55.4733 5
      vertex 67.1655 54.0227 5
      vertex 68.6434 52.2219 5
    endloop
  endfacet
  facet normal 0 0 1
    outer loop
      vertex 67.1286 57.2786 5
      vertex 67.1655 54.0227 5
      vertex 68.8195 55.4733 5
    endloop
  endfacet
  facet normal 0 0 1
    outer loop
      vertex 67.1286 57.2786 5
      vertex 65.573 55.723 5
      vertex 67.1655 54.0227 5
    endloop
  endfacet
  facet normal 0 0 1
    outer loop
      vertex 65.3233 58.9695 5
      vertex 65.573 55.723 5
      vertex 67.1286 57.2786 5
    endloop
  endfacet
  facet normal 0 0 1
    outer loop
      vertex 65.3233 58.9695 5
      vertex 63.8727 57.3155 5
      vertex 65.573 55.723 5
    endloop
  endfacet
  facet normal 0 0 1
    outer loop
      vertex 63.4112 60.5388 5
      vertex 63.8727 57.3155 5
      vertex 65.3233 58.9695 5
    endloop
  endfacet
  facet normal 0 0 1
    outer loop
      vertex 63.4112 60.5388 5
      vertex 62.0719 58.7934 5
      vertex 63.8727 57.3155 5
    endloop
  endfacet
  facet normal 0 0 1
    outer loop
      vertex 61.4006 61.9795 5
      vertex 62.0719 58.7934 5
      vertex 63.4112 60.5388 5
    endloop
  endfacet
  facet normal 0 0 1
    outer loop
      vertex 61.4006 61.9795 5
      vertex 60.1783 60.1503 5
      vertex 62.0719 58.7934 5
    endloop
  endfacet
  facet normal 0 0 1
    outer loop
      vertex 59.3 63.2858 5
      vertex 60.1783 60.1503 5
      vertex 61.4006 61.9795 5
    endloop
  endfacet
  facet normal 0 0 1
    outer loop
      vertex 59.3 63.2858 5
      vertex 58.2 61.3805 5
      vertex 60.1783 60.1503 5
    endloop
  endfacet
  facet normal 0 0 1
    outer loop
      vertex 57.1185 64.4518 5
      vertex 58.2 61.3805 5
      vertex 59.3 63.2858 5
    endloop
  endfacet
  facet normal 0 0 1
    outer loop
      vertex 57.1185 64.4518 5
      vertex 56.1455 62.4787 5
      vertex 58.2 61.3805 5
    endloop
  endfacet
  facet normal 0 0 1
    outer loop
      vertex 54.8654 65.4726 5
      vertex 56.1455 62.4787 5
      vertex 57.1185 64.4518 5
    endloop
  endfacet
  facet normal 0 0 1
    outer loop
      vertex 54.8654 65.4726 5
      vertex 54.0235 63.4401 5
      vertex 56.1455 62.4787 5
    endloop
  endfacet
  facet normal 0 0 1
    outer loop
      vertex 52.5504 66.344 5
      vertex 54.0235 63.4401 5
      vertex 54.8654 65.4726 5
    endloop
  endfacet
  facet normal 0 0 1
    outer loop
      vertex 52.5504 66.344 5
      vertex 51.8432 64.2607 5
      vertex 54.0235 63.4401 5
    endloop
  endfacet
  facet normal 0 0 1
    outer loop
      vertex 50.1834 67.062 5
      vertex 51.8432 64.2607 5
      vertex 52.5504 66.344 5
    endloop
  endfacet
  facet normal 0 0 1
    outer loop
      vertex 50.1834 67.062 5
      vertex 49.614 64.937 5
      vertex 51.8432 64.2607 5
    endloop
  endfacet
  facet normal 0 0 1
    outer loop
      vertex 47.7744 67.6237 5
      vertex 49.614 64.937 5
      vertex 50.1834 67.062 5
    endloop
  endfacet
  facet normal 0 0 1
    outer loop
      vertex 47.7744 67.6237 5
      vertex 47.3452 65.466 5
      vertex 49.614 64.937 5
    endloop
  endfacet
  facet normal 0 0 1
    outer loop
      vertex 45.3339 68.0266 5
      vertex 47.3452 65.466 5
      vertex 47.7744 67.6237 5
    endloop
  endfacet
  facet normal 0 0 1
    outer loop
      vertex 45.3339 68.0266 5
      vertex 45.0467 65.8454 5
      vertex 47.3452 65.466 5
    endloop
  endfacet
  facet normal 0 0 1
    outer loop
      vertex 42.8722 68.2691 5
      vertex 45.0467 65.8454 5
      vertex 45.3339 68.0266 5
    endloop
  endfacet
  facet normal 0 0 1
    outer loop
      vertex 42.8722 68.2691 5
      vertex 42.7284 66.0738 5
      vertex 45.0467 65.8454 5
    endloop
  endfacet
  facet normal 0 0 1
    outer loop
      vertex 40.4 68.35 5
      vertex 42.7284 66.0738 5
      vertex 42.8722 68.2691 5
    endloop
  endfacet
  facet normal 0 0 1
    outer loop
      vertex 40.4 68.35 5
      vertex 40.4 66.15 5
      vertex 42.7284 66.0738 5
    endloop
  endfacet
  facet normal 0 0 1
    outer loop
      vertex 40.4 68.35 5
      vertex 38.0716 66.0738 5
      vertex 40.4 66.15 5
    endloop
  endfacet
  facet normal -0 0 1
    outer loop
      vertex 37.9278 68.2691 5
      vertex 38.0716 66.0738 5
      vertex 40.4 68.35 5
    endloop
  endfacet
  facet normal 0 0 1
    outer loop
      vertex 37.9278 68.2691 5
      vertex 35.7533 65.8454 5
      vertex 38.0716 66.0738 5
    endloop
  endfacet
  facet normal -0 0 1
    outer loop
      vertex 35.4661 68.0266 5
      vertex 35.7533 65.8454 5
      vertex 37.9278 68.2691 5
    endloop
  endfacet
  facet normal 0 0 1
    outer loop
      vertex 35.4661 68.0266 5
      vertex 33.4548 65.466 5
      vertex 35.7533 65.8454 5
    endloop
  endfacet
  facet normal -0 0 1
    outer loop
      vertex 33.0256 67.6237 5
      vertex 33.4548 65.466 5
      vertex 35.4661 68.0266 5
    endloop
  endfacet
  facet normal 0 0 1
    outer loop
      vertex 33.0256 67.6237 5
      vertex 31.186 64.937 5
      vertex 33.4548 65.466 5
    endloop
  endfacet
  facet normal -0 0 1
    outer loop
      vertex 30.6166 67.062 5
      vertex 31.186 64.937 5
      vertex 33.0256 67.6237 5
    endloop
  endfacet
  facet normal 0 0 1
    outer loop
      vertex 30.6166 67.062 5
      vertex 28.9568 64.2607 5
      vertex 31.186 64.937 5
    endloop
  endfacet
  facet normal -0 0 1
    outer loop
      vertex 28.2496 66.344 5
      vertex 28.9568 64.2607 5
      vertex 30.6166 67.062 5
    endloop
  endfacet
  facet normal 0 0 1
    outer loop
      vertex 28.2496 66.344 5
      vertex 26.7765 63.4401 5
      vertex 28.9568 64.2607 5
    endloop
  endfacet
  facet normal -0 0 1
    outer loop
      vertex 25.9346 65.4726 5
      vertex 26.7765 63.4401 5
      vertex 28.2496 66.344 5
    endloop
  endfacet
  facet normal 0 0 1
    outer loop
      vertex 25.9346 65.4726 5
      vertex 24.6545 62.4787 5
      vertex 26.7765 63.4401 5
    endloop
  endfacet
  facet normal -0 0 1
    outer loop
      vertex 23.6815 64.4518 5
      vertex 24.6545 62.4787 5
      vertex 25.9346 65.4726 5
    endloop
  endfacet
  facet normal 0 0 1
    outer loop
      vertex 23.6815 64.4518 5
      vertex 22.6 61.3805 5
      vertex 24.6545 62.4787 5
    endloop
  endfacet
  facet normal -0 0 1
    outer loop
      vertex 21.5 63.2858 5
      vertex 22.6 61.3805 5
      vertex 23.6815 64.4518 5
    endloop
  endfacet
  facet normal 0 0 1
    outer loop
      vertex 21.5 63.2858 5
      vertex 20.6217 60.1503 5
      vertex 22.6 61.3805 5
    endloop
  endfacet
  facet normal -0 0 1
    outer loop
      vertex 19.3994 61.9795 5
      vertex 20.6217 60.1503 5
      vertex 21.5 63.2858 5
    endloop
  endfacet
  facet normal 0 0 1
    outer loop
      vertex 19.3994 61.9795 5
      vertex 18.7281 58.7934 5
      vertex 20.6217 60.1503 5
    endloop
  endfacet
  facet normal -0 0 1
    outer loop
      vertex 17.3888 60.5388 5
      vertex 18.7281 58.7934 5
      vertex 19.3994 61.9795 5
    endloop
  endfacet
  facet normal 0 0 1
    outer loop
      vertex 17.3888 60.5388 5
      vertex 16.9273 57.3155 5
      vertex 18.7281 58.7934 5
    endloop
  endfacet
  facet normal -0 0 1
    outer loop
      vertex 15.4767 58.9695 5
      vertex 16.9273 57.3155 5
      vertex 17.3888 60.5388 5
    endloop
  endfacet
  facet normal 0 0 1
    outer loop
      vertex 15.4767 58.9695 5
      vertex 15.227 55.723 5
      vertex 16.9273 57.3155 5
    endloop
  endfacet
  facet normal -0 0 1
    outer loop
      vertex 13.6714 57.2786 5
      vertex 15.227 55.723 5
      vertex 15.4767 58.9695 5
    endloop
  endfacet
  facet normal 0 0 1
    outer loop
      vertex 13.6714 57.2786 5
      vertex 13.6345 54.0227 5
      vertex 15.227 55.723 5
    endloop
  endfacet
  facet normal -0 0 1
    outer loop
      vertex 11.9805 55.4733 5
      vertex 13.6345 54.0227 5
      vertex 13.6714 57.2786 5
    endloop
  endfacet
  facet normal 0 0 1
    outer loop
      vertex 13.6345 54.0227 5
      vertex 11.9805 55.4733 5
      vertex 12.1566 52.2219 5
    endloop
  endfacet
  facet normal -0 0 1
    outer loop
      vertex 10.4112 53.5612 5
      vertex 12.1566 52.2219 5
      vertex 11.9805 55.4733 5
    endloop
  endfacet
  facet normal 0 0 1
    outer loop
      vertex 12.1566 52.2219 5
      vertex 10.4112 53.5612 5
      vertex 10.7997 50.3283 5
    endloop
  endfacet
  facet normal -0 0 1
    outer loop
      vertex 8.97045 51.5506 5
      vertex 10.7997 50.3283 5
      vertex 10.4112 53.5612 5
    endloop
  endfacet
  facet normal 0 0 1
    outer loop
      vertex 10.7997 50.3283 5
      vertex 8.97045 51.5506 5
      vertex 9.5695 48.35 5
    endloop
  endfacet
  facet normal -0 0 1
    outer loop
      vertex 7.66424 49.45 5
      vertex 9.5695 48.35 5
      vertex 8.97045 51.5506 5
    endloop
  endfacet
  facet normal 0 0 1
    outer loop
      vertex 9.5695 48.35 5
      vertex 7.66424 49.45 5
      vertex 8.47133 46.2955 5
    endloop
  endfacet
  facet normal -0 0 1
    outer loop
      vertex 6.49821 47.2685 5
      vertex 8.47133 46.2955 5
      vertex 7.66424 49.45 5
    endloop
  endfacet
  facet normal 0 0 1
    outer loop
      vertex 8.47133 46.2955 5
      vertex 6.49821 47.2685 5
      vertex 7.50989 44.1735 5
    endloop
  endfacet
  facet normal -0 0 1
    outer loop
      vertex 5.47735 45.0154 5
      vertex 7.50989 44.1735 5
      vertex 6.49821 47.2685 5
    endloop
  endfacet
  facet normal 0 0 1
    outer loop
      vertex 7.50989 44.1735 5
      vertex 5.47735 45.0154 5
      vertex 6.68929 41.9932 5
    endloop
  endfacet
  facet normal -0 0 1
    outer loop
      vertex 4.60604 42.7004 5
      vertex 6.68929 41.9932 5
      vertex 5.47735 45.0154 5
    endloop
  endfacet
  facet normal 0 0 1
    outer loop
      vertex 6.68929 41.9932 5
      vertex 4.60604 42.7004 5
      vertex 6.01304 39.764 5
    endloop
  endfacet
  facet normal -0 0 1
    outer loop
      vertex 3.888 40.3334 5
      vertex 6.01304 39.764 5
      vertex 4.60604 42.7004 5
    endloop
  endfacet
  facet normal 0 0 1
    outer loop
      vertex 6.01304 39.764 5
      vertex 3.888 40.3334 5
      vertex 5.48404 37.4952 5
    endloop
  endfacet
  facet normal 0 0 1
    outer loop
      vertex 5.48404 37.4952 5
      vertex 3.32632 37.9244 5
      vertex 5.10456 35.1967 5
    endloop
  endfacet
  facet normal -0 0 1
    outer loop
      vertex 3.32632 37.9244 5
      vertex 5.48404 37.4952 5
      vertex 3.888 40.3334 5
    endloop
  endfacet
  facet normal -0 0 1
    outer loop
      vertex 75.316 23.6048 5
      vertex 77.4737 23.1756 5
      vertex 75.6954 25.9033 5
    endloop
  endfacet
  facet normal 0 0 1
    outer loop
      vertex 77.4737 23.1756 5
      vertex 75.316 23.6048 5
      vertex 76.912 20.7666 5
    endloop
  endfacet
  facet normal -0 0 1
    outer loop
      vertex 74.787 21.336 5
      vertex 76.912 20.7666 5
      vertex 75.316 23.6048 5
    endloop
  endfacet
  facet normal 0 0 1
    outer loop
      vertex 76.912 20.7666 5
      vertex 74.787 21.336 5
      vertex 76.194 18.3996 5
    endloop
  endfacet
  facet normal -0 0 1
    outer loop
      vertex 74.1107 19.1068 5
      vertex 76.194 18.3996 5
      vertex 74.787 21.336 5
    endloop
  endfacet
  facet normal 0 0 1
    outer loop
      vertex 76.194 18.3996 5
      vertex 74.1107 19.1068 5
      vertex 75.3226 16.0846 5
    endloop
  endfacet
  facet normal -0 0 1
    outer loop
      vertex 73.2901 16.9265 5
      vertex 75.3226 16.0846 5
      vertex 74.1107 19.1068 5
    endloop
  endfacet
  facet normal 0 0 1
    outer loop
      vertex 75.3226 16.0846 5
      vertex 73.2901 16.9265 5
      vertex 74.3018 13.8315 5
    endloop
  endfacet
  facet normal -0 0 1
    outer loop
      vertex 72.3287 14.8045 5
      vertex 74.3018 13.8315 5
      vertex 73.2901 16.9265 5
    endloop
  endfacet
  facet normal 0 0 1
    outer loop
      vertex 74.3018 13.8315 5
      vertex 72.3287 14.8045 5
      vertex 73.1358 11.65 5
    endloop
  endfacet
  facet normal -0 0 1
    outer loop
      vertex 71.2305 12.75 5
      vertex 73.1358 11.65 5
      vertex 72.3287 14.8045 5
    endloop
  endfacet
  facet normal 0 0 1
    outer loop
      vertex 73.1358 11.65 5
      vertex 71.2305 12.75 5
      vertex 71.8296 9.54945 5
    endloop
  endfacet
  facet normal -0 0 1
    outer loop
      vertex 70.0003 10.7717 5
      vertex 71.8296 9.54945 5
      vertex 71.2305 12.75 5
    endloop
  endfacet
  facet normal 0 0 1
    outer loop
      vertex 71.8296 9.54945 5
      vertex 70.0003 10.7717 5
      vertex 70.3888 7.53882 5
    endloop
  endfacet
  facet normal -0 0 1
    outer loop
      vertex 68.6434 8.87809 5
      vertex 70.3888 7.53882 5
      vertex 70.0003 10.7717 5
    endloop
  endfacet
  facet normal 0 0 1
    outer loop
      vertex 70.3888 7.53882 5
      vertex 68.6434 8.87809 5
      vertex 68.8195 5.62673 5
    endloop
  endfacet
  facet normal -0 0 1
    outer loop
      vertex 67.1655 7.07729 5
      vertex 68.8195 5.62673 5
      vertex 68.6434 8.87809 5
    endloop
  endfacet
  facet normal 0 0 1
    outer loop
      vertex 67.1655 7.07729 5
      vertex 67.1286 3.82136 5
      vertex 68.8195 5.62673 5
    endloop
  endfacet
  facet normal -0 0 1
    outer loop
      vertex 65.573 5.377 5
      vertex 67.1286 3.82136 5
      vertex 67.1655 7.07729 5
    endloop
  endfacet
  facet normal 0 0 1
    outer loop
      vertex 65.573 5.377 5
      vertex 65.3233 2.13046 5
      vertex 67.1286 3.82136 5
    endloop
  endfacet
  facet normal -0 0 1
    outer loop
      vertex 63.8727 3.7845 5
      vertex 65.3233 2.13046 5
      vertex 65.573 5.377 5
    endloop
  endfacet
  facet normal 0 0 1
    outer loop
      vertex 63.8727 3.7845 5
      vertex 63.4112 0.561244 5
      vertex 65.3233 2.13046 5
    endloop
  endfacet
  facet normal -0 0 1
    outer loop
      vertex 62.0719 2.30662 5
      vertex 63.4112 0.561244 5
      vertex 63.8727 3.7845 5
    endloop
  endfacet
  facet normal 0 0 1
    outer loop
      vertex 62.0719 2.30662 5
      vertex 61.4006 -0.879551 5
      vertex 63.4112 0.561244 5
    endloop
  endfacet
  facet normal -0 0 1
    outer loop
      vertex 60.1783 0.949682 5
      vertex 61.4006 -0.879551 5
      vertex 62.0719 2.30662 5
    endloop
  endfacet
  facet normal 0 0 1
    outer loop
      vertex 60.1783 0.949682 5
      vertex 59.3 -2.18576 5
      vertex 61.4006 -0.879551 5
    endloop
  endfacet
  facet normal -0 0 1
    outer loop
      vertex 58.2 -0.280503 5
      vertex 59.3 -2.18576 5
      vertex 60.1783 0.949682 5
    endloop
  endfacet
  facet normal 0 0 1
    outer loop
      vertex 58.2 -0.280503 5
      vertex 57.1185 -3.35179 5
      vertex 59.3 -2.18576 5
    endloop
  endfacet
  facet normal -0 0 1
    outer loop
      vertex 56.1455 -1.37867 5
      vertex 57.1185 -3.35179 5
      vertex 58.2 -0.280503 5
    endloop
  endfacet
  facet normal 0 0 1
    outer loop
      vertex 56.1455 -1.37867 5
      vertex 54.8654 -4.37265 5
      vertex 57.1185 -3.35179 5
    endloop
  endfacet
  facet normal -0 0 1
    outer loop
      vertex 54.0235 -2.34011 5
      vertex 54.8654 -4.37265 5
      vertex 56.1455 -1.37867 5
    endloop
  endfacet
  facet normal 0 0 1
    outer loop
      vertex 54.0235 -2.34011 5
      vertex 52.5504 -5.24396 5
      vertex 54.8654 -4.37265 5
    endloop
  endfacet
  facet normal -0 0 1
    outer loop
      vertex 51.8432 -3.16071 5
      vertex 52.5504 -5.24396 5
      vertex 54.0235 -2.34011 5
    endloop
  endfacet
  facet normal 0 0 1
    outer loop
      vertex 51.8432 -3.16071 5
      vertex 50.1834 -5.962 5
      vertex 52.5504 -5.24396 5
    endloop
  endfacet
  facet normal -0 0 1
    outer loop
      vertex 49.614 -3.83696 5
      vertex 50.1834 -5.962 5
      vertex 51.8432 -3.16071 5
    endloop
  endfacet
  facet normal 0 0 1
    outer loop
      vertex 49.614 -3.83696 5
      vertex 47.7744 -6.52368 5
      vertex 50.1834 -5.962 5
    endloop
  endfacet
  facet normal -0 0 1
    outer loop
      vertex 47.3452 -4.36596 5
      vertex 47.7744 -6.52368 5
      vertex 49.614 -3.83696 5
    endloop
  endfacet
  facet normal 0 0 1
    outer loop
      vertex 47.3452 -4.36596 5
      vertex 45.3339 -6.92661 5
      vertex 47.7744 -6.52368 5
    endloop
  endfacet
  facet normal -0 0 1
    outer loop
      vertex 45.0467 -4.74544 5
      vertex 45.3339 -6.92661 5
      vertex 47.3452 -4.36596 5
    endloop
  endfacet
  facet normal 0 0 1
    outer loop
      vertex 45.0467 -4.74544 5
      vertex 42.8722 -7.16907 5
      vertex 45.3339 -6.92661 5
    endloop
  endfacet
  facet normal -0 0 1
    outer loop
      vertex 42.7284 -4.97378 5
      vertex 42.8722 -7.16907 5
      vertex 45.0467 -4.74544 5
    endloop
  endfacet
  facet normal -0 0 1
    outer loop
      vertex 40.4 -5.05 5
      vertex 42.8722 -7.16907 5
      vertex 42.7284 -4.97378 5
    endloop
  endfacet
  facet normal 0 0 1
    outer loop
      vertex 40.4 -5.05 5
      vertex 40.4 -7.25 5
      vertex 42.8722 -7.16907 5
    endloop
  endfacet
  facet normal 0 0 1
    outer loop
      vertex 38.0716 -4.97378 5
      vertex 40.4 -7.25 5
      vertex 40.4 -5.05 5
    endloop
  endfacet
  facet normal 0 0 1
    outer loop
      vertex 38.0716 -4.97378 5
      vertex 37.9278 -7.16907 5
      vertex 40.4 -7.25 5
    endloop
  endfacet
  facet normal 0 0 1
    outer loop
      vertex 35.7533 -4.74544 5
      vertex 37.9278 -7.16907 5
      vertex 38.0716 -4.97378 5
    endloop
  endfacet
  facet normal 0 0 1
    outer loop
      vertex 35.7533 -4.74544 5
      vertex 35.4661 -6.92661 5
      vertex 37.9278 -7.16907 5
    endloop
  endfacet
  facet normal 0 0 1
    outer loop
      vertex 33.4548 -4.36596 5
      vertex 35.4661 -6.92661 5
      vertex 35.7533 -4.74544 5
    endloop
  endfacet
  facet normal 0 0 1
    outer loop
      vertex 33.4548 -4.36596 5
      vertex 33.0256 -6.52368 5
      vertex 35.4661 -6.92661 5
    endloop
  endfacet
  facet normal 0 0 1
    outer loop
      vertex 31.186 -3.83696 5
      vertex 33.0256 -6.52368 5
      vertex 33.4548 -4.36596 5
    endloop
  endfacet
  facet normal 0 0 1
    outer loop
      vertex 31.186 -3.83696 5
      vertex 30.6166 -5.962 5
      vertex 33.0256 -6.52368 5
    endloop
  endfacet
  facet normal 0 0 1
    outer loop
      vertex 28.9568 -3.16071 5
      vertex 30.6166 -5.962 5
      vertex 31.186 -3.83696 5
    endloop
  endfacet
  facet normal 0 0 1
    outer loop
      vertex 28.9568 -3.16071 5
      vertex 28.2496 -5.24396 5
      vertex 30.6166 -5.962 5
    endloop
  endfacet
  facet normal 0 0 1
    outer loop
      vertex 26.7765 -2.34011 5
      vertex 28.2496 -5.24396 5
      vertex 28.9568 -3.16071 5
    endloop
  endfacet
  facet normal 0 0 1
    outer loop
      vertex 26.7765 -2.34011 5
      vertex 25.9346 -4.37265 5
      vertex 28.2496 -5.24396 5
    endloop
  endfacet
  facet normal 0 0 1
    outer loop
      vertex 24.6545 -1.37867 5
      vertex 25.9346 -4.37265 5
      vertex 26.7765 -2.34011 5
    endloop
  endfacet
  facet normal 0 0 1
    outer loop
      vertex 24.6545 -1.37867 5
      vertex 23.6815 -3.35179 5
      vertex 25.9346 -4.37265 5
    endloop
  endfacet
  facet normal 0 0 1
    outer loop
      vertex 22.6 -0.280503 5
      vertex 23.6815 -3.35179 5
      vertex 24.6545 -1.37867 5
    endloop
  endfacet
  facet normal 0 0 1
    outer loop
      vertex 22.6 -0.280503 5
      vertex 21.5 -2.18576 5
      vertex 23.6815 -3.35179 5
    endloop
  endfacet
  facet normal 0 0 1
    outer loop
      vertex 20.6217 0.949682 5
      vertex 21.5 -2.18576 5
      vertex 22.6 -0.280503 5
    endloop
  endfacet
  facet normal 0 0 1
    outer loop
      vertex 20.6217 0.949682 5
      vertex 19.3994 -0.879551 5
      vertex 21.5 -2.18576 5
    endloop
  endfacet
  facet normal 0 0 1
    outer loop
      vertex 18.7281 2.30662 5
      vertex 19.3994 -0.879551 5
      vertex 20.6217 0.949682 5
    endloop
  endfacet
  facet normal 0 0 1
    outer loop
      vertex 18.7281 2.30662 5
      vertex 17.3888 0.561244 5
      vertex 19.3994 -0.879551 5
    endloop
  endfacet
  facet normal 0 0 1
    outer loop
      vertex 16.9273 3.7845 5
      vertex 17.3888 0.561244 5
      vertex 18.7281 2.30662 5
    endloop
  endfacet
  facet normal 0 0 1
    outer loop
      vertex 16.9273 3.7845 5
      vertex 15.4767 2.13046 5
      vertex 17.3888 0.561244 5
    endloop
  endfacet
  facet normal 0 0 1
    outer loop
      vertex 15.227 5.377 5
      vertex 15.4767 2.13046 5
      vertex 16.9273 3.7845 5
    endloop
  endfacet
  facet normal 0 0 1
    outer loop
      vertex 15.227 5.377 5
      vertex 13.6714 3.82136 5
      vertex 15.4767 2.13046 5
    endloop
  endfacet
  facet normal 0 0 1
    outer loop
      vertex 13.6345 7.07729 5
      vertex 13.6714 3.82136 5
      vertex 15.227 5.377 5
    endloop
  endfacet
  facet normal 0 0 1
    outer loop
      vertex 11.9805 5.62673 5
      vertex 13.6345 7.07729 5
      vertex 12.1566 8.87809 5
    endloop
  endfacet
  facet normal 0 0 1
    outer loop
      vertex 13.6345 7.07729 5
      vertex 11.9805 5.62673 5
      vertex 13.6714 3.82136 5
    endloop
  endfacet
  facet normal 0 0 1
    outer loop
      vertex 10.4112 7.53882 5
      vertex 12.1566 8.87809 5
      vertex 10.7997 10.7717 5
    endloop
  endfacet
  facet normal 0 0 1
    outer loop
      vertex 12.1566 8.87809 5
      vertex 10.4112 7.53882 5
      vertex 11.9805 5.62673 5
    endloop
  endfacet
  facet normal 0 0 1
    outer loop
      vertex 8.97045 9.54945 5
      vertex 10.7997 10.7717 5
      vertex 9.5695 12.75 5
    endloop
  endfacet
  facet normal 0 0 1
    outer loop
      vertex 10.7997 10.7717 5
      vertex 8.97045 9.54945 5
      vertex 10.4112 7.53882 5
    endloop
  endfacet
  facet normal 0 0 1
    outer loop
      vertex 7.66424 11.65 5
      vertex 9.5695 12.75 5
      vertex 8.47133 14.8045 5
    endloop
  endfacet
  facet normal 0 0 1
    outer loop
      vertex 9.5695 12.75 5
      vertex 7.66424 11.65 5
      vertex 8.97045 9.54945 5
    endloop
  endfacet
  facet normal 0 0 1
    outer loop
      vertex 6.49821 13.8315 5
      vertex 8.47133 14.8045 5
      vertex 7.50989 16.9265 5
    endloop
  endfacet
  facet normal 0 0 1
    outer loop
      vertex 5.47735 16.0846 5
      vertex 7.50989 16.9265 5
      vertex 6.68929 19.1068 5
    endloop
  endfacet
  facet normal 0 0 1
    outer loop
      vertex 8.47133 14.8045 5
      vertex 6.49821 13.8315 5
      vertex 7.66424 11.65 5
    endloop
  endfacet
  facet normal 0 0 1
    outer loop
      vertex 4.60604 18.3996 5
      vertex 6.68929 19.1068 5
      vertex 6.01304 21.336 5
    endloop
  endfacet
  facet normal 0 0 1
    outer loop
      vertex 3.888 20.7666 5
      vertex 6.01304 21.336 5
      vertex 5.48404 23.6048 5
    endloop
  endfacet
  facet normal 0 0 1
    outer loop
      vertex 7.50989 16.9265 5
      vertex 5.47735 16.0846 5
      vertex 6.49821 13.8315 5
    endloop
  endfacet
  facet normal 0 0 1
    outer loop
      vertex 3.32632 23.1756 5
      vertex 5.48404 23.6048 5
      vertex 5.10456 25.9033 5
    endloop
  endfacet
  facet normal 0 0 1
    outer loop
      vertex 2.92339 25.6161 5
      vertex 5.10456 25.9033 5
      vertex 4.87622 28.2216 5
    endloop
  endfacet
  facet normal 0 0 1
    outer loop
      vertex 6.68929 19.1068 5
      vertex 4.60604 18.3996 5
      vertex 5.47735 16.0846 5
    endloop
  endfacet
  facet normal 0 0 1
    outer loop
      vertex 2.68093 28.0778 5
      vertex 4.87622 28.2216 5
      vertex 4.8 30.55 5
    endloop
  endfacet
  facet normal -0 0 1
    outer loop
      vertex 2.92339 35.4839 5
      vertex 5.10456 35.1967 5
      vertex 3.32632 37.9244 5
    endloop
  endfacet
  facet normal 0 0 1
    outer loop
      vertex 5.10456 35.1967 5
      vertex 2.92339 35.4839 5
      vertex 4.87622 32.8783 5
    endloop
  endfacet
  facet normal 0 0 1
    outer loop
      vertex 6.01304 21.336 5
      vertex 3.888 20.7666 5
      vertex 4.60604 18.3996 5
    endloop
  endfacet
  facet normal -0 0 1
    outer loop
      vertex 2.68093 33.0222 5
      vertex 4.87622 32.8783 5
      vertex 2.92339 35.4839 5
    endloop
  endfacet
  facet normal 0 0 1
    outer loop
      vertex 5.48404 23.6048 5
      vertex 3.32632 23.1756 5
      vertex 3.888 20.7666 5
    endloop
  endfacet
  facet normal 0 0 1
    outer loop
      vertex 4.87622 32.8783 5
      vertex 2.68093 33.0222 5
      vertex 4.8 30.55 5
    endloop
  endfacet
  facet normal 0 0 1
    outer loop
      vertex 5.10456 25.9033 5
      vertex 2.92339 25.6161 5
      vertex 3.32632 23.1756 5
    endloop
  endfacet
  facet normal 0 0 1
    outer loop
      vertex 2.6 30.55 5
      vertex 4.8 30.55 5
      vertex 2.68093 33.0222 5
    endloop
  endfacet
  facet normal 0 0 1
    outer loop
      vertex 4.87622 28.2216 5
      vertex 2.68093 28.0778 5
      vertex 2.92339 25.6161 5
    endloop
  endfacet
  facet normal 0 0 1
    outer loop
      vertex 4.8 30.55 5
      vertex 2.6 30.55 5
      vertex 2.68093 28.0778 5
    endloop
  endfacet
  facet normal 0 0 1
    outer loop
      vertex 72.7306 32.6691 5
      vertex 72.7306 28.4309 5
      vertex 72.8 30.55 5
    endloop
  endfacet
  facet normal 0 0 1
    outer loop
      vertex 72.5228 34.779 5
      vertex 72.7306 28.4309 5
      vertex 72.7306 32.6691 5
    endloop
  endfacet
  facet normal 0 0 1
    outer loop
      vertex 72.5228 34.779 5
      vertex 72.5228 26.321 5
      vertex 72.7306 28.4309 5
    endloop
  endfacet
  facet normal 0 0 1
    outer loop
      vertex 72.1774 36.8709 5
      vertex 72.5228 26.321 5
      vertex 72.5228 34.779 5
    endloop
  endfacet
  facet normal 0 0 1
    outer loop
      vertex 72.1774 36.8709 5
      vertex 72.1774 24.2291 5
      vertex 72.5228 26.321 5
    endloop
  endfacet
  facet normal 0 0 1
    outer loop
      vertex 71.696 38.9357 5
      vertex 72.1774 24.2291 5
      vertex 72.1774 36.8709 5
    endloop
  endfacet
  facet normal 0 0 1
    outer loop
      vertex 71.696 38.9357 5
      vertex 71.696 22.1643 5
      vertex 72.1774 24.2291 5
    endloop
  endfacet
  facet normal 0 0 1
    outer loop
      vertex 71.0805 40.9646 5
      vertex 71.696 22.1643 5
      vertex 71.696 38.9357 5
    endloop
  endfacet
  facet normal 0 0 1
    outer loop
      vertex 71.0805 40.9646 5
      vertex 71.0805 20.1354 5
      vertex 71.696 22.1643 5
    endloop
  endfacet
  facet normal 0 0 1
    outer loop
      vertex 70.3337 42.9489 5
      vertex 71.0805 20.1354 5
      vertex 71.0805 40.9646 5
    endloop
  endfacet
  facet normal 0 0 1
    outer loop
      vertex 70.3337 42.9489 5
      vertex 70.3337 18.1511 5
      vertex 71.0805 20.1354 5
    endloop
  endfacet
  facet normal 0 0 1
    outer loop
      vertex 69.4587 44.8802 5
      vertex 70.3337 18.1511 5
      vertex 70.3337 42.9489 5
    endloop
  endfacet
  facet normal 0 0 1
    outer loop
      vertex 69.4587 44.8802 5
      vertex 69.4587 16.2198 5
      vertex 70.3337 18.1511 5
    endloop
  endfacet
  facet normal 0 0 1
    outer loop
      vertex 68.4592 46.75 5
      vertex 69.4587 16.2198 5
      vertex 69.4587 44.8802 5
    endloop
  endfacet
  facet normal 0 0 1
    outer loop
      vertex 68.4592 46.75 5
      vertex 68.4592 14.35 5
      vertex 69.4587 16.2198 5
    endloop
  endfacet
  facet normal 0 0 1
    outer loop
      vertex 67.3396 48.5505 5
      vertex 68.4592 14.35 5
      vertex 68.4592 46.75 5
    endloop
  endfacet
  facet normal 0 0 1
    outer loop
      vertex 67.3396 48.5505 5
      vertex 67.3396 12.5495 5
      vertex 68.4592 14.35 5
    endloop
  endfacet
  facet normal 0 0 1
    outer loop
      vertex 66.1046 50.2739 5
      vertex 67.3396 12.5495 5
      vertex 67.3396 48.5505 5
    endloop
  endfacet
  facet normal 0 0 1
    outer loop
      vertex 66.1046 50.2739 5
      vertex 66.1046 10.8261 5
      vertex 67.3396 12.5495 5
    endloop
  endfacet
  facet normal 0 0 1
    outer loop
      vertex 64.7596 51.9128 5
      vertex 66.1046 10.8261 5
      vertex 66.1046 50.2739 5
    endloop
  endfacet
  facet normal 0 0 1
    outer loop
      vertex 64.7596 51.9128 5
      vertex 64.7596 9.1872 5
      vertex 66.1046 10.8261 5
    endloop
  endfacet
  facet normal 0 0 1
    outer loop
      vertex 63.3103 53.4603 5
      vertex 64.7596 9.1872 5
      vertex 64.7596 51.9128 5
    endloop
  endfacet
  facet normal 0 0 1
    outer loop
      vertex 63.3103 53.4603 5
      vertex 63.3103 7.63974 5
      vertex 64.7596 9.1872 5
    endloop
  endfacet
  facet normal 0 0 1
    outer loop
      vertex 61.7628 54.9096 5
      vertex 63.3103 7.63974 5
      vertex 63.3103 53.4603 5
    endloop
  endfacet
  facet normal 0 0 1
    outer loop
      vertex 61.7628 54.9096 5
      vertex 61.7628 6.19039 5
      vertex 63.3103 7.63974 5
    endloop
  endfacet
  facet normal 0 0 1
    outer loop
      vertex 60.1239 56.2546 5
      vertex 61.7628 6.19039 5
      vertex 61.7628 54.9096 5
    endloop
  endfacet
  facet normal 0 0 1
    outer loop
      vertex 60.1239 56.2546 5
      vertex 60.1239 4.84535 5
      vertex 61.7628 6.19039 5
    endloop
  endfacet
  facet normal 0 0 1
    outer loop
      vertex 58.4005 57.4896 5
      vertex 60.1239 4.84535 5
      vertex 60.1239 56.2546 5
    endloop
  endfacet
  facet normal 0 0 1
    outer loop
      vertex 58.4005 57.4896 5
      vertex 58.4005 3.61038 5
      vertex 60.1239 4.84535 5
    endloop
  endfacet
  facet normal 0 0 1
    outer loop
      vertex 56.6 58.6092 5
      vertex 58.4005 3.61038 5
      vertex 58.4005 57.4896 5
    endloop
  endfacet
  facet normal 0 0 1
    outer loop
      vertex 56.6 58.6092 5
      vertex 56.6 2.49078 5
      vertex 58.4005 3.61038 5
    endloop
  endfacet
  facet normal 0 0 1
    outer loop
      vertex 54.7302 59.6087 5
      vertex 56.6 2.49078 5
      vertex 56.6 58.6092 5
    endloop
  endfacet
  facet normal 0 0 1
    outer loop
      vertex 54.7302 59.6087 5
      vertex 54.7302 1.49132 5
      vertex 56.6 2.49078 5
    endloop
  endfacet
  facet normal 0 0 1
    outer loop
      vertex 52.7989 60.4837 5
      vertex 54.7302 1.49132 5
      vertex 54.7302 59.6087 5
    endloop
  endfacet
  facet normal 0 0 1
    outer loop
      vertex 52.7989 60.4837 5
      vertex 52.7989 0.616303 5
      vertex 54.7302 1.49132 5
    endloop
  endfacet
  facet normal 0 0 1
    outer loop
      vertex 50.8146 61.2305 5
      vertex 52.7989 0.616303 5
      vertex 52.7989 60.4837 5
    endloop
  endfacet
  facet normal 0 0 1
    outer loop
      vertex 50.8146 61.2305 5
      vertex 50.8146 -0.130535 5
      vertex 52.7989 0.616303 5
    endloop
  endfacet
  facet normal 0 0 1
    outer loop
      vertex 48.7857 61.846 5
      vertex 50.8146 -0.130535 5
      vertex 50.8146 61.2305 5
    endloop
  endfacet
  facet normal 0 0 1
    outer loop
      vertex 48.7857 61.846 5
      vertex 48.7857 -0.745997 5
      vertex 50.8146 -0.130535 5
    endloop
  endfacet
  facet normal 0 0 1
    outer loop
      vertex 46.7209 62.3274 5
      vertex 48.7857 -0.745997 5
      vertex 48.7857 61.846 5
    endloop
  endfacet
  facet normal 0 0 1
    outer loop
      vertex 46.7209 62.3274 5
      vertex 46.7209 -1.22744 5
      vertex 48.7857 -0.745997 5
    endloop
  endfacet
  facet normal 0 0 1
    outer loop
      vertex 44.629 62.6728 5
      vertex 46.7209 -1.22744 5
      vertex 46.7209 62.3274 5
    endloop
  endfacet
  facet normal 0 0 1
    outer loop
      vertex 44.629 62.6728 5
      vertex 44.629 -1.57281 5
      vertex 46.7209 -1.22744 5
    endloop
  endfacet
  facet normal 0 0 1
    outer loop
      vertex 42.5191 62.8806 5
      vertex 44.629 -1.57281 5
      vertex 44.629 62.6728 5
    endloop
  endfacet
  facet normal 0 0 1
    outer loop
      vertex 42.5191 62.8806 5
      vertex 42.5191 -1.78063 5
      vertex 44.629 -1.57281 5
    endloop
  endfacet
  facet normal 0 0 1
    outer loop
      vertex 40.4 62.95 5
      vertex 42.5191 -1.78063 5
      vertex 42.5191 62.8806 5
    endloop
  endfacet
  facet normal 0 0 1
    outer loop
      vertex 40.4 62.95 5
      vertex 40.4 -1.85 5
      vertex 42.5191 -1.78063 5
    endloop
  endfacet
  facet normal -0 0 1
    outer loop
      vertex 38.2809 62.8806 5
      vertex 40.4 -1.85 5
      vertex 40.4 62.95 5
    endloop
  endfacet
  facet normal 0 0 1
    outer loop
      vertex 38.2809 62.8806 5
      vertex 38.2809 -1.78063 5
      vertex 40.4 -1.85 5
    endloop
  endfacet
  facet normal -0 0 1
    outer loop
      vertex 36.171 62.6728 5
      vertex 38.2809 -1.78063 5
      vertex 38.2809 62.8806 5
    endloop
  endfacet
  facet normal 0 0 1
    outer loop
      vertex 36.171 62.6728 5
      vertex 36.171 -1.57281 5
      vertex 38.2809 -1.78063 5
    endloop
  endfacet
  facet normal -0 0 1
    outer loop
      vertex 34.0791 62.3274 5
      vertex 36.171 -1.57281 5
      vertex 36.171 62.6728 5
    endloop
  endfacet
  facet normal 0 0 1
    outer loop
      vertex 34.0791 62.3274 5
      vertex 34.0791 -1.22744 5
      vertex 36.171 -1.57281 5
    endloop
  endfacet
  facet normal -0 0 1
    outer loop
      vertex 32.0143 61.846 5
      vertex 34.0791 -1.22744 5
      vertex 34.0791 62.3274 5
    endloop
  endfacet
  facet normal 0 0 1
    outer loop
      vertex 32.0143 61.846 5
      vertex 32.0143 -0.745997 5
      vertex 34.0791 -1.22744 5
    endloop
  endfacet
  facet normal -0 0 1
    outer loop
      vertex 29.9854 61.2305 5
      vertex 32.0143 -0.745997 5
      vertex 32.0143 61.846 5
    endloop
  endfacet
  facet normal 0 0 1
    outer loop
      vertex 29.9854 61.2305 5
      vertex 29.9854 -0.130535 5
      vertex 32.0143 -0.745997 5
    endloop
  endfacet
  facet normal -0 0 1
    outer loop
      vertex 28.0011 60.4837 5
      vertex 29.9854 -0.130535 5
      vertex 29.9854 61.2305 5
    endloop
  endfacet
  facet normal 0 0 1
    outer loop
      vertex 28.0011 60.4837 5
      vertex 28.0011 0.616303 5
      vertex 29.9854 -0.130535 5
    endloop
  endfacet
  facet normal -0 0 1
    outer loop
      vertex 26.0698 59.6087 5
      vertex 28.0011 0.616303 5
      vertex 28.0011 60.4837 5
    endloop
  endfacet
  facet normal 0 0 1
    outer loop
      vertex 26.0698 59.6087 5
      vertex 26.0698 1.49132 5
      vertex 28.0011 0.616303 5
    endloop
  endfacet
  facet normal -0 0 1
    outer loop
      vertex 24.2 58.6092 5
      vertex 26.0698 1.49132 5
      vertex 26.0698 59.6087 5
    endloop
  endfacet
  facet normal 0 0 1
    outer loop
      vertex 24.2 58.6092 5
      vertex 24.2 2.49078 5
      vertex 26.0698 1.49132 5
    endloop
  endfacet
  facet normal -0 0 1
    outer loop
      vertex 22.3995 57.4896 5
      vertex 24.2 2.49078 5
      vertex 24.2 58.6092 5
    endloop
  endfacet
  facet normal 0 0 1
    outer loop
      vertex 22.3995 57.4896 5
      vertex 22.3995 3.61038 5
      vertex 24.2 2.49078 5
    endloop
  endfacet
  facet normal -0 0 1
    outer loop
      vertex 20.6761 56.2546 5
      vertex 22.3995 3.61038 5
      vertex 22.3995 57.4896 5
    endloop
  endfacet
  facet normal 0 0 1
    outer loop
      vertex 20.6761 56.2546 5
      vertex 20.6761 4.84535 5
      vertex 22.3995 3.61038 5
    endloop
  endfacet
  facet normal -0 0 1
    outer loop
      vertex 19.0372 54.9096 5
      vertex 20.6761 4.84535 5
      vertex 20.6761 56.2546 5
    endloop
  endfacet
  facet normal 0 0 1
    outer loop
      vertex 19.0372 54.9096 5
      vertex 19.0372 6.19039 5
      vertex 20.6761 4.84535 5
    endloop
  endfacet
  facet normal -0 0 1
    outer loop
      vertex 17.4897 53.4603 5
      vertex 19.0372 6.19039 5
      vertex 19.0372 54.9096 5
    endloop
  endfacet
  facet normal 0 0 1
    outer loop
      vertex 17.4897 53.4603 5
      vertex 17.4897 7.63974 5
      vertex 19.0372 6.19039 5
    endloop
  endfacet
  facet normal -0 0 1
    outer loop
      vertex 16.0404 51.9128 5
      vertex 17.4897 7.63974 5
      vertex 17.4897 53.4603 5
    endloop
  endfacet
  facet normal 0 0 1
    outer loop
      vertex 16.0404 51.9128 5
      vertex 16.0404 9.1872 5
      vertex 17.4897 7.63974 5
    endloop
  endfacet
  facet normal -0 0 1
    outer loop
      vertex 14.6954 50.2739 5
      vertex 16.0404 9.1872 5
      vertex 16.0404 51.9128 5
    endloop
  endfacet
  facet normal 0 0 1
    outer loop
      vertex 14.6954 50.2739 5
      vertex 14.6954 10.8261 5
      vertex 16.0404 9.1872 5
    endloop
  endfacet
  facet normal -0 0 1
    outer loop
      vertex 13.4604 48.5505 5
      vertex 14.6954 10.8261 5
      vertex 14.6954 50.2739 5
    endloop
  endfacet
  facet normal 0 0 1
    outer loop
      vertex 13.4604 48.5505 5
      vertex 13.4604 12.5495 5
      vertex 14.6954 10.8261 5
    endloop
  endfacet
  facet normal -0 0 1
    outer loop
      vertex 12.3408 46.75 5
      vertex 13.4604 12.5495 5
      vertex 13.4604 48.5505 5
    endloop
  endfacet
  facet normal 0 0 1
    outer loop
      vertex 12.3408 46.75 5
      vertex 12.3408 14.35 5
      vertex 13.4604 12.5495 5
    endloop
  endfacet
  facet normal -0 0 1
    outer loop
      vertex 11.3413 44.8802 5
      vertex 12.3408 14.35 5
      vertex 12.3408 46.75 5
    endloop
  endfacet
  facet normal 0 0 1
    outer loop
      vertex 11.3413 44.8802 5
      vertex 11.3413 16.2198 5
      vertex 12.3408 14.35 5
    endloop
  endfacet
  facet normal -0 0 1
    outer loop
      vertex 10.4663 42.9489 5
      vertex 11.3413 16.2198 5
      vertex 11.3413 44.8802 5
    endloop
  endfacet
  facet normal 0 0 1
    outer loop
      vertex 10.4663 42.9489 5
      vertex 10.4663 18.1511 5
      vertex 11.3413 16.2198 5
    endloop
  endfacet
  facet normal -0 0 1
    outer loop
      vertex 9.71946 40.9646 5
      vertex 10.4663 18.1511 5
      vertex 10.4663 42.9489 5
    endloop
  endfacet
  facet normal 0 0 1
    outer loop
      vertex 9.71946 40.9646 5
      vertex 9.71946 20.1354 5
      vertex 10.4663 18.1511 5
    endloop
  endfacet
  facet normal -0 0 1
    outer loop
      vertex 9.104 38.9357 5
      vertex 9.71946 20.1354 5
      vertex 9.71946 40.9646 5
    endloop
  endfacet
  facet normal 0 0 1
    outer loop
      vertex 9.104 38.9357 5
      vertex 9.104 22.1643 5
      vertex 9.71946 20.1354 5
    endloop
  endfacet
  facet normal -0 0 1
    outer loop
      vertex 8.62256 36.8709 5
      vertex 9.104 22.1643 5
      vertex 9.104 38.9357 5
    endloop
  endfacet
  facet normal 0 0 1
    outer loop
      vertex 8.62256 36.8709 5
      vertex 8.62256 24.2291 5
      vertex 9.104 22.1643 5
    endloop
  endfacet
  facet normal -0 0 1
    outer loop
      vertex 8.27719 34.779 5
      vertex 8.62256 24.2291 5
      vertex 8.62256 36.8709 5
    endloop
  endfacet
  facet normal 0 0 1
    outer loop
      vertex 8.27719 34.779 5
      vertex 8.27719 26.321 5
      vertex 8.62256 24.2291 5
    endloop
  endfacet
  facet normal -0 0 1
    outer loop
      vertex 8.06937 32.6691 5
      vertex 8.27719 26.321 5
      vertex 8.27719 34.779 5
    endloop
  endfacet
  facet normal 0 0 1
    outer loop
      vertex 8.06937 32.6691 5
      vertex 8.06937 28.4309 5
      vertex 8.27719 26.321 5
    endloop
  endfacet
  facet normal 0 -0 1
    outer loop
      vertex 8.06937 28.4309 5
      vertex 8.06937 32.6691 5
      vertex 8 30.55 5
    endloop
  endfacet
  facet normal 0.0980346 0.995183 -0
    outer loop
      vertex 45.3339 68.0266 1.8
      vertex 42.8722 68.2691 5
      vertex 45.3339 68.0266 5
    endloop
  endfacet
  facet normal 0.0980346 0.995183 0
    outer loop
      vertex 42.8722 68.2691 5
      vertex 45.3339 68.0266 1.8
      vertex 42.8722 68.2691 1.8
    endloop
  endfacet
  facet normal 0.986645 -0.162884 0
    outer loop
      vertex 77.4737 23.1756 5
      vertex 77.8766 25.6161 1.8
      vertex 77.8766 25.6161 5
    endloop
  endfacet
  facet normal 0.986645 -0.162884 0
    outer loop
      vertex 77.8766 25.6161 1.8
      vertex 77.4737 23.1756 5
      vertex 77.4737 23.1756 1.8
    endloop
  endfacet
  facet normal 0.995183 -0.0980346 0
    outer loop
      vertex 77.8766 25.6161 5
      vertex 78.1191 28.0778 1.8
      vertex 78.1191 28.0778 5
    endloop
  endfacet
  facet normal 0.995183 -0.0980346 0
    outer loop
      vertex 78.1191 28.0778 1.8
      vertex 77.8766 25.6161 5
      vertex 77.8766 25.6161 1.8
    endloop
  endfacet
  facet normal 0.935893 -0.352284 0
    outer loop
      vertex 75.3226 16.0846 5
      vertex 76.194 18.3996 1.8
      vertex 76.194 18.3996 5
    endloop
  endfacet
  facet normal 0.935893 -0.352284 0
    outer loop
      vertex 76.194 18.3996 1.8
      vertex 75.3226 16.0846 5
      vertex 75.3226 16.0846 1.8
    endloop
  endfacet
  facet normal 0.772993 -0.634415 0
    outer loop
      vertex 68.8195 5.62673 5
      vertex 70.3888 7.53882 1.8
      vertex 70.3888 7.53882 5
    endloop
  endfacet
  facet normal 0.772993 -0.634415 0
    outer loop
      vertex 70.3888 7.53882 1.8
      vertex 68.8195 5.62673 5
      vertex 68.8195 5.62673 1.8
    endloop
  endfacet
  facet normal 0.729867 -0.683589 0
    outer loop
      vertex 67.1286 3.82136 5
      vertex 68.8195 5.62673 1.8
      vertex 68.8195 5.62673 5
    endloop
  endfacet
  facet normal 0.729867 -0.683589 0
    outer loop
      vertex 68.8195 5.62673 1.8
      vertex 67.1286 3.82136 5
      vertex 67.1286 3.82136 1.8
    endloop
  endfacet
  facet normal 0.849203 -0.528066 0
    outer loop
      vertex 71.8296 9.54945 5
      vertex 73.1358 11.65 1.8
      vertex 73.1358 11.65 5
    endloop
  endfacet
  facet normal 0.849203 -0.528066 0
    outer loop
      vertex 73.1358 11.65 1.8
      vertex 71.8296 9.54945 5
      vertex 71.8296 9.54945 1.8
    endloop
  endfacet
  facet normal 0.227069 -0.973879 0
    outer loop
      vertex 47.7744 -6.52368 1.8
      vertex 50.1834 -5.962 5
      vertex 47.7744 -6.52368 5
    endloop
  endfacet
  facet normal 0.227069 -0.973879 0
    outer loop
      vertex 50.1834 -5.962 5
      vertex 47.7744 -6.52368 1.8
      vertex 50.1834 -5.962 1.8
    endloop
  endfacet
  facet normal 0.290291 -0.956938 0
    outer loop
      vertex 50.1834 -5.962 1.8
      vertex 52.5504 -5.24396 5
      vertex 50.1834 -5.962 5
    endloop
  endfacet
  facet normal 0.290291 -0.956938 0
    outer loop
      vertex 52.5504 -5.24396 5
      vertex 50.1834 -5.962 1.8
      vertex 52.5504 -5.24396 1.8
    endloop
  endfacet
  facet normal 0.0327185 -0.999465 0
    outer loop
      vertex 40.4 -7.25 1.8
      vertex 42.8722 -7.16907 5
      vertex 40.4 -7.25 5
    endloop
  endfacet
  facet normal 0.0327185 -0.999465 0
    outer loop
      vertex 42.8722 -7.16907 5
      vertex 40.4 -7.25 1.8
      vertex 42.8722 -7.16907 1.8
    endloop
  endfacet
  facet normal 0.471395 -0.881922 0
    outer loop
      vertex 57.1185 -3.35179 1.8
      vertex 59.3 -2.18576 5
      vertex 57.1185 -3.35179 5
    endloop
  endfacet
  facet normal 0.471395 -0.881922 0
    outer loop
      vertex 59.3 -2.18576 5
      vertex 57.1185 -3.35179 1.8
      vertex 59.3 -2.18576 1.8
    endloop
  endfacet
  facet normal 0.412705 -0.910865 0
    outer loop
      vertex 54.8654 -4.37265 1.8
      vertex 57.1185 -3.35179 5
      vertex 54.8654 -4.37265 5
    endloop
  endfacet
  facet normal 0.412705 -0.910865 0
    outer loop
      vertex 57.1185 -3.35179 5
      vertex 54.8654 -4.37265 1.8
      vertex 57.1185 -3.35179 1.8
    endloop
  endfacet
  facet normal 0.582483 -0.812843 0
    outer loop
      vertex 61.4006 -0.879551 1.8
      vertex 63.4112 0.561244 5
      vertex 61.4006 -0.879551 5
    endloop
  endfacet
  facet normal 0.582483 -0.812843 0
    outer loop
      vertex 63.4112 0.561244 5
      vertex 61.4006 -0.879551 1.8
      vertex 63.4112 0.561244 1.8
    endloop
  endfacet
  facet normal -0.772993 -0.634415 0
    outer loop
      vertex 11.9805 5.62673 1.8
      vertex 10.4112 7.53882 5
      vertex 10.4112 7.53882 1.8
    endloop
  endfacet
  facet normal -0.772993 -0.634415 0
    outer loop
      vertex 10.4112 7.53882 5
      vertex 11.9805 5.62673 1.8
      vertex 11.9805 5.62673 5
    endloop
  endfacet
  facet normal -0.729867 -0.683589 0
    outer loop
      vertex 13.6714 3.82136 1.8
      vertex 11.9805 5.62673 5
      vertex 11.9805 5.62673 1.8
    endloop
  endfacet
  facet normal -0.729867 -0.683589 0
    outer loop
      vertex 11.9805 5.62673 5
      vertex 13.6714 3.82136 1.8
      vertex 13.6714 3.82136 5
    endloop
  endfacet
  facet normal -0.881922 -0.471395 0
    outer loop
      vertex 7.66424 11.65 1.8
      vertex 6.49821 13.8315 5
      vertex 6.49821 13.8315 1.8
    endloop
  endfacet
  facet normal -0.881922 -0.471395 0
    outer loop
      vertex 6.49821 13.8315 5
      vertex 7.66424 11.65 1.8
      vertex 7.66424 11.65 5
    endloop
  endfacet
  facet normal -0.956938 -0.290291 0
    outer loop
      vertex 4.60604 18.3996 1.8
      vertex 3.888 20.7666 5
      vertex 3.888 20.7666 1.8
    endloop
  endfacet
  facet normal -0.956938 -0.290291 0
    outer loop
      vertex 3.888 20.7666 5
      vertex 4.60604 18.3996 1.8
      vertex 4.60604 18.3996 5
    endloop
  endfacet
  facet normal -0.986643 -0.162896 0
    outer loop
      vertex 3.32632 23.1756 1.8
      vertex 2.92339 25.6161 5
      vertex 2.92339 25.6161 1.8
    endloop
  endfacet
  facet normal -0.986643 -0.162896 0
    outer loop
      vertex 2.92339 25.6161 5
      vertex 3.32632 23.1756 1.8
      vertex 3.32632 23.1756 5
    endloop
  endfacet
  facet normal -0.995185 -0.0980186 0
    outer loop
      vertex 2.92339 25.6161 1.8
      vertex 2.68093 28.0778 5
      vertex 2.68093 28.0778 1.8
    endloop
  endfacet
  facet normal -0.995185 -0.0980186 0
    outer loop
      vertex 2.68093 28.0778 5
      vertex 2.92339 25.6161 1.8
      vertex 2.92339 25.6161 5
    endloop
  endfacet
  facet normal -0.471395 -0.881922 0
    outer loop
      vertex 21.5 -2.18576 1.8
      vertex 23.6815 -3.35179 5
      vertex 21.5 -2.18576 5
    endloop
  endfacet
  facet normal -0.471395 -0.881922 -0
    outer loop
      vertex 23.6815 -3.35179 5
      vertex 21.5 -2.18576 1.8
      vertex 23.6815 -3.35179 1.8
    endloop
  endfacet
  facet normal -0.412705 -0.910865 0
    outer loop
      vertex 23.6815 -3.35179 1.8
      vertex 25.9346 -4.37265 5
      vertex 23.6815 -3.35179 5
    endloop
  endfacet
  facet normal -0.412705 -0.910865 -0
    outer loop
      vertex 25.9346 -4.37265 5
      vertex 23.6815 -3.35179 1.8
      vertex 25.9346 -4.37265 1.8
    endloop
  endfacet
  facet normal -0.634392 -0.773011 0
    outer loop
      vertex 15.4767 2.13046 1.8
      vertex 17.3888 0.561244 5
      vertex 15.4767 2.13046 5
    endloop
  endfacet
  facet normal -0.634392 -0.773011 -0
    outer loop
      vertex 17.3888 0.561244 5
      vertex 15.4767 2.13046 1.8
      vertex 17.3888 0.561244 1.8
    endloop
  endfacet
  facet normal -0.227069 -0.973879 0
    outer loop
      vertex 30.6166 -5.962 1.8
      vertex 33.0256 -6.52368 5
      vertex 30.6166 -5.962 5
    endloop
  endfacet
  facet normal -0.227069 -0.973879 -0
    outer loop
      vertex 33.0256 -6.52368 5
      vertex 30.6166 -5.962 1.8
      vertex 33.0256 -6.52368 1.8
    endloop
  endfacet
  facet normal -0.290291 -0.956938 0
    outer loop
      vertex 28.2496 -5.24396 1.8
      vertex 30.6166 -5.962 5
      vertex 28.2496 -5.24396 5
    endloop
  endfacet
  facet normal -0.290291 -0.956938 -0
    outer loop
      vertex 30.6166 -5.962 5
      vertex 28.2496 -5.24396 1.8
      vertex 30.6166 -5.962 1.8
    endloop
  endfacet
  facet normal 0.999465 0.0327064 0
    outer loop
      vertex 78.2 30.55 5
      vertex 78.1191 33.0222 1.8
      vertex 78.1191 33.0222 5
    endloop
  endfacet
  facet normal 0.999465 0.0327064 0
    outer loop
      vertex 78.1191 33.0222 1.8
      vertex 78.2 30.55 5
      vertex 78.2 30.55 1.8
    endloop
  endfacet
  facet normal 0.986645 0.162884 0
    outer loop
      vertex 77.8766 35.4839 5
      vertex 77.4737 37.9244 1.8
      vertex 77.4737 37.9244 5
    endloop
  endfacet
  facet normal 0.986645 0.162884 0
    outer loop
      vertex 77.4737 37.9244 1.8
      vertex 77.8766 35.4839 5
      vertex 77.8766 35.4839 1.8
    endloop
  endfacet
  facet normal 0.995183 0.0980346 0
    outer loop
      vertex 78.1191 33.0222 5
      vertex 77.8766 35.4839 1.8
      vertex 77.8766 35.4839 5
    endloop
  endfacet
  facet normal 0.995183 0.0980346 0
    outer loop
      vertex 77.8766 35.4839 1.8
      vertex 78.1191 33.0222 5
      vertex 78.1191 33.0222 1.8
    endloop
  endfacet
  facet normal 0.772995 0.634413 0
    outer loop
      vertex 70.3888 53.5612 5
      vertex 68.8195 55.4733 1.8
      vertex 68.8195 55.4733 5
    endloop
  endfacet
  facet normal 0.772995 0.634413 0
    outer loop
      vertex 68.8195 55.4733 1.8
      vertex 70.3888 53.5612 5
      vertex 70.3888 53.5612 1.8
    endloop
  endfacet
  facet normal 0.881927 0.471385 0
    outer loop
      vertex 74.3018 47.2685 5
      vertex 73.1358 49.45 1.8
      vertex 73.1358 49.45 5
    endloop
  endfacet
  facet normal 0.881927 0.471385 0
    outer loop
      vertex 73.1358 49.45 1.8
      vertex 74.3018 47.2685 5
      vertex 74.3018 47.2685 1.8
    endloop
  endfacet
  facet normal -0.772995 0.634413 0
    outer loop
      vertex 10.4112 53.5612 1.8
      vertex 11.9805 55.4733 5
      vertex 11.9805 55.4733 1.8
    endloop
  endfacet
  facet normal -0.772995 0.634413 0
    outer loop
      vertex 11.9805 55.4733 5
      vertex 10.4112 53.5612 1.8
      vertex 10.4112 53.5612 5
    endloop
  endfacet
  facet normal -0.973879 0.227069 0
    outer loop
      vertex 3.32632 37.9244 1.8
      vertex 3.888 40.3334 5
      vertex 3.888 40.3334 1.8
    endloop
  endfacet
  facet normal -0.973879 0.227069 0
    outer loop
      vertex 3.888 40.3334 5
      vertex 3.32632 37.9244 1.8
      vertex 3.32632 37.9244 5
    endloop
  endfacet
  facet normal -0.935905 0.352252 0
    outer loop
      vertex 4.60604 42.7004 1.8
      vertex 5.47735 45.0154 5
      vertex 5.47735 45.0154 1.8
    endloop
  endfacet
  facet normal -0.935905 0.352252 0
    outer loop
      vertex 5.47735 45.0154 5
      vertex 4.60604 42.7004 1.8
      vertex 4.60604 42.7004 5
    endloop
  endfacet
  facet normal -0.999465 0.0327185 0
    outer loop
      vertex 2.6 30.55 1.8
      vertex 2.68093 33.0222 5
      vertex 2.68093 33.0222 1.8
    endloop
  endfacet
  facet normal -0.999465 0.0327185 0
    outer loop
      vertex 2.68093 33.0222 5
      vertex 2.6 30.55 1.8
      vertex 2.6 30.55 5
    endloop
  endfacet
  facet normal 0.412685 0.910874 -0
    outer loop
      vertex 57.1185 64.4518 1.8
      vertex 54.8654 65.4726 5
      vertex 57.1185 64.4518 5
    endloop
  endfacet
  facet normal 0.412685 0.910874 0
    outer loop
      vertex 54.8654 65.4726 5
      vertex 57.1185 64.4518 1.8
      vertex 54.8654 65.4726 1.8
    endloop
  endfacet
  facet normal 0.352284 0.935893 -0
    outer loop
      vertex 54.8654 65.4726 1.8
      vertex 52.5504 66.344 5
      vertex 54.8654 65.4726 5
    endloop
  endfacet
  facet normal 0.352284 0.935893 0
    outer loop
      vertex 52.5504 66.344 5
      vertex 54.8654 65.4726 1.8
      vertex 52.5504 66.344 1.8
    endloop
  endfacet
  facet normal 0.812842 0.582484 0
    outer loop
      vertex 71.8296 51.5506 5
      vertex 70.3888 53.5612 1.8
      vertex 70.3888 53.5612 5
    endloop
  endfacet
  facet normal 0.812842 0.582484 0
    outer loop
      vertex 70.3888 53.5612 1.8
      vertex 71.8296 51.5506 5
      vertex 71.8296 51.5506 1.8
    endloop
  endfacet
  facet normal 0.849209 0.528057 0
    outer loop
      vertex 73.1358 49.45 5
      vertex 71.8296 51.5506 1.8
      vertex 71.8296 51.5506 5
    endloop
  endfacet
  facet normal 0.849209 0.528057 0
    outer loop
      vertex 71.8296 51.5506 1.8
      vertex 73.1358 49.45 5
      vertex 73.1358 49.45 1.8
    endloop
  endfacet
  facet normal 0.935893 0.352284 0
    outer loop
      vertex 76.194 42.7004 5
      vertex 75.3226 45.0154 1.8
      vertex 75.3226 45.0154 5
    endloop
  endfacet
  facet normal 0.935893 0.352284 0
    outer loop
      vertex 75.3226 45.0154 1.8
      vertex 76.194 42.7004 5
      vertex 76.194 42.7004 1.8
    endloop
  endfacet
  facet normal -0.352284 0.935893 0
    outer loop
      vertex 28.2496 66.344 1.8
      vertex 25.9346 65.4726 5
      vertex 28.2496 66.344 5
    endloop
  endfacet
  facet normal -0.352284 0.935893 0
    outer loop
      vertex 25.9346 65.4726 5
      vertex 28.2496 66.344 1.8
      vertex 25.9346 65.4726 1.8
    endloop
  endfacet
  facet normal -0.849207 0.52806 0
    outer loop
      vertex 7.66424 49.45 1.8
      vertex 8.97045 51.5506 5
      vertex 8.97045 51.5506 1.8
    endloop
  endfacet
  facet normal -0.849207 0.52806 0
    outer loop
      vertex 8.97045 51.5506 5
      vertex 7.66424 49.45 1.8
      vertex 7.66424 49.45 5
    endloop
  endfacet
  facet normal -0.729854 0.683604 0
    outer loop
      vertex 11.9805 55.4733 1.8
      vertex 13.6714 57.2786 5
      vertex 13.6714 57.2786 1.8
    endloop
  endfacet
  facet normal -0.729854 0.683604 0
    outer loop
      vertex 13.6714 57.2786 5
      vertex 11.9805 55.4733 1.8
      vertex 11.9805 55.4733 5
    endloop
  endfacet
  facet normal -0.995185 0.0980186 0
    outer loop
      vertex 2.68093 33.0222 1.8
      vertex 2.92339 35.4839 5
      vertex 2.92339 35.4839 1.8
    endloop
  endfacet
  facet normal -0.995185 0.0980186 0
    outer loop
      vertex 2.92339 35.4839 5
      vertex 2.68093 33.0222 1.8
      vertex 2.68093 33.0222 5
    endloop
  endfacet
  facet normal -0.986643 0.162896 0
    outer loop
      vertex 2.92339 35.4839 1.8
      vertex 3.32632 37.9244 5
      vertex 3.32632 37.9244 1.8
    endloop
  endfacet
  facet normal -0.986643 0.162896 0
    outer loop
      vertex 3.32632 37.9244 5
      vertex 2.92339 35.4839 1.8
      vertex 2.92339 35.4839 5
    endloop
  endfacet
  facet normal 0.290277 0.956943 -0
    outer loop
      vertex 52.5504 66.344 1.8
      vertex 50.1834 67.062 5
      vertex 52.5504 66.344 5
    endloop
  endfacet
  facet normal 0.290277 0.956943 0
    outer loop
      vertex 50.1834 67.062 5
      vertex 52.5504 66.344 1.8
      vertex 50.1834 67.062 1.8
    endloop
  endfacet
  facet normal 0.227076 0.973877 -0
    outer loop
      vertex 50.1834 67.062 1.8
      vertex 47.7744 67.6237 5
      vertex 50.1834 67.062 5
    endloop
  endfacet
  facet normal 0.227076 0.973877 0
    outer loop
      vertex 47.7744 67.6237 5
      vertex 50.1834 67.062 1.8
      vertex 47.7744 67.6237 1.8
    endloop
  endfacet
  facet normal 0.162884 0.986645 -0
    outer loop
      vertex 47.7744 67.6237 1.8
      vertex 45.3339 68.0266 5
      vertex 47.7744 67.6237 5
    endloop
  endfacet
  facet normal 0.162884 0.986645 0
    outer loop
      vertex 45.3339 68.0266 5
      vertex 47.7744 67.6237 1.8
      vertex 45.3339 68.0266 1.8
    endloop
  endfacet
  facet normal 0.973877 0.227076 0
    outer loop
      vertex 77.4737 37.9244 5
      vertex 76.912 40.3334 1.8
      vertex 76.912 40.3334 5
    endloop
  endfacet
  facet normal 0.973877 0.227076 0
    outer loop
      vertex 76.912 40.3334 1.8
      vertex 77.4737 37.9244 5
      vertex 77.4737 37.9244 1.8
    endloop
  endfacet
  facet normal 0.956943 0.290277 0
    outer loop
      vertex 76.912 40.3334 5
      vertex 76.194 42.7004 1.8
      vertex 76.194 42.7004 5
    endloop
  endfacet
  facet normal 0.956943 0.290277 0
    outer loop
      vertex 76.194 42.7004 1.8
      vertex 76.912 40.3334 5
      vertex 76.912 40.3334 1.8
    endloop
  endfacet
  facet normal 0.634413 0.772995 -0
    outer loop
      vertex 65.3233 58.9695 1.8
      vertex 63.4112 60.5388 5
      vertex 65.3233 58.9695 5
    endloop
  endfacet
  facet normal 0.634413 0.772995 0
    outer loop
      vertex 63.4112 60.5388 5
      vertex 65.3233 58.9695 1.8
      vertex 63.4112 60.5388 1.8
    endloop
  endfacet
  facet normal 0.528086 0.849191 -0
    outer loop
      vertex 61.4006 61.9795 1.8
      vertex 59.3 63.2858 5
      vertex 61.4006 61.9795 5
    endloop
  endfacet
  facet normal 0.528086 0.849191 0
    outer loop
      vertex 59.3 63.2858 5
      vertex 61.4006 61.9795 1.8
      vertex 59.3 63.2858 1.8
    endloop
  endfacet
  facet normal 0.471385 0.881927 -0
    outer loop
      vertex 59.3 63.2858 1.8
      vertex 57.1185 64.4518 5
      vertex 59.3 63.2858 5
    endloop
  endfacet
  facet normal 0.471385 0.881927 0
    outer loop
      vertex 57.1185 64.4518 5
      vertex 59.3 63.2858 1.8
      vertex 57.1185 64.4518 1.8
    endloop
  endfacet
  facet normal 0.910874 0.412685 0
    outer loop
      vertex 75.3226 45.0154 5
      vertex 74.3018 47.2685 1.8
      vertex 74.3018 47.2685 5
    endloop
  endfacet
  facet normal 0.910874 0.412685 0
    outer loop
      vertex 74.3018 47.2685 1.8
      vertex 75.3226 45.0154 5
      vertex 75.3226 45.0154 1.8
    endloop
  endfacet
  facet normal -0.162884 0.986645 0
    outer loop
      vertex 35.4661 68.0266 1.8
      vertex 33.0256 67.6237 5
      vertex 35.4661 68.0266 5
    endloop
  endfacet
  facet normal -0.162884 0.986645 0
    outer loop
      vertex 33.0256 67.6237 5
      vertex 35.4661 68.0266 1.8
      vertex 33.0256 67.6237 1.8
    endloop
  endfacet
  facet normal -0.0980346 0.995183 0
    outer loop
      vertex 37.9278 68.2691 1.8
      vertex 35.4661 68.0266 5
      vertex 37.9278 68.2691 5
    endloop
  endfacet
  facet normal -0.0980346 0.995183 0
    outer loop
      vertex 35.4661 68.0266 5
      vertex 37.9278 68.2691 1.8
      vertex 35.4661 68.0266 1.8
    endloop
  endfacet
  facet normal -0.881922 0.471395 0
    outer loop
      vertex 6.49821 47.2685 1.8
      vertex 7.66424 49.45 5
      vertex 7.66424 49.45 1.8
    endloop
  endfacet
  facet normal -0.881922 0.471395 0
    outer loop
      vertex 7.66424 49.45 5
      vertex 6.49821 47.2685 1.8
      vertex 6.49821 47.2685 5
    endloop
  endfacet
  facet normal -0.956938 0.290291 0
    outer loop
      vertex 3.888 40.3334 1.8
      vertex 4.60604 42.7004 5
      vertex 4.60604 42.7004 1.8
    endloop
  endfacet
  facet normal -0.956938 0.290291 0
    outer loop
      vertex 4.60604 42.7004 5
      vertex 3.888 40.3334 1.8
      vertex 3.888 40.3334 5
    endloop
  endfacet
  facet normal 0.683604 0.729854 -0
    outer loop
      vertex 67.1286 57.2786 1.8
      vertex 65.3233 58.9695 5
      vertex 67.1286 57.2786 5
    endloop
  endfacet
  facet normal 0.683604 0.729854 0
    outer loop
      vertex 65.3233 58.9695 5
      vertex 67.1286 57.2786 1.8
      vertex 65.3233 58.9695 1.8
    endloop
  endfacet
  facet normal 0.582458 0.812861 -0
    outer loop
      vertex 63.4112 60.5388 1.8
      vertex 61.4006 61.9795 5
      vertex 63.4112 60.5388 5
    endloop
  endfacet
  facet normal 0.582458 0.812861 0
    outer loop
      vertex 61.4006 61.9795 5
      vertex 63.4112 60.5388 1.8
      vertex 61.4006 61.9795 1.8
    endloop
  endfacet
  facet normal -0.582458 0.812861 0
    outer loop
      vertex 19.3994 61.9795 1.8
      vertex 17.3888 60.5388 5
      vertex 19.3994 61.9795 5
    endloop
  endfacet
  facet normal -0.582458 0.812861 0
    outer loop
      vertex 17.3888 60.5388 5
      vertex 19.3994 61.9795 1.8
      vertex 17.3888 60.5388 1.8
    endloop
  endfacet
  facet normal -0.0327064 0.999465 0
    outer loop
      vertex 40.4 68.35 1.8
      vertex 37.9278 68.2691 5
      vertex 40.4 68.35 5
    endloop
  endfacet
  facet normal -0.0327064 0.999465 0
    outer loop
      vertex 37.9278 68.2691 5
      vertex 40.4 68.35 1.8
      vertex 37.9278 68.2691 1.8
    endloop
  endfacet
  facet normal -0.412685 0.910874 0
    outer loop
      vertex 25.9346 65.4726 1.8
      vertex 23.6815 64.4518 5
      vertex 25.9346 65.4726 5
    endloop
  endfacet
  facet normal -0.412685 0.910874 0
    outer loop
      vertex 23.6815 64.4518 5
      vertex 25.9346 65.4726 1.8
      vertex 23.6815 64.4518 1.8
    endloop
  endfacet
  facet normal -0.634413 0.772995 0
    outer loop
      vertex 17.3888 60.5388 1.8
      vertex 15.4767 58.9695 5
      vertex 17.3888 60.5388 5
    endloop
  endfacet
  facet normal -0.634413 0.772995 0
    outer loop
      vertex 15.4767 58.9695 5
      vertex 17.3888 60.5388 1.8
      vertex 15.4767 58.9695 1.8
    endloop
  endfacet
  facet normal -0.683604 0.729854 0
    outer loop
      vertex 15.4767 58.9695 1.8
      vertex 13.6714 57.2786 5
      vertex 15.4767 58.9695 5
    endloop
  endfacet
  facet normal -0.683604 0.729854 0
    outer loop
      vertex 13.6714 57.2786 5
      vertex 15.4767 58.9695 1.8
      vertex 13.6714 57.2786 1.8
    endloop
  endfacet
  facet normal -0.227076 0.973877 0
    outer loop
      vertex 33.0256 67.6237 1.8
      vertex 30.6166 67.062 5
      vertex 33.0256 67.6237 5
    endloop
  endfacet
  facet normal -0.227076 0.973877 0
    outer loop
      vertex 30.6166 67.062 5
      vertex 33.0256 67.6237 1.8
      vertex 30.6166 67.062 1.8
    endloop
  endfacet
  facet normal -0.290277 0.956943 0
    outer loop
      vertex 30.6166 67.062 1.8
      vertex 28.2496 66.344 5
      vertex 30.6166 67.062 5
    endloop
  endfacet
  facet normal -0.290277 0.956943 0
    outer loop
      vertex 28.2496 66.344 5
      vertex 30.6166 67.062 1.8
      vertex 28.2496 66.344 1.8
    endloop
  endfacet
  facet normal -0.471385 0.881927 0
    outer loop
      vertex 23.6815 64.4518 1.8
      vertex 21.5 63.2858 5
      vertex 23.6815 64.4518 5
    endloop
  endfacet
  facet normal -0.471385 0.881927 0
    outer loop
      vertex 21.5 63.2858 5
      vertex 23.6815 64.4518 1.8
      vertex 21.5 63.2858 1.8
    endloop
  endfacet
  facet normal -0.528086 0.849191 0
    outer loop
      vertex 21.5 63.2858 1.8
      vertex 19.3994 61.9795 5
      vertex 21.5 63.2858 5
    endloop
  endfacet
  facet normal -0.528086 0.849191 0
    outer loop
      vertex 19.3994 61.9795 5
      vertex 21.5 63.2858 1.8
      vertex 19.3994 61.9795 1.8
    endloop
  endfacet
  facet normal 0.894044 -0.0292566 -0.447022
    outer loop
      vertex 78.1191 28.0778 1.8
      vertex 77.3 30.55 0
      vertex 78.2 30.55 1.8
    endloop
  endfacet
  facet normal -0.567503 0.691469 -0.447002
    outer loop
      vertex 16.0701 58.2929 0
      vertex 15.4767 58.9695 1.8
      vertex 17.3888 60.5388 1.8
    endloop
  endfacet
  facet normal -0.814789 -0.369174 -0.447023
    outer loop
      vertex 6.49821 13.8315 1.8
      vertex 5.47735 16.0846 1.8
      vertex 6.30885 16.429 0
    endloop
  endfacet
  facet normal -0.145715 -0.882576 -0.447021
    outer loop
      vertex 35.5836 -6.03432 0
      vertex 33.0256 -6.52368 1.8
      vertex 33.2012 -5.64098 0
    endloop
  endfacet
  facet normal 0.814788 -0.369183 -0.447018
    outer loop
      vertex 74.3018 13.8315 1.8
      vertex 73.4946 14.2295 0
      vertex 74.4912 16.429 0
    endloop
  endfacet
  facet normal 0.882578 -0.145701 -0.44702
    outer loop
      vertex 77.4737 23.1756 1.8
      vertex 76.591 23.3512 0
      vertex 76.9843 25.7336 0
    endloop
  endfacet
  facet normal -0.759619 0.472371 -0.447039
    outer loop
      vertex 9.71877 51.0505 0
      vertex 8.44366 49 0
      vertex 8.97045 51.5506 1.8
    endloop
  endfacet
  facet normal -0.882576 0.145715 -0.447021
    outer loop
      vertex 3.81568 35.3664 0
      vertex 3.32632 37.9244 1.8
      vertex 4.20902 37.7488 0
    endloop
  endfacet
  facet normal -0.421666 0.788907 -0.447016
    outer loop
      vertex 24.0795 63.6446 0
      vertex 21.5 63.2858 1.8
      vertex 23.6815 64.4518 1.8
    endloop
  endfacet
  facet normal 0.788907 0.421666 -0.447016
    outer loop
      vertex 73.4946 46.8705 0
      vertex 73.1358 49.45 1.8
      vertex 74.3018 47.2685 1.8
    endloop
  endfacet
  facet normal 0.20312 0.87116 -0.447015
    outer loop
      vertex 49.9504 66.1927 0
      vertex 47.5988 66.741 0
      vertex 50.1834 67.062 1.8
    endloop
  endfacet
  facet normal 0.315132 0.837195 -0.446986
    outer loop
      vertex 54.521 64.6412 0
      vertex 52.5504 66.344 1.8
      vertex 54.8654 65.4726 1.8
    endloop
  endfacet
  facet normal 0.145715 -0.882576 -0.44702
    outer loop
      vertex 45.3339 -6.92661 1.8
      vertex 45.2164 -6.03432 0
      vertex 47.7744 -6.52368 1.8
    endloop
  endfacet
  facet normal 0.788907 -0.421666 -0.447016
    outer loop
      vertex 74.3018 13.8315 1.8
      vertex 73.1358 11.65 1.8
      vertex 73.4946 14.2295 0
    endloop
  endfacet
  facet normal 0.890214 -0.0876942 -0.447023
    outer loop
      vertex 77.8766 25.6161 1.8
      vertex 76.9843 25.7336 0
      vertex 78.1191 28.0778 1.8
    endloop
  endfacet
  facet normal 0.85601 -0.25966 -0.447017
    outer loop
      vertex 76.194 18.3996 1.8
      vertex 76.0427 20.9996 0
      vertex 76.912 20.7666 1.8
    endloop
  endfacet
  facet normal 0.894044 0.0292566 -0.447022
    outer loop
      vertex 78.2 30.55 1.8
      vertex 77.3 30.55 0
      vertex 78.1191 33.0222 1.8
    endloop
  endfacet
  facet normal -0.894044 -0.0292674 -0.447022
    outer loop
      vertex 2.68093 28.0778 1.8
      vertex 2.6 30.55 1.8
      vertex 3.5 30.55 0
    endloop
  endfacet
  facet normal -0.894043 -0.0292692 -0.447024
    outer loop
      vertex 3.57901 28.1366 0
      vertex 2.68093 28.0778 1.8
      vertex 3.5 30.55 0
    endloop
  endfacet
  facet normal -0.837188 -0.315097 -0.447023
    outer loop
      vertex 5.47735 16.0846 1.8
      vertex 4.60604 18.3996 1.8
      vertex 6.30885 16.429 0
    endloop
  endfacet
  facet normal -0.871157 -0.203118 -0.447021
    outer loop
      vertex 3.888 20.7666 1.8
      vertex 3.32632 23.1756 1.8
      vertex 4.20902 23.3512 0
    endloop
  endfacet
  facet normal -0.611501 -0.652873 -0.447017
    outer loop
      vertex 15.4767 2.13046 1.8
      vertex 13.6714 3.82136 1.8
      vertex 16.0701 2.80711 0
    endloop
  endfacet
  facet normal -0.369174 -0.814789 -0.447023
    outer loop
      vertex 25.9346 -4.37265 1.8
      vertex 23.6815 -3.35179 1.8
      vertex 26.279 -3.54115 0
    endloop
  endfacet
  facet normal -0.894044 0.0292674 -0.447022
    outer loop
      vertex 3.5 30.55 0
      vertex 2.6 30.55 1.8
      vertex 2.68093 33.0222 1.8
    endloop
  endfacet
  facet normal -0.890216 0.0876768 -0.447022
    outer loop
      vertex 3.57901 32.9634 0
      vertex 2.68093 33.0222 1.8
      vertex 3.81568 35.3664 0
    endloop
  endfacet
  facet normal -0.882576 0.145715 -0.44702
    outer loop
      vertex 3.81568 35.3664 0
      vertex 2.92339 35.4839 1.8
      vertex 3.32632 37.9244 1.8
    endloop
  endfacet
  facet normal -0.856005 0.259665 -0.447024
    outer loop
      vertex 4.75734 40.1004 0
      vertex 4.60604 42.7004 1.8
      vertex 5.45828 42.4111 0
    endloop
  endfacet
  facet normal -0.521025 0.727102 -0.447052
    outer loop
      vertex 17.9367 59.8247 0
      vertex 17.3888 60.5388 1.8
      vertex 19.8995 61.2312 0
    endloop
  endfacet
  facet normal -0.145704 0.882576 -0.447024
    outer loop
      vertex 35.5836 67.1343 0
      vertex 33.0256 67.6237 1.8
      vertex 35.4661 68.0266 1.8
    endloop
  endfacet
  facet normal -0.0292566 0.894044 -0.447022
    outer loop
      vertex 40.4 67.45 0
      vertex 37.9278 68.2691 1.8
      vertex 40.4 68.35 1.8
    endloop
  endfacet
  facet normal 0.0292566 0.894044 -0.447022
    outer loop
      vertex 40.4 67.45 0
      vertex 40.4 68.35 1.8
      vertex 42.8722 68.2691 1.8
    endloop
  endfacet
  facet normal 0.890214 0.0876942 -0.447023
    outer loop
      vertex 78.1191 33.0222 1.8
      vertex 76.9843 35.3664 0
      vertex 77.8766 35.4839 1.8
    endloop
  endfacet
  facet normal 0.837195 0.315132 -0.446986
    outer loop
      vertex 76.194 42.7004 1.8
      vertex 74.4912 44.671 0
      vertex 75.3226 45.0154 1.8
    endloop
  endfacet
  facet normal 0.85601 0.25966 -0.447017
    outer loop
      vertex 76.912 40.3334 1.8
      vertex 76.0427 40.1004 0
      vertex 76.194 42.7004 1.8
    endloop
  endfacet
  facet normal 0.567503 0.691469 -0.447002
    outer loop
      vertex 64.7299 58.2929 0
      vertex 63.4112 60.5388 1.8
      vertex 65.3233 58.9695 1.8
    endloop
  endfacet
  facet normal 0.145701 0.882578 -0.44702
    outer loop
      vertex 47.5988 66.741 0
      vertex 45.2164 67.1343 0
      vertex 47.7744 67.6237 1.8
    endloop
  endfacet
  facet normal 0.259682 0.855987 -0.447047
    outer loop
      vertex 52.2611 65.4917 0
      vertex 49.9504 66.1927 0
      vertex 52.5504 66.344 1.8
    endloop
  endfacet
  facet normal 0.369174 -0.814789 -0.447023
    outer loop
      vertex 54.8654 -4.37265 1.8
      vertex 54.521 -3.54115 0
      vertex 57.1185 -3.35179 1.8
    endloop
  endfacet
  facet normal 0.0876801 -0.890217 -0.447019
    outer loop
      vertex 45.3339 -6.92661 1.8
      vertex 42.8722 -7.16907 1.8
      vertex 45.2164 -6.03432 0
    endloop
  endfacet
  facet normal 0.203118 -0.871157 -0.447021
    outer loop
      vertex 47.7744 -6.52368 1.8
      vertex 47.5988 -5.64098 0
      vertex 50.1834 -5.962 1.8
    endloop
  endfacet
  facet normal 0.611503 -0.652865 -0.447024
    outer loop
      vertex 67.1286 3.82136 1.8
      vertex 64.7299 2.80711 0
      vertex 66.4922 4.45776 0
    endloop
  endfacet
  facet normal 0.691475 -0.567462 -0.447046
    outer loop
      vertex 70.3888 7.53882 1.8
      vertex 68.1429 6.22014 0
      vertex 69.6747 8.0867 0
    endloop
  endfacet
  facet normal 0.894039 -0.0292654 -0.447032
    outer loop
      vertex 78.1191 28.0778 1.8
      vertex 77.221 28.1366 0
      vertex 77.3 30.55 0
    endloop
  endfacet
  facet normal 0.890211 -0.0876874 -0.44703
    outer loop
      vertex 78.1191 28.0778 1.8
      vertex 76.9843 25.7336 0
      vertex 77.221 28.1366 0
    endloop
  endfacet
  facet normal 0.87116 -0.20312 -0.447015
    outer loop
      vertex 76.912 20.7666 1.8
      vertex 76.0427 20.9996 0
      vertex 76.591 23.3512 0
    endloop
  endfacet
  facet normal 0.837186 -0.31507 -0.447046
    outer loop
      vertex 76.194 18.3996 1.8
      vertex 74.4912 16.429 0
      vertex 75.3417 18.6889 0
    endloop
  endfacet
  facet normal 0.871156 -0.203125 -0.447021
    outer loop
      vertex 76.912 20.7666 1.8
      vertex 76.591 23.3512 0
      vertex 77.4737 23.1756 1.8
    endloop
  endfacet
  facet normal 0.814814 -0.369163 -0.446987
    outer loop
      vertex 75.3226 16.0846 1.8
      vertex 74.3018 13.8315 1.8
      vertex 74.4912 16.429 0
    endloop
  endfacet
  facet normal 0 0 -1
    outer loop
      vertex 77.221 28.1366 0
      vertex 77.221 32.9634 0
      vertex 77.3 30.55 0
    endloop
  endfacet
  facet normal 0 0 -1
    outer loop
      vertex 76.9843 25.7336 0
      vertex 77.221 32.9634 0
      vertex 77.221 28.1366 0
    endloop
  endfacet
  facet normal 0 0 -1
    outer loop
      vertex 76.9843 25.7336 0
      vertex 76.9843 35.3664 0
      vertex 77.221 32.9634 0
    endloop
  endfacet
  facet normal 0 0 -1
    outer loop
      vertex 76.591 23.3512 0
      vertex 76.9843 35.3664 0
      vertex 76.9843 25.7336 0
    endloop
  endfacet
  facet normal 0 0 -1
    outer loop
      vertex 76.591 23.3512 0
      vertex 76.591 37.7488 0
      vertex 76.9843 35.3664 0
    endloop
  endfacet
  facet normal 0 0 -1
    outer loop
      vertex 76.0427 20.9996 0
      vertex 76.591 37.7488 0
      vertex 76.591 23.3512 0
    endloop
  endfacet
  facet normal 0 0 -1
    outer loop
      vertex 76.0427 20.9996 0
      vertex 76.0427 40.1004 0
      vertex 76.591 37.7488 0
    endloop
  endfacet
  facet normal 0 0 -1
    outer loop
      vertex 75.3417 18.6889 0
      vertex 76.0427 40.1004 0
      vertex 76.0427 20.9996 0
    endloop
  endfacet
  facet normal 0 0 -1
    outer loop
      vertex 75.3417 18.6889 0
      vertex 75.3417 42.4111 0
      vertex 76.0427 40.1004 0
    endloop
  endfacet
  facet normal 0 0 -1
    outer loop
      vertex 74.4912 16.429 0
      vertex 75.3417 42.4111 0
      vertex 75.3417 18.6889 0
    endloop
  endfacet
  facet normal 0 0 -1
    outer loop
      vertex 74.4912 16.429 0
      vertex 74.4912 44.671 0
      vertex 75.3417 42.4111 0
    endloop
  endfacet
  facet normal 0 0 -1
    outer loop
      vertex 73.4946 14.2295 0
      vertex 74.4912 44.671 0
      vertex 74.4912 16.429 0
    endloop
  endfacet
  facet normal 0 0 -1
    outer loop
      vertex 73.4946 14.2295 0
      vertex 73.4946 46.8705 0
      vertex 74.4912 44.671 0
    endloop
  endfacet
  facet normal 0 0 -1
    outer loop
      vertex 72.3563 12.1 0
      vertex 73.4946 46.8705 0
      vertex 73.4946 14.2295 0
    endloop
  endfacet
  facet normal 0 0 -1
    outer loop
      vertex 72.3563 12.1 0
      vertex 72.3563 49 0
      vertex 73.4946 46.8705 0
    endloop
  endfacet
  facet normal 0 0 -1
    outer loop
      vertex 71.0812 10.0495 0
      vertex 72.3563 49 0
      vertex 72.3563 12.1 0
    endloop
  endfacet
  facet normal 0 0 -1
    outer loop
      vertex 71.0812 10.0495 0
      vertex 71.0812 51.0505 0
      vertex 72.3563 49 0
    endloop
  endfacet
  facet normal 0 0 -1
    outer loop
      vertex 69.6747 8.0867 0
      vertex 71.0812 51.0505 0
      vertex 71.0812 10.0495 0
    endloop
  endfacet
  facet normal 0 0 -1
    outer loop
      vertex 69.6747 8.0867 0
      vertex 69.6747 53.0133 0
      vertex 71.0812 51.0505 0
    endloop
  endfacet
  facet normal 0 0 -1
    outer loop
      vertex 68.1429 6.22014 0
      vertex 69.6747 53.0133 0
      vertex 69.6747 8.0867 0
    endloop
  endfacet
  facet normal 0 0 -1
    outer loop
      vertex 68.1429 6.22014 0
      vertex 68.1429 54.8799 0
      vertex 69.6747 53.0133 0
    endloop
  endfacet
  facet normal 0 0 -1
    outer loop
      vertex 66.4922 4.45776 0
      vertex 68.1429 54.8799 0
      vertex 68.1429 6.22014 0
    endloop
  endfacet
  facet normal 0 0 -1
    outer loop
      vertex 66.4922 4.45776 0
      vertex 66.4922 56.6422 0
      vertex 68.1429 54.8799 0
    endloop
  endfacet
  facet normal 0 0 -1
    outer loop
      vertex 64.7299 2.80711 0
      vertex 66.4922 56.6422 0
      vertex 66.4922 4.45776 0
    endloop
  endfacet
  facet normal 0 0 -1
    outer loop
      vertex 64.7299 2.80711 0
      vertex 64.7299 58.2929 0
      vertex 66.4922 56.6422 0
    endloop
  endfacet
  facet normal 0 0 -1
    outer loop
      vertex 62.8633 1.27526 0
      vertex 64.7299 58.2929 0
      vertex 64.7299 2.80711 0
    endloop
  endfacet
  facet normal 0 0 -1
    outer loop
      vertex 62.8633 1.27526 0
      vertex 62.8633 59.8247 0
      vertex 64.7299 58.2929 0
    endloop
  endfacet
  facet normal 0 0 -1
    outer loop
      vertex 60.9005 -0.131229 0
      vertex 62.8633 59.8247 0
      vertex 62.8633 1.27526 0
    endloop
  endfacet
  facet normal 0 0 -1
    outer loop
      vertex 60.9005 -0.131229 0
      vertex 60.9005 61.2312 0
      vertex 62.8633 59.8247 0
    endloop
  endfacet
  facet normal 0 0 -1
    outer loop
      vertex 58.85 -1.40634 0
      vertex 60.9005 61.2312 0
      vertex 60.9005 -0.131229 0
    endloop
  endfacet
  facet normal 0 0 -1
    outer loop
      vertex 58.85 -1.40634 0
      vertex 58.85 62.5063 0
      vertex 60.9005 61.2312 0
    endloop
  endfacet
  facet normal 0 0 -1
    outer loop
      vertex 56.7205 -2.5446 0
      vertex 58.85 62.5063 0
      vertex 58.85 -1.40634 0
    endloop
  endfacet
  facet normal 0 0 -1
    outer loop
      vertex 56.7205 -2.5446 0
      vertex 56.7205 63.6446 0
      vertex 58.85 62.5063 0
    endloop
  endfacet
  facet normal 0 0 -1
    outer loop
      vertex 54.521 -3.54115 0
      vertex 56.7205 63.6446 0
      vertex 56.7205 -2.5446 0
    endloop
  endfacet
  facet normal 0 0 -1
    outer loop
      vertex 54.521 -3.54115 0
      vertex 54.521 64.6412 0
      vertex 56.7205 63.6446 0
    endloop
  endfacet
  facet normal 0 0 -1
    outer loop
      vertex 52.2611 -4.39172 0
      vertex 54.521 64.6412 0
      vertex 54.521 -3.54115 0
    endloop
  endfacet
  facet normal 0 0 -1
    outer loop
      vertex 52.2611 -4.39172 0
      vertex 52.2611 65.4917 0
      vertex 54.521 64.6412 0
    endloop
  endfacet
  facet normal 0 0 -1
    outer loop
      vertex 49.9504 -5.09266 0
      vertex 52.2611 65.4917 0
      vertex 52.2611 -4.39172 0
    endloop
  endfacet
  facet normal 0 0 -1
    outer loop
      vertex 49.9504 -5.09266 0
      vertex 49.9504 66.1927 0
      vertex 52.2611 65.4917 0
    endloop
  endfacet
  facet normal 0 0 -1
    outer loop
      vertex 47.5988 -5.64098 0
      vertex 49.9504 66.1927 0
      vertex 49.9504 -5.09266 0
    endloop
  endfacet
  facet normal 0 0 -1
    outer loop
      vertex 47.5988 -5.64098 0
      vertex 47.5988 66.741 0
      vertex 49.9504 66.1927 0
    endloop
  endfacet
  facet normal 0 0 -1
    outer loop
      vertex 45.2164 -6.03432 0
      vertex 47.5988 66.741 0
      vertex 47.5988 -5.64098 0
    endloop
  endfacet
  facet normal 0 0 -1
    outer loop
      vertex 45.2164 -6.03432 0
      vertex 45.2164 67.1343 0
      vertex 47.5988 66.741 0
    endloop
  endfacet
  facet normal 0 0 -1
    outer loop
      vertex 42.8134 -6.27099 0
      vertex 45.2164 67.1343 0
      vertex 45.2164 -6.03432 0
    endloop
  endfacet
  facet normal 0 0 -1
    outer loop
      vertex 42.8134 -6.27099 0
      vertex 42.8134 67.371 0
      vertex 45.2164 67.1343 0
    endloop
  endfacet
  facet normal 0 0 -1
    outer loop
      vertex 40.4 -6.35 0
      vertex 42.8134 67.371 0
      vertex 42.8134 -6.27099 0
    endloop
  endfacet
  facet normal 0 0 -1
    outer loop
      vertex 40.4 -6.35 0
      vertex 40.4 67.45 0
      vertex 42.8134 67.371 0
    endloop
  endfacet
  facet normal 0 0 -1
    outer loop
      vertex 37.9866 -6.27099 0
      vertex 40.4 67.45 0
      vertex 40.4 -6.35 0
    endloop
  endfacet
  facet normal 0 0 -1
    outer loop
      vertex 37.9866 -6.27099 0
      vertex 37.9866 67.371 0
      vertex 40.4 67.45 0
    endloop
  endfacet
  facet normal 0 0 -1
    outer loop
      vertex 35.5836 -6.03432 0
      vertex 37.9866 67.371 0
      vertex 37.9866 -6.27099 0
    endloop
  endfacet
  facet normal 0 0 -1
    outer loop
      vertex 35.5836 -6.03432 0
      vertex 35.5836 67.1343 0
      vertex 37.9866 67.371 0
    endloop
  endfacet
  facet normal 0 0 -1
    outer loop
      vertex 33.2012 -5.64098 0
      vertex 35.5836 67.1343 0
      vertex 35.5836 -6.03432 0
    endloop
  endfacet
  facet normal 0 0 -1
    outer loop
      vertex 33.2012 -5.64098 0
      vertex 33.2012 66.741 0
      vertex 35.5836 67.1343 0
    endloop
  endfacet
  facet normal 0 0 -1
    outer loop
      vertex 30.8496 -5.09266 0
      vertex 33.2012 66.741 0
      vertex 33.2012 -5.64098 0
    endloop
  endfacet
  facet normal 0 0 -1
    outer loop
      vertex 30.8496 -5.09266 0
      vertex 30.8496 66.1927 0
      vertex 33.2012 66.741 0
    endloop
  endfacet
  facet normal 0 0 -1
    outer loop
      vertex 28.5389 -4.39172 0
      vertex 30.8496 66.1927 0
      vertex 30.8496 -5.09266 0
    endloop
  endfacet
  facet normal 0 0 -1
    outer loop
      vertex 28.5389 -4.39172 0
      vertex 28.5389 65.4917 0
      vertex 30.8496 66.1927 0
    endloop
  endfacet
  facet normal 0 0 -1
    outer loop
      vertex 26.279 -3.54115 0
      vertex 28.5389 65.4917 0
      vertex 28.5389 -4.39172 0
    endloop
  endfacet
  facet normal 0 0 -1
    outer loop
      vertex 26.279 -3.54115 0
      vertex 26.279 64.6412 0
      vertex 28.5389 65.4917 0
    endloop
  endfacet
  facet normal 0 0 -1
    outer loop
      vertex 24.0795 -2.5446 0
      vertex 26.279 64.6412 0
      vertex 26.279 -3.54115 0
    endloop
  endfacet
  facet normal 0 0 -1
    outer loop
      vertex 24.0795 -2.5446 0
      vertex 24.0795 63.6446 0
      vertex 26.279 64.6412 0
    endloop
  endfacet
  facet normal 0 0 -1
    outer loop
      vertex 21.95 -1.40634 0
      vertex 24.0795 63.6446 0
      vertex 24.0795 -2.5446 0
    endloop
  endfacet
  facet normal 0 0 -1
    outer loop
      vertex 21.95 -1.40634 0
      vertex 21.95 62.5063 0
      vertex 24.0795 63.6446 0
    endloop
  endfacet
  facet normal 0 0 -1
    outer loop
      vertex 19.8995 -0.131229 0
      vertex 21.95 62.5063 0
      vertex 21.95 -1.40634 0
    endloop
  endfacet
  facet normal 0 0 -1
    outer loop
      vertex 19.8995 -0.131229 0
      vertex 19.8995 61.2312 0
      vertex 21.95 62.5063 0
    endloop
  endfacet
  facet normal 0 0 -1
    outer loop
      vertex 17.9367 1.27526 0
      vertex 19.8995 61.2312 0
      vertex 19.8995 -0.131229 0
    endloop
  endfacet
  facet normal 0 0 -1
    outer loop
      vertex 17.9367 1.27526 0
      vertex 17.9367 59.8247 0
      vertex 19.8995 61.2312 0
    endloop
  endfacet
  facet normal 0 0 -1
    outer loop
      vertex 16.0701 2.80711 0
      vertex 17.9367 59.8247 0
      vertex 17.9367 1.27526 0
    endloop
  endfacet
  facet normal 0 0 -1
    outer loop
      vertex 16.0701 2.80711 0
      vertex 16.0701 58.2929 0
      vertex 17.9367 59.8247 0
    endloop
  endfacet
  facet normal 0 0 -1
    outer loop
      vertex 14.3078 4.45776 0
      vertex 16.0701 58.2929 0
      vertex 16.0701 2.80711 0
    endloop
  endfacet
  facet normal 0 0 -1
    outer loop
      vertex 14.3078 4.45776 0
      vertex 14.3078 56.6422 0
      vertex 16.0701 58.2929 0
    endloop
  endfacet
  facet normal 0 0 -1
    outer loop
      vertex 12.6571 6.22014 0
      vertex 14.3078 56.6422 0
      vertex 14.3078 4.45776 0
    endloop
  endfacet
  facet normal 0 0 -1
    outer loop
      vertex 12.6571 6.22014 0
      vertex 12.6571 54.8799 0
      vertex 14.3078 56.6422 0
    endloop
  endfacet
  facet normal 0 0 -1
    outer loop
      vertex 11.1253 8.0867 0
      vertex 12.6571 54.8799 0
      vertex 12.6571 6.22014 0
    endloop
  endfacet
  facet normal 0 0 -1
    outer loop
      vertex 11.1253 8.0867 0
      vertex 11.1253 53.0133 0
      vertex 12.6571 54.8799 0
    endloop
  endfacet
  facet normal 0 0 -1
    outer loop
      vertex 9.71877 10.0495 0
      vertex 11.1253 53.0133 0
      vertex 11.1253 8.0867 0
    endloop
  endfacet
  facet normal 0 0 -1
    outer loop
      vertex 9.71877 10.0495 0
      vertex 9.71877 51.0505 0
      vertex 11.1253 53.0133 0
    endloop
  endfacet
  facet normal 0 0 -1
    outer loop
      vertex 8.44366 12.1 0
      vertex 9.71877 51.0505 0
      vertex 9.71877 10.0495 0
    endloop
  endfacet
  facet normal 0 0 -1
    outer loop
      vertex 8.44366 12.1 0
      vertex 8.44366 49 0
      vertex 9.71877 51.0505 0
    endloop
  endfacet
  facet normal 0 0 -1
    outer loop
      vertex 7.3054 14.2295 0
      vertex 8.44366 49 0
      vertex 8.44366 12.1 0
    endloop
  endfacet
  facet normal 0 0 -1
    outer loop
      vertex 7.3054 14.2295 0
      vertex 7.3054 46.8705 0
      vertex 8.44366 49 0
    endloop
  endfacet
  facet normal 0 0 -1
    outer loop
      vertex 6.30885 16.429 0
      vertex 7.3054 46.8705 0
      vertex 7.3054 14.2295 0
    endloop
  endfacet
  facet normal 0 0 -1
    outer loop
      vertex 6.30885 16.429 0
      vertex 6.30885 44.671 0
      vertex 7.3054 46.8705 0
    endloop
  endfacet
  facet normal 0 0 -1
    outer loop
      vertex 5.45828 18.6889 0
      vertex 6.30885 44.671 0
      vertex 6.30885 16.429 0
    endloop
  endfacet
  facet normal 0 0 -1
    outer loop
      vertex 5.45828 18.6889 0
      vertex 5.45828 42.4111 0
      vertex 6.30885 44.671 0
    endloop
  endfacet
  facet normal 0 0 -1
    outer loop
      vertex 4.75734 20.9996 0
      vertex 5.45828 42.4111 0
      vertex 5.45828 18.6889 0
    endloop
  endfacet
  facet normal 0 0 -1
    outer loop
      vertex 4.75734 20.9996 0
      vertex 4.75734 40.1004 0
      vertex 5.45828 42.4111 0
    endloop
  endfacet
  facet normal 0 0 -1
    outer loop
      vertex 4.20902 23.3512 0
      vertex 4.75734 40.1004 0
      vertex 4.75734 20.9996 0
    endloop
  endfacet
  facet normal 0 0 -1
    outer loop
      vertex 4.20902 23.3512 0
      vertex 4.20902 37.7488 0
      vertex 4.75734 40.1004 0
    endloop
  endfacet
  facet normal 0 0 -1
    outer loop
      vertex 3.81568 25.7336 0
      vertex 4.20902 37.7488 0
      vertex 4.20902 23.3512 0
    endloop
  endfacet
  facet normal 0 0 -1
    outer loop
      vertex 3.81568 25.7336 0
      vertex 3.81568 35.3664 0
      vertex 4.20902 37.7488 0
    endloop
  endfacet
  facet normal 0 0 -1
    outer loop
      vertex 3.57901 28.1366 0
      vertex 3.81568 35.3664 0
      vertex 3.81568 25.7336 0
    endloop
  endfacet
  facet normal 0 0 -1
    outer loop
      vertex 3.57901 28.1366 0
      vertex 3.57901 32.9634 0
      vertex 3.81568 35.3664 0
    endloop
  endfacet
  facet normal 0 -0 -1
    outer loop
      vertex 3.57901 32.9634 0
      vertex 3.57901 28.1366 0
      vertex 3.5 30.55 0
    endloop
  endfacet
  facet normal -0.890216 -0.0876768 -0.447022
    outer loop
      vertex 3.81568 25.7336 0
      vertex 2.68093 28.0778 1.8
      vertex 3.57901 28.1366 0
    endloop
  endfacet
  facet normal -0.882576 -0.145715 -0.44702
    outer loop
      vertex 3.32632 23.1756 1.8
      vertex 2.92339 25.6161 1.8
      vertex 3.81568 25.7336 0
    endloop
  endfacet
  facet normal -0.890217 -0.0876801 -0.447019
    outer loop
      vertex 2.92339 25.6161 1.8
      vertex 2.68093 28.0778 1.8
      vertex 3.81568 25.7336 0
    endloop
  endfacet
  facet normal -0.837188 -0.315097 -0.447024
    outer loop
      vertex 6.30885 16.429 0
      vertex 4.60604 18.3996 1.8
      vertex 5.45828 18.6889 0
    endloop
  endfacet
  facet normal -0.871151 -0.203125 -0.44703
    outer loop
      vertex 4.75734 20.9996 0
      vertex 3.888 20.7666 1.8
      vertex 4.20902 23.3512 0
    endloop
  endfacet
  facet normal -0.727115 -0.521026 -0.44703
    outer loop
      vertex 10.4112 7.53882 1.8
      vertex 8.97045 9.54945 1.8
      vertex 9.71877 10.0495 0
    endloop
  endfacet
  facet normal -0.814797 -0.369168 -0.447014
    outer loop
      vertex 6.49821 13.8315 1.8
      vertex 6.30885 16.429 0
      vertex 7.3054 14.2295 0
    endloop
  endfacet
  facet normal -0.521039 -0.727099 -0.447042
    outer loop
      vertex 19.3994 -0.879551 1.8
      vertex 17.3888 0.561244 1.8
      vertex 19.8995 -0.131229 0
    endloop
  endfacet
  facet normal -0.0292692 -0.894043 -0.447024
    outer loop
      vertex 40.4 -6.35 0
      vertex 37.9278 -7.16907 1.8
      vertex 37.9866 -6.27099 0
    endloop
  endfacet
  facet normal -0.0876768 -0.890216 -0.447022
    outer loop
      vertex 37.9278 -7.16907 1.8
      vertex 35.5836 -6.03432 0
      vertex 37.9866 -6.27099 0
    endloop
  endfacet
  facet normal -0.0876801 -0.890217 -0.447019
    outer loop
      vertex 37.9278 -7.16907 1.8
      vertex 35.4661 -6.92661 1.8
      vertex 35.5836 -6.03432 0
    endloop
  endfacet
  facet normal -0.203118 -0.871157 -0.447021
    outer loop
      vertex 33.0256 -6.52368 1.8
      vertex 30.6166 -5.962 1.8
      vertex 33.2012 -5.64098 0
    endloop
  endfacet
  facet normal -0.691469 0.567503 -0.447002
    outer loop
      vertex 12.6571 54.8799 0
      vertex 10.4112 53.5612 1.8
      vertex 11.9805 55.4733 1.8
    endloop
  endfacet
  facet normal -0.759636 0.472362 -0.447021
    outer loop
      vertex 8.44366 49 0
      vertex 7.66424 49.45 1.8
      vertex 8.97045 51.5506 1.8
    endloop
  endfacet
  facet normal -0.788904 0.421676 -0.447012
    outer loop
      vertex 7.3054 46.8705 0
      vertex 6.49821 47.2685 1.8
      vertex 7.66424 49.45 1.8
    endloop
  endfacet
  facet normal -0.727107 0.521028 -0.447041
    outer loop
      vertex 9.71877 51.0505 0
      vertex 8.97045 51.5506 1.8
      vertex 10.4112 53.5612 1.8
    endloop
  endfacet
  facet normal -0.837188 0.315097 -0.447024
    outer loop
      vertex 5.45828 42.4111 0
      vertex 4.60604 42.7004 1.8
      vertex 6.30885 44.671 0
    endloop
  endfacet
  facet normal -0.837188 0.315097 -0.447023
    outer loop
      vertex 6.30885 44.671 0
      vertex 4.60604 42.7004 1.8
      vertex 5.47735 45.0154 1.8
    endloop
  endfacet
  facet normal -0.894043 0.0292692 -0.447024
    outer loop
      vertex 3.5 30.55 0
      vertex 2.68093 33.0222 1.8
      vertex 3.57901 32.9634 0
    endloop
  endfacet
  facet normal -0.890217 0.0876801 -0.447019
    outer loop
      vertex 3.81568 35.3664 0
      vertex 2.68093 33.0222 1.8
      vertex 2.92339 35.4839 1.8
    endloop
  endfacet
  facet normal -0.521018 0.727118 -0.447035
    outer loop
      vertex 19.8995 61.2312 0
      vertex 17.3888 60.5388 1.8
      vertex 19.3994 61.9795 1.8
    endloop
  endfacet
  facet normal -0.567453 0.691479 -0.447051
    outer loop
      vertex 17.9367 59.8247 0
      vertex 16.0701 58.2929 0
      vertex 17.3888 60.5388 1.8
    endloop
  endfacet
  facet normal -0.472378 0.75961 -0.447048
    outer loop
      vertex 21.95 62.5063 0
      vertex 19.3994 61.9795 1.8
      vertex 21.5 63.2858 1.8
    endloop
  endfacet
  facet normal -0.0876874 0.890211 -0.44703
    outer loop
      vertex 37.9866 67.371 0
      vertex 35.5836 67.1343 0
      vertex 37.9278 68.2691 1.8
    endloop
  endfacet
  facet normal 0.894039 0.0292654 -0.447032
    outer loop
      vertex 77.3 30.55 0
      vertex 77.221 32.9634 0
      vertex 78.1191 33.0222 1.8
    endloop
  endfacet
  facet normal 0.890211 0.0876874 -0.44703
    outer loop
      vertex 77.221 32.9634 0
      vertex 76.9843 35.3664 0
      vertex 78.1191 33.0222 1.8
    endloop
  endfacet
  facet normal 0.652856 0.611513 -0.447025
    outer loop
      vertex 68.1429 54.8799 0
      vertex 66.4922 56.6422 0
      vertex 67.1286 57.2786 1.8
    endloop
  endfacet
  facet normal 0.814788 0.369183 -0.447018
    outer loop
      vertex 74.4912 44.671 0
      vertex 73.4946 46.8705 0
      vertex 74.3018 47.2685 1.8
    endloop
  endfacet
  facet normal 0.369163 0.814814 -0.446987
    outer loop
      vertex 57.1185 64.4518 1.8
      vertex 54.521 64.6412 0
      vertex 54.8654 65.4726 1.8
    endloop
  endfacet
  facet normal 0.611506 0.652878 -0.447003
    outer loop
      vertex 67.1286 57.2786 1.8
      vertex 64.7299 58.2929 0
      vertex 65.3233 58.9695 1.8
    endloop
  endfacet
  facet normal 0.0876942 0.890214 -0.447023
    outer loop
      vertex 45.2164 67.1343 0
      vertex 42.8722 68.2691 1.8
      vertex 45.3339 68.0266 1.8
    endloop
  endfacet
  facet normal 0.203125 0.871156 -0.447021
    outer loop
      vertex 50.1834 67.062 1.8
      vertex 47.5988 66.741 0
      vertex 47.7744 67.6237 1.8
    endloop
  endfacet
  facet normal 0.472362 -0.759636 -0.447021
    outer loop
      vertex 59.3 -2.18576 1.8
      vertex 58.85 -1.40634 0
      vertex 61.4006 -0.879551 1.8
    endloop
  endfacet
  facet normal 0.611501 -0.652873 -0.447017
    outer loop
      vertex 65.3233 2.13046 1.8
      vertex 64.7299 2.80711 0
      vertex 67.1286 3.82136 1.8
    endloop
  endfacet
  facet normal 0.56748 -0.691478 -0.447017
    outer loop
      vertex 65.3233 2.13046 1.8
      vertex 63.4112 0.561244 1.8
      vertex 64.7299 2.80711 0
    endloop
  endfacet
  facet normal -0.0292674 -0.894044 -0.447022
    outer loop
      vertex 40.4 -7.25 1.8
      vertex 37.9278 -7.16907 1.8
      vertex 40.4 -6.35 0
    endloop
  endfacet
  facet normal 0.0292674 -0.894044 -0.447022
    outer loop
      vertex 40.4 -7.25 1.8
      vertex 40.4 -6.35 0
      vertex 42.8722 -7.16907 1.8
    endloop
  endfacet
  facet normal 0.0876768 -0.890216 -0.447022
    outer loop
      vertex 42.8722 -7.16907 1.8
      vertex 42.8134 -6.27099 0
      vertex 45.2164 -6.03432 0
    endloop
  endfacet
  facet normal 0.145715 -0.882576 -0.447021
    outer loop
      vertex 47.7744 -6.52368 1.8
      vertex 45.2164 -6.03432 0
      vertex 47.5988 -5.64098 0
    endloop
  endfacet
  facet normal 0.203125 -0.871151 -0.44703
    outer loop
      vertex 50.1834 -5.962 1.8
      vertex 47.5988 -5.64098 0
      vertex 49.9504 -5.09266 0
    endloop
  endfacet
  facet normal 0.788878 -0.421686 -0.447049
    outer loop
      vertex 73.1358 11.65 1.8
      vertex 72.3563 12.1 0
      vertex 73.4946 14.2295 0
    endloop
  endfacet
  facet normal 0.652889 -0.611492 -0.447006
    outer loop
      vertex 68.8195 5.62673 1.8
      vertex 67.1286 3.82136 1.8
      vertex 68.1429 6.22014 0
    endloop
  endfacet
  facet normal 0.691467 -0.567504 -0.447005
    outer loop
      vertex 68.8195 5.62673 1.8
      vertex 68.1429 6.22014 0
      vertex 70.3888 7.53882 1.8
    endloop
  endfacet
  facet normal 0.837195 -0.315132 -0.446986
    outer loop
      vertex 75.3226 16.0846 1.8
      vertex 74.4912 16.429 0
      vertex 76.194 18.3996 1.8
    endloop
  endfacet
  facet normal 0.882576 -0.145704 -0.447024
    outer loop
      vertex 77.4737 23.1756 1.8
      vertex 76.9843 25.7336 0
      vertex 77.8766 25.6161 1.8
    endloop
  endfacet
  facet normal -0.882576 -0.145715 -0.447021
    outer loop
      vertex 4.20902 23.3512 0
      vertex 3.32632 23.1756 1.8
      vertex 3.81568 25.7336 0
    endloop
  endfacet
  facet normal -0.855999 -0.259671 -0.447032
    outer loop
      vertex 4.60604 18.3996 1.8
      vertex 3.888 20.7666 1.8
      vertex 4.75734 20.9996 0
    endloop
  endfacet
  facet normal -0.856005 -0.259665 -0.447024
    outer loop
      vertex 5.45828 18.6889 0
      vertex 4.60604 18.3996 1.8
      vertex 4.75734 20.9996 0
    endloop
  endfacet
  facet normal -0.759623 -0.472374 -0.447029
    outer loop
      vertex 8.97045 9.54945 1.8
      vertex 8.44366 12.1 0
      vertex 9.71877 10.0495 0
    endloop
  endfacet
  facet normal -0.727098 -0.521034 -0.447047
    outer loop
      vertex 10.4112 7.53882 1.8
      vertex 9.71877 10.0495 0
      vertex 11.1253 8.0867 0
    endloop
  endfacet
  facet normal -0.759631 -0.47237 -0.447021
    outer loop
      vertex 8.97045 9.54945 1.8
      vertex 7.66424 11.65 1.8
      vertex 8.44366 12.1 0
    endloop
  endfacet
  facet normal -0.611503 -0.652865 -0.447024
    outer loop
      vertex 16.0701 2.80711 0
      vertex 13.6714 3.82136 1.8
      vertex 14.3078 4.45776 0
    endloop
  endfacet
  facet normal -0.421676 -0.788904 -0.447012
    outer loop
      vertex 23.6815 -3.35179 1.8
      vertex 21.5 -2.18576 1.8
      vertex 24.0795 -2.5446 0
    endloop
  endfacet
  facet normal -0.472372 -0.759618 -0.44704
    outer loop
      vertex 21.95 -1.40634 0
      vertex 19.3994 -0.879551 1.8
      vertex 19.8995 -0.131229 0
    endloop
  endfacet
  facet normal -0.259665 -0.856005 -0.447024
    outer loop
      vertex 30.8496 -5.09266 0
      vertex 28.2496 -5.24396 1.8
      vertex 28.5389 -4.39172 0
    endloop
  endfacet
  facet normal -0.315097 -0.837188 -0.447024
    outer loop
      vertex 28.2496 -5.24396 1.8
      vertex 26.279 -3.54115 0
      vertex 28.5389 -4.39172 0
    endloop
  endfacet
  facet normal -0.145715 -0.882576 -0.44702
    outer loop
      vertex 35.4661 -6.92661 1.8
      vertex 33.0256 -6.52368 1.8
      vertex 35.5836 -6.03432 0
    endloop
  endfacet
  facet normal -0.259671 -0.855999 -0.447032
    outer loop
      vertex 30.6166 -5.962 1.8
      vertex 28.2496 -5.24396 1.8
      vertex 30.8496 -5.09266 0
    endloop
  endfacet
  facet normal -0.203125 -0.871151 -0.44703
    outer loop
      vertex 33.2012 -5.64098 0
      vertex 30.6166 -5.962 1.8
      vertex 30.8496 -5.09266 0
    endloop
  endfacet
  facet normal -0.652878 0.611506 -0.447003
    outer loop
      vertex 12.6571 54.8799 0
      vertex 11.9805 55.4733 1.8
      vertex 13.6714 57.2786 1.8
    endloop
  endfacet
  facet normal -0.652856 0.611513 -0.447025
    outer loop
      vertex 14.3078 56.6422 0
      vertex 12.6571 54.8799 0
      vertex 13.6714 57.2786 1.8
    endloop
  endfacet
  facet normal -0.788896 0.421681 -0.447021
    outer loop
      vertex 8.44366 49 0
      vertex 7.3054 46.8705 0
      vertex 7.66424 49.45 1.8
    endloop
  endfacet
  facet normal -0.814789 0.369174 -0.447023
    outer loop
      vertex 6.30885 44.671 0
      vertex 5.47735 45.0154 1.8
      vertex 6.49821 47.2685 1.8
    endloop
  endfacet
  facet normal -0.855999 0.259671 -0.447032
    outer loop
      vertex 4.75734 40.1004 0
      vertex 3.888 40.3334 1.8
      vertex 4.60604 42.7004 1.8
    endloop
  endfacet
  facet normal -0.871157 0.203118 -0.447021
    outer loop
      vertex 4.20902 37.7488 0
      vertex 3.32632 37.9244 1.8
      vertex 3.888 40.3334 1.8
    endloop
  endfacet
  facet normal -0.871151 0.203125 -0.44703
    outer loop
      vertex 4.20902 37.7488 0
      vertex 3.888 40.3334 1.8
      vertex 4.75734 40.1004 0
    endloop
  endfacet
  facet normal -0.611513 0.652856 -0.447025
    outer loop
      vertex 14.3078 56.6422 0
      vertex 13.6714 57.2786 1.8
      vertex 16.0701 58.2929 0
    endloop
  endfacet
  facet normal -0.611506 0.652878 -0.447003
    outer loop
      vertex 16.0701 58.2929 0
      vertex 13.6714 57.2786 1.8
      vertex 15.4767 58.9695 1.8
    endloop
  endfacet
  facet normal -0.472371 0.759623 -0.447033
    outer loop
      vertex 19.8995 61.2312 0
      vertex 19.3994 61.9795 1.8
      vertex 21.95 62.5063 0
    endloop
  endfacet
  facet normal -0.369163 0.814814 -0.446987
    outer loop
      vertex 26.279 64.6412 0
      vertex 23.6815 64.4518 1.8
      vertex 25.9346 65.4726 1.8
    endloop
  endfacet
  facet normal -0.369183 0.814788 -0.447018
    outer loop
      vertex 24.0795 63.6446 0
      vertex 23.6815 64.4518 1.8
      vertex 26.279 64.6412 0
    endloop
  endfacet
  facet normal -0.25966 0.85601 -0.447017
    outer loop
      vertex 30.8496 66.1927 0
      vertex 28.2496 66.344 1.8
      vertex 30.6166 67.062 1.8
    endloop
  endfacet
  facet normal -0.315132 0.837195 -0.446986
    outer loop
      vertex 26.279 64.6412 0
      vertex 25.9346 65.4726 1.8
      vertex 28.2496 66.344 1.8
    endloop
  endfacet
  facet normal -0.145701 0.882578 -0.44702
    outer loop
      vertex 33.2012 66.741 0
      vertex 33.0256 67.6237 1.8
      vertex 35.5836 67.1343 0
    endloop
  endfacet
  facet normal -0.0876942 0.890214 -0.447023
    outer loop
      vertex 35.5836 67.1343 0
      vertex 35.4661 68.0266 1.8
      vertex 37.9278 68.2691 1.8
    endloop
  endfacet
  facet normal -0.0292654 0.894039 -0.447032
    outer loop
      vertex 37.9866 67.371 0
      vertex 37.9278 68.2691 1.8
      vertex 40.4 67.45 0
    endloop
  endfacet
  facet normal 0.882578 0.145701 -0.44702
    outer loop
      vertex 76.9843 35.3664 0
      vertex 76.591 37.7488 0
      vertex 77.4737 37.9244 1.8
    endloop
  endfacet
  facet normal 0.882576 0.145704 -0.447024
    outer loop
      vertex 77.8766 35.4839 1.8
      vertex 76.9843 35.3664 0
      vertex 77.4737 37.9244 1.8
    endloop
  endfacet
  facet normal 0.871156 0.203125 -0.447021
    outer loop
      vertex 77.4737 37.9244 1.8
      vertex 76.591 37.7488 0
      vertex 76.912 40.3334 1.8
    endloop
  endfacet
  facet normal 0.87116 0.20312 -0.447015
    outer loop
      vertex 76.591 37.7488 0
      vertex 76.0427 40.1004 0
      vertex 76.912 40.3334 1.8
    endloop
  endfacet
  facet normal 0.837186 0.31507 -0.447046
    outer loop
      vertex 75.3417 42.4111 0
      vertex 74.4912 44.671 0
      vertex 76.194 42.7004 1.8
    endloop
  endfacet
  facet normal 0.855987 0.259682 -0.447047
    outer loop
      vertex 76.0427 40.1004 0
      vertex 75.3417 42.4111 0
      vertex 76.194 42.7004 1.8
    endloop
  endfacet
  facet normal 0.814814 0.369163 -0.446987
    outer loop
      vertex 74.4912 44.671 0
      vertex 74.3018 47.2685 1.8
      vertex 75.3226 45.0154 1.8
    endloop
  endfacet
  facet normal 0.759609 0.472362 -0.447066
    outer loop
      vertex 72.3563 49 0
      vertex 71.0812 51.0505 0
      vertex 71.8296 51.5506 1.8
    endloop
  endfacet
  facet normal 0.759626 0.472352 -0.447048
    outer loop
      vertex 72.3563 49 0
      vertex 71.8296 51.5506 1.8
      vertex 73.1358 49.45 1.8
    endloop
  endfacet
  facet normal 0.727088 0.521032 -0.447067
    outer loop
      vertex 71.0812 51.0505 0
      vertex 70.3888 53.5612 1.8
      vertex 71.8296 51.5506 1.8
    endloop
  endfacet
  facet normal 0.611513 0.652856 -0.447025
    outer loop
      vertex 66.4922 56.6422 0
      vertex 64.7299 58.2929 0
      vertex 67.1286 57.2786 1.8
    endloop
  endfacet
  facet normal 0.521025 0.727102 -0.447052
    outer loop
      vertex 62.8633 59.8247 0
      vertex 60.9005 61.2312 0
      vertex 63.4112 60.5388 1.8
    endloop
  endfacet
  facet normal 0.421686 0.788878 -0.447049
    outer loop
      vertex 58.85 62.5063 0
      vertex 56.7205 63.6446 0
      vertex 59.3 63.2858 1.8
    endloop
  endfacet
  facet normal 0.0292654 0.894039 -0.447032
    outer loop
      vertex 42.8134 67.371 0
      vertex 40.4 67.45 0
      vertex 42.8722 68.2691 1.8
    endloop
  endfacet
  facet normal 0.0876874 0.890211 -0.44703
    outer loop
      vertex 45.2164 67.1343 0
      vertex 42.8134 67.371 0
      vertex 42.8722 68.2691 1.8
    endloop
  endfacet
  facet normal 0.145704 0.882576 -0.447024
    outer loop
      vertex 47.7744 67.6237 1.8
      vertex 45.2164 67.1343 0
      vertex 45.3339 68.0266 1.8
    endloop
  endfacet
  facet normal 0.25966 0.85601 -0.447017
    outer loop
      vertex 52.5504 66.344 1.8
      vertex 49.9504 66.1927 0
      vertex 50.1834 67.062 1.8
    endloop
  endfacet
  facet normal 0.31507 0.837186 -0.447046
    outer loop
      vertex 54.521 64.6412 0
      vertex 52.2611 65.4917 0
      vertex 52.5504 66.344 1.8
    endloop
  endfacet
  facet normal 0.315097 -0.837188 -0.447023
    outer loop
      vertex 54.8654 -4.37265 1.8
      vertex 52.5504 -5.24396 1.8
      vertex 54.521 -3.54115 0
    endloop
  endfacet
  facet normal 0.472372 -0.759618 -0.44704
    outer loop
      vertex 61.4006 -0.879551 1.8
      vertex 58.85 -1.40634 0
      vertex 60.9005 -0.131229 0
    endloop
  endfacet
  facet normal 0.521039 -0.727099 -0.447042
    outer loop
      vertex 61.4006 -0.879551 1.8
      vertex 60.9005 -0.131229 0
      vertex 63.4112 0.561244 1.8
    endloop
  endfacet
  facet normal 0.567472 -0.69148 -0.447025
    outer loop
      vertex 63.4112 0.561244 1.8
      vertex 62.8633 1.27526 0
      vertex 64.7299 2.80711 0
    endloop
  endfacet
  facet normal 0.0292692 -0.894043 -0.447024
    outer loop
      vertex 42.8722 -7.16907 1.8
      vertex 40.4 -6.35 0
      vertex 42.8134 -6.27099 0
    endloop
  endfacet
  facet normal 0.259671 -0.855999 -0.447032
    outer loop
      vertex 50.1834 -5.962 1.8
      vertex 49.9504 -5.09266 0
      vertex 52.5504 -5.24396 1.8
    endloop
  endfacet
  facet normal 0.315097 -0.837188 -0.447024
    outer loop
      vertex 52.5504 -5.24396 1.8
      vertex 52.2611 -4.39172 0
      vertex 54.521 -3.54115 0
    endloop
  endfacet
  facet normal 0.259665 -0.856005 -0.447024
    outer loop
      vertex 52.5504 -5.24396 1.8
      vertex 49.9504 -5.09266 0
      vertex 52.2611 -4.39172 0
    endloop
  endfacet
  facet normal 0.759614 -0.472364 -0.447056
    outer loop
      vertex 71.8296 9.54945 1.8
      vertex 71.0812 10.0495 0
      vertex 72.3563 12.1 0
    endloop
  endfacet
  facet normal 0.759621 -0.47236 -0.447048
    outer loop
      vertex 73.1358 11.65 1.8
      vertex 71.8296 9.54945 1.8
      vertex 72.3563 12.1 0
    endloop
  endfacet
  facet normal 0.65287 -0.611498 -0.447024
    outer loop
      vertex 67.1286 3.82136 1.8
      vertex 66.4922 4.45776 0
      vertex 68.1429 6.22014 0
    endloop
  endfacet
  facet normal 0.855987 -0.259682 -0.447047
    outer loop
      vertex 76.194 18.3996 1.8
      vertex 75.3417 18.6889 0
      vertex 76.0427 20.9996 0
    endloop
  endfacet
  facet normal -0.65287 -0.611498 -0.447024
    outer loop
      vertex 13.6714 3.82136 1.8
      vertex 12.6571 6.22014 0
      vertex 14.3078 4.45776 0
    endloop
  endfacet
  facet normal -0.691467 -0.567504 -0.447005
    outer loop
      vertex 11.9805 5.62673 1.8
      vertex 10.4112 7.53882 1.8
      vertex 12.6571 6.22014 0
    endloop
  endfacet
  facet normal -0.788896 -0.421681 -0.447021
    outer loop
      vertex 7.66424 11.65 1.8
      vertex 7.3054 14.2295 0
      vertex 8.44366 12.1 0
    endloop
  endfacet
  facet normal -0.788904 -0.421676 -0.447012
    outer loop
      vertex 7.66424 11.65 1.8
      vertex 6.49821 13.8315 1.8
      vertex 7.3054 14.2295 0
    endloop
  endfacet
  facet normal -0.521031 -0.727115 -0.447025
    outer loop
      vertex 19.8995 -0.131229 0
      vertex 17.3888 0.561244 1.8
      vertex 17.9367 1.27526 0
    endloop
  endfacet
  facet normal -0.56748 -0.691478 -0.447017
    outer loop
      vertex 17.3888 0.561244 1.8
      vertex 15.4767 2.13046 1.8
      vertex 16.0701 2.80711 0
    endloop
  endfacet
  facet normal -0.315097 -0.837188 -0.447023
    outer loop
      vertex 28.2496 -5.24396 1.8
      vertex 25.9346 -4.37265 1.8
      vertex 26.279 -3.54115 0
    endloop
  endfacet
  facet normal -0.472362 -0.759636 -0.447021
    outer loop
      vertex 21.5 -2.18576 1.8
      vertex 19.3994 -0.879551 1.8
      vertex 21.95 -1.40634 0
    endloop
  endfacet
  facet normal -0.421681 -0.788896 -0.447021
    outer loop
      vertex 24.0795 -2.5446 0
      vertex 21.5 -2.18576 1.8
      vertex 21.95 -1.40634 0
    endloop
  endfacet
  facet normal -0.369168 -0.814797 -0.447014
    outer loop
      vertex 26.279 -3.54115 0
      vertex 23.6815 -3.35179 1.8
      vertex 24.0795 -2.5446 0
    endloop
  endfacet
  facet normal -0.727097 0.521033 -0.447052
    outer loop
      vertex 11.1253 53.0133 0
      vertex 9.71877 51.0505 0
      vertex 10.4112 53.5612 1.8
    endloop
  endfacet
  facet normal -0.691479 0.567453 -0.447051
    outer loop
      vertex 11.1253 53.0133 0
      vertex 10.4112 53.5612 1.8
      vertex 12.6571 54.8799 0
    endloop
  endfacet
  facet normal -0.814797 0.369168 -0.447014
    outer loop
      vertex 7.3054 46.8705 0
      vertex 6.30885 44.671 0
      vertex 6.49821 47.2685 1.8
    endloop
  endfacet
  facet normal -0.203125 0.871156 -0.447021
    outer loop
      vertex 33.2012 66.741 0
      vertex 30.6166 67.062 1.8
      vertex 33.0256 67.6237 1.8
    endloop
  endfacet
  facet normal -0.20312 0.87116 -0.447015
    outer loop
      vertex 30.8496 66.1927 0
      vertex 30.6166 67.062 1.8
      vertex 33.2012 66.741 0
    endloop
  endfacet
  facet normal -0.421686 0.788878 -0.447049
    outer loop
      vertex 21.95 62.5063 0
      vertex 21.5 63.2858 1.8
      vertex 24.0795 63.6446 0
    endloop
  endfacet
  facet normal -0.31507 0.837186 -0.447046
    outer loop
      vertex 28.5389 65.4917 0
      vertex 26.279 64.6412 0
      vertex 28.2496 66.344 1.8
    endloop
  endfacet
  facet normal -0.259682 0.855987 -0.447047
    outer loop
      vertex 28.5389 65.4917 0
      vertex 28.2496 66.344 1.8
      vertex 30.8496 66.1927 0
    endloop
  endfacet
  facet normal 0.788878 0.421686 -0.447049
    outer loop
      vertex 73.4946 46.8705 0
      vertex 72.3563 49 0
      vertex 73.1358 49.45 1.8
    endloop
  endfacet
  facet normal 0.691469 0.567503 -0.447002
    outer loop
      vertex 70.3888 53.5612 1.8
      vertex 68.1429 54.8799 0
      vertex 68.8195 55.4733 1.8
    endloop
  endfacet
  facet normal 0.567453 0.691479 -0.447051
    outer loop
      vertex 64.7299 58.2929 0
      vertex 62.8633 59.8247 0
      vertex 63.4112 60.5388 1.8
    endloop
  endfacet
  facet normal 0.472371 0.759623 -0.447033
    outer loop
      vertex 60.9005 61.2312 0
      vertex 58.85 62.5063 0
      vertex 61.4006 61.9795 1.8
    endloop
  endfacet
  facet normal 0.521018 0.727118 -0.447035
    outer loop
      vertex 63.4112 60.5388 1.8
      vertex 60.9005 61.2312 0
      vertex 61.4006 61.9795 1.8
    endloop
  endfacet
  facet normal 0.369183 0.814788 -0.447018
    outer loop
      vertex 56.7205 63.6446 0
      vertex 54.521 64.6412 0
      vertex 57.1185 64.4518 1.8
    endloop
  endfacet
  facet normal 0.421666 0.788907 -0.447016
    outer loop
      vertex 59.3 63.2858 1.8
      vertex 56.7205 63.6446 0
      vertex 57.1185 64.4518 1.8
    endloop
  endfacet
  facet normal 0.472378 0.75961 -0.447048
    outer loop
      vertex 61.4006 61.9795 1.8
      vertex 58.85 62.5063 0
      vertex 59.3 63.2858 1.8
    endloop
  endfacet
  facet normal 0.421676 -0.788904 -0.447012
    outer loop
      vertex 57.1185 -3.35179 1.8
      vertex 56.7205 -2.5446 0
      vertex 59.3 -2.18576 1.8
    endloop
  endfacet
  facet normal 0.369168 -0.814797 -0.447014
    outer loop
      vertex 57.1185 -3.35179 1.8
      vertex 54.521 -3.54115 0
      vertex 56.7205 -2.5446 0
    endloop
  endfacet
  facet normal 0.521031 -0.727115 -0.447025
    outer loop
      vertex 63.4112 0.561244 1.8
      vertex 60.9005 -0.131229 0
      vertex 62.8633 1.27526 0
    endloop
  endfacet
  facet normal 0.727096 -0.521031 -0.447056
    outer loop
      vertex 71.8296 9.54945 1.8
      vertex 70.3888 7.53882 1.8
      vertex 71.0812 10.0495 0
    endloop
  endfacet
  facet normal 0.727104 -0.521027 -0.447047
    outer loop
      vertex 70.3888 7.53882 1.8
      vertex 69.6747 8.0867 0
      vertex 71.0812 10.0495 0
    endloop
  endfacet
  facet normal -0.691475 -0.567462 -0.447046
    outer loop
      vertex 12.6571 6.22014 0
      vertex 10.4112 7.53882 1.8
      vertex 11.1253 8.0867 0
    endloop
  endfacet
  facet normal -0.652889 -0.611492 -0.447006
    outer loop
      vertex 13.6714 3.82136 1.8
      vertex 11.9805 5.62673 1.8
      vertex 12.6571 6.22014 0
    endloop
  endfacet
  facet normal -0.567472 -0.69148 -0.447025
    outer loop
      vertex 17.3888 0.561244 1.8
      vertex 16.0701 2.80711 0
      vertex 17.9367 1.27526 0
    endloop
  endfacet
  facet normal 0.652878 0.611506 -0.447003
    outer loop
      vertex 68.1429 54.8799 0
      vertex 67.1286 57.2786 1.8
      vertex 68.8195 55.4733 1.8
    endloop
  endfacet
  facet normal 0.691479 0.567453 -0.447051
    outer loop
      vertex 69.6747 53.0133 0
      vertex 68.1429 54.8799 0
      vertex 70.3888 53.5612 1.8
    endloop
  endfacet
  facet normal 0.727102 0.521025 -0.447052
    outer loop
      vertex 71.0812 51.0505 0
      vertex 69.6747 53.0133 0
      vertex 70.3888 53.5612 1.8
    endloop
  endfacet
  facet normal 0.421681 -0.788896 -0.447021
    outer loop
      vertex 59.3 -2.18576 1.8
      vertex 56.7205 -2.5446 0
      vertex 58.85 -1.40634 0
    endloop
  endfacet
  facet normal -0.683591 0.729865 0
    outer loop
      vertex 65.573 5.377 2
      vertex 63.8727 3.7845 5
      vertex 65.573 5.377 5
    endloop
  endfacet
  facet normal -0.683591 0.729865 0
    outer loop
      vertex 63.8727 3.7845 5
      vertex 65.573 5.377 2
      vertex 63.8727 3.7845 2
    endloop
  endfacet
  facet normal 0.352247 0.935907 -0
    outer loop
      vertex 28.9568 -3.16071 2
      vertex 26.7765 -2.34011 5
      vertex 28.9568 -3.16071 5
    endloop
  endfacet
  facet normal 0.352247 0.935907 0
    outer loop
      vertex 26.7765 -2.34011 5
      vertex 28.9568 -3.16071 2
      vertex 26.7765 -2.34011 2
    endloop
  endfacet
  facet normal 0.910868 0.412698 0
    outer loop
      vertex 8.47133 14.8045 5
      vertex 7.50989 16.9265 2
      vertex 7.50989 16.9265 5
    endloop
  endfacet
  facet normal 0.910868 0.412698 0
    outer loop
      vertex 7.50989 16.9265 2
      vertex 8.47133 14.8045 5
      vertex 8.47133 14.8045 2
    endloop
  endfacet
  facet normal -0.995182 -0.0980416 0
    outer loop
      vertex 75.9238 32.8783 2
      vertex 75.6954 35.1967 5
      vertex 75.6954 35.1967 2
    endloop
  endfacet
  facet normal -0.995182 -0.0980416 0
    outer loop
      vertex 75.6954 35.1967 5
      vertex 75.9238 32.8783 2
      vertex 75.9238 32.8783 5
    endloop
  endfacet
  facet normal 0.412684 -0.910874 0
    outer loop
      vertex 24.6545 62.4787 2
      vertex 26.7765 63.4401 5
      vertex 24.6545 62.4787 5
    endloop
  endfacet
  facet normal 0.412684 -0.910874 0
    outer loop
      vertex 26.7765 63.4401 5
      vertex 24.6545 62.4787 2
      vertex 26.7765 63.4401 2
    endloop
  endfacet
  facet normal -0.935907 0.352247 0
    outer loop
      vertex 73.2901 16.9265 2
      vertex 74.1107 19.1068 5
      vertex 74.1107 19.1068 2
    endloop
  endfacet
  facet normal -0.935907 0.352247 0
    outer loop
      vertex 74.1107 19.1068 5
      vertex 73.2901 16.9265 2
      vertex 73.2901 16.9265 5
    endloop
  endfacet
  facet normal -0.910874 0.412684 0
    outer loop
      vertex 72.3287 14.8045 2
      vertex 73.2901 16.9265 5
      vertex 73.2901 16.9265 2
    endloop
  endfacet
  facet normal -0.910874 0.412684 0
    outer loop
      vertex 73.2901 16.9265 5
      vertex 72.3287 14.8045 2
      vertex 72.3287 14.8045 5
    endloop
  endfacet
  facet normal -0.412698 0.910868 0
    outer loop
      vertex 56.1455 -1.37867 2
      vertex 54.0235 -2.34011 5
      vertex 56.1455 -1.37867 5
    endloop
  endfacet
  facet normal -0.412698 0.910868 0
    outer loop
      vertex 54.0235 -2.34011 5
      vertex 56.1455 -1.37867 2
      vertex 54.0235 -2.34011 2
    endloop
  endfacet
  facet normal -0.162894 0.986644 0
    outer loop
      vertex 47.3452 -4.36596 2
      vertex 45.0467 -4.74544 5
      vertex 47.3452 -4.36596 5
    endloop
  endfacet
  facet normal -0.162894 0.986644 0
    outer loop
      vertex 45.0467 -4.74544 5
      vertex 47.3452 -4.36596 2
      vertex 45.0467 -4.74544 2
    endloop
  endfacet
  facet normal 0.986644 0.162894 0
    outer loop
      vertex 5.48404 23.6048 5
      vertex 5.10456 25.9033 2
      vertex 5.10456 25.9033 5
    endloop
  endfacet
  facet normal 0.986644 0.162894 0
    outer loop
      vertex 5.10456 25.9033 2
      vertex 5.48404 23.6048 5
      vertex 5.48404 23.6048 2
    endloop
  endfacet
  facet normal 0.729863 0.683593 0
    outer loop
      vertex 15.227 5.377 5
      vertex 13.6345 7.07729 2
      vertex 13.6345 7.07729 5
    endloop
  endfacet
  facet normal 0.729863 0.683593 0
    outer loop
      vertex 13.6345 7.07729 2
      vertex 15.227 5.377 5
      vertex 15.227 5.377 2
    endloop
  endfacet
  facet normal 0.162894 0.986644 -0
    outer loop
      vertex 35.7533 -4.74544 2
      vertex 33.4548 -4.36596 5
      vertex 35.7533 -4.74544 5
    endloop
  endfacet
  facet normal 0.162894 0.986644 0
    outer loop
      vertex 33.4548 -4.36596 5
      vertex 35.7533 -4.74544 2
      vertex 33.4548 -4.36596 2
    endloop
  endfacet
  facet normal -0.935907 -0.352247 0
    outer loop
      vertex 74.1107 41.9932 2
      vertex 73.2901 44.1735 5
      vertex 73.2901 44.1735 2
    endloop
  endfacet
  facet normal -0.935907 -0.352247 0
    outer loop
      vertex 73.2901 44.1735 5
      vertex 74.1107 41.9932 2
      vertex 74.1107 41.9932 5
    endloop
  endfacet
  facet normal 0.16286 -0.986649 0
    outer loop
      vertex 33.4548 65.466 2
      vertex 35.7533 65.8454 5
      vertex 33.4548 65.466 5
    endloop
  endfacet
  facet normal 0.16286 -0.986649 0
    outer loop
      vertex 35.7533 65.8454 5
      vertex 33.4548 65.466 2
      vertex 35.7533 65.8454 2
    endloop
  endfacet
  facet normal 0.683591 -0.729865 0
    outer loop
      vertex 15.227 55.723 2
      vertex 16.9273 57.3155 5
      vertex 15.227 55.723 5
    endloop
  endfacet
  facet normal 0.683591 -0.729865 0
    outer loop
      vertex 16.9273 57.3155 5
      vertex 15.227 55.723 2
      vertex 16.9273 57.3155 2
    endloop
  endfacet
  facet normal -0.995182 0.0980458 0
    outer loop
      vertex 75.6954 25.9033 2
      vertex 75.9238 28.2216 5
      vertex 75.9238 28.2216 2
    endloop
  endfacet
  facet normal -0.995182 0.0980458 0
    outer loop
      vertex 75.9238 28.2216 5
      vertex 75.6954 25.9033 2
      vertex 75.6954 25.9033 5
    endloop
  endfacet
  facet normal -0.973878 0.227072 0
    outer loop
      vertex 74.787 21.336 2
      vertex 75.316 23.6048 5
      vertex 75.316 23.6048 2
    endloop
  endfacet
  facet normal -0.973878 0.227072 0
    outer loop
      vertex 75.316 23.6048 5
      vertex 74.787 21.336 2
      vertex 74.787 21.336 5
    endloop
  endfacet
  facet normal -0.956931 0.290316 0
    outer loop
      vertex 74.1107 19.1068 2
      vertex 74.787 21.336 5
      vertex 74.787 21.336 2
    endloop
  endfacet
  facet normal -0.956931 0.290316 0
    outer loop
      vertex 74.787 21.336 5
      vertex 74.1107 19.1068 2
      vertex 74.1107 19.1068 5
    endloop
  endfacet
  facet normal -0.812855 0.582466 0
    outer loop
      vertex 68.6434 8.87809 2
      vertex 70.0003 10.7717 5
      vertex 70.0003 10.7717 2
    endloop
  endfacet
  facet normal -0.812855 0.582466 0
    outer loop
      vertex 70.0003 10.7717 5
      vertex 68.6434 8.87809 2
      vertex 68.6434 8.87809 5
    endloop
  endfacet
  facet normal -0.849199 0.528072 0
    outer loop
      vertex 70.0003 10.7717 2
      vertex 71.2305 12.75 5
      vertex 71.2305 12.75 2
    endloop
  endfacet
  facet normal -0.849199 0.528072 0
    outer loop
      vertex 71.2305 12.75 5
      vertex 70.0003 10.7717 2
      vertex 70.0003 10.7717 5
    endloop
  endfacet
  facet normal -0.582479 0.812846 0
    outer loop
      vertex 62.0719 2.30662 2
      vertex 60.1783 0.949682 5
      vertex 62.0719 2.30662 5
    endloop
  endfacet
  facet normal -0.582479 0.812846 0
    outer loop
      vertex 60.1783 0.949682 5
      vertex 62.0719 2.30662 2
      vertex 60.1783 0.949682 2
    endloop
  endfacet
  facet normal -0.0327174 0.999465 0
    outer loop
      vertex 42.7284 -4.97378 2
      vertex 40.4 -5.05 5
      vertex 42.7284 -4.97378 5
    endloop
  endfacet
  facet normal -0.0327174 0.999465 0
    outer loop
      vertex 40.4 -5.05 5
      vertex 42.7284 -4.97378 2
      vertex 40.4 -5.05 2
    endloop
  endfacet
  facet normal -0.352247 0.935907 0
    outer loop
      vertex 54.0235 -2.34011 2
      vertex 51.8432 -3.16071 5
      vertex 54.0235 -2.34011 5
    endloop
  endfacet
  facet normal -0.352247 0.935907 0
    outer loop
      vertex 51.8432 -3.16071 5
      vertex 54.0235 -2.34011 2
      vertex 51.8432 -3.16071 2
    endloop
  endfacet
  facet normal -0.227072 0.973878 0
    outer loop
      vertex 49.614 -3.83696 2
      vertex 47.3452 -4.36596 5
      vertex 49.614 -3.83696 5
    endloop
  endfacet
  facet normal -0.227072 0.973878 0
    outer loop
      vertex 47.3452 -4.36596 5
      vertex 49.614 -3.83696 2
      vertex 47.3452 -4.36596 2
    endloop
  endfacet
  facet normal 0.999465 0.0327174 0
    outer loop
      vertex 4.87622 28.2216 5
      vertex 4.8 30.55 2
      vertex 4.8 30.55 5
    endloop
  endfacet
  facet normal 0.999465 0.0327174 0
    outer loop
      vertex 4.8 30.55 2
      vertex 4.87622 28.2216 5
      vertex 4.87622 28.2216 2
    endloop
  endfacet
  facet normal 0.935907 0.352247 0
    outer loop
      vertex 7.50989 16.9265 5
      vertex 6.68929 19.1068 2
      vertex 6.68929 19.1068 5
    endloop
  endfacet
  facet normal 0.935907 0.352247 0
    outer loop
      vertex 6.68929 19.1068 2
      vertex 7.50989 16.9265 5
      vertex 7.50989 16.9265 2
    endloop
  endfacet
  facet normal 0.973878 0.227072 0
    outer loop
      vertex 6.01304 21.336 5
      vertex 5.48404 23.6048 2
      vertex 5.48404 23.6048 5
    endloop
  endfacet
  facet normal 0.973878 0.227072 0
    outer loop
      vertex 5.48404 23.6048 2
      vertex 6.01304 21.336 5
      vertex 6.01304 21.336 2
    endloop
  endfacet
  facet normal 0.812855 0.582466 0
    outer loop
      vertex 12.1566 8.87809 5
      vertex 10.7997 10.7717 2
      vertex 10.7997 10.7717 5
    endloop
  endfacet
  facet normal 0.812855 0.582466 0
    outer loop
      vertex 10.7997 10.7717 2
      vertex 12.1566 8.87809 5
      vertex 12.1566 8.87809 2
    endloop
  endfacet
  facet normal 0.0980203 0.995184 -0
    outer loop
      vertex 38.0716 -4.97378 2
      vertex 35.7533 -4.74544 5
      vertex 38.0716 -4.97378 5
    endloop
  endfacet
  facet normal 0.0980203 0.995184 0
    outer loop
      vertex 35.7533 -4.74544 5
      vertex 38.0716 -4.97378 2
      vertex 35.7533 -4.74544 2
    endloop
  endfacet
  facet normal 0.528068 0.849202 -0
    outer loop
      vertex 22.6 -0.280503 2
      vertex 20.6217 0.949682 5
      vertex 22.6 -0.280503 5
    endloop
  endfacet
  facet normal 0.528068 0.849202 0
    outer loop
      vertex 20.6217 0.949682 5
      vertex 22.6 -0.280503 2
      vertex 20.6217 0.949682 2
    endloop
  endfacet
  facet normal 0.582479 0.812846 -0
    outer loop
      vertex 20.6217 0.949682 2
      vertex 18.7281 2.30662 5
      vertex 20.6217 0.949682 5
    endloop
  endfacet
  facet normal 0.582479 0.812846 0
    outer loop
      vertex 18.7281 2.30662 5
      vertex 20.6217 0.949682 2
      vertex 18.7281 2.30662 2
    endloop
  endfacet
  facet normal 0.412698 0.910868 -0
    outer loop
      vertex 26.7765 -2.34011 2
      vertex 24.6545 -1.37867 5
      vertex 26.7765 -2.34011 5
    endloop
  endfacet
  facet normal 0.412698 0.910868 0
    outer loop
      vertex 24.6545 -1.37867 5
      vertex 26.7765 -2.34011 2
      vertex 24.6545 -1.37867 2
    endloop
  endfacet
  facet normal -0.999465 0.0327088 0
    outer loop
      vertex 75.9238 28.2216 2
      vertex 76 30.55 5
      vertex 76 30.55 2
    endloop
  endfacet
  facet normal -0.999465 0.0327088 0
    outer loop
      vertex 76 30.55 5
      vertex 75.9238 28.2216 2
      vertex 75.9238 28.2216 5
    endloop
  endfacet
  facet normal -0.956931 -0.290316 0
    outer loop
      vertex 74.787 39.764 2
      vertex 74.1107 41.9932 5
      vertex 74.1107 41.9932 2
    endloop
  endfacet
  facet normal -0.956931 -0.290316 0
    outer loop
      vertex 74.1107 41.9932 5
      vertex 74.787 39.764 2
      vertex 74.787 39.764 5
    endloop
  endfacet
  facet normal -0.729865 -0.683591 0
    outer loop
      vertex 67.1655 54.0227 2
      vertex 65.573 55.723 5
      vertex 65.573 55.723 2
    endloop
  endfacet
  facet normal -0.729865 -0.683591 0
    outer loop
      vertex 65.573 55.723 5
      vertex 67.1655 54.0227 2
      vertex 67.1655 54.0227 5
    endloop
  endfacet
  facet normal -0.582468 -0.812854 0
    outer loop
      vertex 60.1783 60.1503 2
      vertex 62.0719 58.7934 5
      vertex 60.1783 60.1503 5
    endloop
  endfacet
  facet normal -0.582468 -0.812854 -0
    outer loop
      vertex 62.0719 58.7934 5
      vertex 60.1783 60.1503 2
      vertex 62.0719 58.7934 2
    endloop
  endfacet
  facet normal -0.412684 -0.910874 0
    outer loop
      vertex 54.0235 63.4401 2
      vertex 56.1455 62.4787 5
      vertex 54.0235 63.4401 5
    endloop
  endfacet
  facet normal -0.412684 -0.910874 -0
    outer loop
      vertex 56.1455 62.4787 5
      vertex 54.0235 63.4401 2
      vertex 56.1455 62.4787 2
    endloop
  endfacet
  facet normal 0.352247 -0.935907 0
    outer loop
      vertex 26.7765 63.4401 2
      vertex 28.9568 64.2607 5
      vertex 26.7765 63.4401 5
    endloop
  endfacet
  facet normal 0.352247 -0.935907 0
    outer loop
      vertex 28.9568 64.2607 5
      vertex 26.7765 63.4401 2
      vertex 28.9568 64.2607 2
    endloop
  endfacet
  facet normal 0.812854 -0.582468 0
    outer loop
      vertex 10.7997 50.3283 5
      vertex 12.1566 52.2219 2
      vertex 12.1566 52.2219 5
    endloop
  endfacet
  facet normal 0.812854 -0.582468 0
    outer loop
      vertex 12.1566 52.2219 2
      vertex 10.7997 50.3283 5
      vertex 10.7997 50.3283 2
    endloop
  endfacet
  facet normal 0.910868 -0.412698 0
    outer loop
      vertex 7.50989 44.1735 5
      vertex 8.47133 46.2955 2
      vertex 8.47133 46.2955 5
    endloop
  endfacet
  facet normal 0.910868 -0.412698 0
    outer loop
      vertex 8.47133 46.2955 2
      vertex 7.50989 44.1735 5
      vertex 7.50989 44.1735 2
    endloop
  endfacet
  facet normal 0.773006 -0.634399 0
    outer loop
      vertex 12.1566 52.2219 5
      vertex 13.6345 54.0227 2
      vertex 13.6345 54.0227 5
    endloop
  endfacet
  facet normal 0.773006 -0.634399 0
    outer loop
      vertex 13.6345 54.0227 2
      vertex 12.1566 52.2219 5
      vertex 12.1566 52.2219 2
    endloop
  endfacet
  facet normal -0.986649 0.16286 0
    outer loop
      vertex 75.316 23.6048 2
      vertex 75.6954 25.9033 5
      vertex 75.6954 25.9033 2
    endloop
  endfacet
  facet normal -0.986649 0.16286 0
    outer loop
      vertex 75.6954 25.9033 5
      vertex 75.316 23.6048 2
      vertex 75.316 23.6048 5
    endloop
  endfacet
  facet normal -0.773006 0.634399 0
    outer loop
      vertex 67.1655 7.07729 2
      vertex 68.6434 8.87809 5
      vertex 68.6434 8.87809 2
    endloop
  endfacet
  facet normal -0.773006 0.634399 0
    outer loop
      vertex 68.6434 8.87809 5
      vertex 67.1655 7.07729 2
      vertex 67.1655 7.07729 5
    endloop
  endfacet
  facet normal -0.729863 0.683593 0
    outer loop
      vertex 65.573 5.377 2
      vertex 67.1655 7.07729 5
      vertex 67.1655 7.07729 2
    endloop
  endfacet
  facet normal -0.729863 0.683593 0
    outer loop
      vertex 67.1655 7.07729 5
      vertex 65.573 5.377 2
      vertex 65.573 5.377 5
    endloop
  endfacet
  facet normal -0.634394 0.77301 0
    outer loop
      vertex 63.8727 3.7845 2
      vertex 62.0719 2.30662 5
      vertex 63.8727 3.7845 5
    endloop
  endfacet
  facet normal -0.634394 0.77301 0
    outer loop
      vertex 62.0719 2.30662 5
      vertex 63.8727 3.7845 2
      vertex 62.0719 2.30662 2
    endloop
  endfacet
  facet normal -0.471401 0.881919 0
    outer loop
      vertex 58.2 -0.280503 2
      vertex 56.1455 -1.37867 5
      vertex 58.2 -0.280503 5
    endloop
  endfacet
  facet normal -0.471401 0.881919 0
    outer loop
      vertex 56.1455 -1.37867 5
      vertex 58.2 -0.280503 2
      vertex 56.1455 -1.37867 2
    endloop
  endfacet
  facet normal -0.528068 0.849202 0
    outer loop
      vertex 60.1783 0.949682 2
      vertex 58.2 -0.280503 5
      vertex 60.1783 0.949682 5
    endloop
  endfacet
  facet normal -0.528068 0.849202 0
    outer loop
      vertex 58.2 -0.280503 5
      vertex 60.1783 0.949682 2
      vertex 58.2 -0.280503 2
    endloop
  endfacet
  facet normal -0.0980203 0.995184 0
    outer loop
      vertex 45.0467 -4.74544 2
      vertex 42.7284 -4.97378 5
      vertex 45.0467 -4.74544 5
    endloop
  endfacet
  facet normal -0.0980203 0.995184 0
    outer loop
      vertex 42.7284 -4.97378 5
      vertex 45.0467 -4.74544 2
      vertex 42.7284 -4.97378 2
    endloop
  endfacet
  facet normal -0.290296 0.956937 0
    outer loop
      vertex 51.8432 -3.16071 2
      vertex 49.614 -3.83696 5
      vertex 51.8432 -3.16071 5
    endloop
  endfacet
  facet normal -0.290296 0.956937 0
    outer loop
      vertex 49.614 -3.83696 5
      vertex 51.8432 -3.16071 2
      vertex 49.614 -3.83696 2
    endloop
  endfacet
  facet normal 0.995184 0.0980203 0
    outer loop
      vertex 5.10456 25.9033 5
      vertex 4.87622 28.2216 2
      vertex 4.87622 28.2216 5
    endloop
  endfacet
  facet normal 0.995184 0.0980203 0
    outer loop
      vertex 4.87622 28.2216 2
      vertex 5.10456 25.9033 5
      vertex 5.10456 25.9033 2
    endloop
  endfacet
  facet normal 0 0 1
    outer loop
      vertex 72.8 30.55 2
      vertex 76 30.55 2
      vertex 75.9238 32.8783 2
    endloop
  endfacet
  facet normal 0 0 1
    outer loop
      vertex 72.7306 32.6691 2
      vertex 75.9238 32.8783 2
      vertex 75.6954 35.1967 2
    endloop
  endfacet
  facet normal 0 0 1
    outer loop
      vertex 76 30.55 2
      vertex 72.8 30.55 2
      vertex 75.9238 28.2216 2
    endloop
  endfacet
  facet normal 0 0 1
    outer loop
      vertex 72.5228 34.779 2
      vertex 75.6954 35.1967 2
      vertex 75.316 37.4952 2
    endloop
  endfacet
  facet normal -0 0 1
    outer loop
      vertex 72.7306 28.4309 2
      vertex 75.9238 28.2216 2
      vertex 72.8 30.55 2
    endloop
  endfacet
  facet normal 0 0 1
    outer loop
      vertex 72.1774 36.8709 2
      vertex 75.316 37.4952 2
      vertex 74.787 39.764 2
    endloop
  endfacet
  facet normal 0 0 1
    outer loop
      vertex 75.9238 28.2216 2
      vertex 72.7306 28.4309 2
      vertex 75.6954 25.9033 2
    endloop
  endfacet
  facet normal 0 0 1
    outer loop
      vertex 71.696 38.9357 2
      vertex 74.787 39.764 2
      vertex 74.1107 41.9932 2
    endloop
  endfacet
  facet normal -0 0 1
    outer loop
      vertex 72.5228 26.321 2
      vertex 75.6954 25.9033 2
      vertex 72.7306 28.4309 2
    endloop
  endfacet
  facet normal 0 0 1
    outer loop
      vertex 71.0805 40.9646 2
      vertex 74.1107 41.9932 2
      vertex 73.2901 44.1735 2
    endloop
  endfacet
  facet normal 0 0 1
    outer loop
      vertex 75.6954 25.9033 2
      vertex 72.5228 26.321 2
      vertex 75.316 23.6048 2
    endloop
  endfacet
  facet normal -0 0 1
    outer loop
      vertex 72.1774 24.2291 2
      vertex 75.316 23.6048 2
      vertex 72.5228 26.321 2
    endloop
  endfacet
  facet normal 0 0 1
    outer loop
      vertex 75.9238 32.8783 2
      vertex 72.7306 32.6691 2
      vertex 72.8 30.55 2
    endloop
  endfacet
  facet normal 0 0 1
    outer loop
      vertex 75.6954 35.1967 2
      vertex 72.5228 34.779 2
      vertex 72.7306 32.6691 2
    endloop
  endfacet
  facet normal 0 0 1
    outer loop
      vertex 70.3337 42.9489 2
      vertex 73.2901 44.1735 2
      vertex 72.3287 46.2955 2
    endloop
  endfacet
  facet normal 0 0 1
    outer loop
      vertex 75.316 37.4952 2
      vertex 72.1774 36.8709 2
      vertex 72.5228 34.779 2
    endloop
  endfacet
  facet normal 0 0 1
    outer loop
      vertex 74.787 39.764 2
      vertex 71.696 38.9357 2
      vertex 72.1774 36.8709 2
    endloop
  endfacet
  facet normal 0 0 1
    outer loop
      vertex 69.4587 44.8802 2
      vertex 72.3287 46.2955 2
      vertex 71.2305 48.35 2
    endloop
  endfacet
  facet normal 0 0 1
    outer loop
      vertex 74.1107 41.9932 2
      vertex 71.0805 40.9646 2
      vertex 71.696 38.9357 2
    endloop
  endfacet
  facet normal 0 0 1
    outer loop
      vertex 73.2901 44.1735 2
      vertex 70.3337 42.9489 2
      vertex 71.0805 40.9646 2
    endloop
  endfacet
  facet normal 0 0 1
    outer loop
      vertex 68.4592 46.75 2
      vertex 71.2305 48.35 2
      vertex 70.0003 50.3283 2
    endloop
  endfacet
  facet normal 0 0 1
    outer loop
      vertex 72.3287 46.2955 2
      vertex 69.4587 44.8802 2
      vertex 70.3337 42.9489 2
    endloop
  endfacet
  facet normal 0 0 1
    outer loop
      vertex 67.3396 48.5505 2
      vertex 70.0003 50.3283 2
      vertex 68.6434 52.2219 2
    endloop
  endfacet
  facet normal 0 0 1
    outer loop
      vertex 71.2305 48.35 2
      vertex 68.4592 46.75 2
      vertex 69.4587 44.8802 2
    endloop
  endfacet
  facet normal 0 0 1
    outer loop
      vertex 70.0003 50.3283 2
      vertex 67.3396 48.5505 2
      vertex 68.4592 46.75 2
    endloop
  endfacet
  facet normal 0 0 1
    outer loop
      vertex 66.1046 50.2739 2
      vertex 68.6434 52.2219 2
      vertex 67.1655 54.0227 2
    endloop
  endfacet
  facet normal 0 0 1
    outer loop
      vertex 68.6434 52.2219 2
      vertex 66.1046 50.2739 2
      vertex 67.3396 48.5505 2
    endloop
  endfacet
  facet normal 0 0 1
    outer loop
      vertex 64.7596 51.9128 2
      vertex 67.1655 54.0227 2
      vertex 65.573 55.723 2
    endloop
  endfacet
  facet normal 0 0 1
    outer loop
      vertex 67.1655 54.0227 2
      vertex 64.7596 51.9128 2
      vertex 66.1046 50.2739 2
    endloop
  endfacet
  facet normal 0 0 1
    outer loop
      vertex 63.3103 53.4603 2
      vertex 65.573 55.723 2
      vertex 63.8727 57.3155 2
    endloop
  endfacet
  facet normal 0 0 1
    outer loop
      vertex 65.573 55.723 2
      vertex 63.3103 53.4603 2
      vertex 64.7596 51.9128 2
    endloop
  endfacet
  facet normal 0 0 1
    outer loop
      vertex 61.7628 54.9096 2
      vertex 63.8727 57.3155 2
      vertex 62.0719 58.7934 2
    endloop
  endfacet
  facet normal 0 0 1
    outer loop
      vertex 63.8727 57.3155 2
      vertex 61.7628 54.9096 2
      vertex 63.3103 53.4603 2
    endloop
  endfacet
  facet normal 0 0 1
    outer loop
      vertex 60.1239 56.2546 2
      vertex 62.0719 58.7934 2
      vertex 60.1783 60.1503 2
    endloop
  endfacet
  facet normal 0 0 1
    outer loop
      vertex 62.0719 58.7934 2
      vertex 60.1239 56.2546 2
      vertex 61.7628 54.9096 2
    endloop
  endfacet
  facet normal 0 0 1
    outer loop
      vertex 60.1783 60.1503 2
      vertex 58.4005 57.4896 2
      vertex 60.1239 56.2546 2
    endloop
  endfacet
  facet normal 0 0 1
    outer loop
      vertex 58.2 61.3805 2
      vertex 58.4005 57.4896 2
      vertex 60.1783 60.1503 2
    endloop
  endfacet
  facet normal 0 0 1
    outer loop
      vertex 58.2 61.3805 2
      vertex 56.6 58.6092 2
      vertex 58.4005 57.4896 2
    endloop
  endfacet
  facet normal 0 0 1
    outer loop
      vertex 56.1455 62.4787 2
      vertex 56.6 58.6092 2
      vertex 58.2 61.3805 2
    endloop
  endfacet
  facet normal 0 0 1
    outer loop
      vertex 56.1455 62.4787 2
      vertex 54.7302 59.6087 2
      vertex 56.6 58.6092 2
    endloop
  endfacet
  facet normal 0 0 1
    outer loop
      vertex 54.0235 63.4401 2
      vertex 54.7302 59.6087 2
      vertex 56.1455 62.4787 2
    endloop
  endfacet
  facet normal 0 0 1
    outer loop
      vertex 54.0235 63.4401 2
      vertex 52.7989 60.4837 2
      vertex 54.7302 59.6087 2
    endloop
  endfacet
  facet normal 0 0 1
    outer loop
      vertex 51.8432 64.2607 2
      vertex 52.7989 60.4837 2
      vertex 54.0235 63.4401 2
    endloop
  endfacet
  facet normal 0 0 1
    outer loop
      vertex 51.8432 64.2607 2
      vertex 50.8146 61.2305 2
      vertex 52.7989 60.4837 2
    endloop
  endfacet
  facet normal 0 0 1
    outer loop
      vertex 49.614 64.937 2
      vertex 50.8146 61.2305 2
      vertex 51.8432 64.2607 2
    endloop
  endfacet
  facet normal 0 0 1
    outer loop
      vertex 49.614 64.937 2
      vertex 48.7857 61.846 2
      vertex 50.8146 61.2305 2
    endloop
  endfacet
  facet normal 0 0 1
    outer loop
      vertex 47.3452 65.466 2
      vertex 48.7857 61.846 2
      vertex 49.614 64.937 2
    endloop
  endfacet
  facet normal 0 0 1
    outer loop
      vertex 47.3452 65.466 2
      vertex 46.7209 62.3274 2
      vertex 48.7857 61.846 2
    endloop
  endfacet
  facet normal 0 0 1
    outer loop
      vertex 45.0467 65.8454 2
      vertex 46.7209 62.3274 2
      vertex 47.3452 65.466 2
    endloop
  endfacet
  facet normal 0 0 1
    outer loop
      vertex 45.0467 65.8454 2
      vertex 44.629 62.6728 2
      vertex 46.7209 62.3274 2
    endloop
  endfacet
  facet normal 0 0 1
    outer loop
      vertex 42.7284 66.0738 2
      vertex 44.629 62.6728 2
      vertex 45.0467 65.8454 2
    endloop
  endfacet
  facet normal 0 0 1
    outer loop
      vertex 42.7284 66.0738 2
      vertex 42.5191 62.8806 2
      vertex 44.629 62.6728 2
    endloop
  endfacet
  facet normal 0 0 1
    outer loop
      vertex 40.4 66.15 2
      vertex 42.5191 62.8806 2
      vertex 42.7284 66.0738 2
    endloop
  endfacet
  facet normal 0 0 1
    outer loop
      vertex 40.4 66.15 2
      vertex 40.4 62.95 2
      vertex 42.5191 62.8806 2
    endloop
  endfacet
  facet normal 0 0 1
    outer loop
      vertex 40.4 66.15 2
      vertex 38.2809 62.8806 2
      vertex 40.4 62.95 2
    endloop
  endfacet
  facet normal -0 0 1
    outer loop
      vertex 38.0716 66.0738 2
      vertex 38.2809 62.8806 2
      vertex 40.4 66.15 2
    endloop
  endfacet
  facet normal 0 0 1
    outer loop
      vertex 38.0716 66.0738 2
      vertex 36.171 62.6728 2
      vertex 38.2809 62.8806 2
    endloop
  endfacet
  facet normal -0 0 1
    outer loop
      vertex 35.7533 65.8454 2
      vertex 36.171 62.6728 2
      vertex 38.0716 66.0738 2
    endloop
  endfacet
  facet normal 0 0 1
    outer loop
      vertex 35.7533 65.8454 2
      vertex 34.0791 62.3274 2
      vertex 36.171 62.6728 2
    endloop
  endfacet
  facet normal -0 0 1
    outer loop
      vertex 33.4548 65.466 2
      vertex 34.0791 62.3274 2
      vertex 35.7533 65.8454 2
    endloop
  endfacet
  facet normal 0 0 1
    outer loop
      vertex 33.4548 65.466 2
      vertex 32.0143 61.846 2
      vertex 34.0791 62.3274 2
    endloop
  endfacet
  facet normal -0 0 1
    outer loop
      vertex 31.186 64.937 2
      vertex 32.0143 61.846 2
      vertex 33.4548 65.466 2
    endloop
  endfacet
  facet normal 0 0 1
    outer loop
      vertex 31.186 64.937 2
      vertex 29.9854 61.2305 2
      vertex 32.0143 61.846 2
    endloop
  endfacet
  facet normal -0 0 1
    outer loop
      vertex 28.9568 64.2607 2
      vertex 29.9854 61.2305 2
      vertex 31.186 64.937 2
    endloop
  endfacet
  facet normal 0 0 1
    outer loop
      vertex 28.9568 64.2607 2
      vertex 28.0011 60.4837 2
      vertex 29.9854 61.2305 2
    endloop
  endfacet
  facet normal -0 0 1
    outer loop
      vertex 26.7765 63.4401 2
      vertex 28.0011 60.4837 2
      vertex 28.9568 64.2607 2
    endloop
  endfacet
  facet normal 0 0 1
    outer loop
      vertex 26.7765 63.4401 2
      vertex 26.0698 59.6087 2
      vertex 28.0011 60.4837 2
    endloop
  endfacet
  facet normal -0 0 1
    outer loop
      vertex 24.6545 62.4787 2
      vertex 26.0698 59.6087 2
      vertex 26.7765 63.4401 2
    endloop
  endfacet
  facet normal 0 0 1
    outer loop
      vertex 24.6545 62.4787 2
      vertex 24.2 58.6092 2
      vertex 26.0698 59.6087 2
    endloop
  endfacet
  facet normal -0 0 1
    outer loop
      vertex 22.6 61.3805 2
      vertex 24.2 58.6092 2
      vertex 24.6545 62.4787 2
    endloop
  endfacet
  facet normal 0 0 1
    outer loop
      vertex 22.6 61.3805 2
      vertex 22.3995 57.4896 2
      vertex 24.2 58.6092 2
    endloop
  endfacet
  facet normal -0 0 1
    outer loop
      vertex 20.6217 60.1503 2
      vertex 22.3995 57.4896 2
      vertex 22.6 61.3805 2
    endloop
  endfacet
  facet normal 0 0 1
    outer loop
      vertex 22.3995 57.4896 2
      vertex 20.6217 60.1503 2
      vertex 20.6761 56.2546 2
    endloop
  endfacet
  facet normal -0 0 1
    outer loop
      vertex 18.7281 58.7934 2
      vertex 20.6761 56.2546 2
      vertex 20.6217 60.1503 2
    endloop
  endfacet
  facet normal 0 0 1
    outer loop
      vertex 20.6761 56.2546 2
      vertex 18.7281 58.7934 2
      vertex 19.0372 54.9096 2
    endloop
  endfacet
  facet normal -0 0 1
    outer loop
      vertex 16.9273 57.3155 2
      vertex 19.0372 54.9096 2
      vertex 18.7281 58.7934 2
    endloop
  endfacet
  facet normal 0 0 1
    outer loop
      vertex 19.0372 54.9096 2
      vertex 16.9273 57.3155 2
      vertex 17.4897 53.4603 2
    endloop
  endfacet
  facet normal -0 0 1
    outer loop
      vertex 15.227 55.723 2
      vertex 17.4897 53.4603 2
      vertex 16.9273 57.3155 2
    endloop
  endfacet
  facet normal 0 0 1
    outer loop
      vertex 17.4897 53.4603 2
      vertex 15.227 55.723 2
      vertex 16.0404 51.9128 2
    endloop
  endfacet
  facet normal -0 0 1
    outer loop
      vertex 13.6345 54.0227 2
      vertex 16.0404 51.9128 2
      vertex 15.227 55.723 2
    endloop
  endfacet
  facet normal 0 0 1
    outer loop
      vertex 16.0404 51.9128 2
      vertex 13.6345 54.0227 2
      vertex 14.6954 50.2739 2
    endloop
  endfacet
  facet normal -0 0 1
    outer loop
      vertex 12.1566 52.2219 2
      vertex 14.6954 50.2739 2
      vertex 13.6345 54.0227 2
    endloop
  endfacet
  facet normal 0 0 1
    outer loop
      vertex 14.6954 50.2739 2
      vertex 12.1566 52.2219 2
      vertex 13.4604 48.5505 2
    endloop
  endfacet
  facet normal -0 0 1
    outer loop
      vertex 10.7997 50.3283 2
      vertex 13.4604 48.5505 2
      vertex 12.1566 52.2219 2
    endloop
  endfacet
  facet normal 0 0 1
    outer loop
      vertex 13.4604 48.5505 2
      vertex 10.7997 50.3283 2
      vertex 12.3408 46.75 2
    endloop
  endfacet
  facet normal -0 0 1
    outer loop
      vertex 9.5695 48.35 2
      vertex 12.3408 46.75 2
      vertex 10.7997 50.3283 2
    endloop
  endfacet
  facet normal 0 0 1
    outer loop
      vertex 12.3408 46.75 2
      vertex 9.5695 48.35 2
      vertex 11.3413 44.8802 2
    endloop
  endfacet
  facet normal -0 0 1
    outer loop
      vertex 8.47133 46.2955 2
      vertex 11.3413 44.8802 2
      vertex 9.5695 48.35 2
    endloop
  endfacet
  facet normal 0 0 1
    outer loop
      vertex 11.3413 44.8802 2
      vertex 8.47133 46.2955 2
      vertex 10.4663 42.9489 2
    endloop
  endfacet
  facet normal -0 0 1
    outer loop
      vertex 7.50989 44.1735 2
      vertex 10.4663 42.9489 2
      vertex 8.47133 46.2955 2
    endloop
  endfacet
  facet normal 0 0 1
    outer loop
      vertex 10.4663 42.9489 2
      vertex 7.50989 44.1735 2
      vertex 9.71946 40.9646 2
    endloop
  endfacet
  facet normal -0 0 1
    outer loop
      vertex 6.68929 41.9932 2
      vertex 9.71946 40.9646 2
      vertex 7.50989 44.1735 2
    endloop
  endfacet
  facet normal 0 0 1
    outer loop
      vertex 9.71946 40.9646 2
      vertex 6.68929 41.9932 2
      vertex 9.104 38.9357 2
    endloop
  endfacet
  facet normal -0 0 1
    outer loop
      vertex 6.01304 39.764 2
      vertex 9.104 38.9357 2
      vertex 6.68929 41.9932 2
    endloop
  endfacet
  facet normal 0 0 1
    outer loop
      vertex 9.104 38.9357 2
      vertex 6.01304 39.764 2
      vertex 8.62256 36.8709 2
    endloop
  endfacet
  facet normal -0 0 1
    outer loop
      vertex 5.48404 37.4952 2
      vertex 8.62256 36.8709 2
      vertex 6.01304 39.764 2
    endloop
  endfacet
  facet normal 0 0 1
    outer loop
      vertex 75.316 23.6048 2
      vertex 72.1774 24.2291 2
      vertex 74.787 21.336 2
    endloop
  endfacet
  facet normal -0 0 1
    outer loop
      vertex 71.696 22.1643 2
      vertex 74.787 21.336 2
      vertex 72.1774 24.2291 2
    endloop
  endfacet
  facet normal 0 0 1
    outer loop
      vertex 74.787 21.336 2
      vertex 71.696 22.1643 2
      vertex 74.1107 19.1068 2
    endloop
  endfacet
  facet normal -0 0 1
    outer loop
      vertex 71.0805 20.1354 2
      vertex 74.1107 19.1068 2
      vertex 71.696 22.1643 2
    endloop
  endfacet
  facet normal 0 0 1
    outer loop
      vertex 74.1107 19.1068 2
      vertex 71.0805 20.1354 2
      vertex 73.2901 16.9265 2
    endloop
  endfacet
  facet normal -0 0 1
    outer loop
      vertex 70.3337 18.1511 2
      vertex 73.2901 16.9265 2
      vertex 71.0805 20.1354 2
    endloop
  endfacet
  facet normal 0 0 1
    outer loop
      vertex 73.2901 16.9265 2
      vertex 70.3337 18.1511 2
      vertex 72.3287 14.8045 2
    endloop
  endfacet
  facet normal -0 0 1
    outer loop
      vertex 69.4587 16.2198 2
      vertex 72.3287 14.8045 2
      vertex 70.3337 18.1511 2
    endloop
  endfacet
  facet normal 0 0 1
    outer loop
      vertex 72.3287 14.8045 2
      vertex 69.4587 16.2198 2
      vertex 71.2305 12.75 2
    endloop
  endfacet
  facet normal -0 0 1
    outer loop
      vertex 68.4592 14.35 2
      vertex 71.2305 12.75 2
      vertex 69.4587 16.2198 2
    endloop
  endfacet
  facet normal 0 0 1
    outer loop
      vertex 71.2305 12.75 2
      vertex 68.4592 14.35 2
      vertex 70.0003 10.7717 2
    endloop
  endfacet
  facet normal -0 0 1
    outer loop
      vertex 67.3396 12.5495 2
      vertex 70.0003 10.7717 2
      vertex 68.4592 14.35 2
    endloop
  endfacet
  facet normal 0 0 1
    outer loop
      vertex 70.0003 10.7717 2
      vertex 67.3396 12.5495 2
      vertex 68.6434 8.87809 2
    endloop
  endfacet
  facet normal -0 0 1
    outer loop
      vertex 66.1046 10.8261 2
      vertex 68.6434 8.87809 2
      vertex 67.3396 12.5495 2
    endloop
  endfacet
  facet normal 0 0 1
    outer loop
      vertex 68.6434 8.87809 2
      vertex 66.1046 10.8261 2
      vertex 67.1655 7.07729 2
    endloop
  endfacet
  facet normal -0 0 1
    outer loop
      vertex 64.7596 9.1872 2
      vertex 67.1655 7.07729 2
      vertex 66.1046 10.8261 2
    endloop
  endfacet
  facet normal 0 0 1
    outer loop
      vertex 67.1655 7.07729 2
      vertex 64.7596 9.1872 2
      vertex 65.573 5.377 2
    endloop
  endfacet
  facet normal -0 0 1
    outer loop
      vertex 63.3103 7.63974 2
      vertex 65.573 5.377 2
      vertex 64.7596 9.1872 2
    endloop
  endfacet
  facet normal 0 0 1
    outer loop
      vertex 65.573 5.377 2
      vertex 63.3103 7.63974 2
      vertex 63.8727 3.7845 2
    endloop
  endfacet
  facet normal -0 0 1
    outer loop
      vertex 61.7628 6.19039 2
      vertex 63.8727 3.7845 2
      vertex 63.3103 7.63974 2
    endloop
  endfacet
  facet normal 0 0 1
    outer loop
      vertex 63.8727 3.7845 2
      vertex 61.7628 6.19039 2
      vertex 62.0719 2.30662 2
    endloop
  endfacet
  facet normal -0 0 1
    outer loop
      vertex 60.1239 4.84535 2
      vertex 62.0719 2.30662 2
      vertex 61.7628 6.19039 2
    endloop
  endfacet
  facet normal 0 0 1
    outer loop
      vertex 62.0719 2.30662 2
      vertex 60.1239 4.84535 2
      vertex 60.1783 0.949682 2
    endloop
  endfacet
  facet normal -0 0 1
    outer loop
      vertex 58.4005 3.61038 2
      vertex 60.1783 0.949682 2
      vertex 60.1239 4.84535 2
    endloop
  endfacet
  facet normal 0 0 1
    outer loop
      vertex 58.4005 3.61038 2
      vertex 58.2 -0.280503 2
      vertex 60.1783 0.949682 2
    endloop
  endfacet
  facet normal -0 0 1
    outer loop
      vertex 56.6 2.49078 2
      vertex 58.2 -0.280503 2
      vertex 58.4005 3.61038 2
    endloop
  endfacet
  facet normal 0 0 1
    outer loop
      vertex 56.6 2.49078 2
      vertex 56.1455 -1.37867 2
      vertex 58.2 -0.280503 2
    endloop
  endfacet
  facet normal -0 0 1
    outer loop
      vertex 54.7302 1.49132 2
      vertex 56.1455 -1.37867 2
      vertex 56.6 2.49078 2
    endloop
  endfacet
  facet normal 0 0 1
    outer loop
      vertex 54.7302 1.49132 2
      vertex 54.0235 -2.34011 2
      vertex 56.1455 -1.37867 2
    endloop
  endfacet
  facet normal -0 0 1
    outer loop
      vertex 52.7989 0.616303 2
      vertex 54.0235 -2.34011 2
      vertex 54.7302 1.49132 2
    endloop
  endfacet
  facet normal 0 0 1
    outer loop
      vertex 52.7989 0.616303 2
      vertex 51.8432 -3.16071 2
      vertex 54.0235 -2.34011 2
    endloop
  endfacet
  facet normal -0 0 1
    outer loop
      vertex 50.8146 -0.130535 2
      vertex 51.8432 -3.16071 2
      vertex 52.7989 0.616303 2
    endloop
  endfacet
  facet normal 0 0 1
    outer loop
      vertex 50.8146 -0.130535 2
      vertex 49.614 -3.83696 2
      vertex 51.8432 -3.16071 2
    endloop
  endfacet
  facet normal -0 0 1
    outer loop
      vertex 48.7857 -0.745997 2
      vertex 49.614 -3.83696 2
      vertex 50.8146 -0.130535 2
    endloop
  endfacet
  facet normal 0 0 1
    outer loop
      vertex 48.7857 -0.745997 2
      vertex 47.3452 -4.36596 2
      vertex 49.614 -3.83696 2
    endloop
  endfacet
  facet normal -0 0 1
    outer loop
      vertex 46.7209 -1.22744 2
      vertex 47.3452 -4.36596 2
      vertex 48.7857 -0.745997 2
    endloop
  endfacet
  facet normal 0 0 1
    outer loop
      vertex 46.7209 -1.22744 2
      vertex 45.0467 -4.74544 2
      vertex 47.3452 -4.36596 2
    endloop
  endfacet
  facet normal -0 0 1
    outer loop
      vertex 44.629 -1.57281 2
      vertex 45.0467 -4.74544 2
      vertex 46.7209 -1.22744 2
    endloop
  endfacet
  facet normal 0 0 1
    outer loop
      vertex 44.629 -1.57281 2
      vertex 42.7284 -4.97378 2
      vertex 45.0467 -4.74544 2
    endloop
  endfacet
  facet normal -0 0 1
    outer loop
      vertex 42.5191 -1.78063 2
      vertex 42.7284 -4.97378 2
      vertex 44.629 -1.57281 2
    endloop
  endfacet
  facet normal -0 0 1
    outer loop
      vertex 40.4 -1.85 2
      vertex 42.7284 -4.97378 2
      vertex 42.5191 -1.78063 2
    endloop
  endfacet
  facet normal 0 0 1
    outer loop
      vertex 40.4 -1.85 2
      vertex 40.4 -5.05 2
      vertex 42.7284 -4.97378 2
    endloop
  endfacet
  facet normal 0 0 1
    outer loop
      vertex 38.2809 -1.78063 2
      vertex 40.4 -5.05 2
      vertex 40.4 -1.85 2
    endloop
  endfacet
  facet normal 0 0 1
    outer loop
      vertex 38.2809 -1.78063 2
      vertex 38.0716 -4.97378 2
      vertex 40.4 -5.05 2
    endloop
  endfacet
  facet normal 0 0 1
    outer loop
      vertex 36.171 -1.57281 2
      vertex 38.0716 -4.97378 2
      vertex 38.2809 -1.78063 2
    endloop
  endfacet
  facet normal 0 0 1
    outer loop
      vertex 36.171 -1.57281 2
      vertex 35.7533 -4.74544 2
      vertex 38.0716 -4.97378 2
    endloop
  endfacet
  facet normal 0 0 1
    outer loop
      vertex 34.0791 -1.22744 2
      vertex 35.7533 -4.74544 2
      vertex 36.171 -1.57281 2
    endloop
  endfacet
  facet normal 0 0 1
    outer loop
      vertex 34.0791 -1.22744 2
      vertex 33.4548 -4.36596 2
      vertex 35.7533 -4.74544 2
    endloop
  endfacet
  facet normal 0 0 1
    outer loop
      vertex 32.0143 -0.745997 2
      vertex 33.4548 -4.36596 2
      vertex 34.0791 -1.22744 2
    endloop
  endfacet
  facet normal 0 0 1
    outer loop
      vertex 32.0143 -0.745997 2
      vertex 31.186 -3.83696 2
      vertex 33.4548 -4.36596 2
    endloop
  endfacet
  facet normal 0 0 1
    outer loop
      vertex 29.9854 -0.130535 2
      vertex 31.186 -3.83696 2
      vertex 32.0143 -0.745997 2
    endloop
  endfacet
  facet normal 0 0 1
    outer loop
      vertex 29.9854 -0.130535 2
      vertex 28.9568 -3.16071 2
      vertex 31.186 -3.83696 2
    endloop
  endfacet
  facet normal 0 0 1
    outer loop
      vertex 28.0011 0.616303 2
      vertex 28.9568 -3.16071 2
      vertex 29.9854 -0.130535 2
    endloop
  endfacet
  facet normal 0 0 1
    outer loop
      vertex 28.0011 0.616303 2
      vertex 26.7765 -2.34011 2
      vertex 28.9568 -3.16071 2
    endloop
  endfacet
  facet normal 0 0 1
    outer loop
      vertex 26.0698 1.49132 2
      vertex 26.7765 -2.34011 2
      vertex 28.0011 0.616303 2
    endloop
  endfacet
  facet normal 0 0 1
    outer loop
      vertex 26.0698 1.49132 2
      vertex 24.6545 -1.37867 2
      vertex 26.7765 -2.34011 2
    endloop
  endfacet
  facet normal 0 0 1
    outer loop
      vertex 24.2 2.49078 2
      vertex 24.6545 -1.37867 2
      vertex 26.0698 1.49132 2
    endloop
  endfacet
  facet normal 0 0 1
    outer loop
      vertex 24.2 2.49078 2
      vertex 22.6 -0.280503 2
      vertex 24.6545 -1.37867 2
    endloop
  endfacet
  facet normal 0 0 1
    outer loop
      vertex 22.3995 3.61038 2
      vertex 22.6 -0.280503 2
      vertex 24.2 2.49078 2
    endloop
  endfacet
  facet normal 0 0 1
    outer loop
      vertex 20.6217 0.949682 2
      vertex 22.3995 3.61038 2
      vertex 20.6761 4.84535 2
    endloop
  endfacet
  facet normal 0 0 1
    outer loop
      vertex 22.3995 3.61038 2
      vertex 20.6217 0.949682 2
      vertex 22.6 -0.280503 2
    endloop
  endfacet
  facet normal 0 0 1
    outer loop
      vertex 18.7281 2.30662 2
      vertex 20.6761 4.84535 2
      vertex 19.0372 6.19039 2
    endloop
  endfacet
  facet normal 0 0 1
    outer loop
      vertex 20.6761 4.84535 2
      vertex 18.7281 2.30662 2
      vertex 20.6217 0.949682 2
    endloop
  endfacet
  facet normal 0 0 1
    outer loop
      vertex 16.9273 3.7845 2
      vertex 19.0372 6.19039 2
      vertex 17.4897 7.63974 2
    endloop
  endfacet
  facet normal 0 0 1
    outer loop
      vertex 19.0372 6.19039 2
      vertex 16.9273 3.7845 2
      vertex 18.7281 2.30662 2
    endloop
  endfacet
  facet normal 0 0 1
    outer loop
      vertex 15.227 5.377 2
      vertex 17.4897 7.63974 2
      vertex 16.0404 9.1872 2
    endloop
  endfacet
  facet normal 0 0 1
    outer loop
      vertex 17.4897 7.63974 2
      vertex 15.227 5.377 2
      vertex 16.9273 3.7845 2
    endloop
  endfacet
  facet normal 0 0 1
    outer loop
      vertex 13.6345 7.07729 2
      vertex 16.0404 9.1872 2
      vertex 14.6954 10.8261 2
    endloop
  endfacet
  facet normal 0 0 1
    outer loop
      vertex 16.0404 9.1872 2
      vertex 13.6345 7.07729 2
      vertex 15.227 5.377 2
    endloop
  endfacet
  facet normal 0 0 1
    outer loop
      vertex 12.1566 8.87809 2
      vertex 14.6954 10.8261 2
      vertex 13.4604 12.5495 2
    endloop
  endfacet
  facet normal 0 0 1
    outer loop
      vertex 10.7997 10.7717 2
      vertex 13.4604 12.5495 2
      vertex 12.3408 14.35 2
    endloop
  endfacet
  facet normal 0 0 1
    outer loop
      vertex 14.6954 10.8261 2
      vertex 12.1566 8.87809 2
      vertex 13.6345 7.07729 2
    endloop
  endfacet
  facet normal 0 0 1
    outer loop
      vertex 9.5695 12.75 2
      vertex 12.3408 14.35 2
      vertex 11.3413 16.2198 2
    endloop
  endfacet
  facet normal 0 0 1
    outer loop
      vertex 13.4604 12.5495 2
      vertex 10.7997 10.7717 2
      vertex 12.1566 8.87809 2
    endloop
  endfacet
  facet normal 0 0 1
    outer loop
      vertex 8.47133 14.8045 2
      vertex 11.3413 16.2198 2
      vertex 10.4663 18.1511 2
    endloop
  endfacet
  facet normal 0 0 1
    outer loop
      vertex 7.50989 16.9265 2
      vertex 10.4663 18.1511 2
      vertex 9.71946 20.1354 2
    endloop
  endfacet
  facet normal 0 0 1
    outer loop
      vertex 12.3408 14.35 2
      vertex 9.5695 12.75 2
      vertex 10.7997 10.7717 2
    endloop
  endfacet
  facet normal 0 0 1
    outer loop
      vertex 6.68929 19.1068 2
      vertex 9.71946 20.1354 2
      vertex 9.104 22.1643 2
    endloop
  endfacet
  facet normal 0 0 1
    outer loop
      vertex 6.01304 21.336 2
      vertex 9.104 22.1643 2
      vertex 8.62256 24.2291 2
    endloop
  endfacet
  facet normal 0 0 1
    outer loop
      vertex 11.3413 16.2198 2
      vertex 8.47133 14.8045 2
      vertex 9.5695 12.75 2
    endloop
  endfacet
  facet normal 0 0 1
    outer loop
      vertex 5.48404 23.6048 2
      vertex 8.62256 24.2291 2
      vertex 8.27719 26.321 2
    endloop
  endfacet
  facet normal 0 0 1
    outer loop
      vertex 5.10456 25.9033 2
      vertex 8.27719 26.321 2
      vertex 8.06937 28.4309 2
    endloop
  endfacet
  facet normal 0 0 1
    outer loop
      vertex 4.87622 28.2216 2
      vertex 8.06937 28.4309 2
      vertex 8 30.55 2
    endloop
  endfacet
  facet normal 0 0 1
    outer loop
      vertex 8.62256 36.8709 2
      vertex 5.48404 37.4952 2
      vertex 8.27719 34.779 2
    endloop
  endfacet
  facet normal 0 0 1
    outer loop
      vertex 10.4663 18.1511 2
      vertex 7.50989 16.9265 2
      vertex 8.47133 14.8045 2
    endloop
  endfacet
  facet normal -0 0 1
    outer loop
      vertex 5.10456 35.1967 2
      vertex 8.27719 34.779 2
      vertex 5.48404 37.4952 2
    endloop
  endfacet
  facet normal 0 0 1
    outer loop
      vertex 9.71946 20.1354 2
      vertex 6.68929 19.1068 2
      vertex 7.50989 16.9265 2
    endloop
  endfacet
  facet normal 0 0 1
    outer loop
      vertex 8.27719 34.779 2
      vertex 5.10456 35.1967 2
      vertex 8.06937 32.6691 2
    endloop
  endfacet
  facet normal 0 0 1
    outer loop
      vertex 9.104 22.1643 2
      vertex 6.01304 21.336 2
      vertex 6.68929 19.1068 2
    endloop
  endfacet
  facet normal -0 0 1
    outer loop
      vertex 4.87622 32.8783 2
      vertex 8.06937 32.6691 2
      vertex 5.10456 35.1967 2
    endloop
  endfacet
  facet normal 0 0 1
    outer loop
      vertex 8.62256 24.2291 2
      vertex 5.48404 23.6048 2
      vertex 6.01304 21.336 2
    endloop
  endfacet
  facet normal 0 0 1
    outer loop
      vertex 8.06937 32.6691 2
      vertex 4.87622 32.8783 2
      vertex 8 30.55 2
    endloop
  endfacet
  facet normal 0 0 1
    outer loop
      vertex 8.27719 26.321 2
      vertex 5.10456 25.9033 2
      vertex 5.48404 23.6048 2
    endloop
  endfacet
  facet normal 0 0 1
    outer loop
      vertex 4.8 30.55 2
      vertex 8 30.55 2
      vertex 4.87622 32.8783 2
    endloop
  endfacet
  facet normal 0 0 1
    outer loop
      vertex 8.06937 28.4309 2
      vertex 4.87622 28.2216 2
      vertex 5.10456 25.9033 2
    endloop
  endfacet
  facet normal 0 0 1
    outer loop
      vertex 8 30.55 2
      vertex 4.8 30.55 2
      vertex 4.87622 28.2216 2
    endloop
  endfacet
  facet normal 0.956937 0.290296 0
    outer loop
      vertex 6.68929 19.1068 5
      vertex 6.01304 21.336 2
      vertex 6.01304 21.336 5
    endloop
  endfacet
  facet normal 0.956937 0.290296 0
    outer loop
      vertex 6.01304 21.336 2
      vertex 6.68929 19.1068 5
      vertex 6.68929 19.1068 2
    endloop
  endfacet
  facet normal 0.881918 0.471402 0
    outer loop
      vertex 9.5695 12.75 5
      vertex 8.47133 14.8045 2
      vertex 8.47133 14.8045 5
    endloop
  endfacet
  facet normal 0.881918 0.471402 0
    outer loop
      vertex 8.47133 14.8045 2
      vertex 9.5695 12.75 5
      vertex 9.5695 12.75 2
    endloop
  endfacet
  facet normal 0.773006 0.634399 0
    outer loop
      vertex 13.6345 7.07729 5
      vertex 12.1566 8.87809 2
      vertex 12.1566 8.87809 5
    endloop
  endfacet
  facet normal 0.773006 0.634399 0
    outer loop
      vertex 12.1566 8.87809 2
      vertex 13.6345 7.07729 5
      vertex 13.6345 7.07729 2
    endloop
  endfacet
  facet normal 0.290296 0.956937 -0
    outer loop
      vertex 31.186 -3.83696 2
      vertex 28.9568 -3.16071 5
      vertex 31.186 -3.83696 5
    endloop
  endfacet
  facet normal 0.290296 0.956937 0
    outer loop
      vertex 28.9568 -3.16071 5
      vertex 31.186 -3.83696 2
      vertex 28.9568 -3.16071 2
    endloop
  endfacet
  facet normal 0.0327174 0.999465 -0
    outer loop
      vertex 40.4 -5.05 2
      vertex 38.0716 -4.97378 5
      vertex 40.4 -5.05 5
    endloop
  endfacet
  facet normal 0.0327174 0.999465 0
    outer loop
      vertex 38.0716 -4.97378 5
      vertex 40.4 -5.05 2
      vertex 38.0716 -4.97378 2
    endloop
  endfacet
  facet normal 0.634394 0.77301 -0
    outer loop
      vertex 18.7281 2.30662 2
      vertex 16.9273 3.7845 5
      vertex 18.7281 2.30662 5
    endloop
  endfacet
  facet normal 0.634394 0.77301 0
    outer loop
      vertex 16.9273 3.7845 5
      vertex 18.7281 2.30662 2
      vertex 16.9273 3.7845 2
    endloop
  endfacet
  facet normal 0.683591 0.729865 -0
    outer loop
      vertex 16.9273 3.7845 2
      vertex 15.227 5.377 5
      vertex 16.9273 3.7845 5
    endloop
  endfacet
  facet normal 0.683591 0.729865 0
    outer loop
      vertex 15.227 5.377 5
      vertex 16.9273 3.7845 2
      vertex 15.227 5.377 2
    endloop
  endfacet
  facet normal -0.999465 -0.0327102 0
    outer loop
      vertex 76 30.55 2
      vertex 75.9238 32.8783 5
      vertex 75.9238 32.8783 2
    endloop
  endfacet
  facet normal -0.999465 -0.0327102 0
    outer loop
      vertex 75.9238 32.8783 5
      vertex 76 30.55 2
      vertex 76 30.55 5
    endloop
  endfacet
  facet normal -0.0327088 -0.999465 0
    outer loop
      vertex 40.4 66.15 2
      vertex 42.7284 66.0738 5
      vertex 40.4 66.15 5
    endloop
  endfacet
  facet normal -0.0327088 -0.999465 -0
    outer loop
      vertex 42.7284 66.0738 5
      vertex 40.4 66.15 2
      vertex 42.7284 66.0738 2
    endloop
  endfacet
  facet normal -0.986649 -0.16286 0
    outer loop
      vertex 75.6954 35.1967 2
      vertex 75.316 37.4952 5
      vertex 75.316 37.4952 2
    endloop
  endfacet
  facet normal -0.986649 -0.16286 0
    outer loop
      vertex 75.316 37.4952 5
      vertex 75.6954 35.1967 2
      vertex 75.6954 35.1967 5
    endloop
  endfacet
  facet normal -0.16286 -0.986649 0
    outer loop
      vertex 45.0467 65.8454 2
      vertex 47.3452 65.466 5
      vertex 45.0467 65.8454 5
    endloop
  endfacet
  facet normal -0.16286 -0.986649 -0
    outer loop
      vertex 47.3452 65.466 5
      vertex 45.0467 65.8454 2
      vertex 47.3452 65.466 2
    endloop
  endfacet
  facet normal -0.290316 -0.956931 0
    outer loop
      vertex 49.614 64.937 2
      vertex 51.8432 64.2607 5
      vertex 49.614 64.937 5
    endloop
  endfacet
  facet normal -0.290316 -0.956931 -0
    outer loop
      vertex 51.8432 64.2607 5
      vertex 49.614 64.937 2
      vertex 51.8432 64.2607 2
    endloop
  endfacet
  facet normal -0.352247 -0.935907 0
    outer loop
      vertex 51.8432 64.2607 2
      vertex 54.0235 63.4401 5
      vertex 51.8432 64.2607 5
    endloop
  endfacet
  facet normal -0.352247 -0.935907 -0
    outer loop
      vertex 54.0235 63.4401 5
      vertex 51.8432 64.2607 2
      vertex 54.0235 63.4401 2
    endloop
  endfacet
  facet normal -0.227072 -0.973878 0
    outer loop
      vertex 47.3452 65.466 2
      vertex 49.614 64.937 5
      vertex 47.3452 65.466 5
    endloop
  endfacet
  facet normal -0.227072 -0.973878 -0
    outer loop
      vertex 49.614 64.937 5
      vertex 47.3452 65.466 2
      vertex 49.614 64.937 2
    endloop
  endfacet
  facet normal -0.683591 -0.729865 0
    outer loop
      vertex 63.8727 57.3155 2
      vertex 65.573 55.723 5
      vertex 63.8727 57.3155 5
    endloop
  endfacet
  facet normal -0.683591 -0.729865 -0
    outer loop
      vertex 65.573 55.723 5
      vertex 63.8727 57.3155 2
      vertex 65.573 55.723 2
    endloop
  endfacet
  facet normal -0.634399 -0.773006 0
    outer loop
      vertex 62.0719 58.7934 2
      vertex 63.8727 57.3155 5
      vertex 62.0719 58.7934 5
    endloop
  endfacet
  facet normal -0.634399 -0.773006 -0
    outer loop
      vertex 63.8727 57.3155 5
      vertex 62.0719 58.7934 2
      vertex 63.8727 57.3155 2
    endloop
  endfacet
  facet normal -0.471412 -0.881913 0
    outer loop
      vertex 56.1455 62.4787 2
      vertex 58.2 61.3805 5
      vertex 56.1455 62.4787 5
    endloop
  endfacet
  facet normal -0.471412 -0.881913 -0
    outer loop
      vertex 58.2 61.3805 5
      vertex 56.1455 62.4787 2
      vertex 58.2 61.3805 2
    endloop
  endfacet
  facet normal -0.528072 -0.849199 0
    outer loop
      vertex 58.2 61.3805 2
      vertex 60.1783 60.1503 5
      vertex 58.2 61.3805 5
    endloop
  endfacet
  facet normal -0.528072 -0.849199 -0
    outer loop
      vertex 60.1783 60.1503 5
      vertex 58.2 61.3805 2
      vertex 60.1783 60.1503 2
    endloop
  endfacet
  facet normal 0.0980458 -0.995182 0
    outer loop
      vertex 35.7533 65.8454 2
      vertex 38.0716 66.0738 5
      vertex 35.7533 65.8454 5
    endloop
  endfacet
  facet normal 0.0980458 -0.995182 0
    outer loop
      vertex 38.0716 66.0738 5
      vertex 35.7533 65.8454 2
      vertex 38.0716 66.0738 2
    endloop
  endfacet
  facet normal 0.290316 -0.956931 0
    outer loop
      vertex 28.9568 64.2607 2
      vertex 31.186 64.937 5
      vertex 28.9568 64.2607 5
    endloop
  endfacet
  facet normal 0.290316 -0.956931 0
    outer loop
      vertex 31.186 64.937 5
      vertex 28.9568 64.2607 2
      vertex 31.186 64.937 2
    endloop
  endfacet
  facet normal 0.471412 -0.881913 0
    outer loop
      vertex 22.6 61.3805 2
      vertex 24.6545 62.4787 5
      vertex 22.6 61.3805 5
    endloop
  endfacet
  facet normal 0.471412 -0.881913 0
    outer loop
      vertex 24.6545 62.4787 5
      vertex 22.6 61.3805 2
      vertex 24.6545 62.4787 2
    endloop
  endfacet
  facet normal 0.528072 -0.849199 0
    outer loop
      vertex 20.6217 60.1503 2
      vertex 22.6 61.3805 5
      vertex 20.6217 60.1503 5
    endloop
  endfacet
  facet normal 0.528072 -0.849199 0
    outer loop
      vertex 22.6 61.3805 5
      vertex 20.6217 60.1503 2
      vertex 22.6 61.3805 2
    endloop
  endfacet
  facet normal 0.582468 -0.812854 0
    outer loop
      vertex 18.7281 58.7934 2
      vertex 20.6217 60.1503 5
      vertex 18.7281 58.7934 5
    endloop
  endfacet
  facet normal 0.582468 -0.812854 0
    outer loop
      vertex 20.6217 60.1503 5
      vertex 18.7281 58.7934 2
      vertex 20.6217 60.1503 2
    endloop
  endfacet
  facet normal 0.935907 -0.352247 0
    outer loop
      vertex 6.68929 41.9932 5
      vertex 7.50989 44.1735 2
      vertex 7.50989 44.1735 5
    endloop
  endfacet
  facet normal 0.935907 -0.352247 0
    outer loop
      vertex 7.50989 44.1735 2
      vertex 6.68929 41.9932 5
      vertex 6.68929 41.9932 2
    endloop
  endfacet
  facet normal 0.973878 -0.227072 0
    outer loop
      vertex 5.48404 37.4952 5
      vertex 6.01304 39.764 2
      vertex 6.01304 39.764 5
    endloop
  endfacet
  facet normal 0.973878 -0.227072 0
    outer loop
      vertex 6.01304 39.764 2
      vertex 5.48404 37.4952 5
      vertex 5.48404 37.4952 2
    endloop
  endfacet
  facet normal 0.956937 -0.290296 0
    outer loop
      vertex 6.01304 39.764 5
      vertex 6.68929 41.9932 2
      vertex 6.68929 41.9932 5
    endloop
  endfacet
  facet normal 0.956937 -0.290296 0
    outer loop
      vertex 6.68929 41.9932 2
      vertex 6.01304 39.764 5
      vertex 6.01304 39.764 2
    endloop
  endfacet
  facet normal 0.986644 -0.162894 0
    outer loop
      vertex 5.10456 35.1967 5
      vertex 5.48404 37.4952 2
      vertex 5.48404 37.4952 5
    endloop
  endfacet
  facet normal 0.986644 -0.162894 0
    outer loop
      vertex 5.48404 37.4952 2
      vertex 5.10456 35.1967 5
      vertex 5.10456 35.1967 2
    endloop
  endfacet
  facet normal 0.999465 -0.0327188 0
    outer loop
      vertex 4.8 30.55 5
      vertex 4.87622 32.8783 2
      vertex 4.87622 32.8783 5
    endloop
  endfacet
  facet normal 0.999465 -0.0327188 0
    outer loop
      vertex 4.87622 32.8783 2
      vertex 4.8 30.55 5
      vertex 4.8 30.55 2
    endloop
  endfacet
  facet normal 0.849199 -0.528072 0
    outer loop
      vertex 9.5695 48.35 5
      vertex 10.7997 50.3283 2
      vertex 10.7997 50.3283 5
    endloop
  endfacet
  facet normal 0.849199 -0.528072 0
    outer loop
      vertex 10.7997 50.3283 2
      vertex 9.5695 48.35 5
      vertex 9.5695 48.35 2
    endloop
  endfacet
  facet normal 0.881918 -0.471402 0
    outer loop
      vertex 8.47133 46.2955 5
      vertex 9.5695 48.35 2
      vertex 9.5695 48.35 5
    endloop
  endfacet
  facet normal 0.881918 -0.471402 0
    outer loop
      vertex 9.5695 48.35 2
      vertex 8.47133 46.2955 5
      vertex 8.47133 46.2955 2
    endloop
  endfacet
  facet normal -0.881913 0.471412 0
    outer loop
      vertex 71.2305 12.75 2
      vertex 72.3287 14.8045 5
      vertex 72.3287 14.8045 2
    endloop
  endfacet
  facet normal -0.881913 0.471412 0
    outer loop
      vertex 72.3287 14.8045 5
      vertex 71.2305 12.75 2
      vertex 71.2305 12.75 5
    endloop
  endfacet
  facet normal 0.849199 0.528072 0
    outer loop
      vertex 10.7997 10.7717 5
      vertex 9.5695 12.75 2
      vertex 9.5695 12.75 5
    endloop
  endfacet
  facet normal 0.849199 0.528072 0
    outer loop
      vertex 9.5695 12.75 2
      vertex 10.7997 10.7717 5
      vertex 10.7997 10.7717 2
    endloop
  endfacet
  facet normal 0.227072 0.973878 -0
    outer loop
      vertex 33.4548 -4.36596 2
      vertex 31.186 -3.83696 5
      vertex 33.4548 -4.36596 5
    endloop
  endfacet
  facet normal 0.227072 0.973878 0
    outer loop
      vertex 31.186 -3.83696 5
      vertex 33.4548 -4.36596 2
      vertex 31.186 -3.83696 2
    endloop
  endfacet
  facet normal 0.471401 0.881919 -0
    outer loop
      vertex 24.6545 -1.37867 2
      vertex 22.6 -0.280503 5
      vertex 24.6545 -1.37867 5
    endloop
  endfacet
  facet normal 0.471401 0.881919 0
    outer loop
      vertex 22.6 -0.280503 5
      vertex 24.6545 -1.37867 2
      vertex 22.6 -0.280503 2
    endloop
  endfacet
  facet normal -0.973878 -0.227072 0
    outer loop
      vertex 75.316 37.4952 2
      vertex 74.787 39.764 5
      vertex 74.787 39.764 2
    endloop
  endfacet
  facet normal -0.973878 -0.227072 0
    outer loop
      vertex 74.787 39.764 5
      vertex 75.316 37.4952 2
      vertex 75.316 37.4952 5
    endloop
  endfacet
  facet normal -0.910874 -0.412684 0
    outer loop
      vertex 73.2901 44.1735 2
      vertex 72.3287 46.2955 5
      vertex 72.3287 46.2955 2
    endloop
  endfacet
  facet normal -0.910874 -0.412684 0
    outer loop
      vertex 72.3287 46.2955 5
      vertex 73.2901 44.1735 2
      vertex 73.2901 44.1735 5
    endloop
  endfacet
  facet normal -0.812854 -0.582468 0
    outer loop
      vertex 70.0003 50.3283 2
      vertex 68.6434 52.2219 5
      vertex 68.6434 52.2219 2
    endloop
  endfacet
  facet normal -0.812854 -0.582468 0
    outer loop
      vertex 68.6434 52.2219 5
      vertex 70.0003 50.3283 2
      vertex 70.0003 50.3283 5
    endloop
  endfacet
  facet normal -0.0980458 -0.995182 0
    outer loop
      vertex 42.7284 66.0738 2
      vertex 45.0467 65.8454 5
      vertex 42.7284 66.0738 5
    endloop
  endfacet
  facet normal -0.0980458 -0.995182 -0
    outer loop
      vertex 45.0467 65.8454 5
      vertex 42.7284 66.0738 2
      vertex 45.0467 65.8454 2
    endloop
  endfacet
  facet normal 0.0327088 -0.999465 0
    outer loop
      vertex 38.0716 66.0738 2
      vertex 40.4 66.15 5
      vertex 38.0716 66.0738 5
    endloop
  endfacet
  facet normal 0.0327088 -0.999465 0
    outer loop
      vertex 40.4 66.15 5
      vertex 38.0716 66.0738 2
      vertex 40.4 66.15 2
    endloop
  endfacet
  facet normal 0.227072 -0.973878 0
    outer loop
      vertex 31.186 64.937 2
      vertex 33.4548 65.466 5
      vertex 31.186 64.937 5
    endloop
  endfacet
  facet normal 0.227072 -0.973878 0
    outer loop
      vertex 33.4548 65.466 5
      vertex 31.186 64.937 2
      vertex 33.4548 65.466 2
    endloop
  endfacet
  facet normal 0.634399 -0.773006 0
    outer loop
      vertex 16.9273 57.3155 2
      vertex 18.7281 58.7934 5
      vertex 16.9273 57.3155 5
    endloop
  endfacet
  facet normal 0.634399 -0.773006 0
    outer loop
      vertex 18.7281 58.7934 5
      vertex 16.9273 57.3155 2
      vertex 18.7281 58.7934 2
    endloop
  endfacet
  facet normal 0.995185 -0.0980161 0
    outer loop
      vertex 4.87622 32.8783 5
      vertex 5.10456 35.1967 2
      vertex 5.10456 35.1967 5
    endloop
  endfacet
  facet normal 0.995185 -0.0980161 0
    outer loop
      vertex 5.10456 35.1967 2
      vertex 4.87622 32.8783 5
      vertex 4.87622 32.8783 2
    endloop
  endfacet
  facet normal 0.729865 -0.683591 0
    outer loop
      vertex 13.6345 54.0227 5
      vertex 15.227 55.723 2
      vertex 15.227 55.723 5
    endloop
  endfacet
  facet normal 0.729865 -0.683591 0
    outer loop
      vertex 15.227 55.723 2
      vertex 13.6345 54.0227 5
      vertex 13.6345 54.0227 2
    endloop
  endfacet
  facet normal -0.881913 -0.471412 0
    outer loop
      vertex 72.3287 46.2955 2
      vertex 71.2305 48.35 5
      vertex 71.2305 48.35 2
    endloop
  endfacet
  facet normal -0.881913 -0.471412 0
    outer loop
      vertex 71.2305 48.35 5
      vertex 72.3287 46.2955 2
      vertex 72.3287 46.2955 5
    endloop
  endfacet
  facet normal -0.849199 -0.528072 0
    outer loop
      vertex 71.2305 48.35 2
      vertex 70.0003 50.3283 5
      vertex 70.0003 50.3283 2
    endloop
  endfacet
  facet normal -0.849199 -0.528072 0
    outer loop
      vertex 70.0003 50.3283 5
      vertex 71.2305 48.35 2
      vertex 71.2305 48.35 5
    endloop
  endfacet
  facet normal -0.773006 -0.634399 0
    outer loop
      vertex 68.6434 52.2219 2
      vertex 67.1655 54.0227 5
      vertex 67.1655 54.0227 2
    endloop
  endfacet
  facet normal -0.773006 -0.634399 0
    outer loop
      vertex 67.1655 54.0227 5
      vertex 68.6434 52.2219 2
      vertex 68.6434 52.2219 5
    endloop
  endfacet
  facet normal 0.999464 -0.0327322 0
    outer loop
      vertex 72.7306 28.4309 5
      vertex 72.8 30.55 2
      vertex 72.8 30.55 5
    endloop
  endfacet
  facet normal 0.999464 -0.0327322 0
    outer loop
      vertex 72.8 30.55 2
      vertex 72.7306 28.4309 5
      vertex 72.7306 28.4309 2
    endloop
  endfacet
  facet normal -0.999465 -0.0327181 0
    outer loop
      vertex 8.06937 28.4309 2
      vertex 8 30.55 5
      vertex 8 30.55 2
    endloop
  endfacet
  facet normal -0.999465 -0.0327181 0
    outer loop
      vertex 8 30.55 5
      vertex 8.06937 28.4309 2
      vertex 8.06937 28.4309 5
    endloop
  endfacet
  facet normal 0.0327181 -0.999465 0
    outer loop
      vertex 40.4 -1.85 2
      vertex 42.5191 -1.78063 5
      vertex 40.4 -1.85 5
    endloop
  endfacet
  facet normal 0.0327181 -0.999465 0
    outer loop
      vertex 42.5191 -1.78063 5
      vertex 40.4 -1.85 2
      vertex 42.5191 -1.78063 2
    endloop
  endfacet
  facet normal 0.729877 -0.683579 0
    outer loop
      vertex 63.3103 7.63974 5
      vertex 64.7596 9.1872 2
      vertex 64.7596 9.1872 5
    endloop
  endfacet
  facet normal 0.729877 -0.683579 0
    outer loop
      vertex 64.7596 9.1872 2
      vertex 63.3103 7.63974 5
      vertex 63.3103 7.63974 2
    endloop
  endfacet
  facet normal -0.683582 -0.729874 0
    outer loop
      vertex 17.4897 7.63974 2
      vertex 19.0372 6.19039 5
      vertex 17.4897 7.63974 5
    endloop
  endfacet
  facet normal -0.683582 -0.729874 -0
    outer loop
      vertex 19.0372 6.19039 5
      vertex 17.4897 7.63974 2
      vertex 19.0372 6.19039 2
    endloop
  endfacet
  facet normal -0.973877 0.227075 0
    outer loop
      vertex 8.62256 36.8709 2
      vertex 9.104 38.9357 5
      vertex 9.104 38.9357 2
    endloop
  endfacet
  facet normal -0.973877 0.227075 0
    outer loop
      vertex 9.104 38.9357 5
      vertex 8.62256 36.8709 2
      vertex 8.62256 36.8709 5
    endloop
  endfacet
  facet normal 0.910875 -0.412683 0
    outer loop
      vertex 69.4587 16.2198 5
      vertex 70.3337 18.1511 2
      vertex 70.3337 18.1511 5
    endloop
  endfacet
  facet normal 0.910875 -0.412683 0
    outer loop
      vertex 70.3337 18.1511 2
      vertex 69.4587 16.2198 5
      vertex 69.4587 16.2198 2
    endloop
  endfacet
  facet normal 0.41269 -0.910872 0
    outer loop
      vertex 52.7989 0.616303 2
      vertex 54.7302 1.49132 5
      vertex 52.7989 0.616303 5
    endloop
  endfacet
  facet normal 0.41269 -0.910872 0
    outer loop
      vertex 54.7302 1.49132 5
      vertex 52.7989 0.616303 2
      vertex 54.7302 1.49132 2
    endloop
  endfacet
  facet normal -0.849207 -0.52806 0
    outer loop
      vertex 13.4604 12.5495 2
      vertex 12.3408 14.35 5
      vertex 12.3408 14.35 2
    endloop
  endfacet
  facet normal -0.849207 -0.52806 0
    outer loop
      vertex 12.3408 14.35 5
      vertex 13.4604 12.5495 2
      vertex 13.4604 12.5495 5
    endloop
  endfacet
  facet normal -0.81284 -0.582487 0
    outer loop
      vertex 14.6954 10.8261 2
      vertex 13.4604 12.5495 5
      vertex 13.4604 12.5495 2
    endloop
  endfacet
  facet normal -0.81284 -0.582487 0
    outer loop
      vertex 13.4604 12.5495 5
      vertex 14.6954 10.8261 2
      vertex 14.6954 10.8261 5
    endloop
  endfacet
  facet normal -0.634402 -0.773004 0
    outer loop
      vertex 19.0372 6.19039 2
      vertex 20.6761 4.84535 5
      vertex 19.0372 6.19039 5
    endloop
  endfacet
  facet normal -0.634402 -0.773004 -0
    outer loop
      vertex 20.6761 4.84535 5
      vertex 19.0372 6.19039 2
      vertex 20.6761 4.84535 2
    endloop
  endfacet
  facet normal -0.162894 -0.986644 0
    outer loop
      vertex 34.0791 -1.22744 2
      vertex 36.171 -1.57281 5
      vertex 34.0791 -1.22744 5
    endloop
  endfacet
  facet normal -0.162894 -0.986644 -0
    outer loop
      vertex 36.171 -1.57281 5
      vertex 34.0791 -1.22744 2
      vertex 36.171 -1.57281 2
    endloop
  endfacet
  facet normal 0.849207 0.52806 0
    outer loop
      vertex 68.4592 46.75 5
      vertex 67.3396 48.5505 2
      vertex 67.3396 48.5505 5
    endloop
  endfacet
  facet normal 0.849207 0.52806 0
    outer loop
      vertex 67.3396 48.5505 2
      vertex 68.4592 46.75 5
      vertex 68.4592 46.75 2
    endloop
  endfacet
  facet normal 0.227057 0.973882 -0
    outer loop
      vertex 48.7857 61.846 2
      vertex 46.7209 62.3274 5
      vertex 48.7857 61.846 5
    endloop
  endfacet
  facet normal 0.227057 0.973882 0
    outer loop
      vertex 46.7209 62.3274 5
      vertex 48.7857 61.846 2
      vertex 46.7209 62.3274 2
    endloop
  endfacet
  facet normal 0.63439 0.773013 -0
    outer loop
      vertex 61.7628 54.9096 2
      vertex 60.1239 56.2546 5
      vertex 61.7628 54.9096 5
    endloop
  endfacet
  facet normal 0.63439 0.773013 0
    outer loop
      vertex 60.1239 56.2546 5
      vertex 61.7628 54.9096 2
      vertex 60.1239 56.2546 2
    endloop
  endfacet
  facet normal -0.352234 0.935912 0
    outer loop
      vertex 29.9854 61.2305 2
      vertex 28.0011 60.4837 5
      vertex 29.9854 61.2305 5
    endloop
  endfacet
  facet normal -0.352234 0.935912 0
    outer loop
      vertex 28.0011 60.4837 5
      vertex 29.9854 61.2305 2
      vertex 28.0011 60.4837 2
    endloop
  endfacet
  facet normal -0.81284 0.582487 0
    outer loop
      vertex 13.4604 48.5505 2
      vertex 14.6954 50.2739 5
      vertex 14.6954 50.2739 2
    endloop
  endfacet
  facet normal -0.81284 0.582487 0
    outer loop
      vertex 14.6954 50.2739 5
      vertex 13.4604 48.5505 2
      vertex 13.4604 48.5505 5
    endloop
  endfacet
  facet normal 0.995185 -0.0980139 0
    outer loop
      vertex 72.5228 26.321 5
      vertex 72.7306 28.4309 2
      vertex 72.7306 28.4309 5
    endloop
  endfacet
  facet normal 0.995185 -0.0980139 0
    outer loop
      vertex 72.7306 28.4309 2
      vertex 72.5228 26.321 5
      vertex 72.5228 26.321 2
    endloop
  endfacet
  facet normal 0.956935 -0.290302 0
    outer loop
      vertex 71.0805 20.1354 5
      vertex 71.696 22.1643 2
      vertex 71.696 22.1643 5
    endloop
  endfacet
  facet normal 0.956935 -0.290302 0
    outer loop
      vertex 71.696 22.1643 2
      vertex 71.0805 20.1354 5
      vertex 71.0805 20.1354 2
    endloop
  endfacet
  facet normal 0.81284 -0.582487 0
    outer loop
      vertex 66.1046 10.8261 5
      vertex 67.3396 12.5495 2
      vertex 67.3396 12.5495 5
    endloop
  endfacet
  facet normal 0.81284 -0.582487 0
    outer loop
      vertex 67.3396 12.5495 2
      vertex 66.1046 10.8261 5
      vertex 66.1046 10.8261 2
    endloop
  endfacet
  facet normal 0.227076 -0.973877 0
    outer loop
      vertex 46.7209 -1.22744 2
      vertex 48.7857 -0.745997 5
      vertex 46.7209 -1.22744 5
    endloop
  endfacet
  facet normal 0.227076 -0.973877 0
    outer loop
      vertex 48.7857 -0.745997 5
      vertex 46.7209 -1.22744 2
      vertex 48.7857 -0.745997 2
    endloop
  endfacet
  facet normal 0.162894 -0.986644 0
    outer loop
      vertex 44.629 -1.57281 2
      vertex 46.7209 -1.22744 5
      vertex 44.629 -1.57281 5
    endloop
  endfacet
  facet normal 0.162894 -0.986644 0
    outer loop
      vertex 46.7209 -1.22744 5
      vertex 44.629 -1.57281 2
      vertex 46.7209 -1.22744 2
    endloop
  endfacet
  facet normal 0.582477 -0.812847 0
    outer loop
      vertex 58.4005 3.61038 2
      vertex 60.1239 4.84535 5
      vertex 58.4005 3.61038 5
    endloop
  endfacet
  facet normal 0.582477 -0.812847 0
    outer loop
      vertex 60.1239 4.84535 5
      vertex 58.4005 3.61038 2
      vertex 60.1239 4.84535 2
    endloop
  endfacet
  facet normal 0.471408 -0.881915 0
    outer loop
      vertex 54.7302 1.49132 2
      vertex 56.6 2.49078 5
      vertex 54.7302 1.49132 5
    endloop
  endfacet
  facet normal 0.471408 -0.881915 0
    outer loop
      vertex 56.6 2.49078 5
      vertex 54.7302 1.49132 2
      vertex 56.6 2.49078 2
    endloop
  endfacet
  facet normal -0.973877 -0.227075 0
    outer loop
      vertex 9.104 22.1643 2
      vertex 8.62256 24.2291 5
      vertex 8.62256 24.2291 2
    endloop
  endfacet
  facet normal -0.973877 -0.227075 0
    outer loop
      vertex 8.62256 24.2291 5
      vertex 9.104 22.1643 2
      vertex 9.104 22.1643 5
    endloop
  endfacet
  facet normal -0.910875 -0.412683 0
    outer loop
      vertex 11.3413 16.2198 2
      vertex 10.4663 18.1511 5
      vertex 10.4663 18.1511 2
    endloop
  endfacet
  facet normal -0.910875 -0.412683 0
    outer loop
      vertex 10.4663 18.1511 5
      vertex 11.3413 16.2198 2
      vertex 11.3413 16.2198 5
    endloop
  endfacet
  facet normal -0.986644 -0.162894 0
    outer loop
      vertex 8.62256 24.2291 2
      vertex 8.27719 26.321 5
      vertex 8.27719 26.321 2
    endloop
  endfacet
  facet normal -0.986644 -0.162894 0
    outer loop
      vertex 8.27719 26.321 5
      vertex 8.62256 24.2291 2
      vertex 8.62256 24.2291 5
    endloop
  endfacet
  facet normal -0.52806 -0.849207 0
    outer loop
      vertex 22.3995 3.61038 2
      vertex 24.2 2.49078 5
      vertex 22.3995 3.61038 5
    endloop
  endfacet
  facet normal -0.52806 -0.849207 -0
    outer loop
      vertex 24.2 2.49078 5
      vertex 22.3995 3.61038 2
      vertex 24.2 2.49078 2
    endloop
  endfacet
  facet normal -0.41269 -0.910872 0
    outer loop
      vertex 26.0698 1.49132 2
      vertex 28.0011 0.616303 5
      vertex 26.0698 1.49132 5
    endloop
  endfacet
  facet normal -0.41269 -0.910872 -0
    outer loop
      vertex 28.0011 0.616303 5
      vertex 26.0698 1.49132 2
      vertex 28.0011 0.616303 2
    endloop
  endfacet
  facet normal -0.290286 -0.95694 0
    outer loop
      vertex 29.9854 -0.130535 2
      vertex 32.0143 -0.745997 5
      vertex 29.9854 -0.130535 5
    endloop
  endfacet
  facet normal -0.290286 -0.95694 -0
    outer loop
      vertex 32.0143 -0.745997 5
      vertex 29.9854 -0.130535 2
      vertex 32.0143 -0.745997 2
    endloop
  endfacet
  facet normal -0.0980232 -0.995184 0
    outer loop
      vertex 36.171 -1.57281 2
      vertex 38.2809 -1.78063 5
      vertex 36.171 -1.57281 5
    endloop
  endfacet
  facet normal -0.0980232 -0.995184 -0
    outer loop
      vertex 38.2809 -1.78063 5
      vertex 36.171 -1.57281 2
      vertex 38.2809 -1.78063 2
    endloop
  endfacet
  facet normal 0.412683 0.910875 -0
    outer loop
      vertex 54.7302 59.6087 2
      vertex 52.7989 60.4837 5
      vertex 54.7302 59.6087 5
    endloop
  endfacet
  facet normal 0.412683 0.910875 0
    outer loop
      vertex 52.7989 60.4837 5
      vertex 54.7302 59.6087 2
      vertex 52.7989 60.4837 2
    endloop
  endfacet
  facet normal 0.582487 0.81284 -0
    outer loop
      vertex 60.1239 56.2546 2
      vertex 58.4005 57.4896 5
      vertex 60.1239 56.2546 5
    endloop
  endfacet
  facet normal 0.582487 0.81284 0
    outer loop
      vertex 58.4005 57.4896 5
      vertex 60.1239 56.2546 2
      vertex 58.4005 57.4896 2
    endloop
  endfacet
  facet normal 0.81284 0.582487 0
    outer loop
      vertex 67.3396 48.5505 5
      vertex 66.1046 50.2739 2
      vertex 66.1046 50.2739 5
    endloop
  endfacet
  facet normal 0.81284 0.582487 0
    outer loop
      vertex 66.1046 50.2739 2
      vertex 67.3396 48.5505 5
      vertex 67.3396 48.5505 2
    endloop
  endfacet
  facet normal 0.973882 0.227057 0
    outer loop
      vertex 72.1774 36.8709 5
      vertex 71.696 38.9357 2
      vertex 71.696 38.9357 5
    endloop
  endfacet
  facet normal 0.973882 0.227057 0
    outer loop
      vertex 71.696 38.9357 2
      vertex 72.1774 36.8709 5
      vertex 72.1774 36.8709 2
    endloop
  endfacet
  facet normal 0.986641 0.162907 0
    outer loop
      vertex 72.5228 34.779 5
      vertex 72.1774 36.8709 2
      vertex 72.1774 36.8709 5
    endloop
  endfacet
  facet normal 0.986641 0.162907 0
    outer loop
      vertex 72.1774 36.8709 2
      vertex 72.5228 34.779 5
      vertex 72.5228 34.779 2
    endloop
  endfacet
  facet normal -0.582487 0.81284 0
    outer loop
      vertex 22.3995 57.4896 2
      vertex 20.6761 56.2546 5
      vertex 22.3995 57.4896 5
    endloop
  endfacet
  facet normal -0.582487 0.81284 0
    outer loop
      vertex 20.6761 56.2546 5
      vertex 22.3995 57.4896 2
      vertex 20.6761 56.2546 2
    endloop
  endfacet
  facet normal -0.162907 0.986641 0
    outer loop
      vertex 36.171 62.6728 2
      vertex 34.0791 62.3274 5
      vertex 36.171 62.6728 5
    endloop
  endfacet
  facet normal -0.162907 0.986641 0
    outer loop
      vertex 34.0791 62.3274 5
      vertex 36.171 62.6728 2
      vertex 34.0791 62.3274 2
    endloop
  endfacet
  facet normal -0.910875 0.412683 0
    outer loop
      vertex 10.4663 42.9489 2
      vertex 11.3413 44.8802 5
      vertex 11.3413 44.8802 2
    endloop
  endfacet
  facet normal -0.910875 0.412683 0
    outer loop
      vertex 11.3413 44.8802 5
      vertex 10.4663 42.9489 2
      vertex 10.4663 42.9489 5
    endloop
  endfacet
  facet normal 0.973882 -0.227057 0
    outer loop
      vertex 71.696 22.1643 5
      vertex 72.1774 24.2291 2
      vertex 72.1774 24.2291 5
    endloop
  endfacet
  facet normal 0.973882 -0.227057 0
    outer loop
      vertex 72.1774 24.2291 2
      vertex 71.696 22.1643 5
      vertex 71.696 22.1643 2
    endloop
  endfacet
  facet normal 0.986641 -0.162907 0
    outer loop
      vertex 72.1774 24.2291 5
      vertex 72.5228 26.321 2
      vertex 72.5228 26.321 5
    endloop
  endfacet
  facet normal 0.986641 -0.162907 0
    outer loop
      vertex 72.5228 26.321 2
      vertex 72.1774 24.2291 5
      vertex 72.1774 24.2291 2
    endloop
  endfacet
  facet normal 0.935912 -0.352234 0
    outer loop
      vertex 70.3337 18.1511 5
      vertex 71.0805 20.1354 2
      vertex 71.0805 20.1354 5
    endloop
  endfacet
  facet normal 0.935912 -0.352234 0
    outer loop
      vertex 71.0805 20.1354 2
      vertex 70.3337 18.1511 5
      vertex 70.3337 18.1511 2
    endloop
  endfacet
  facet normal 0.773013 -0.63439 0
    outer loop
      vertex 64.7596 9.1872 5
      vertex 66.1046 10.8261 2
      vertex 66.1046 10.8261 5
    endloop
  endfacet
  facet normal 0.773013 -0.63439 0
    outer loop
      vertex 66.1046 10.8261 2
      vertex 64.7596 9.1872 5
      vertex 64.7596 9.1872 2
    endloop
  endfacet
  facet normal 0.849207 -0.52806 0
    outer loop
      vertex 67.3396 12.5495 5
      vertex 68.4592 14.35 2
      vertex 68.4592 14.35 5
    endloop
  endfacet
  facet normal 0.849207 -0.52806 0
    outer loop
      vertex 68.4592 14.35 2
      vertex 67.3396 12.5495 5
      vertex 67.3396 12.5495 2
    endloop
  endfacet
  facet normal 0.881907 -0.471423 0
    outer loop
      vertex 68.4592 14.35 5
      vertex 69.4587 16.2198 2
      vertex 69.4587 16.2198 5
    endloop
  endfacet
  facet normal 0.881907 -0.471423 0
    outer loop
      vertex 69.4587 16.2198 2
      vertex 68.4592 14.35 5
      vertex 68.4592 14.35 2
    endloop
  endfacet
  facet normal 0.35225 -0.935906 0
    outer loop
      vertex 50.8146 -0.130535 2
      vertex 52.7989 0.616303 5
      vertex 50.8146 -0.130535 5
    endloop
  endfacet
  facet normal 0.35225 -0.935906 0
    outer loop
      vertex 52.7989 0.616303 5
      vertex 50.8146 -0.130535 2
      vertex 52.7989 0.616303 2
    endloop
  endfacet
  facet normal 0.290286 -0.95694 0
    outer loop
      vertex 48.7857 -0.745997 2
      vertex 50.8146 -0.130535 5
      vertex 48.7857 -0.745997 5
    endloop
  endfacet
  facet normal 0.290286 -0.95694 0
    outer loop
      vertex 50.8146 -0.130535 5
      vertex 48.7857 -0.745997 2
      vertex 50.8146 -0.130535 2
    endloop
  endfacet
  facet normal 0.0980232 -0.995184 0
    outer loop
      vertex 42.5191 -1.78063 2
      vertex 44.629 -1.57281 5
      vertex 42.5191 -1.78063 5
    endloop
  endfacet
  facet normal 0.0980232 -0.995184 0
    outer loop
      vertex 44.629 -1.57281 5
      vertex 42.5191 -1.78063 2
      vertex 44.629 -1.57281 2
    endloop
  endfacet
  facet normal 0.52806 -0.849207 0
    outer loop
      vertex 56.6 2.49078 2
      vertex 58.4005 3.61038 5
      vertex 56.6 2.49078 5
    endloop
  endfacet
  facet normal 0.52806 -0.849207 0
    outer loop
      vertex 58.4005 3.61038 5
      vertex 56.6 2.49078 2
      vertex 58.4005 3.61038 2
    endloop
  endfacet
  facet normal 0.634402 -0.773004 0
    outer loop
      vertex 60.1239 4.84535 2
      vertex 61.7628 6.19039 5
      vertex 60.1239 4.84535 5
    endloop
  endfacet
  facet normal 0.634402 -0.773004 0
    outer loop
      vertex 61.7628 6.19039 5
      vertex 60.1239 4.84535 2
      vertex 61.7628 6.19039 2
    endloop
  endfacet
  facet normal 0.683582 -0.729874 0
    outer loop
      vertex 61.7628 6.19039 2
      vertex 63.3103 7.63974 5
      vertex 61.7628 6.19039 5
    endloop
  endfacet
  facet normal 0.683582 -0.729874 0
    outer loop
      vertex 63.3103 7.63974 5
      vertex 61.7628 6.19039 2
      vertex 63.3103 7.63974 2
    endloop
  endfacet
  facet normal -0.729877 -0.683579 0
    outer loop
      vertex 17.4897 7.63974 2
      vertex 16.0404 9.1872 5
      vertex 16.0404 9.1872 2
    endloop
  endfacet
  facet normal -0.729877 -0.683579 0
    outer loop
      vertex 16.0404 9.1872 5
      vertex 17.4897 7.63974 2
      vertex 17.4897 7.63974 5
    endloop
  endfacet
  facet normal -0.773013 -0.63439 0
    outer loop
      vertex 16.0404 9.1872 2
      vertex 14.6954 10.8261 5
      vertex 14.6954 10.8261 2
    endloop
  endfacet
  facet normal -0.773013 -0.63439 0
    outer loop
      vertex 14.6954 10.8261 5
      vertex 16.0404 9.1872 2
      vertex 16.0404 9.1872 5
    endloop
  endfacet
  facet normal -0.881907 -0.471423 0
    outer loop
      vertex 12.3408 14.35 2
      vertex 11.3413 16.2198 5
      vertex 11.3413 16.2198 2
    endloop
  endfacet
  facet normal -0.881907 -0.471423 0
    outer loop
      vertex 11.3413 16.2198 5
      vertex 12.3408 14.35 2
      vertex 12.3408 14.35 5
    endloop
  endfacet
  facet normal -0.935906 -0.352251 0
    outer loop
      vertex 10.4663 18.1511 2
      vertex 9.71946 20.1354 5
      vertex 9.71946 20.1354 2
    endloop
  endfacet
  facet normal -0.935906 -0.352251 0
    outer loop
      vertex 9.71946 20.1354 5
      vertex 10.4663 18.1511 2
      vertex 10.4663 18.1511 5
    endloop
  endfacet
  facet normal -0.95694 -0.290285 0
    outer loop
      vertex 9.71946 20.1354 2
      vertex 9.104 22.1643 5
      vertex 9.104 22.1643 2
    endloop
  endfacet
  facet normal -0.95694 -0.290285 0
    outer loop
      vertex 9.104 22.1643 5
      vertex 9.71946 20.1354 2
      vertex 9.71946 20.1354 5
    endloop
  endfacet
  facet normal -0.995184 -0.0980232 0
    outer loop
      vertex 8.27719 26.321 2
      vertex 8.06937 28.4309 5
      vertex 8.06937 28.4309 2
    endloop
  endfacet
  facet normal -0.995184 -0.0980232 0
    outer loop
      vertex 8.06937 28.4309 5
      vertex 8.27719 26.321 2
      vertex 8.27719 26.321 5
    endloop
  endfacet
  facet normal -0.582477 -0.812847 0
    outer loop
      vertex 20.6761 4.84535 2
      vertex 22.3995 3.61038 5
      vertex 20.6761 4.84535 5
    endloop
  endfacet
  facet normal -0.582477 -0.812847 -0
    outer loop
      vertex 22.3995 3.61038 5
      vertex 20.6761 4.84535 2
      vertex 22.3995 3.61038 2
    endloop
  endfacet
  facet normal -0.471408 -0.881915 0
    outer loop
      vertex 24.2 2.49078 2
      vertex 26.0698 1.49132 5
      vertex 24.2 2.49078 5
    endloop
  endfacet
  facet normal -0.471408 -0.881915 -0
    outer loop
      vertex 26.0698 1.49132 5
      vertex 24.2 2.49078 2
      vertex 26.0698 1.49132 2
    endloop
  endfacet
  facet normal -0.35225 -0.935906 0
    outer loop
      vertex 28.0011 0.616303 2
      vertex 29.9854 -0.130535 5
      vertex 28.0011 0.616303 5
    endloop
  endfacet
  facet normal -0.35225 -0.935906 -0
    outer loop
      vertex 29.9854 -0.130535 5
      vertex 28.0011 0.616303 2
      vertex 29.9854 -0.130535 2
    endloop
  endfacet
  facet normal -0.227076 -0.973877 0
    outer loop
      vertex 32.0143 -0.745997 2
      vertex 34.0791 -1.22744 5
      vertex 32.0143 -0.745997 5
    endloop
  endfacet
  facet normal -0.227076 -0.973877 -0
    outer loop
      vertex 34.0791 -1.22744 5
      vertex 32.0143 -0.745997 2
      vertex 34.0791 -1.22744 2
    endloop
  endfacet
  facet normal -0.0327181 -0.999465 0
    outer loop
      vertex 38.2809 -1.78063 2
      vertex 40.4 -1.85 5
      vertex 38.2809 -1.78063 5
    endloop
  endfacet
  facet normal -0.0327181 -0.999465 -0
    outer loop
      vertex 40.4 -1.85 5
      vertex 38.2809 -1.78063 2
      vertex 40.4 -1.85 2
    endloop
  endfacet
  facet normal 0.0327322 0.999464 -0
    outer loop
      vertex 42.5191 62.8806 2
      vertex 40.4 62.95 5
      vertex 42.5191 62.8806 5
    endloop
  endfacet
  facet normal 0.0327322 0.999464 0
    outer loop
      vertex 40.4 62.95 5
      vertex 42.5191 62.8806 2
      vertex 40.4 62.95 2
    endloop
  endfacet
  facet normal 0.162907 0.986641 -0
    outer loop
      vertex 46.7209 62.3274 2
      vertex 44.629 62.6728 5
      vertex 46.7209 62.3274 5
    endloop
  endfacet
  facet normal 0.162907 0.986641 0
    outer loop
      vertex 44.629 62.6728 5
      vertex 46.7209 62.3274 2
      vertex 44.629 62.6728 2
    endloop
  endfacet
  facet normal 0.290302 0.956935 -0
    outer loop
      vertex 50.8146 61.2305 2
      vertex 48.7857 61.846 5
      vertex 50.8146 61.2305 5
    endloop
  endfacet
  facet normal 0.290302 0.956935 0
    outer loop
      vertex 48.7857 61.846 5
      vertex 50.8146 61.2305 2
      vertex 48.7857 61.846 2
    endloop
  endfacet
  facet normal 0.471423 0.881907 -0
    outer loop
      vertex 56.6 58.6092 2
      vertex 54.7302 59.6087 5
      vertex 56.6 58.6092 5
    endloop
  endfacet
  facet normal 0.471423 0.881907 0
    outer loop
      vertex 54.7302 59.6087 5
      vertex 56.6 58.6092 2
      vertex 54.7302 59.6087 2
    endloop
  endfacet
  facet normal 0.729886 0.683569 0
    outer loop
      vertex 64.7596 51.9128 5
      vertex 63.3103 53.4603 2
      vertex 63.3103 53.4603 5
    endloop
  endfacet
  facet normal 0.729886 0.683569 0
    outer loop
      vertex 63.3103 53.4603 2
      vertex 64.7596 51.9128 5
      vertex 64.7596 51.9128 2
    endloop
  endfacet
  facet normal 0.910875 0.412683 0
    outer loop
      vertex 70.3337 42.9489 5
      vertex 69.4587 44.8802 2
      vertex 69.4587 44.8802 5
    endloop
  endfacet
  facet normal 0.910875 0.412683 0
    outer loop
      vertex 69.4587 44.8802 2
      vertex 70.3337 42.9489 5
      vertex 70.3337 42.9489 2
    endloop
  endfacet
  facet normal 0.935912 0.352234 0
    outer loop
      vertex 71.0805 40.9646 5
      vertex 70.3337 42.9489 2
      vertex 70.3337 42.9489 5
    endloop
  endfacet
  facet normal 0.935912 0.352234 0
    outer loop
      vertex 70.3337 42.9489 2
      vertex 71.0805 40.9646 5
      vertex 71.0805 40.9646 2
    endloop
  endfacet
  facet normal 0.995185 0.0980139 0
    outer loop
      vertex 72.7306 32.6691 5
      vertex 72.5228 34.779 2
      vertex 72.5228 34.779 5
    endloop
  endfacet
  facet normal 0.995185 0.0980139 0
    outer loop
      vertex 72.5228 34.779 2
      vertex 72.7306 32.6691 5
      vertex 72.7306 32.6691 2
    endloop
  endfacet
  facet normal -0.683569 0.729886 0
    outer loop
      vertex 19.0372 54.9096 2
      vertex 17.4897 53.4603 5
      vertex 19.0372 54.9096 5
    endloop
  endfacet
  facet normal -0.683569 0.729886 0
    outer loop
      vertex 17.4897 53.4603 5
      vertex 19.0372 54.9096 2
      vertex 17.4897 53.4603 2
    endloop
  endfacet
  facet normal -0.412683 0.910875 0
    outer loop
      vertex 28.0011 60.4837 2
      vertex 26.0698 59.6087 5
      vertex 28.0011 60.4837 5
    endloop
  endfacet
  facet normal -0.412683 0.910875 0
    outer loop
      vertex 26.0698 59.6087 5
      vertex 28.0011 60.4837 2
      vertex 26.0698 59.6087 2
    endloop
  endfacet
  facet normal -0.52806 0.849207 0
    outer loop
      vertex 24.2 58.6092 2
      vertex 22.3995 57.4896 5
      vertex 24.2 58.6092 5
    endloop
  endfacet
  facet normal -0.52806 0.849207 0
    outer loop
      vertex 22.3995 57.4896 5
      vertex 24.2 58.6092 2
      vertex 22.3995 57.4896 2
    endloop
  endfacet
  facet normal -0.227057 0.973882 0
    outer loop
      vertex 34.0791 62.3274 2
      vertex 32.0143 61.846 5
      vertex 34.0791 62.3274 5
    endloop
  endfacet
  facet normal -0.227057 0.973882 0
    outer loop
      vertex 32.0143 61.846 5
      vertex 34.0791 62.3274 2
      vertex 32.0143 61.846 2
    endloop
  endfacet
  facet normal -0.0980139 0.995185 0
    outer loop
      vertex 38.2809 62.8806 2
      vertex 36.171 62.6728 5
      vertex 38.2809 62.8806 5
    endloop
  endfacet
  facet normal -0.0980139 0.995185 0
    outer loop
      vertex 36.171 62.6728 5
      vertex 38.2809 62.8806 2
      vertex 36.171 62.6728 2
    endloop
  endfacet
  facet normal -0.773013 0.63439 0
    outer loop
      vertex 14.6954 50.2739 2
      vertex 16.0404 51.9128 5
      vertex 16.0404 51.9128 2
    endloop
  endfacet
  facet normal -0.773013 0.63439 0
    outer loop
      vertex 16.0404 51.9128 5
      vertex 14.6954 50.2739 2
      vertex 14.6954 50.2739 5
    endloop
  endfacet
  facet normal -0.881907 0.471423 0
    outer loop
      vertex 11.3413 44.8802 2
      vertex 12.3408 46.75 5
      vertex 12.3408 46.75 2
    endloop
  endfacet
  facet normal -0.881907 0.471423 0
    outer loop
      vertex 12.3408 46.75 5
      vertex 11.3413 44.8802 2
      vertex 11.3413 44.8802 5
    endloop
  endfacet
  facet normal -0.95694 0.290285 0
    outer loop
      vertex 9.104 38.9357 2
      vertex 9.71946 40.9646 5
      vertex 9.71946 40.9646 2
    endloop
  endfacet
  facet normal -0.95694 0.290285 0
    outer loop
      vertex 9.71946 40.9646 5
      vertex 9.104 38.9357 2
      vertex 9.104 38.9357 5
    endloop
  endfacet
  facet normal -0.986644 0.162894 0
    outer loop
      vertex 8.27719 34.779 2
      vertex 8.62256 36.8709 5
      vertex 8.62256 36.8709 2
    endloop
  endfacet
  facet normal -0.986644 0.162894 0
    outer loop
      vertex 8.62256 36.8709 5
      vertex 8.27719 34.779 2
      vertex 8.27719 34.779 5
    endloop
  endfacet
  facet normal -0.999465 0.0327181 0
    outer loop
      vertex 8 30.55 2
      vertex 8.06937 32.6691 5
      vertex 8.06937 32.6691 2
    endloop
  endfacet
  facet normal -0.999465 0.0327181 0
    outer loop
      vertex 8.06937 32.6691 5
      vertex 8 30.55 2
      vertex 8 30.55 5
    endloop
  endfacet
  facet normal 0.0980139 0.995185 -0
    outer loop
      vertex 44.629 62.6728 2
      vertex 42.5191 62.8806 5
      vertex 44.629 62.6728 5
    endloop
  endfacet
  facet normal 0.0980139 0.995185 0
    outer loop
      vertex 42.5191 62.8806 5
      vertex 44.629 62.6728 2
      vertex 42.5191 62.8806 2
    endloop
  endfacet
  facet normal 0.352234 0.935912 -0
    outer loop
      vertex 52.7989 60.4837 2
      vertex 50.8146 61.2305 5
      vertex 52.7989 60.4837 5
    endloop
  endfacet
  facet normal 0.352234 0.935912 0
    outer loop
      vertex 50.8146 61.2305 5
      vertex 52.7989 60.4837 2
      vertex 50.8146 61.2305 2
    endloop
  endfacet
  facet normal 0.683569 0.729886 -0
    outer loop
      vertex 63.3103 53.4603 2
      vertex 61.7628 54.9096 5
      vertex 63.3103 53.4603 5
    endloop
  endfacet
  facet normal 0.683569 0.729886 0
    outer loop
      vertex 61.7628 54.9096 5
      vertex 63.3103 53.4603 2
      vertex 61.7628 54.9096 2
    endloop
  endfacet
  facet normal 0.52806 0.849207 -0
    outer loop
      vertex 58.4005 57.4896 2
      vertex 56.6 58.6092 5
      vertex 58.4005 57.4896 5
    endloop
  endfacet
  facet normal 0.52806 0.849207 0
    outer loop
      vertex 56.6 58.6092 5
      vertex 58.4005 57.4896 2
      vertex 56.6 58.6092 2
    endloop
  endfacet
  facet normal 0.773013 0.63439 0
    outer loop
      vertex 66.1046 50.2739 5
      vertex 64.7596 51.9128 2
      vertex 64.7596 51.9128 5
    endloop
  endfacet
  facet normal 0.773013 0.63439 0
    outer loop
      vertex 64.7596 51.9128 2
      vertex 66.1046 50.2739 5
      vertex 66.1046 50.2739 2
    endloop
  endfacet
  facet normal 0.881907 0.471423 0
    outer loop
      vertex 69.4587 44.8802 5
      vertex 68.4592 46.75 2
      vertex 68.4592 46.75 5
    endloop
  endfacet
  facet normal 0.881907 0.471423 0
    outer loop
      vertex 68.4592 46.75 2
      vertex 69.4587 44.8802 5
      vertex 69.4587 44.8802 2
    endloop
  endfacet
  facet normal 0.956935 0.290302 0
    outer loop
      vertex 71.696 38.9357 5
      vertex 71.0805 40.9646 2
      vertex 71.0805 40.9646 5
    endloop
  endfacet
  facet normal 0.956935 0.290302 0
    outer loop
      vertex 71.0805 40.9646 2
      vertex 71.696 38.9357 5
      vertex 71.696 38.9357 2
    endloop
  endfacet
  facet normal 0.999464 0.0327322 0
    outer loop
      vertex 72.8 30.55 5
      vertex 72.7306 32.6691 2
      vertex 72.7306 32.6691 5
    endloop
  endfacet
  facet normal 0.999464 0.0327322 0
    outer loop
      vertex 72.7306 32.6691 2
      vertex 72.8 30.55 5
      vertex 72.8 30.55 2
    endloop
  endfacet
  facet normal -0.63439 0.773013 0
    outer loop
      vertex 20.6761 56.2546 2
      vertex 19.0372 54.9096 5
      vertex 20.6761 56.2546 5
    endloop
  endfacet
  facet normal -0.63439 0.773013 0
    outer loop
      vertex 19.0372 54.9096 5
      vertex 20.6761 56.2546 2
      vertex 19.0372 54.9096 2
    endloop
  endfacet
  facet normal -0.471423 0.881907 0
    outer loop
      vertex 26.0698 59.6087 2
      vertex 24.2 58.6092 5
      vertex 26.0698 59.6087 5
    endloop
  endfacet
  facet normal -0.471423 0.881907 0
    outer loop
      vertex 24.2 58.6092 5
      vertex 26.0698 59.6087 2
      vertex 24.2 58.6092 2
    endloop
  endfacet
  facet normal -0.290302 0.956935 0
    outer loop
      vertex 32.0143 61.846 2
      vertex 29.9854 61.2305 5
      vertex 32.0143 61.846 5
    endloop
  endfacet
  facet normal -0.290302 0.956935 0
    outer loop
      vertex 29.9854 61.2305 5
      vertex 32.0143 61.846 2
      vertex 29.9854 61.2305 2
    endloop
  endfacet
  facet normal -0.0327322 0.999464 0
    outer loop
      vertex 40.4 62.95 2
      vertex 38.2809 62.8806 5
      vertex 40.4 62.95 5
    endloop
  endfacet
  facet normal -0.0327322 0.999464 0
    outer loop
      vertex 38.2809 62.8806 5
      vertex 40.4 62.95 2
      vertex 38.2809 62.8806 2
    endloop
  endfacet
  facet normal -0.729886 0.683569 0
    outer loop
      vertex 16.0404 51.9128 2
      vertex 17.4897 53.4603 5
      vertex 17.4897 53.4603 2
    endloop
  endfacet
  facet normal -0.729886 0.683569 0
    outer loop
      vertex 17.4897 53.4603 5
      vertex 16.0404 51.9128 2
      vertex 16.0404 51.9128 5
    endloop
  endfacet
  facet normal -0.849207 0.52806 0
    outer loop
      vertex 12.3408 46.75 2
      vertex 13.4604 48.5505 5
      vertex 13.4604 48.5505 2
    endloop
  endfacet
  facet normal -0.849207 0.52806 0
    outer loop
      vertex 13.4604 48.5505 5
      vertex 12.3408 46.75 2
      vertex 12.3408 46.75 5
    endloop
  endfacet
  facet normal -0.935906 0.352251 0
    outer loop
      vertex 9.71946 40.9646 2
      vertex 10.4663 42.9489 5
      vertex 10.4663 42.9489 2
    endloop
  endfacet
  facet normal -0.935906 0.352251 0
    outer loop
      vertex 10.4663 42.9489 5
      vertex 9.71946 40.9646 2
      vertex 9.71946 40.9646 5
    endloop
  endfacet
  facet normal -0.995184 0.0980232 0
    outer loop
      vertex 8.06937 32.6691 2
      vertex 8.27719 34.779 5
      vertex 8.27719 34.779 2
    endloop
  endfacet
  facet normal -0.995184 0.0980232 0
    outer loop
      vertex 8.27719 34.779 5
      vertex 8.06937 32.6691 2
      vertex 8.06937 32.6691 5
    endloop
  endfacet
endsolid OpenSCAD_Model
